Date,AAPL_return_centered,AAPL_momentum_leaky,AAPL_volatility_leaky,GOOGL_return_centered,GOOGL_momentum_leaky,GOOGL_volatility_leaky,JNJ_return_centered,JNJ_momentum_leaky,JNJ_volatility_leaky,JPM_return_centered,JPM_momentum_leaky,JPM_volatility_leaky,MA_return_centered,MA_momentum_leaky,MA_volatility_leaky,MSFT_return_centered,MSFT_momentum_leaky,MSFT_volatility_leaky,TSLA_return_centered,TSLA_momentum_leaky,TSLA_volatility_leaky,V_return_centered,V_momentum_leaky,V_volatility_leaky,WMT_return_centered,WMT_momentum_leaky,WMT_volatility_leaky,XOM_return_centered,XOM_momentum_leaky,XOM_volatility_leaky,target
2019-01-03,-5.200425334636432,-0.09960705845031004,-5.1258239301423405,-1.462003438706627,-0.027695657133374074,-1.4085831845297174,-1.3384644853889083,-0.01589043943542867,-1.3169639140108116,-0.7816272566621749,-0.014211853845581324,-0.7357835910259741,-2.465702204279174,-0.045114211406079185,-2.418983297276246,-2.076862127350799,-0.03678787112994586,-2.013453109619534,-0.8440893235041272,-0.03147171266518334,-0.7747527473624555,-2.2021910459066727,-0.03603656379707221,-2.157890562650018,-0.44492514786958165,-0.005142516586085222,-0.38099659848475725,-0.7888527552484874,-0.015353801996971228,-0.7556386451179403,1
2019-01-04,2.1221907284304375,-0.02845905803676224,2.1967921329245295,2.5553363160960583,0.011798944839471248,2.608756570272968,1.3694775456721622,0.0004465263619782833,1.3909781170502589,1.8627628377369772,0.011326691720445758,1.908606503373178,2.492478556149671,0.0011210013933246055,2.5391974631525986,2.482118020498449,0.004860770539874659,2.545527038229714,1.351025022870527,0.013112839123443631,1.4203615990121987,2.535423049282907,0.0035222849096815945,2.5797235325395618,0.39881610637915965,0.000551698810580703,0.46274465576398405,1.7813229194736557,0.010757864380915305,1.8145370296042027,1
2019-01-07,-0.18913539214937442,-0.019714595426534642,-0.11453398765528289,-0.15484640911447806,0.007201213937251001,-0.10142615493756842,-0.5531558016989816,-0.0018406267501123914,-0.5316552303208849,-0.009828174870322882,0.007783010710170697,0.036015490765877914,0.3658066772859805,0.0033118781404897954,0.4125255842889082,0.006389626514579932,0.003665611504450069,0.06979864424584495,1.2688975229703057,0.02686230565462074,1.3382340991119774,1.0354694901424877,0.008358874665271965,1.079769973399142,0.8082551480871156,0.00429191047051436,0.87218369747194,0.22272378710264912,0.008905374748624517,0.2559378972331961,1
2019-01-08,0.9063944273226407,-0.010020170838477921,0.9809958318167323,0.3932815967969823,0.0075966808982504685,0.446701850973892,1.903458792131011,0.004426152627696134,1.9249593635091078,-0.14347856939300357,0.005365797062533456,-0.09763490375680277,0.3437238741605736,0.004304355049873754,0.39044278116350134,0.33344590556503917,0.004561946122168203,0.3968549232963042,-0.04067508094432778,0.020437798341551572,0.028661495197343956,0.2813931507224634,0.007628919049770505,0.32569363397911777,0.45328976822836053,0.0049642265034925415,0.5172183176131849,0.32461324451774753,0.008496702241954535,0.3578273546482945,1
2019-01-09,0.7992864114271652,-0.004619789236856131,0.8738878159212566,-0.22773490446713135,0.0053918674474268125,-0.1743146502902217,-0.6783575795154181,0.00195579947358695,-0.6568570081373214,-0.13334551563478766,0.003954613394371953,-0.08750184999858687,0.9265090861167351,0.007073638367740198,0.9732279931196628,0.7192104234594928,0.006509410252030579,0.7826194411907579,0.16410130895191932,0.018246763743941408,0.23343788509359106,0.6604424482906279,0.008456963005952134,0.7047429315472823,-0.3051842669449312,0.003320109493820822,-0.24125571756010683,0.22638186161368468,0.007852306554561173,0.25959597174423166,1
2019-01-10,0.08986749353292885,-0.003317153475024759,0.1644688980270204,-0.1860191488279943,0.0040586948115083525,-0.13259889465108465,0.4798979098181025,0.002638142248427844,0.5013984811961991,-0.05100634631346091,0.0032788914058120198,-0.0051626806772601215,0.27646647393437745,0.00689927038247784,0.32318538093730514,-0.4150946525717923,0.004353565151716976,-0.35168563484052723,0.3989706406687298,0.018376202851545915,0.46830721681040155,0.06816990192594026,0.0073605099316685725,0.11247038518259464,-0.009261267026811838,0.00288973687745403,0.054667282358012555,-0.28464190736747347,0.005692129648900775,-0.25142779723692643,0
2019-01-11,-0.5798364581332894,-0.004245835751582423,-0.505235053639198,-0.7303943881660148,0.0015773511429743672,-0.6769741339891051,0.004077702362377593,0.0023053542893921746,0.025578273740474305,-0.29338806690222297,0.0021274233040164165,-0.24754440126602215,-0.3325972539331812,0.005151995812812116,-0.28587834693025344,-0.4860252940685057,0.002628536338011665,-0.42261627633724064,0.09408173097585143,0.016699361955171316,0.16341830711752317,-0.3077168309837596,0.005680576006703845,-0.26341634772710526,-0.1575627067916794,0.00229637007702721,-0.09363415740685502,-0.25863841152455985,0.004224626767200955,-0.22542430139401287,0
2019-01-14,-0.8484027492034757,-0.005594708392018227,-0.7738013447093841,-0.6726318744503316,-0.00014169030563677965,-0.6192116202734219,-0.9604968245227917,0.000600948106752236,-0.938996253144695,0.4878913342494309,0.003150149402730798,0.5337349998856317,-0.17533041145985975,0.004208169617281973,-0.12861150445693204,-0.4627270772062881,0.0013879750430977333,-0.399318059475023,-0.9809891289111285,0.009982841122084363,-0.9116525527694568,-0.4606775096623555,0.004101321994541024,-0.4163770264057011,0.02200182560833486,0.0021543048947917226,0.08593037499315925,-0.09497101749736706,0.0035396937967753367,-0.06175690736682004,1
2019-01-15,0.9786264775116986,-0.0026989913503828117,1.05322788200579,1.6394534869499668,0.003572430521856925,1.6928737411268766,0.6762897890747532,0.0014696775955974752,0.6977903604528499,0.33370549738070665,0.003614698585355705,0.37954916301690744,0.2523286291520865,0.004360290540425502,0.2990475361550142,1.5240870409745502,0.004456555058125551,1.5874960587058151,0.6690393515014331,0.01220630624988512,0.7383759276431049,0.06052441312877332,0.0038401268436379058,0.10482489638542769,0.9504298555764868,0.003436197962200022,1.0143584049613112,-0.005733744883677383,0.003208435911294728,0.027480365246869635,1
2019-01-16,0.5540638014796634,-0.0012074448710245101,0.628665205973755,0.08700927577901103,0.0034913009541835847,0.14042952995592067,-0.8672113890263248,0.00030227819134683866,-0.8457108176482281,0.37168196956379373,0.004059690487671819,0.4175256351999945,0.2943405693963214,0.004560339847802297,0.34105947639924916,0.12943772667234038,0.0043632505033758704,0.19284674440360539,0.04644940888793982,0.011456017067881175,0.11578598502961156,-0.044300483256654366,0.0034561141592741153,0.0,0.013050056336817542,0.0031964803420812316,0.07697860572164193,-0.053812882271053554,0.0028457377285731724,-0.020598772140506535,1
2019-01-17,0.2309473764158238,-0.0005579002480460686,0.30554878090991533,0.3951868460365379,0.003975777496503049,0.4486071002134476,0.6581408969152402,0.0010203010488011512,0.6796414682933369,0.16630122045037643,0.004063139929503417,0.21214488608657722,0.370794842599584,0.004853641795681999,0.41751374960251175,0.32093024801777187,0.00460498009080608,0.38433926574903693,0.02029737715669991,0.010745567925524753,0.08963395329837165,-0.0704503901157676,0.0031022218796414366,-0.026149906859113243,0.2359665966470878,0.003273877269075818,0.2998951460319122,0.3033991196769465,0.00320881934147513,0.3366132298074935,0
2019-01-18,0.24235642291822707,1.8623669119273896e-06,0.3169578274123186,0.32508569123575815,0.004264646814133327,0.3785059454126678,1.005730441853194,0.0019681536803909474,1.0272310132312907,0.794208439612849,0.005076697240313464,0.8400521052490498,0.6769496344829977,0.005573877481660393,0.7236685414859254,0.7566237894457497,0.005469802389098666,0.8200328071770147,-3.262492268990959,-0.000959159497006525,-3.1931556928492872,0.48785945623188604,0.003584288351885299,0.5321599394885405,0.6942506074915704,0.0038538502479755674,0.7581791568763948,0.5535766797855717,0.0039349999641996964,0.5867907899161188,0
2019-01-22,-1.2296763252455534,-0.001724886840462168,-1.155074920751462,-1.3702624883098515,0.0019449170278122985,-1.3168422341329418,-1.2200480169509107,0.000704324122907056,-1.1985474455728142,-0.8625850158632592,0.003472676353630099,-0.8167413502270583,-0.7209311640722029,0.004177878691697543,-0.6742122570692752,-1.0949084196580368,0.003599312889315689,-1.0314994019267718,-0.34136264716259435,-0.0017353887685396337,-0.2720260710209226,-0.23887253199979042,0.0030586250628864384,-0.19457204874313605,-0.24587939466093664,0.0033684857137728295,-0.18195084527611227,-0.7749010379852944,0.0024730524733845506,-0.7416869278547473,0
2019-01-23,0.1335401262723176,-0.0013127742531888911,0.20814153076640912,0.21912539027181102,0.002188766579920414,0.27254564444872065,-0.02150057137809671,0.0006540152569851235,0.0,-0.17661100425576168,0.0030442133579484188,-0.13076733861956089,-0.3451123603183108,0.0034819545541577212,-0.29839345331538303,0.4700206298680215,0.004038384216372014,0.5334296475992866,-1.0024135505587348,-0.0043187966744423645,-0.933076974417063,-0.49541812568578697,0.002302036056974504,-0.4511176424291326,0.863216863341382,0.004021749713189725,0.9271454127262064,-0.43713111155266426,0.001710178792626376,-0.40391700142211723,0
2019-01-24,-0.482504538753658,-0.0017536917475131715,-0.4079031342595665,-0.07265046517959,0.002017641761280927,-0.019230211002680346,-1.1604429436243409,-0.0003057482858919602,-1.1389423722462442,-0.015602488890161385,0.0028802068869874463,0.030241176746039412,0.34256080599977146,0.003733830548793149,0.3892797130026992,-0.32499321506233014,0.0034505310098743433,-0.26158419733106514,0.26621188859480266,-0.0031221753864597653,0.3355484647364744,0.2572743629082691,0.002484318371728637,0.30157484616492347,-0.3266343985237917,0.0035172408962942676,-0.26270584913896733,0.0358121642612522,0.001689669744845294,0.06902627439179922,1
2019-01-25,1.6306341271621358,0.00042696511902298034,1.7052355316562275,0.7681109910635474,0.0029011018070678185,0.8215312452404571,0.7614363194348887,0.000303791512801202,0.7829368908129853,0.2817205863953691,0.003095630819006656,0.3275642520315699,0.7986521082609684,0.004485855505920025,0.8453710152638961,0.43649810586006316,0.0038057365890755354,0.49990712359132816,0.3976619645380377,-0.0017413995595904341,0.4669985406797095,0.3775166608764643,0.0027693175691681435,0.4218171441331186,-1.1335039138867686,0.002395123616119807,-1.0695753645019443,0.18735543691069848,0.0018641745667575538,0.22056954704124548,0
2019-01-28,-0.5508388529601198,-0.00014252908575757331,-0.4762374484660283,-1.0530499880101374,0.0015742848223899838,-0.9996297338332277,0.4696768827223655,0.0006345408106150592,0.4911774541004622,0.19949384051767471,0.003192285391208109,0.2453375061538755,-0.7812208106248417,0.003416186769945856,-0.734501903621914,-1.130757458788263,0.002434719134598212,-1.0673484410569978,-0.12403538900314319,-0.0017696674948405845,-0.05469881286147145,-1.2015622709608658,0.0014695835954311454,-1.1572617877042113,0.02778339869693237,0.002327050793377459,0.09171194808175676,-0.36259040469368975,0.0013608355704014335,-0.32937629456314277,0
2019-01-29,-0.6079834406473483,-0.0007104381821189665,-0.5333820361532567,-0.5149831694399102,0.0009826422753163896,-0.4615629152630005,0.8394818482161214,0.0011764320460932638,0.860982419594218,0.0987096382718646,0.003170052043713234,0.1445533039080654,-0.2931707102555979,0.002971046185652316,-0.2464518032526702,-1.1780476349709088,0.0011680347062742334,-1.1146386172396436,0.02036924776998889,-0.001468908411638745,0.08970582391166063,-0.4802554771282196,0.0009834730482008755,-0.4359549938715652,-0.3310857406356241,0.001997438821210661,-0.26715719125079973,0.15330860488749823,0.0014957863831666209,0.18652271501804524,1
2019-01-30,3.4419235373885506,0.002923506857600128,3.5165249418826425,1.2740862617278994,0.00230468858883337,1.3275065159048092,0.811538474109095,0.0016435366382830414,0.8330390454871917,0.07344652431916272,0.0031244767486074323,0.11929018995536352,1.2396598981869513,0.004077362526866278,1.286378805189879,1.7655704209659382,0.0028653668971728775,1.8289794386972031,0.866665029282835,0.0006095553313030887,0.9360016054245067,1.1089557255515938,0.001945356951138195,1.153256208808248,-1.527148201472898,0.0008528438909307365,-1.4632196520880738,0.503607498900584,0.0019911483801619994,0.536821609031131,1
2019-01-31,0.2959924005249701,0.003137407858552238,0.37059380501906164,1.238909436206318,0.00345994781575617,1.2923296903832278,0.8850956246859423,0.0021083076685191717,0.906596196064039,-0.4970901412713368,0.002532455685044449,-0.4512464756351361,1.8218932089817195,0.005615981877212334,1.8686121159846474,-1.0666599171595244,0.0018055769650262344,-1.0032508994282592,-0.20885969003205676,0.00029569481033928644,-0.139523113890385,-1.171403753080978,0.0009069633210246175,-1.1271032698243235,0.7410435924684733,0.0013534588550150716,0.8049721418532977,0.6407881455401228,0.0025763426771982954,0.6740022556706697,1
2019-02-01,-0.04986103354405183,0.0030109010449274796,0.0247403709500397,-0.38182552996788327,0.0029877061779262346,-0.3284052757909736,0.6759992259785836,0.0024086743310870198,0.6974997973566802,0.14422402161960696,0.0025866819589891667,0.19006768725580775,0.6237402570192593,0.0059439880418333075,0.670459164022187,-0.9281643145925043,0.0009672174038325432,-0.8647552968612392,0.3468057379233204,0.0010865843654535975,0.4161423140649922,2.235446638341219,0.002676705855826266,2.2797471215978735,-1.586969402490499,0.0003100892014562011,-1.523040853105675,1.7397988202465435,0.004169174152831473,1.7730129303770905,1
2019-02-04,1.3871266643011635,0.004165172988978303,1.4617280687952552,0.983213308888788,0.0037783722019712473,1.0366335630656978,-0.8367162264734024,0.0018520817293395083,-0.8152156550953057,0.1385763000432578,0.0026310200612252813,0.1844199656794586,0.23921875402243803,0.005916204849808881,0.2859376610253658,1.5128030707523712,0.0022322995840984446,1.5762120884836361,-0.01571865944787505,0.001136196289937976,0.05361791669379669,0.532488469934271,0.002992870124252145,0.5767889531909254,0.6543787548718175,0.0007366933793705152,0.7183073042566418,-0.7462769416690914,0.0033210887301088495,-0.7130628315385443,1
2019-02-05,0.8058581269759679,0.004727967266486615,0.8804595314700594,0.41220919049650745,0.0040121489496764634,0.4656294446734171,-0.02150057137809671,0.0017715564367595297,0.0,-0.274278386341708,0.0023247897631818787,-0.2284347207055072,0.19030116858830254,0.005851171654263304,0.23702007559123026,0.7026611221322706,0.00274380368552033,0.7660701398635356,0.5962748964084952,0.0022623711093796668,0.665611472550167,0.39158340198342007,0.0031792331078690844,0.4358838852400744,0.5849267933714654,0.0010854436903206797,0.6488553427562898,0.4732674397937832,0.00362413641372978,0.5064815499243303,0
2019-02-06,-0.056874225006631446,0.004545322031802232,0.01772717948746009,-1.3329949492157658,0.002796680928749245,-1.279574695038856,0.05337438209562419,0.0017353848563895168,0.0748749534737209,-0.07078599892869505,0.0022078498673551022,-0.02494233329249426,-0.18583592978333255,0.005499266901206122,-0.13911702278040483,-0.670850818524427,0.0021670372790881798,-0.6074418007931619,-0.3857184699423203,0.0016326079189849148,-0.3163818938006485,-0.48124528460168253,0.002742726064047967,-0.4369448013450282,-0.03293269594294123,0.001057648859556994,0.03099585344188316,-0.2480640559085938,0.0032912336270751,-0.21484994577804678,0
2019-02-07,-1.0492415304886347,0.00360592529809173,-0.9746401259945431,-0.8224994577771354,0.002079946214399291,-0.7690792036002256,-0.6134934657675227,0.0013802508593864938,-0.591992894389426,-0.7245844237768015,0.001595133612464652,-0.6787407581406009,-0.3779317514437487,0.005032210496185097,-0.33121284444082094,-0.45572063627029447,0.0017936382240212856,-0.39231161853902946,-0.8228678396206826,0.0003429171388446095,-0.7535312634790108,-0.6029288293488008,0.002259855446358152,-0.5586283460921464,0.7804355215541413,0.0014712163966197345,0.8443640709389657,-0.41249877995105916,0.0028513172679353006,-0.3792846698205121,0
2019-02-08,-0.014124585603309571,0.003512436236858878,0.060476818890781964,-0.21576475051722577,0.001877177960563158,-0.1623444963403161,0.19815319016723304,0.0014291002272016756,0.21965376154532973,-0.5616344809103366,0.0011506040334482521,-0.5157908152741358,0.6073294239694467,0.005307819635747493,0.6540483309723744,0.14456396686961817,0.0018708014294965014,0.20797298460088318,-0.20622944217594397,0.00011585070443634541,-0.1368928660342722,0.04539005601260184,0.0022305465190206254,0.08969053926925621,-0.9447164095420729,0.0009573823500215953,-0.8807878601572485,0.0467383785543357,0.002804134009177937,0.07995248868488272,1
2019-02-11,-0.3705488760248085,0.0031693471354188566,-0.295947471530717,-0.06540878726258818,0.0017989225049004848,-0.011988533085678535,-0.2718572832632893,0.00126428928833755,-0.2503567118851926,-0.29101912764858345,0.0009325954166108909,-0.24517546201238263,0.08201933968183762,0.005200158816017504,0.12873824668476533,-0.2809499762625251,0.0016543014377492793,-0.21754095853126007,0.4973960365324496,0.000964211698407341,0.5667326126741213,0.134860353867011,0.002258747339087539,0.17916083712366537,0.41664469745293653,0.0011621665710242171,0.4805732468377609,0.04662983332352108,0.0027603641204127977,0.0798439434540681,1
2019-02-12,0.3688558635574393,0.0033639218377354047,0.44345726805153085,1.1214772546723466,0.0025597079043921073,1.1748975088492564,1.3346787718021538,0.0018035507923170682,1.3561793431802505,0.8368772078191444,0.0015082165144067264,0.8827208734553453,0.4003086415683406,0.0053121922774071895,0.44702754857126836,0.7894085455114329,0.0021517142106096004,0.852817563242698,-0.15038945045702992,0.0008121863105498442,-0.0810528743153582,0.4618019272428849,0.0024799299816695313,0.5061024104995392,0.529070521403321,0.0014065187756853725,0.5929990707881454,0.8302044569362543,0.0032883432386368754,0.8634185670668013,1
2019-02-13,-0.28840960516848624,0.0031046553476434544,-0.2138082006743947,-0.006062213272420424,0.0025035509759455407,0.04735804090448923,0.1576240796350853,0.001815887372787407,0.179124651013182,0.2014112196540754,0.00162089157354564,0.2472548852902762,0.3525305170643503,0.005385772898796274,0.399249424067278,-0.10436566857795676,0.0020517130178786037,-0.040956650846691756,-0.3567144669707685,0.0003816365813353145,-0.28737789082909676,0.5882819386687889,0.00275869326835725,0.6325824219254432,0.6771807882297088,0.0017029544199178646,0.7411093376145332,0.5215913572633055,0.0035636789158180224,0.5548054673938526,0
2019-02-14,0.1128685835514308,0.0031225998928765134,0.18746998804552234,-0.027735916321226187,0.002436932849251542,0.025684337855683467,-0.10780760796074117,0.0017206452065821388,-0.08630703658264446,-0.38231888212827186,0.0013502249402691402,-0.336475216492071,-0.224205427608556,0.005095909258961465,-0.17748652060562828,-0.017288836807478673,0.0020114113644330873,0.04612018092378634,-0.42081984710213394,-0.00010701198165612436,-0.35148327096046217,-0.07774873002306333,0.0026481174098246575,-0.03344824676640896,0.37481425368926197,0.0018435875477781063,0.43874280307408636,-0.020308078308471977,0.003453630862799595,0.01290603182207504,1
2019-02-15,-0.18908872405478983,0.0029501043049443387,-0.11448731956069831,-0.4844601245365618,0.0020849306648559364,-0.43103987035965213,1.2558308145505683,0.0021623093860648397,1.277331385928665,1.5363453244231289,0.00229248855663239,1.5821889900593298,0.5143353663825707,0.005269063873300886,0.5610542733854984,0.6124046526817872,0.002344843735067779,0.6758136704130523,0.26373682840834334,0.0003328910399403038,0.3330734045500151,0.6877065567879341,0.0029570312613468965,0.7320070400445885,1.041540933420186,0.0022654433643425126,1.1054694828050105,0.8959849477524754,0.003951267658014371,0.9291990578830225,1
2019-02-19,0.07939905213969742,0.0029514322453738015,0.15400045663378895,0.2591154621116345,0.0022118109014042306,0.31253571628854415,-0.4408113212567247,0.0019366313272650947,-0.419310749878628,-0.22732278990689517,0.002111307130430201,-0.18147912427069438,-0.413675338425543,0.004890538012368821,-0.3669564314226153,-0.08869336777131616,0.0022571307673895508,-0.025284350040051147,-0.2484429704792756,9.512594137644353e-05,-0.17910639433760386,-0.2385359425315276,0.002763257990882388,-0.19423545927487326,1.573552513540008,0.0028853346687919973,1.6374810629248322,0.29611545086103636,0.004036904255984866,0.3293295609915834,0
2019-02-20,0.256574182769296,0.0030570111567586483,0.3311755872633875,-0.32070296270770576,0.0019855338874827932,-0.2672827085307961,0.3816228039191445,0.002025341657147416,0.4031233752972412,0.20517471535135623,0.0021942519489028677,0.251018380987557,0.07968684355836579,0.004813778566042657,0.12640575056129352,-0.3479645586002464,0.0020311836504915567,-0.2845555408689814,-0.31740988907860784,-0.00021312454654932823,-0.24807331293693607,0.07591711107343244,0.0027403599367376457,0.1202175943300868,-1.7457473396143013,0.0021100089113623172,-1.681818790229477,0.155523201729589,0.004030784385678327,0.188737311860136,0
2019-02-21,-0.3647880344623709,0.002801245460170393,-0.2901866299682794,-0.7968435206829931,0.0014972170621875933,-0.7434232665060834,-0.5867796324146048,0.0017651658168818922,-0.5652790610365083,-0.1536005818657717,0.002068498855783781,-0.10775691622957091,-0.48323034906859086,0.004432756561250371,-0.43651144206566317,1.090988950389996,0.0025917972209157304,1.154397968121261,-0.9911902675795875,-0.001308244162851573,-0.9218536914379157,-0.34631544603289316,0.0025114193302703553,-0.3020149627762388,-0.4273960829978531,0.00190365813917688,-0.3634675336130287,-0.4781838694091876,0.003646310463232664,-0.4449697592786406,1
2019-02-22,0.5000041967241232,0.00304023746433716,0.5746056012182148,0.5154139022509407,0.0017739952995510803,0.5688341564278504,0.7006475409499137,0.001963687172639804,0.7221481123280103,-0.2765551053729034,0.001882077396433246,-0.23071143973670258,0.9337100082496408,0.004828536926692229,0.9804289152525685,0.7169634119223935,0.002925123344497438,0.7803724296536585,0.22482541071400752,-0.0009294561348849,0.2941619868556793,0.7333038970235177,0.0028106907202952026,0.7776043802801721,0.055350811676237184,0.001895267274382882,0.11927936106106157,0.3462359093468845,0.0037624168810489497,0.37945001947743145,1
2019-02-25,0.3002587235622089,0.0031581317506155413,0.3748601280563004,-0.018349660132565625,0.0017438721071861285,0.035070594044344025,0.2838814740824689,0.002011493885260584,0.3053820454605656,0.4965320471376052,0.002120801072612594,0.5423757127738059,-0.04671890700292772,0.004694410900950778,0.0,0.24237601777482531,0.002999064610431442,0.3057850355060904,0.26979875700175165,-0.0005209649351604679,0.3391353331434234,0.033705187177114515,0.0027688017323865555,0.07800567043376888,-0.3839495656888524,0.0017226349538366893,-0.320021016304028,0.01700475921619759,0.0036862496316158702,0.050218869346744605,1
2019-02-26,-0.04505359237227175,0.0030882953489752203,0.029547812121819787,0.1596121333715034,0.0018099473773969495,0.21303238754841305,-0.0762618616299864,0.0019392711378867702,-0.054761290251889694,-0.44109039442436493,0.00185714983650067,-0.39524672878816414,0.11653308292519271,0.00464982307340105,0.16325198992812043,0.31426256303724515,0.003104507471315056,0.37767158076851015,-0.144317334168416,-0.0005892048005222124,-0.07498075802674425,0.35748021458321816,0.002875312464336885,0.4017806978398725,-0.3853331249452488,0.001558829389927388,-0.3214045755604244,0.06710797051308226,0.003641714283464255,0.10032208064362927,1
2019-02-27,0.08479149682704314,0.003088534590797194,0.15939290132113468,-0.013530774034821034,0.0017829569105276028,0.03988948014208862,-0.16764237894908646,0.0018418339548407418,-0.14614180757098974,-0.10974966203889218,0.0017757942841828001,-0.06390599640269139,0.08972823671488864,0.004594426386831169,0.13644714371781635,-0.15596024312786674,0.002978309731868873,-0.09255122539660172,1.325758929157311,0.000917643779039003,1.3950955052989829,0.02898369785507008,0.002831852629494419,0.07328418111172445,-0.49933699389644937,0.0013631511791458689,-0.435408444511625,0.47356989631886026,0.0038168620933642693,0.5067840064494072,1
2019-02-28,-0.5807479585781162,0.0027571454461170174,-0.5061465540840246,0.11234363937344169,0.0018208108564840835,0.16576389355035134,0.4481822317843208,0.0019399196454086077,0.4696828031624175,-0.43970347646322777,0.0015351968415669936,-0.393859810827027,0.0010338262612937848,0.004499456271497071,0.0477527332642215,-0.13172331374061735,0.0028699383834661927,-0.06831429600935232,0.3326869153623008,0.0013128540925298115,0.40202349150397254,0.3217705150926044,0.00291599359502134,0.36607099834925877,0.6005825847311134,0.001558179743562532,0.6645111341159378,-0.3057110774430351,0.003577023096130764,-0.27249696731248807,0
2019-03-01,0.4663002231974017,0.0029509922231445358,0.5409016276914932,0.9384463192801747,0.002262844263871816,0.9918665734570845,1.01569839874082,0.0022042917952434875,1.0371989701189166,-0.01111327205468315,0.0015135875880039646,0.034730393581517645,0.5448911432103608,0.0046628091078467935,0.5916100502132885,0.18085673674688635,0.00290976462425708,0.24426575447815135,-2.0002211154614544,-0.0006808587705910641,-1.9308845393197829,0.5014630383705474,0.003070948706477081,0.5457635216272017,-0.8572586491960918,0.001251525143676896,-0.7933300998112676,0.5708401242775997,0.0037944415760840094,0.6040542344081467,0
2019-03-04,0.18420093816001393,0.003001679010816193,0.25880234265410546,0.16357161613062557,0.0023117141286749217,0.21699187030753522,0.056389075614939034,0.002173450865894835,0.07788964699303574,-0.16483682944429595,0.0014206126639443534,-0.11899316380809516,-0.2732423820539401,0.004446041105170635,-0.22652347505101236,-0.19472153832568176,0.002780277302018179,-0.13131252059441675,-0.8568195864485074,-0.0014444679855745374,-0.7874830103068357,-0.6492300818387219,0.002749650791223373,-0.6049295985820675,-0.12445978450010785,0.001201072756543375,-0.060531235115283466,0.15749304816916765,0.0037964057765330302,0.19070715829971466,0
2019-03-05,-0.16822807160096517,0.002886891634358428,-0.09362666710687363,0.6419455153720319,0.002582204945640997,0.6953657695489416,0.1520428724569783,0.002171558440039454,0.17354344383507503,-0.08560561525851455,0.0013685025402993545,-0.03976194962231377,-0.06329759707704677,0.004332821227548779,-0.01657869007411904,-0.3364352066628902,0.002595307106641388,-0.27302618893162517,-0.8302193428042608,-0.002145987594547972,-0.760882766662589,-0.048336762816493906,0.0026825780228973443,-0.004036279559839539,0.30708436238163755,0.0012917081999969712,0.3710129117664619,-0.10674531605617348,0.0036704418613132486,-0.07353120592562647,0
2019-03-06,-0.3707071331689034,0.0026859396238367965,-0.2961057286748119,-0.23829378435555723,0.002437618882694489,-0.18487353017864758,0.1696089414384573,0.0021746831400242224,0.191109512816554,-0.2397810681453219,0.0012495617368696826,-0.1939374025091211,-0.46150678938289064,0.004052155067467872,-0.414787882379963,-0.03890468302658073,0.0025453632098258036,0.02450433470468428,-0.09604301395545913,-0.002121310180762871,-0.02670643781378739,-0.10096170820691129,0.002598186976333772,-0.05666122495025692,-0.124197808120198,0.001242750179245952,-0.0602692587353736,-0.5917015435690471,0.0033211782912993216,-0.5584874334385,0
2019-03-07,-0.6702496352313732,0.002361830214439314,-0.5956482307372816,-0.6685722149393815,0.0021073284729040964,-0.6151519607624718,-0.5279801968446228,0.001986368408944609,-0.5064796254665263,-0.42020791827422566,0.0010568229670129673,-0.3743642526380249,-0.538787772380695,0.003751489736094099,-0.49206886537776734,-0.7294832477275621,0.002210926200449598,-0.6660742299962971,-0.03814692690414725,-0.002044303719422259,0.031189649237524493,-0.44130471799632365,0.002388456991814664,-0.39700423473966934,-0.6746714459715196,0.0010271529867916544,-0.6107428965866952,0.513066206618875,0.0034979664110981645,0.5462803167494221,1
2019-03-08,0.047731428430016175,0.0023621722204094,0.12233283292410771,-0.0923101175136353,0.002043506615647788,-0.03888986333672565,-0.12940692804929943,0.0019132936834960054,-0.10790635667120271,-0.02573652957937187,0.0010419685594926244,0.020107136056828928,-0.1768992273613173,0.0036141705801779615,-0.13018032035838956,-0.00392822154768962,0.002185945077688542,0.05948079618357539,0.6026395564079362,-0.0013922800824356645,0.671976132549608,0.1677448704535722,0.0024140721010840957,0.21204535371022656,0.042514403572498326,0.0010362544303673497,0.10644295295732271,-0.7392708132382918,0.003101426095173412,-0.7060567031077448,1
2019-03-11,1.7080940725095362,0.003063908709561568,1.7826954770036278,1.2419839913784054,0.0025527852813397914,1.2954042455553152,0.27863878780018336,0.0019504279678115009,0.3001393591782801,0.6276387880153353,0.0013021103509994988,0.6734824536515361,0.8643719644539759,0.003904990999707968,0.9110908714569036,1.0856022001043817,0.0025948076530620473,1.1490112178356466,0.5180712587053157,-0.0008432857635565469,0.5874078348469874,1.30490098324653,0.0028514082307531242,1.3492014665031842,0.6117204538016568,0.0012119793126989448,0.6756490031864812,0.4464080600389854,0.0032458609716700597,0.47962217016953246,1
2019-03-12,0.5035763409569204,0.003237769820844546,0.5781777454510119,0.7224558120564717,0.0028230521327872586,0.7758760662333813,0.34934022098043194,0.002004132728569784,0.3708407923585286,-0.1996525498045102,0.0012111961072188893,-0.1538088841683094,0.2621962590429964,0.003944486721594808,0.3089151660459241,0.319796492703372,0.002688568364330952,0.383205510434637,-0.7090577332746137,-0.0013782479930594801,-0.6397211571329421,0.37694753298503186,0.0029404165907368942,0.42124801624168623,-0.14668758321118028,0.0011624256397286766,-0.08275903382635588,0.10250008673698636,0.0032354718709960875,0.13571419686753336,1
2019-03-13,0.15296624545770324,0.003262445147293324,0.22756764995179476,0.023467120948609813,0.002795733645254606,0.07688737512551946,0.11547942518391735,0.0019968132078547196,0.13697999656201407,0.12834246109665073,0.001256055582352281,0.17418612673285153,0.32185733089935076,0.004005517689544012,0.3685762379022785,0.36050006496490444,0.002793916053693677,0.4239090826961695,0.4171734666897548,-0.0009378089370819751,0.4865100428314265,0.24775519886567607,0.0029807683629918488,0.2920556821223304,0.43316173222444476,0.0012779895981534645,0.49709028160926916,0.4035728942448768,0.003352963369375378,0.43678700437542384,1
2019-03-14,0.49745973284192385,0.0034227324007628217,0.5720611373360154,-0.3304009724343213,0.0026275347244069215,-0.27698071825741166,-0.8478308488145416,0.0017525829068252036,-0.826330277436445,0.42529043882226275,0.0014161376992680016,0.4711341044584635,0.1902880076826432,0.004013980510174324,0.23700691468557092,-0.020393869970895182,0.0027529367719165607,0.04301514776036983,0.0158577787340585,-0.000848042778848931,0.08519435487573024,0.6351250927049772,0.00315149434415077,0.6794255759616316,-0.27453445762418116,0.001193894677027456,-0.2106059082393568,-0.19783855269120312,0.003216270244059979,-0.16462444256065611,0
2019-03-15,0.5947981338796748,0.003614438538034448,0.6693995383737664,-0.14852213803364184,0.002537586037425874,-0.0951018838567322,-0.2737038712446915,0.0016566697289566944,-0.2522032998665948,0.5488435699967187,0.0016175457568888896,0.5946872356329195,0.3410944183486162,0.0040783558247543565,0.3878133253515439,0.5670661727197807,0.002928266714974188,0.6304751904510457,-1.3029265833155539,-0.001833290444237805,-1.2335900071738821,0.4450064484960118,0.0032518920264657056,0.48930693175266615,0.08691805180041132,0.0012107379422392306,0.1508466011852357,-0.21065399154695227,0.003079836912374472,-0.17743988141640527,1
2019-03-18,0.45074310893220765,0.0037437378699852904,0.5253445134262992,-0.12819458612728488,0.002459001645820264,-0.07477433195037521,-0.2805138471342108,0.0015629066967836841,-0.2590132757561141,0.26513384199443635,0.0017036058883754617,0.31097750763063714,-0.2276275102724336,0.003932232016768115,-0.1809086032695059,0.7204110635583215,0.0031516576364077962,0.7838200812895865,-0.6002428548046822,-0.0022202116859332266,-0.5309062786630104,-0.23689161189212504,0.003125065648872385,-0.19259112863547068,0.8695308157498206,0.0014340451301716526,0.933459365134645,0.5378333086207047,0.003246959672220442,0.5710474187512518,1
2019-03-19,-0.48241526304104104,0.0035193428758175235,-0.4078138585469495,0.5418081895613026,0.0026367789529943455,0.5952284437382123,0.7458289358151201,0.0017109002287922846,0.7673295071932168,-0.23420396660130133,0.0016008782977913088,-0.1883603009651005,0.09757389408801613,0.003908363536725874,0.14429280109094386,-0.026164142824968498,0.003104135420179002,0.037244874906296514,-0.25385967962234707,-0.002321661992383174,-0.18452310348067533,-0.18726895703355306,0.00301905362309439,-0.1429684737768987,0.07731073838070267,0.0014431285477941036,0.14123928776552705,-0.16066604937233353,0.003134716358486054,-0.12745193924178652,1
2019-03-20,0.37508453182377427,0.0036178171002450316,0.4496859363178658,0.9604130563093063,0.0029631427201095885,1.013833310486216,-0.7099386154311949,0.0015218894925599902,-0.6884380440530982,-1.1510984469108174,0.0011678751753110995,-1.1052547812746167,-0.3066911305605836,0.0037431396859861025,-0.25997222355765587,-0.12387845083425696,0.0030247208066772175,-0.060469433102991944,0.494856937672128,-0.0018454333655564196,0.5641935138137998,-0.36968412005281015,0.0028595643985024678,-0.3253836367961558,-0.9617220215591081,0.0011872581462779419,-0.8977934721742837,0.24063529510381987,0.0031805582941700477,0.27384940523436685,1
2019-03-21,1.8207072674327291,0.004232864844976318,1.8953086719268208,0.3488320244592894,0.003054734730959689,0.40225227863619906,0.4674436233450002,0.0016029578935856659,0.4889441947230969,-0.8631503545979755,0.000853905376636342,-0.8173066889617747,1.3480549997630271,0.00415553771145535,1.3947739067659548,1.1940356285340457,0.0033941669852808535,1.2574446462653108,-0.03154682283049562,-0.0017828312468218626,0.037789753311176115,0.7541159219793688,0.0030535257390124923,0.7984164052360232,0.2515080546140743,0.001244116661712145,0.31543660399889867,0.2512277299125161,0.00322868807311876,0.28444184004306305,0
2019-03-22,-1.1402641383333378,0.0037793875934053135,-1.0656627338392464,-1.2252016085306086,0.002580291487637064,-1.1717813543536988,-0.735628440356449,0.0014171469991695778,-0.7141278689783523,-1.6110481622022679,0.0002887009682890493,-1.565204496566067,-1.2083402351661787,0.0036860857384406294,-1.161621328163251,-1.5065744641034293,0.002853034393036377,-1.4431654463721642,-0.9219011972801198,-0.0023800989901597764,-0.852564621138448,-1.0935519951921338,0.002679418019754606,-1.0492515119354793,-0.6472863015249949,0.0010783346456164269,-0.5833577521401705,-0.8214673275078592,0.0028787756237291474,-0.7882532173773121,0
2019-03-25,-0.6968098883771319,0.0034959877463805605,-0.6222084838830403,-0.48592840809855176,0.0023823576332689922,-0.4325081539216421,-0.2031216702205209,0.001352708058540038,-0.1816210988424242,-0.4765863575082712,0.00013497579851348102,-0.4307426918720705,-0.12574276836164097,0.0035939449098423676,-0.07902386135871324,0.2218170408674764,0.002895147620710446,0.28522605859874145,-0.4518149730702962,-0.0026150417327651327,-0.38247839692862445,-0.05995688040077082,0.002626902335136978,-0.015656397144116454,-0.14686647911432774,0.0010390883488840144,-0.08293792972950334,-0.3756736514805127,0.00270311129968352,-0.3424595413499657,1
2019-03-26,-0.6062804419940425,0.0032533949881974043,-0.5316790374999509,-0.3736933897010553,0.0022300841328462035,-0.32027313552414566,1.1675887472813364,0.0015806870249900449,1.1890893186594331,0.472245383432833,0.0003081696692939638,0.5180890490690339,0.6211464388142387,0.0037494149366753063,0.6678653458171664,0.0528760266701005,0.0028816300844227783,0.11628504440136551,0.6254565869792977,-0.002074012496771408,0.6947931631209695,0.8439548157688677,0.002841058042025332,0.888255299025522,0.04928319039634743,0.0010476671482774183,0.11321173978117181,0.6072247531125219,0.002883987603587378,0.6404388632430689,0
2019-03-27,0.38824573549583136,0.0033523749114753713,0.4628471399899229,-0.5590889957952597,0.002020212117735272,-0.5056687416183501,0.056276579466585305,0.0015696140817566023,0.07777715084468202,-0.2220148304544942,0.0002441875638398303,-0.17617116481829337,-0.2237002984868687,0.0036278609618701925,-0.176981391483941,-0.5925782101234764,0.0026652490735837348,-0.5291691923922114,0.5797247380853708,-0.0015836687834808738,0.6490613142270425,-0.46072410552002296,0.002672173692388388,-0.4164236222633686,-0.9003416740156238,0.0008349570409736729,-0.8364131246307994,-0.4101024582410957,0.002702229462959028,-0.37688834811054867,1
2019-03-28,-0.0063459418140622515,0.003318035801447473,0.06825546268002929,-0.30123856136515986,0.0019033844514660721,-0.24781830718825018,0.08604230427676951,0.0015650038174440002,0.10754287565486623,0.5416586991241122,0.0004323837560986982,0.587502364760313,0.49289257916995166,0.0037369445521641138,0.5396114861728794,0.011587234726685082,0.0026433000911891542,0.0749962524579501,0.2701459892790298,-0.0013230924957397105,0.33948256542070154,0.13042079981981028,0.002676337333829302,0.17472128307646462,-0.12491536697769536,0.0008068531594110201,-0.060986817592870966,0.21181128814359873,0.0027408131110652325,0.24502539827414574,1
2019-03-29,0.2607889798309511,0.0033713592037808047,0.33539038432504265,0.14702335109440007,0.0019373469709876468,0.20044360527130972,0.5215348604690405,0.0016481245217943696,0.5430354318471372,0.22149175408167,0.0005112382608396859,0.2673354197178708,0.08798018873605827,0.003716531272361175,0.134699095738986,0.4093343481165186,0.0027432035950620214,0.4727433658477836,0.04022309532194574,-0.0012268660961709033,0.10955967146361748,0.5441773270800568,0.0027955237540253234,0.5884778103367112,0.24118901488449213,0.0008620445456668864,0.3051175642693165,0.0033540715403270007,0.002707516691434936,0.03656818167087402,1
2019-04-01,0.27489868446354415,0.00342742914074991,0.34950008895763574,0.9011993014105234,0.0022132887220570716,0.9546195555874332,-0.5017171790007549,0.0015261179493966778,-0.4802166076226582,1.6981276352619814,0.001055074764601973,1.7439713008981823,0.7731110201251937,0.003906258411230382,0.8198299271281214,0.4377891008609609,0.0028483544884418243,0.501198118592226,0.7504831202020976,-0.0006608124684047883,0.8198196963437694,0.36591431931089985,0.0028619995539296973,0.41021480256755416,0.1563570546979878,0.0008966555139791001,0.2202856040828122,0.5332428061022134,0.002851816800806777,0.5664569162327605,0
2019-04-02,0.6734581321709796,0.0036066091832689796,0.7480595366650712,0.22484575812350652,0.002265837049347089,0.2782660123004162,-0.7788422656997916,0.0013541151152335858,-0.757341694321695,0.20153976416852112,0.0011151263990533409,0.24738342980472192,0.0003909086869450584,0.0038574252341151056,0.047109815689872776,0.014763669843272964,0.0028254503171403086,0.07817268757453798,-0.35026185850124425,-0.0008342129192265291,-0.2809252823595725,0.1536936030723444,0.0028691686272853787,0.19799408632899876,-0.7304272917181257,0.000737095053889883,-0.6664987423333013,-0.24396271577942824,0.0027367520872056995,-0.21074860564888123,1
2019-04-03,0.2781568562264081,0.0036581699812215083,0.35275826072049965,0.16890471789926517,0.0022992581838937845,0.22232497207617483,-0.3464935777965126,0.0012703775105508694,-0.32499300641841594,0.05757917991666019,0.0011291345435215715,0.10342284555286098,-0.12068770921337943,0.0037742990645481178,-0.07396880221045171,0.294772167741384,0.0028844803244749747,0.358181185472649,0.44130324291374506,-0.0004917172010727563,0.5106398190554169,0.2137789304403747,0.002892037399244238,0.258079413697029,0.12715823064312964,0.0007663348361394345,0.19108678002795404,-0.32349729889935697,0.0025996884577200907,-0.29028318876880993,0
2019-04-04,0.014967718046843706,0.003628207059223636,0.08956912254093524,0.3095047774462989,0.002374830030007642,0.36292503162320855,-0.9882109612533918,0.0010682732845535992,-0.9667103898752951,0.45428598775072776,0.0012624314408946138,0.5001296533869285,-0.690782429433963,0.0035276407864804106,-0.6440635224310353,-0.34171144917765206,0.0027599591738962648,-0.278302431446387,-2.096536866591183,-0.0017707241572284208,-2.027200290449511,-0.3541754948979521,0.002765991772078223,-0.3098750116412977,0.6373803386126866,0.0009022662343711012,0.701308887997511,0.6663843081989509,0.0027811796081448886,0.699598418329498,1
2019-04-05,0.269875670786539,0.0036753733529334112,0.34447707528063054,-0.3870779037177332,0.0022373649664084866,-0.33365764954082355,0.35139417858316324,0.0011210588448273572,0.37289474996125993,-0.16845131926010626,0.0012065755860933356,-0.12260765362390545,0.0827573198041919,0.003510519249535657,0.12947622680711962,0.1796219767554145,0.00278581253541724,0.24303099448667953,0.5907341536656701,-0.0013309723519793956,0.6600707298073418,-0.040512054629493234,0.0027244113816132258,0.003788428627161133,0.47977875594089975,0.0010012884577934452,0.5437073053257241,0.23069854404972479,0.0028208912197618683,0.26391265418027177,1
2019-04-08,0.7352028367922235,0.0038581167800862772,0.8098042412863151,-0.1864986081697877,0.0021638201104045894,-0.13307835399287804,-0.04581663537755535,0.0010996276993355224,-0.024316063999458636,0.12130349043781095,0.001237210673296123,0.16714715607401176,-0.053525952965413896,0.0034554060503945664,-0.006807045962486174,-0.04513577830028068,0.0027486619058982257,0.01827323943098434,-0.22691244054968912,-0.0014077907569798236,-0.15757586440801735,-0.00630879105683785,0.002692745415030483,0.03799169219981652,0.23592625875736895,0.001047440179293049,0.29985480814219334,0.27105920900648106,0.002871825014399486,0.3042733191370281,0
2019-04-09,-0.22892233254036543,0.0037557743516192068,-0.1543209280462739,-0.2887189003073847,0.0020624726792645783,-0.235298646130475,-0.3685108058019756,0.0010207226133064466,-0.3470102344238789,-0.42807345746381154,0.0011085527662642897,-0.3822297918276108,-0.1284246532647281,0.0033810892734004836,-0.08170574626180038,-0.360060234400299,0.002626739719250688,-0.296651216669034,-0.14953308983533906,-0.001435401527842445,-0.08019651369366732,-0.14298698988565298,0.002627957347330519,-0.09868650662899861,-0.4671029119615671,0.0009505849254237399,-0.4031743625767427,-0.6676610566963975,0.002636554327275279,-0.6344469465658505,1
2019-04-10,0.21430490715893208,0.0037831033004223735,0.2889063116530236,0.10558291419969246,0.0020781176541373346,0.1590031683766021,-0.015381372352173878,0.0010067977812925604,0.006119199025922834,0.18618282340886688,0.0011581571777195706,0.23202648904506767,0.21466371624534586,0.003403055675372963,0.26138262324827355,0.35414503791081803,0.002700304495960294,0.4175540556420831,0.2696718096016847,-0.0012117769429331362,0.33900838574335646,0.3625282470328769,0.0026892226873473403,0.40682873028953126,0.6192061227333915,0.0010722033401778356,0.6831346721182159,-0.2554817390999002,0.002531366025726838,-0.2222676289693532,0
2019-04-11,-0.5029749996967706,0.0036076332983388487,-0.42837359520267904,0.07894739975994275,0.0020857191620141462,0.1323676539368524,-0.24768322849599017,0.0009526541635519888,-0.22618265711789345,0.39159072118478194,0.001263823890933594,0.4374343868209828,-0.2774308873780316,0.0032913766811564055,-0.2307119803751039,0.0003431177736988304,0.0026780510607158276,0.06375213550496385,-0.7506266499122928,-0.0015953034703919658,-0.681290073770621,-0.30865534832649205,0.002586267276052691,-0.26435486506983774,0.8286862768277328,0.0012312743606801165,0.8926148262125572,0.2021244729616225,0.0025639815696326465,0.23533858309216948,1
2019-04-12,-0.09529343599495949,0.003550351453749913,-0.020692031500867947,0.49908131321312826,0.0022111135012400918,0.5525015673900379,0.45048056158383937,0.001020400639102129,0.47198113296193606,2.3812124169624,0.001915472513268801,2.4270560825986007,0.587062672147869,0.0034132151822062117,0.6337815791507967,0.21859391668502548,0.002713400121702874,0.2820029344162905,-0.13536993809035366,-0.0016108331667991495,-0.06603336194868194,0.6309032343766969,0.0027104039837350198,0.6752037176333513,0.49468594966951046,0.001321397886827561,0.5586144990543349,-0.6517859437004158,0.0023477997612889236,-0.6185718335698687,1
2019-04-15,0.018552264406384723,0.003525842268630811,0.09315366890047626,0.10463852935111877,0.0022237423591426556,0.15805878352802843,0.30762144876911834,0.0010619608344894075,0.32912202014721503,-0.6370781179160931,0.0017276510812441466,-0.5912344522798924,0.025127565578609574,0.003384014149348648,0.07184647258153729,-0.018159496242318714,0.0026868276631716315,0.0452495214889463,-0.19072159144647824,-0.00165759405342237,-0.1213850153048065,0.2557599478613796,0.002742806465561274,0.300060431118034,0.5707371358709018,0.001423440523217745,0.6346656852557262,-0.1974274389639172,0.00226773713983505,-0.1642133288333702,1
2019-04-16,-0.0694325654487766,0.0034782672780297374,0.005168839045314936,0.16966406085756042,0.0022537778649602594,0.22308431503447007,0.8891255372760013,0.001199816684344208,0.910626108654098,0.5004298187678106,0.0018502033749003633,0.5462734844040114,0.16403744371862927,0.0033916059112476683,0.210756350721557,-0.19000744057904492,0.002617384443610818,-0.12659842284777992,0.5757189682382277,-0.0012706385525618202,0.6450555443798994,-0.12267287093027104,0.0026865339966223745,-0.07837238767361669,0.2977154438220541,0.0014714664053192535,0.3616439932068785,0.3024210967865328,0.002330959721903947,0.33563520691707976,1
2019-04-17,0.9274944822185014,0.0036973749539772967,1.0020958867125929,0.28635769664372324,0.0023144211391191746,0.3397779508206329,0.2786977060168076,0.0012329997662997826,0.3001982773949043,1.4453390319529589,0.0022194141031886406,1.4911826975891596,0.15650914168810354,0.003397066345820667,0.20322804869103125,0.38979019096842327,0.0026949602506162323,0.45319920869968827,-0.26115396270639096,-0.001359971356308308,-0.1918173865647192,0.03417461351022009,0.0026676845792709476,0.07847509676687446,0.10161338666562708,0.0014819176709785155,0.16554193605045148,0.10619119117994512,0.0023378311324979573,0.1394053013104921,1
2019-04-18,0.11033756615718929,0.003695975400051289,0.18493897065128082,0.0011263745063183968,0.0022976384139273215,0.05454662868322805,-0.6197916254819134,0.001118784114886164,-0.5982910541038168,-0.4263258670045005,0.0020901096703367884,-0.3804822013682997,-0.07119485774281976,0.0033449914191086335,-0.024475950739892047,0.6557188158294183,0.0028360987529209495,0.7191278335606833,0.11490901747742535,-0.0012404534363468372,0.1842455936190971,-0.14879500213345395,0.0026080530530111262,-0.10449451887679959,-0.04956806795966161,0.0014645110965509746,0.01436048142516278,-0.21452808597876563,0.0022564534960545016,-0.18131397584821862,1
2019-04-22,0.09451289355919085,0.0036905130160952188,0.16911429805328237,0.4500626049617988,0.0023989967520820685,0.5034828591387084,0.1653192487554908,0.0011339224768350809,0.18681982013358753,0.018043043752922,0.002078694722970053,0.0638867093891228,0.434071000555454,0.003419948415432691,0.48078990755838164,0.10962092939156752,0.0028404365845462287,0.17302994712283254,-1.01616058754191,-0.001736734408939653,-0.9468240114002383,0.045419387543466826,0.0025932565212284774,0.0897198708001212,-0.6455383247429013,0.001340313604088609,-0.5816097753580769,1.040499469955301,0.002517257560590931,1.0737135800858482,1
2019-04-23,0.6676353327985046,0.003831735750268109,0.7422367372925962,0.6292923299185257,0.0025440565403368606,0.6827125840954353,1.2231924556488647,0.001316613253463347,1.2446930270269614,0.01796430544286071,0.0020675601577551223,0.06380797107906151,0.050348609790765615,0.003398769043212615,0.09706751679369333,0.6795521114367302,0.0029816764766741857,0.7429611291679953,0.03840750046756816,-0.0016562939684026565,0.1077440766092399,0.426129067143319,0.002662504830372158,0.47042955039997336,0.44269559149161714,0.0014126539419937612,0.5066241408764415,0.25174662314163226,0.0025603214049968515,0.28496073327217925,0
2019-04-24,-0.15395878919152045,0.003761945618396475,-0.07935738469742891,-0.4753148470138609,0.00240328541895025,-0.42189459283695124,-0.43617256321737613,0.0012345349331962273,-0.4146719918392795,-0.1323167264946174,0.00201901716940665,-0.0864730608584166,0.3496575942756684,0.003450635030733512,0.39637650127859614,-0.25102700408060363,0.002898434253703263,-0.1876179863493386,-0.5581397516812687,-0.001892653494296211,-0.48880317553959696,-0.1073104305907796,0.002614261130894235,-0.06300994733412524,0.2666964473902928,0.0014522639415667934,0.3306249967751172,-0.9894184852114191,0.0022747446094392005,-0.9562043750808721,0
2019-04-25,-0.5416266469104716,0.003597363993880085,-0.46702524241638,0.24082680967861222,0.002446647215150036,0.29424706385552185,0.246410408824058,0.0012601512070674272,0.26791098020215476,-0.018498036640888543,0.001999903975261973,0.027345628995312257,0.023231929835283608,0.0034231216086369775,0.06995083683821132,1.7491572929233656,0.0032858576800076475,1.8125663106546308,-1.119092903641878,-0.002415091320519725,-1.0497563275002062,-0.21855834546932232,0.002543436123398477,-0.17425786221266795,-0.07106497098218244,0.0014324102483231477,-0.00713642159735805,0.24367407156248388,0.002317710496108533,0.27688818169303087,0
2019-04-26,-0.3202656010797689,0.003491399325420793,-0.24566419658567742,0.35109705330773405,0.0025163560662909983,0.4045173074846437,0.4176754492605119,0.0013112769150954871,0.4391760206386086,0.346063932265012,0.002070408968879075,0.3919075979012128,0.18686979692748168,0.003434935841761923,0.2335887039304094,0.2501793700147048,0.003316790927548365,0.3135883877459698,-1.3109953920708495,-0.0030229786980002725,-1.2416588159291777,0.6659995276525184,0.0026613918878976087,0.7103000109091727,-1.4881359408528876,0.0011709456207410723,-1.4242073914680633,-1.0687715413921735,0.0020220247361614715,-1.0355574312616262,1
2019-04-29,0.00348301756068354,0.0034667239299181448,0.07808442205477507,0.6942867422299546,0.0026686699299302715,0.7477069964068642,-0.3461931869955911,0.0012459143352176877,-0.3246926156174944,0.7004128965296792,0.0022247056322860573,0.74625656216588,0.05109376872904083,0.0034148018111670314,0.09781267573196854,-0.11396702860963677,0.003263784201472786,-0.05055801087837175,0.5933678678113258,-0.0026486898527444958,0.6627044439529975,0.4040678174492235,0.002721720830284838,0.44836830070587785,-0.04204200898675742,0.0011600014809892173,0.021886540398066968,-0.35113362783006724,0.0019160019467109879,-0.3179195176995202,0
2019-04-30,-1.0655328972928981,0.0031861942930137945,-0.9909314927988065,-3.86885336702715,0.001709559165394207,-3.8154331128502403,0.7845361516928221,0.001350601939007391,0.8060367230709188,-0.07705941270274644,0.0021897964223078453,-0.03121574706654565,1.4959286755626549,0.0037278349701054545,1.5426475825655825,0.28665537304250777,0.0033024540081663936,0.35006439077377277,-0.35275099884586736,-0.0027581227352497274,-0.2834144227041956,0.05783815856090215,0.0027091774304640946,0.10213864181755652,0.8698296395938646,0.0013012784739818322,0.933758188978689,0.15755149799830942,0.0019402014465670688,0.19076560812885643,0
2019-05-01,2.4513719428600256,0.003745944646125486,2.5259733473541175,-1.1410485999893338,0.0014279179371747993,-1.087628345812424,0.4186967125967473,0.0013989044113138262,0.4401972839748439,-0.44287098077336007,0.002069571012794136,-0.3970273151371593,-1.2045620494941616,0.003419033843988292,-1.1578431424912339,-1.2033038295845246,0.003008191674199699,-1.1398948118532595,-0.5520115056086798,-0.0029635973137384303,-0.4826749294670081,-0.6415433028198424,0.002554505786770923,-0.597242819563188,-1.1301711274692492,0.001109901283193876,-1.066242578084425,-1.0202018618015183,0.00167197242304728,-0.9869877516709712,0
2019-05-02,-0.40950641078686517,0.003622403049405795,-0.33490500629277364,-0.3486150994744877,0.0013407846985959166,-0.29519484529757806,-0.4126460158388453,0.00132518813010821,-0.39114544446074867,0.06653475805372146,0.002070788456626968,0.11237842368992225,-0.38298634761473427,0.003302281486780998,-0.3362674406118066,-0.77815774749865,0.0028146086580660102,-0.714748729767385,0.9921116034768597,-0.002408400407209253,1.0614481796185313,-0.6586013342551079,0.0024001290323715455,-0.6143008509984536,-0.2174145307772026,0.0010715689415185037,-0.1534859813923782,-0.8965352347410748,0.0014404811950593645,-0.8633211246105278,1
2019-05-03,0.5651384015415957,0.0037272753880564927,0.6397398060356873,0.9511188163216853,0.0015599576740833096,1.004539070498595,0.40671453410265956,0.0013709219396476505,0.42821510548075625,0.27265804632437346,0.0021193736470362036,0.31850171196057425,0.11814296883414793,0.0032995720139489563,0.16486187583707565,1.1031202022213829,0.0030348358831491546,1.1665292199526478,1.0329539409785453,-0.0018466714988721032,1.102290517120217,0.29762626686477506,0.002439533968576863,0.3419267501214294,0.6172380396663578,0.0011682654166198408,0.6811665890511822,0.08139069601953737,0.0014510546579571655,0.11460480615008438,0
2019-05-06,-0.8693026468410466,0.0035017433007173645,-0.794701242346955,0.11374661987032039,0.0015802740108534238,0.16716687404723005,0.025145916139052687,0.00136141503269069,0.0466464875171494,-0.5050713558012372,0.001990085677267225,-0.45922769016503645,0.10248016209360325,0.0032934896761799308,0.14919906909653097,-0.38186849264633116,0.0029306780017332662,-0.3184594749150661,-0.039413811750468326,-0.0018106458200403091,0.02992276439120341,0.044390324084944206,0.002428258603170462,0.08869080734159858,0.21188565994285047,0.0011983189193408245,0.27581420932767486,-0.24919178747472825,0.001382354664165036,-0.21597767734418125,0
2019-05-07,-1.4618195215793828,0.003147572138329617,-1.387218117085291,-0.6755928372030431,0.0014196522305605925,-0.6221725830261334,-1.2580253849099823,0.001172097833136184,-1.2365248135318856,-0.8915420404694074,0.001777004601446534,-0.8456983748332065,-0.8187323390122574,0.0030877734509750948,-0.7720134320093297,-1.186639191599504,0.0026579657319180387,-1.123230173868239,-0.8676147579158824,-0.0021666540541280034,-0.7982781817742106,-0.8081095929562869,0.0022517028252730426,-0.7638091096996326,-0.9027149083393363,0.001052739026103755,-0.8387863589545119,-0.2948417263633176,0.0013044667641565625,-0.26162761623277064,0
2019-05-08,-0.06444871121553099,0.0031136608630836994,0.010152693278560552,-0.40201644233606554,0.0013245513813232822,-0.3485961881591559,-0.12807323841490295,0.00114384496166492,-0.10657266703680623,-0.32024840151213163,0.0016956574250619535,-0.27440473587593084,0.012347607664856552,0.003064943810397228,0.059066514667784266,-0.06777242284799202,0.0026264980347096892,-0.004363405116727013,-0.29054180239747684,-0.002245034064072748,-0.2212052262558051,0.16125485595113132,0.002265278129512728,0.20555533920778565,-0.7952849848659728,0.0009271729191605328,-0.7313564354811484,0.043757887082202386,0.0013074498129761584,0.0769719972127494,0
2019-05-09,-0.6275054631990473,0.0029561845741644097,-0.5529040587049557,-0.17549991018725258,0.0012822230884472674,-0.12207965601034293,-0.6499739008030956,0.0010446747156036967,-0.6284733294249989,-0.08721091500537462,0.001667308825725483,-0.04136724936917383,-0.0510864300736941,0.0030291892828078772,-0.004367523070766387,-0.06777277074351384,0.002595745440205949,-0.0043637530122488275,-0.3568945117785443,-0.002352261740033977,-0.28755793563687254,-0.3981555621669178,0.0021723846779125515,-0.3538550789102634,-0.23472965515581942,0.0008904391967976052,-0.17080110577099503,-0.07802652619337783,0.0012822453569462705,-0.04481241606283081,1
2019-05-10,-0.7875230799172575,0.00276730858098051,-0.7129216754231659,-0.06778557873169712,0.0012646424697484186,-0.014365324554787465,0.16968641503981635,0.0010588565202944947,0.19118698641791307,-0.0504408591566128,0.0016475773107890218,-0.004597193520411997,0.41665500958462465,0.0030922540848762237,0.4633739165875524,0.6474521680213124,0.002712514246656161,0.7108611857525775,-0.31959990164459123,-0.0024400576982488817,-0.25026332550291946,0.2929310180013842,0.002211253765480729,0.3372315012580386,1.7000455226378648,0.0011479545931982712,1.763974072022689,0.39474827150456354,0.0013655432351044586,0.4279623816351106,0
2019-05-13,-3.0654436299264294,0.002090791363316982,-2.9908422254323375,-1.4058789401044298,0.0009551227370380832,-1.35245868592752,-1.1241421074969173,0.0008992644112119999,-1.1026415361188207,-1.4539423736838673,0.0013270731473364686,-1.4080987080476666,-1.3577650946268147,0.002786216760440194,-1.3110461876238872,-1.6907576373075517,0.002352004725127252,-1.6273486195762867,-1.3550926034509416,-0.0029932736611607137,-1.2857560273092699,-1.303697526932274,0.0019529975137991423,-1.2593970436756197,-1.5324481875756408,0.000914961746327567,-1.4685196381908168,-0.5796289158710263,0.0012270084409281494,-0.5464148057404792,1
2019-05-14,0.7400277906005386,0.002241773875533978,0.8146291950946302,-0.5783058765710001,0.0008312165932965356,-0.5248856223940904,-0.2510421826391277,0.0008589467708334291,-0.22954161126103098,0.3657033810915506,0.0013998431083281743,0.4115470467277514,0.9662120991517373,0.002963194990219187,1.012931006154665,0.548899787874855,0.002449098247724301,0.6123088056061201,0.5054065757654314,-0.0027038201194734776,0.5747431519071031,1.0518570826194102,0.002132697820094315,1.0961575658760645,0.23276802781089398,0.0009489146252716882,0.29669657719571835,0.03177470571266839,0.0012280358872977703,0.0649888158432154,1
2019-05-15,0.5418623214475377,0.0023476173052406806,0.6164637259416291,2.0237105363045766,0.001266102119909127,2.0771307904814864,0.033023864594647644,0.0008567613699800049,0.05452443597274436,-0.24295888685129963,0.0013432433744068738,-0.1971152212150988,0.6531138948037435,0.0030728551727015533,0.6998328018066712,0.7073387724820317,0.0025755467388086976,0.7707477902132968,-0.1074853322435405,-0.002691274947756381,-0.038148756101868755,0.919998006027126,0.0022845564476382386,0.9642984892837804,-0.3668303372256824,0.0008941608923318306,-0.30290178784085803,0.3303534025239913,0.0012949846150807438,0.3635675126545383,1
2019-05-16,-0.3010077246903677,0.002275066387263804,-0.22640632019627613,0.5417075565606567,0.0013783100859967518,0.5951278107375664,0.7654300724217167,0.000949646483999038,0.7869306437998134,0.6183901036497801,0.0014667552756975758,0.6642337692859809,0.8722255047230636,0.003224097364026885,0.9189444117259913,1.2004299292346443,0.002796149945269463,1.2638389469659093,-0.4535356919603064,-0.0028301514640932607,-0.38419911581863464,0.814087865689154,0.0024141311358208736,0.8583883489458083,0.9968165582666472,0.001038497321952481,1.0607451076514716,-0.039673354387516034,0.001279648810442975,-0.006459244256969015,0
2019-05-17,-0.3669994927316248,0.0021904167824222816,-0.29239808823753327,-0.7284021575232769,0.0012224606223628265,-0.6749819033463672,0.21836266789788186,0.0009703330241407809,0.23986323927597858,-0.2970192054074165,0.0013995395631547739,-0.2511755397712157,-0.23079080609098782,0.0031532776678598307,-0.1840718990880601,-0.4284796564834635,0.0026954439009853333,-0.3650706387521984,-1.9345375598354082,-0.003606080575255663,-1.8652009836937364,-0.3276054000544693,0.0023381173500783624,-0.28330491679781494,-0.3930192564483623,0.0009801950656196095,-0.3290907070635379,-0.32324357197322434,0.0012033429603364755,-0.29002946184267736,0
2019-05-20,-1.683756767770767,0.0018382045015576697,-1.6091553632766753,-1.1029932937099665,0.0009923633993710744,-1.0495730395330567,-0.1350871511889135,0.0009456923438311189,-0.1135865798108168,0.2252616843226226,0.0014399283176063724,0.2711053499588234,0.15284145842007557,0.0031592622721976996,0.19956036542300332,-0.8540305078338792,0.002515013202208417,-0.7906214901026142,-0.7307635201601788,-0.003850945356610625,-0.6614269440185071,-0.2705284417710331,0.00227373732493898,-0.2262279585143787,0.4208966029430492,0.0010387608710217466,0.4848251523278736,-0.039692137415941624,0.0011892906463529514,-0.006478027285394603,1
2019-05-21,0.9119413540013172,0.002018753340301742,0.9865427584954087,0.38112064158903325,0.0010710259917065524,0.4345408957659429,-0.201134803154551,0.0009132636714036894,-0.1796342317764543,0.1308317592141742,0.0014604762764060298,0.176675424850375,0.34883699645259075,0.003203198559719223,0.3955559034555185,0.23145322662587947,0.00254493429619318,0.2948622443571445,-0.10290243825224467,-0.0038250344647455213,-0.033565862110572935,0.09853571643174748,0.0022748999645447418,0.14283619968840186,-0.35586127478834995,0.0009868948884783207,-0.29193272540352555,0.19372656728972093,0.0012249355534542396,0.22694067742026794,0
2019-05-22,-1.1280888329063545,0.0017868920832660171,-1.053487428412263,0.008698868124846968,0.0010725761397590231,0.06211912230175662,0.36253400160157323,0.0009516191738433513,0.3840345729796699,-0.46751128322617,0.0013614546540795548,-0.4216676175899693,0.27663826356133375,0.0032323473822477725,0.3233571705642615,0.2686821671583685,0.002581250947570192,0.3320911848896335,-1.551807246998123,-0.004406429595054032,-1.4824706708564512,0.09458608632688735,0.0022753586482725714,0.1388865695835417,0.7493406487656916,0.001089887034129112,0.813269198150516,-0.47856299136027114,0.001119018358608857,-0.4453488812297241,0
2019-05-23,-0.9530117799135446,0.0015944786808589453,-0.878410375419453,-0.5158783760863086,0.0009688469685562573,-0.462458121909399,0.5936799016244171,0.0010176510757638356,0.6151804730025138,-1.0642845891488317,0.0011468331303988075,-1.0184409235126308,-1.543208180940813,0.0029145720831450345,-1.4964892739378852,-0.7021524459413244,0.0024358248850262485,-0.6387434282100595,0.2831986571146365,-0.0042153379387539075,0.35253523325630826,-1.039635920657216,0.0020825284009697628,-0.9953354374005616,-0.3320656586994829,0.0010418352155332376,-0.26813710931465856,-1.1860734959442152,0.0008685700089650378,-1.152859385813668,1
2019-05-24,-0.2722363739584322,0.001539579687268241,-0.1976349694643407,-0.352265117453419,0.0008997080318698061,-0.29884486327650933,-0.015521853319886886,0.0010081004487160733,0.005978718058209826,0.4640611092148156,0.0012347332505055872,0.5099047748510164,0.32902180589276075,0.00295591571012245,0.37574071289568844,-0.03738403445009592,0.0024160236575623373,0.026024983281169093,-0.6813415254524515,-0.004423876275267268,-0.6120049493107798,0.37465229140601747,0.002132164183156911,0.4189527746626718,0.5252306931874761,0.0011116368807201472,0.5891592425723005,0.17353830674882736,0.0009022308875278385,0.20675241687937437,0
2019-05-28,-0.28738308399835866,0.0014828353043411246,-0.2127816795042671,-0.010987089367491454,0.000899054188901609,0.0424331648094182,-1.0839654604261422,0.000869822811108798,-1.0624648890480455,-0.6074028035679305,0.0011139192915185791,-0.5615591379317297,0.36905490496866783,0.003003898666154121,0.4157738119715956,-0.09809837471714015,0.002385525316621233,-0.03468935698587514,-0.31857185524361614,-0.00448088092361093,-0.24923527910194437,0.3496431672677973,0.0021766307501450786,0.3939436505244516,-0.24432173966187595,0.0010761718700430189,-0.18039319027705158,-1.0228409162804903,0.000692126565038107,-0.9896268061499433,0
2019-05-29,-0.3200103597441091,0.0014209370848645103,-0.24540895525001755,-0.929074459518073,0.0007196856150641423,-0.8756542053411632,-3.492109503721989,0.00044659443555262736,-3.4706089323438922,-0.1889800457371446,0.0010755169531888157,-0.14313638010094382,-0.019222228910956388,0.0029792344715576582,0.027496678091971326,-0.592673497783731,0.0022661616050867165,-0.529264480052466,0.08199497936547874,-0.004375651081487325,0.15133155550715047,-0.4027767100870273,0.00209580749187779,-0.358476226830373,-0.28095521873603996,0.00103651347516256,-0.2170266693512156,-0.3382223739970791,0.0006239128862881461,-0.3050082638665321,1
2019-05-30,0.1922943412511555,0.0014578536306989714,0.26689574574524705,0.013331899063454859,0.0007254973768589022,0.06675215324036451,0.47071726241590645,0.0005004423602998615,0.4922178337940031,-0.6007772547256284,0.0009598874886740132,-0.5549335890894277,0.08649178598449199,0.0029743830448392323,0.13321069298741972,0.28265530947626044,0.0023059340721391275,0.34606432720752545,-0.2819799947868293,-0.004417438035721292,-0.21264341864515754,-0.03325448945239602,0.0020770688598862027,0.01104599380425835,-0.013125720403760109,0.0010330742566221373,0.05080282898106428,-0.16279648713466935,0.0005919825545450555,-0.12958237700412234,0
2019-05-31,-1.0068325308739212,0.0012678211907169732,-0.9322311263798297,-0.7296317365966946,0.0005893690959003085,-0.6762114824197849,-0.6237487746586236,0.0004250331601163961,-0.602248203280527,-0.577795495724765,0.0008508129528668497,-0.5319518300885642,-0.6162492046010971,0.0028423814544919937,-0.5695302975981694,-0.9557938818315552,0.002125247386051241,-0.8923848641002902,-0.46955714070216764,-0.00453239114401276,-0.4002205645604959,-0.5703928048887875,0.0019716051727522504,-0.5260923216321332,-0.607718651840887,0.0009517839403991113,-0.5437901024560626,-0.853810592623443,0.00042435477627914995,-0.820596482492896,0
2019-06-03,-0.5948854686449887,0.001158415527388097,-0.5202840641508972,-3.1679532384937916,-5.126343659924832e-06,-3.114532984316882,0.16176167869185595,0.0004422081850002593,0.18326225006995267,0.19847311073699606,0.0008880074714151082,0.24431677637319685,-2.0146024781070557,0.002462155005239086,-1.9678835711041278,-1.7627044758812753,0.0018062749510207759,-1.6992954581500102,-0.8923120049236702,-0.004810258499987944,-0.8229754287819985,-1.0575894203376457,0.0017899375528552563,-1.0132889370809912,0.3158608584217734,0.0009919227725335945,0.3797894078065978,0.7387054215278384,0.0005710880275415881,0.7719195316583854,1
2019-06-04,1.8080236741547997,0.0014958013096404135,1.8826250786488914,0.717739980557031,0.00013932823393542442,0.7711602347339407,1.4224167448796337,0.0006039229131588264,1.4439173162577303,1.5492384406433397,0.0011729734096207849,1.5950821062795406,1.4848640382018121,0.0027107452566890546,1.5315829452047396,1.4528603607060957,0.0020529181424337383,1.5162693784373609,1.9430306423356576,-0.0039859168098602665,2.0123672184773294,1.3639818887302055,0.0019968731902204238,1.4082823719868598,0.3720832661080103,0.0010385243332079516,0.4360118154928347,1.1376060837778943,0.0007922192377507273,1.1708201939084413,1
2019-06-05,0.7561509275385823,0.0016339872521293427,0.8307523320326737,-0.5284972584876477,4.989121332281331e-05,-0.4750770043107381,0.3813283236779974,0.0006440794802548304,0.4028288950560941,0.13814620443503933,0.0011954341585699827,0.18398987007124012,1.476785703158884,0.002953223790885252,1.5235046101618117,1.12311514641124,0.0022380700833463923,1.1865241641425053,0.3108600595491223,-0.003802613785849553,0.3801966356907941,1.0844747989970909,0.002155869085568103,1.1287752822537453,1.2796588077552449,0.0011998130021747503,1.3435873571400692,-0.4411710480543616,0.0007065448447338214,-0.40795693792381454,1
2019-06-06,0.6809281911836635,0.0017559289876053475,0.755529595677755,0.09848372333216636,7.733845621887265e-05,0.151903977509076,1.3969865873128582,0.0007980171979246033,1.4184871586909549,0.06698795979285589,0.0012046298445821443,0.11283162542905668,0.28177942973827785,0.0029828807410796454,0.32849833674120554,0.802172742452462,0.002364957971912112,0.865581760183727,1.1027424482945927,-0.003322105711170069,1.1720790244362644,0.509642139168878,0.0022221767412723727,0.5539426224255324,0.42567022713564434,0.0012503603456990723,0.48959877652046874,0.8636811512142812,0.000870259299567364,0.8968952613448282,1
2019-06-07,1.2951177138746102,0.0019861234333725993,1.3697191183687016,0.9470026485398104,0.00025875552858988833,1.0004229027167202,1.112418816107116,0.000917311767683464,1.1339193874852127,-0.6134356164394499,0.00109196486437598,-0.5675919508032492,1.6107456397887003,0.0032414821441738317,1.657464546791628,1.4695168901009794,0.0026023948617256883,1.5329259078322444,-0.24265609811916114,-0.003356535472889539,-0.1733195219774894,1.078562650055978,0.002375227936087203,1.1228631333126322,0.6056936463978926,0.001322470453122613,0.669622195782717,0.1456180905282999,0.00089584659159662,0.17883220065884692,1
2019-06-10,0.5830479180266073,0.0020851471117408183,0.6576493225206989,0.6316145911182889,0.0003799522770895317,0.6850348452951985,0.2596439815757481,0.0009400178992659318,0.2811445529538448,0.5138193894757923,0.0011811215106583709,0.5596630551119931,0.013812744713573421,0.0032221008367170905,0.060531651716501135,0.4364030964963087,0.0026623002699459586,0.49981211422757377,0.9394373747535476,-0.002949796309290664,1.0087739508952194,0.22685097282712616,0.002394980001856153,0.2711514560837805,0.9559412766886929,0.0014366288262580664,1.0198698260735173,0.18454573926032544,0.0009282209964616579,0.21775984939087245,1
2019-06-11,0.5212597205729843,0.0021714549692461137,0.5958611250670758,-0.1342220095722532,0.0003620551696718064,-0.08080175539534354,0.4316032712815398,0.0009811735069374646,0.4531038426596365,0.11367947896036479,0.0011983952383054588,0.15952314459656558,-0.5383735869047903,0.0031094508752537893,-0.4916546799018627,-0.2697791934313968,0.002603819389403414,-0.20637017570013172,0.41866335820851414,-0.0027427677200894916,0.4879999343501859,-0.22308779952122726,0.0023460644482157515,-0.17878731626457292,0.22545777623379123,0.0014590776853085439,0.2893863256186156,-0.07919658942956342,0.0009112888346561049,-0.04598247929901641,0
2019-06-12,-0.23837732648356486,0.0021232206078392415,-0.16377592198947333,-0.14468550776580208,0.0003426270731633795,-0.09126525358889243,1.105025596744242,0.0010947901817555707,1.1265261681223386,-0.705400630887016,0.0010728284659534911,-0.6595569652508152,-0.008094216878951678,0.0030879274730600806,0.038624690123976034,-0.3161401528218401,0.002538761023049272,-0.2527311350905751,-0.9583297234249469,-0.0030433945237114887,-0.8889931472832752,0.40573720171550653,0.0023926367129592733,0.4500376849721609,0.5400781666546127,0.0015193797280231957,0.6040067160394371,-0.5658871242479119,0.0008055711953005024,-0.5326730141173648,1
2019-06-13,-0.08519628381567403,0.002102425031628334,-0.010594879321582486,0.507914343157136,0.0004381125326490344,0.5613345973340457,-0.5889007519096846,0.0010238882134919855,-0.567400180531588,0.08208655185410356,0.001085312192543934,0.12793021749030434,-0.5852532199589828,0.0029706807685531142,-0.5385343129560551,0.2820772061410394,0.0025724541451513233,0.3454862238723045,0.47769035620508055,-0.002817818493509281,0.5470269323467523,-0.8259831715947369,0.0022547200875626294,-0.7816826883380825,-0.1796338143611451,0.0014918697628730968,-0.1157052649763207,0.39890926518730446,0.00087677416351704,0.4321233753178515,0
2019-06-14,-0.448317944082487,0.002019552163185865,-0.37371653958839546,-0.27298769880156704,0.00039603056478556984,-0.21956744462465738,-0.38670357844303166,0.0009758314469305794,-0.36520300706493497,0.08648471231146318,0.0010983267525362006,0.13232837794766397,-0.27253028793122935,0.002907122545861619,-0.22581138092830164,-0.00964032377243777,0.0025583829550143203,0.053768693958827246,0.046897189061687765,-0.00275109794058914,0.1162337652033595,0.06530012832305299,0.0022509643311992267,0.10960061157970735,0.2224480063487354,0.0015128742679300306,0.2863765557335598,-0.2506789604552332,0.0008299118908883526,-0.21746485032468615,1
2019-06-17,0.23243227842470623,0.002054173645884362,0.3070336829187978,0.3019377764467366,0.0004538467304764799,0.35535803062364624,-0.40604675957997166,0.0009265704645978133,-0.38454618820187497,-0.3286927895255078,0.00104076857643933,-0.28284912388930694,-0.2322475914820442,0.0028512695127632525,-0.18552868447911647,0.10187875183043239,0.0025624320390218876,0.1652877695616974,1.088685747210449,-0.0023143273953436126,1.1580223233521207,-0.0796051667832613,0.002226047233539079,-0.03530468352660693,-0.0028137440322428156,0.0015068394014661514,0.061114805352581576,0.4566025440667507,0.0009099352240393661,0.48981665419729775,1
2019-06-18,1.1356802979637,0.0022408215060676765,1.2102817024577917,0.4742899711929951,0.0005401252274007779,0.5277102253699048,0.4480534377597024,0.000967779607191725,0.4695540091377991,0.6604318929117128,0.0011503436186152773,0.7062755585479136,-0.12738252442453202,0.0028133942802101223,-0.0806636174216043,0.8882708389006408,0.0026913515469103,0.9516798566319058,-0.10106074660400521,-0.002305408785270781,-0.03172417046233347,-0.14317567089779945,0.0021923319873732566,-0.0988751876411451,0.2686494774078434,0.0015327711023982776,0.3325780267926678,0.39282299718378827,0.0009772978474314074,0.4260371073143353,1
2019-06-19,-0.2250099609489526,0.002196307534813689,-0.15040855645486106,-0.08701533171234267,0.0005297745903562697,-0.03359507753543302,0.10852483890108024,0.0009729615238982775,0.13002541027917697,-0.4199354287016865,0.001078136510446473,-0.3740917630654857,0.17288113460438229,0.002824447402563959,0.21960004160731,0.15120684887036764,0.002701954153335745,0.21461586660163265,0.11578072003260342,-0.0022207090139160415,0.18511729617427516,0.4544610114144291,0.0022452366146086637,0.49876149467108344,-0.0841980812961446,0.0015171990342320097,-0.020269531911320214,-0.30612635699283247,0.0009210685827714393,-0.2729122468622855,1
2019-06-20,0.3389229548256391,0.002246217475192904,0.41352435931973064,0.3467264294732138,0.0005924919951912483,0.40014668365012346,1.0170569090545538,0.0010717498645112051,1.0385574804326505,0.08603922800583409,0.001090693914844184,0.1318828936420349,1.3810865839983661,0.003027902334751041,1.4278054910012938,0.4448150348601199,0.002758226162054023,0.5082240525913849,-0.8097194290451105,-0.002458784593541477,-0.7403828529034387,1.0256966709132735,0.0023787717635440145,1.069997154169928,0.40917084217449246,0.0015588099626681565,0.47309939155931685,0.809684655912844,0.001059579433575466,0.8428987660433911,1
2019-06-21,-0.25004186877054957,0.0021982899610574693,-0.17544046427645807,0.502601871474173,0.000680119557610784,0.5560221256510827,-0.0914640317730206,0.0010555131994879256,-0.06996346039492388,-0.39822436025971814,0.001023770017905518,-0.35238069462351734,-0.5129856809245629,0.0029285480042619953,-0.4662667739216352,-0.05543355959309223,0.0027360862782264427,0.007975458138172789,0.1817483867154936,-0.002351511179506643,0.25108496285716536,-0.1476941525153674,0.0023439799326516854,-0.10339366925871304,0.48006744753242986,0.0016078251950433803,0.5439959969172542,0.6605984872364294,0.0011700707954866761,0.6938125973669764,1
2019-06-24,-0.1263855880303389,0.002171360709762899,-0.05178418353624735,-0.44525227426767416,0.0006096628597907303,-0.3918320200907645,0.5442841867235025,0.001104010892219644,0.5657847581015992,-0.4148364732264632,0.0009552745281664871,-0.36899280759026243,0.12154313679765055,0.0029303089382132137,0.16826204380057827,0.2602707789618996,0.0027627911390501764,0.3236797966931646,0.12817096326930127,-0.0022643297707727523,0.19750753941097302,0.09722867525453938,0.0023441441623418555,0.14152915851119374,0.009380811802548007,0.0016026291512906627,0.0733093611873724,-0.5020126181528374,0.0010801920097760962,-0.46879850802229034,0
2019-06-25,-0.8546179435699918,0.0020269527620560596,-0.7800165390759002,-1.379664369409185,0.00038727649574772557,-1.3262441152322753,0.6621203077938069,0.0011635486768889044,0.6836208791719036,-0.4746598414039208,0.000878291428988462,-0.4288161757677201,-1.172454840578001,0.002730930900143495,-1.1257359335750734,-1.7913786224109427,0.0024766696114231416,-1.7279696046796775,-0.49643103592758736,-0.0023900376008753285,-0.4270944597859156,-0.9295004496929766,0.0022014200120816173,-0.8851999664363223,-0.4102592880476728,0.0015503188018756756,-0.3463307386628484,-0.46811129725596595,0.0009975515376479552,-0.4348971871254189,1
2019-06-26,1.0384411923509542,0.00218895388318195,1.1130425968450457,-0.3929292443437091,0.0003289068672198114,-0.3395089901667995,-1.3947576213193857,0.0010169931473434373,-1.373257049941289,0.3000735191254345,0.00092625167774581,0.3459171847616353,0.2773940088445049,0.002758317661700501,0.32411291584743257,0.14165733613655782,0.0024871663453462462,0.20506635386782282,-0.12422701773406886,-0.002388712816806699,-0.054890441592397116,-0.12122721312601248,0.0021726093594821214,-0.07692672986935813,-0.43864790252574376,0.0014957063388853704,-0.37471935314091936,0.17973750556381526,0.0010250672963974348,0.21295161569436227,0
2019-06-27,-0.09004954817987129,0.0021685510275832793,-0.015448143685779755,-0.22713653926237698,0.0002982140137258517,-0.17371628508546733,-0.699238168284505,0.0009416279774524782,-0.6777375969064083,0.12596918879777066,0.0009458611765685081,0.17181285443397146,-0.08776069962732054,0.0027294344647508057,-0.04104179262439282,0.02651179547541706,0.0024802465087114356,0.08992081320668208,0.33146700469195406,-0.0022356799965380226,0.4008035808336258,0.015234160908766739,0.0021629504532770347,0.05953464416542111,-0.10427144600243698,0.001478983091556756,-0.04034289661761259,-0.5343521154392822,0.0009332010881549707,-0.5011380053087351,1
2019-06-28,-0.5435097423225577,0.002076839115519569,-0.4689083378284661,0.23804819797951546,0.00034238196705146105,0.2914684521564251,-0.8521102978502476,0.0008524919189248968,-0.8306097264721509,1.3621647152769119,0.001159277367877278,1.4080083809131128,0.6576604042632014,0.0028140465788992204,0.7043793112661291,-0.14091641183953826,0.002448568567438122,-0.07750739410827326,-0.0008445722760956493,-0.0021948837669756773,0.06849200386557609,0.76701930153817,0.002255519652659584,0.8113197847948243,0.19852382664465515,0.00149575933696661,0.2624523760294795,0.49254661806043737,0.001012467083988461,0.5257607281909844,1
2019-07-01,0.8692311205767465,0.0022080011444406598,0.9438325250708379,0.7544698185835548,0.00046772395800127474,0.8078900727604644,0.02611742834675389,0.0008502505089321254,0.047617999724850604,0.8247370402295964,0.0012855371924953643,0.8705807058657973,0.4073229501889494,0.002859642276586278,0.4540418571918771,0.6392899133043213,0.002532362662677721,0.7026989310355863,0.3393752530465504,-0.002043291663005089,0.4087118291882222,0.09024517549653839,0.002255450135258337,0.13454565875319277,0.023218552374795195,0.001493182821640834,0.08714710175961958,-0.07816112315254095,0.0009969368882323437,-0.044947013021993935,1
2019-07-02,0.2266745655074979,0.0022371732553900852,0.3012759700015894,0.5291463200122134,0.0005556178710556514,0.582566574189123,0.3769286004940214,0.0008819079618440275,0.39842917187211807,0.008814610981401839,0.0012836988070221008,0.054658276617602634,0.7170570418579298,0.002950720946708721,0.7637759488608575,0.29965897945662723,0.002565172784451705,0.36306799718789223,-0.3532542376651338,-0.0021192108954001076,-0.28391766152346204,0.4170136161742398,0.0022990377411053736,0.4613140994308942,0.5924315299058196,0.0015521113271318896,0.656360079290644,-0.5731924313457923,0.0009011869492950497,-0.5399783212152452,1
2019-07-03,0.3518448990341573,0.002285186760835742,0.4264463035282488,0.42152964479057636,0.000625323259358461,0.474949898967486,1.227314374577421,0.0009944972353754156,1.2488149459555178,-0.12832017916263544,0.0012608674229919199,-0.08247651352643466,0.4506848217689586,0.0030009264558350087,0.49740372877188627,0.28922374291090286,0.002595948915670355,0.35263276064216786,1.0653339293318917,-0.0017365810032456902,1.1346705054735635,0.49888579817849793,0.0023527847303916856,0.5431862814351522,0.4140484191661337,0.0015909954669857083,0.4779769685509581,0.4347482686374815,0.0009694990799790531,0.46796237876802854,0
2019-07-05,-0.11991670224147939,0.0022602594243729787,-0.04531529774738785,0.38497763218155123,0.0006882719633913034,0.4383978863584609,-0.936897580104798,0.0008996968828645904,-0.9153970087267013,0.26161815557967844,0.001297700798036622,0.3074618212158792,-0.2313108113774556,0.0029501896159352097,-0.18459190437452788,-0.22264993166885302,0.0025525989539371017,-0.159240913937588,-0.25797572396980384,-0.0017832443655497244,-0.18863914782813207,-0.11537573024532799,0.002324912805317722,-0.07107524698867362,-0.28821131829923086,0.0015546312073844361,-0.22428276891440646,-0.23280903796135566,0.0009299316529503042,-0.19959492783080865,0
2019-07-08,-1.1354084378845126,0.002081554068867051,-1.060807033390421,-0.7664637327796037,0.0005733643016196397,-0.713043478602694,0.21433343745323236,0.0009148989752409261,0.23583400883132905,-0.32867631333766806,0.0012448829239847768,-0.28283264770146727,-0.16109667251065085,0.0029104759978218,-0.11437776550772312,-0.10336461447257884,0.0025269534145739734,-0.039955596741313826,-0.36081713470249455,-0.0018618159943452834,-0.29148055856082283,-0.20362170378795744,0.0022859631038574827,-0.15932122053130307,0.4256946023987146,0.0015941161804935424,0.489623151783539,0.19305788039673016,0.0009585854267278168,0.22627199052727717,1
2019-07-09,0.23927751335412045,0.002112700320509414,0.313878917848212,0.2881312446406864,0.0006209785977182228,0.34155149881759606,0.2371469715173616,0.0009319992311868447,0.2586475428954583,0.17430481557241714,0.0012681956601982727,0.22014848120861794,0.3703861307280959,0.002948216794496519,0.41710503773102364,-0.26320956213232977,0.002479065693298649,-0.19980054440106473,-0.09926227602690318,-0.0018568068040508005,-0.029925699885231444,0.4790984669847169,0.0023359999160217524,0.5233989502413713,0.041211961042439196,0.0015927597618724876,0.10514051042726359,-0.06539651836297569,0.000946085434918269,-0.03218240823242867,1
2019-07-10,0.43427584899017174,0.0021725157495318687,0.5088772534842633,0.6984199356211523,0.000729915164530811,0.751840189798062,-0.13869545324009688,0.0009139525505727975,-0.11719488186200017,-0.1965543628567448,0.001236047871967387,-0.150710697220544,0.35344922637308007,0.0029829471598616913,0.4001681333760078,0.4940815210143463,0.002538349255958997,0.5574905387456114,0.8787241344360475,-0.001546279343201218,0.9480607105777192,0.4880319991103714,0.002386414539713578,0.5323324823670257,0.001708748344353566,0.0015873227022421615,0.06563729772917795,0.6622223612520728,0.0010475044361345149,0.6954364713826199,1
2019-07-11,-0.44934822441533084,0.0021003421184559753,-0.3747468199212393,0.08788603331190616,0.0007455522526686875,0.14130628748881582,-0.6671102533425096,0.0008475109027979404,-0.6456096819644129,0.4488857734667684,0.0012995576547327925,0.4947294391029691,0.525757053524332,0.003041678231810178,0.5724759605272597,0.15498101742799134,0.0025494321765699938,0.21839003515925634,-0.1023087483164241,-0.0015446999824885999,-0.032972172174752366,0.43323430165522425,0.002429073854262692,0.4775347849118786,0.5524778455202226,0.0016387169532192463,0.616406394905047,0.004878301442735237,0.0010454166062482328,0.038092411573282255,1
2019-07-12,0.3207396695561008,0.002142630630402084,0.3953410740501923,0.0025959602412689883,0.0007482480277870834,0.05601621441817864,-3.458235003466691,0.0005269425276798745,-3.4367344320885946,0.49865306172881385,0.0013693875035176591,0.5444967273650146,0.1883099539647598,0.0030518420713964425,0.23502886096768752,0.1343126175685004,0.0025574863177333577,0.1977216352997654,0.5992343283659475,-0.001327251997309251,0.6685709045076192,-0.18013995041820322,0.0023934861283193797,-0.13583946716154888,0.3783123613067899,0.001671523371005439,0.4422409106916143,0.004852161562303586,0.0010433563863939297,0.0380662716928506,1
2019-07-15,0.4088833847480395,0.0021971617503511185,0.483484789242131,0.1761538497466575,0.0007765612113586956,0.22957410392356714,0.23154748615703433,0.0005459374620761469,0.25304805753513104,-0.6744763680466003,0.0012677965733302302,-0.6286327024103995,-0.07933169556064658,0.003024322726214489,-0.032612788557718854,-0.06340901773126502,0.0025382570972992723,0.0,0.7764221215408885,-0.001058956196686395,0.8457586976825603,0.035405575199136216,0.002385498138416064,0.07970605845579058,0.18176436048632635,0.0016838897345524332,0.24569290987115072,-0.3818869072725654,0.000982243379685476,-0.3486727971420184,0
2019-07-16,-0.25265245485120913,0.002154944430240482,-0.1780510503571176,0.0769892838201764,0.0007899012104573621,0.13040953799708607,-1.381162519102168,0.00041943320951212546,-1.3596619477240712,0.5087077555557555,0.0013382705299003702,0.5545514211919563,-0.5745155409129938,0.0029282946092280375,-0.5277966339100661,-0.7805492088850248,0.0024215320955412664,-0.7171401911537597,-0.17810043832051448,-0.0010840249147337799,-0.10876386217884274,-0.4621358882624686,0.0023156226980380196,-0.41783540500581423,-0.20571107403578698,0.0016570419364752887,-0.1417825246509626,-0.7674840299586112,0.0008635728214563795,-0.7342699198280641,0
2019-07-17,-0.3639828068819812,0.002097327249103886,-0.2893814023878897,-0.3497235364284326,0.0007408950161082627,-0.29630328225152297,-0.4218213995358427,0.0003805466169976975,-0.400320828157746,-0.5540516536354797,0.001255645036078573,-0.5082079879992789,-0.30647879725630434,0.0028707180527065015,-0.2597598902533766,-0.3868224650552519,0.002359823722702067,-0.3234134473239869,0.17256745415597777,-0.0010032059605696684,0.2419040302976495,-0.09775439099975099,0.0022918575292227602,-0.05345390774309662,-0.16722452772527588,0.0016344398366945445,-0.10329597834045147,-0.32487920764463085,0.000813277203976867,-0.2916650975140838,1
2019-07-18,0.5099648209332808,0.002165431640177027,0.5845662254273722,-0.031244624628027056,0.0007386532786137555,0.022175629548882598,0.11047733691744852,0.0003894576030220701,0.13197790829554523,0.2630143917766574,0.0012902776073099326,0.3088580574128582,0.2454621908957736,0.002889677466740072,0.29218109789870134,-0.0031640483075390017,0.002350565738798367,0.060244969423726015,-0.1968397975641327,-0.001033913178276392,-0.12750322142246093,0.41696514407733076,0.0023316460134696904,0.46126562733398513,0.013671997415042826,0.001630123488154131,0.07760054679986722,-0.4505177171178632,0.0007449503043307484,-0.41730360698731617,0
2019-07-19,-0.8427772728366969,0.002040665713089227,-0.7681758683426054,-0.7489865908857443,0.0006334348458778001,-0.6955663367088346,-1.1259557762363521,0.00028934246023208703,-1.1044552048582557,-0.5560377532688473,0.001208928623508078,-0.5101940876326466,-0.27531010989643856,0.0028374663737423924,-0.22859120289351084,0.016837980030653267,0.002344110482753431,0.08024699776191828,0.3811842934966365,-0.0008927832417098796,0.4505208696383083,-0.4721854354689455,0.0022624687627208644,-0.4278849522122911,-0.5935395217121013,0.0015660463462897152,-0.529610972327277,0.06542814827982416,0.0007541427071144224,0.09864225841037118,1
2019-07-22,1.1014772874395393,0.0021914872006890836,1.1760786919336308,0.290868455372665,0.0006778985623533221,0.34428870954957463,-1.0836423347229711,0.00019437791712282695,-1.0621417633448744,0.2870340782216035,0.0012467597298112395,0.3328777438578043,0.5388922787512205,0.0028960477078059754,0.5856111857541482,0.6616953601039067,0.002423127124671872,0.7251043778351718,-0.3077103683935163,-0.0009564814059337561,-0.23837379225184455,0.40004072069562624,0.0022998454756894284,0.4443412039522806,-0.7664042607983785,0.001485990259954598,-0.7024757114135541,0.019297417247521872,0.0007564096466311888,0.05251152737806889,1
2019-07-23,0.32770581337405413,0.0022319642322315117,0.40230721786814566,0.3412354102400415,0.0007288471062735879,0.39465566441695116,0.1073699466506134,0.00020416618431335398,0.1288705180287101,0.9010764728611039,0.0013693730545426615,0.9469201384973048,0.022574715981329974,0.002884510177691178,0.06929362298425769,0.2766144696518125,0.002450389381702228,0.3400234873830776,0.3629708184622555,-0.0008232619192230366,0.43230739460392725,0.06512639506608346,0.0022964467189571388,0.10942687832273783,-0.5432759656291241,0.001428752843549155,-0.47934741624429966,0.1634487677674101,0.0007797159650458396,0.1966628778979571,1
2019-07-24,-0.1164915599817035,0.0022102071574502152,-0.04189015548761196,-0.4220035962291495,0.0006718759811239015,-0.36858334205223986,0.5831712394453921,0.0002548217717142476,0.6046718108234888,0.16327127298240227,0.001388442604970726,0.20911493861860306,0.19927396611862802,0.0028966764240475817,0.24599287312155574,0.49847601453623,0.0025062167488448827,0.5618850322674951,0.3763250891501648,-0.0006880707671371531,0.44566166529183654,0.7600789325122241,0.0023759939458610846,0.8043794157688784,-0.12343011145187803,0.0014128108612645495,-0.059501562067053634,-0.03973171404431477,0.0007732006294056411,-0.00651760391376775,0
2019-07-25,-0.4814989878612973,0.002138453940720917,-0.4068975833672058,-0.2225464965578367,0.0006435267079864703,-0.16912624238092705,0.8342033920700794,0.0003262407193357652,0.8557039634481761,-0.5421597090407874,0.001310606309232007,-0.49631604340458657,-0.21891496427939158,0.0028533562453168164,-0.17219605727646387,-0.2695515342141011,0.002461729842680509,-0.20614251648283607,-3.4206819168651457,-0.001648702046138663,-3.3513453407234737,-0.6126384020165713,0.002291829532747579,-0.5683379187599169,0.08159302304227814,0.00141672130304517,0.14552157242710254,-0.3140516885011518,0.0007272465011252848,-0.2808375783706048,1
2019-07-26,0.10436657253968684,0.0021478857948706315,0.17896797703377837,4.839370355757233,0.0013164763609506424,4.892790609934143,-0.2680008250561765,0.00030299773373850783,-0.24650025367807982,0.1823462008015936,0.0013324157533156147,0.2281898664377944,0.47537374329494914,0.002901833069278494,0.5220926502978768,0.3855582828361028,0.0025021620058709973,0.44896730056736783,-0.15325237507172415,-0.001661097072581108,-0.08391579893005242,0.6481890119856231,0.002357130082720494,0.6924894952422774,0.46423299787989725,0.0014569477817239504,0.5281615472647216,-0.11202558580103412,0.0007108478051564419,-0.07881147567048712,1
2019-07-29,0.40596484398907035,0.0021981701972393452,0.4805662484831619,-0.19147514937868854,0.0012882881023623392,-0.13805489520177888,1.43027653678788,0.00042337600559636424,1.4517771081659767,-0.21066655042528773,0.001300835241547949,-0.16482288478908694,-0.16648020094780608,0.002865921252760774,-0.11976129394487835,-0.18345334001914504,0.0024693263698293386,-0.12004432228788003,0.76513406159076,-0.001412435203614824,0.8344706377324317,-0.20078097520420615,0.0023223724661360703,-0.15648049194755181,-0.555573558780841,0.0014003537562009476,-0.49164500939601663,0.3154554717246737,0.0007554195559910229,0.3486695818552207,0
2019-07-30,-0.29548713176542635,0.0021530972118464628,-0.2208857272713348,-0.620234438817623,0.0012019476395054558,-0.5668141846407133,-0.6071828202968459,0.0003713607482910021,-0.5856822489187492,-0.1620483978693372,0.0012762146842582095,-0.1162047322331364,-0.6715928968476464,0.0027650888511627195,-0.6248739898447188,-0.3273037516004573,0.0024186947299431635,-0.26389473386919227,0.6083033738020396,-0.0012114680606037298,0.6776399499437114,-0.5933935770961478,0.0022425657018758697,-0.5490930938394935,-0.20249577782546585,0.0013776407674730583,-0.13856722844064145,-0.026680234457139577,0.0007510955427552746,0.0065338756734074415,0
2019-07-31,0.9754181043675618,0.002278968255861127,1.0500195088616533,-0.4593024559654446,0.0011386205309660011,-0.40588220178853496,-1.188591676435116,0.00027168185010649964,-1.1670911050570194,0.137800531816155,0.0012918762108534044,0.1836441974523558,-1.1821126497154981,0.002599983586941464,-1.1353937427125704,-1.6544551631961768,0.0022015309115585545,-1.5910461454649119,-0.13538929351610196,-0.0012216177185834882,-0.06605271737443023,-1.2087032958749233,0.002092993425241441,-1.164402812618269,-1.1746770820877086,0.001264744127386468,-1.1107485327028843,-0.6798349345995603,0.0006553040443105332,-0.6466208244690133,0
2019-08-01,-1.1881566913130757,0.0021151462046929735,-1.1135552868189842,-0.3214506493763743,0.0010947256531958554,-0.26803039519946464,0.02304414950143867,0.0002735023511832066,0.044544720879535385,-1.4115725183943688,0.0011023468362175335,-1.365728852758168,0.3254781545980132,0.00262972001308541,0.37219706160094096,0.6555295139171505,0.002276422827776679,0.7189385316484156,-0.8599943375217171,-0.001433235406268328,-0.7906577613800453,0.3492616319190788,0.0021236746297160366,0.3935621151757331,-0.735133867535813,0.0011940293031993878,-0.6712053181509886,-1.2907274214745357,0.00047580620633448016,-1.2575133113439885,0
2019-08-02,-1.1634189609142382,0.001956823184562389,-1.0888175564201465,-0.7022844107536003,0.0010004893521176205,-0.6488641565766906,0.47466403027767895,0.00031236767069546523,0.49616460165577564,-0.050421098334327896,0.0010942464202015458,-0.0045774326981271015,-0.9678717703973583,0.002494962960292743,-0.9211528633944306,-0.5232586267392518,0.0022037809850833185,-0.4598496090079868,-0.017753408480240894,-0.0014092311388816056,0.05158316766143085,-0.6291678271498782,0.002042784134922041,-0.5848673438932238,-0.050370771872578705,0.0011871515299509377,0.013557777512245687,-0.5154474672063362,0.00040591305491096015,-0.4822333570757891,0
2019-08-05,-2.768439333140897,0.0015899004950981365,-2.693837928646805,-1.8206980023599724,0.0007589432502564401,-1.7672777481830626,-0.5969027234184414,0.00026334639072118877,-0.5754021520403447,-1.586224787235534,0.0008858199777866949,-1.5403811215993333,-2.5560456938446916,0.0021618948055317183,-2.5093267868417635,-1.9384297769109622,0.001957413756224499,-1.8750207591796972,-0.701740188194892,-0.0015732853879803215,-0.6324036120532203,-2.933359305456476,0.0017029882755583334,-2.8890588221998215,-2.488356653494152,0.00095802338600868,-2.4244281041093276,-1.0415322277307015,0.0002647380367483177,-1.0083181176001543,1
2019-08-06,0.8995480777804956,0.0017062774174543569,0.9741494822745872,0.6658107793165937,0.0008487595295367294,0.7192310334935034,0.36690265149200224,0.00029303171280506543,0.38840322287009893,0.3605057893764226,0.0009325510299136502,0.4063494550126234,1.5899871904914014,0.002352249106917531,1.636706097494329,0.9632305088753176,0.0020701677991940034,1.0266395266065826,0.19266677525504936,-0.0014912968893598154,0.2620033513967211,1.2394111887841086,0.00183543708464258,1.283711672040763,0.9512430894151851,0.0010435555723926314,1.0151716388000094,0.4429867100767996,0.0003279002787367979,0.4762008202073466,1
2019-08-07,0.45830918965362133,0.0017639404451437488,0.5329105941477128,0.15634949876008683,0.0008705978457680441,0.20976975293699648,-0.37641240530506176,0.00026252914484425015,-0.35491183392696507,-1.1710284509322095,0.0007814457532452846,-1.1251847852960086,0.8912406560405427,0.002453187532186445,0.9379595630434704,0.17631334407459393,0.0020855665174064762,0.23972236180585896,0.21551004627235307,-0.0014042153660318549,0.2848466224140248,0.9416913430172409,0.0019329739586437392,0.9859918262738953,0.57838573388431,0.0010943962840653857,0.6423142832691344,-0.35225892089269734,0.00028249652207602485,-0.31904481076215035,1
2019-08-08,1.0603916592391076,0.001898322552529446,1.134993063733199,1.2562195039666169,0.0010353635874624878,1.3096397581435266,0.914122503236344,0.000335553418854226,0.9356230746144407,0.8311690914854446,0.0008884542739824014,0.8770127571216455,1.6914044384053997,0.0026516175792252266,1.7381233454083276,1.3971448754488884,0.0022484821729126026,1.4605538931801534,0.445330213549009,-0.001256461625856884,0.5146667896906808,1.5199792846987623,0.002093174931824249,1.5642797679554166,0.5209719264488988,0.0011394315219016137,0.5849004758337232,1.2791926921548256,0.0004572267419058238,1.3124068022853725,0
2019-08-09,-0.4986444125081681,0.001831621922953854,-0.4240430080140765,-0.7824560904234764,0.0009342470404860677,-0.7290358362465668,0.20509828429748564,0.0003513335521492829,0.22659885567558236,-0.10239523654498153,0.0008754229400337503,-0.05655157090878075,-0.6426177813392842,0.0025610572227701164,-0.5958988743363565,-0.5283874806408368,0.0021777971749692713,-0.4649784629095718,-0.40920991644242627,-0.001339025734255319,-0.3398733403007545,-0.3272023611746439,0.0020483222413935427,-0.28290187791798954,-0.9104857694775612,0.0010567613184472447,-0.8465572200927368,-1.0803596719272233,0.0003142389116106177,-1.0471455617966763,0
2019-08-12,-0.20518212280277706,0.0018030655921696186,-0.13058071830868553,-0.6694346406751144,0.0008489766923731259,-0.6160143864982047,-0.0905428883786267,0.0003435924039324997,-0.06904231700053,-1.0176891166472564,0.0007470120002732981,-0.9718454510110555,-1.0120439914609987,0.0024266491244006533,-0.965325084458071,-0.8265098832948478,0.00207243482608859,-0.7631008655635827,-0.6978394388267841,-0.0014971419401887613,-0.6285028626851124,-0.9506306810152877,0.0019360088496893366,-0.9063301977586333,-1.4865861160587244,0.0009243486529051562,-1.4226575666739,-0.2723540681392806,0.0002804263788982014,-0.23913995800873358,1
2019-08-13,2.1046650421681043,0.0020663468301397783,2.1792664466621963,0.9092047544420192,0.000966367736845634,0.962625008618929,0.9145199510548927,0.00041469888255306434,0.9360205224329894,0.7522648360714268,0.0008422630646224579,0.7981085017076276,0.8528938518528859,0.0025198386902037556,0.8996127588558136,1.0692011534949644,0.002193353817200014,1.1326101712262295,0.5745595415414676,-0.0013175754067044501,0.6438961176831394,0.7265360663021379,0.0020070275965246415,0.7708365495587922,1.4781323266939657,0.001053502410863755,1.5420608760787897,0.5746346624624046,0.00035880584018488224,0.6078487725929516,0
2019-08-14,-1.606320900240441,0.0018609833977831808,-1.5317194957463496,-1.4337747031788062,0.0007850323202181668,-1.3803544490018964,-1.9844394460787813,0.0002592185659986216,-1.9629388747006846,-2.1955195644493144,0.0005689481019451329,-2.149675898813114,-1.4881267743316107,0.002330147087303907,-1.441407867328683,-1.7116198127809013,0.001984915946006933,-1.6482107950496363,-1.6804705138804932,-0.001731312807955773,-1.6111339377388214,-1.7541159119685688,0.001809861274128494,-1.7098154287119145,-0.8985479349957695,0.0009740262145852255,-0.8346193856109451,-2.016061221709216,9.655922869098586e-05,-1.9828471115786688,1
2019-08-15,-0.3309594282945013,0.0018171203533283065,-0.2563580238004098,0.16806067928644094,0.0008079152731778111,0.2214809334633506,0.15665898252675797,0.00027133682390120107,0.1781595539048547,0.151756975303168,0.000589767078357355,0.1976006409393688,0.9046410050694452,0.0024289469801065545,0.9513599120723729,-0.18596187237306777,0.001957838488473911,-0.12255285464180277,-0.5154570288652612,-0.0018363821877899493,-0.44612045272358947,0.9959818405145099,0.001909622511120373,1.0402823237711643,4.463648044318943,0.001359520554894488,4.527576593703767,-0.32419762252438433,5.8039705251116524e-05,-0.29098351239383735,1
2019-08-16,1.139594211627029,0.001955831270192048,1.2141956161211205,0.37674392529057676,0.0008566413986601482,0.4301641794674864,0.49908447899340064,0.00030961722998697764,0.5205850503714973,1.1943315363251896,0.0007385858272436625,1.2401752019613905,0.440386287948874,0.002471339335040428,0.4871051949518017,0.9396887072359638,0.0020621046961263423,1.0030977249672288,0.42155115281635025,-0.0016976749419973796,0.490887728958022,0.6215204594701716,0.001968281892450127,0.665820942726826,0.13329861259842954,0.0013678171206771418,0.1972271619832539,0.735199867317089,0.00015711832905618354,0.768413977447636,1
2019-08-19,0.8848340534409215,0.002061453433841122,0.9594354579350131,0.8622330837013771,0.0009651666897939229,0.9156533378782868,0.5400281333855624,0.00035053981237544954,0.5615287047636591,0.4203691993054332,0.0007909050579183073,0.466212864941634,0.6783446469076769,0.0025412833082924515,0.7250635539106046,0.8532613042980466,0.00215505666028615,0.9166703220293116,0.7018454708731579,-0.0014886601320602605,0.7711820470148296,0.463033818556438,0.002009447410834842,0.5073343018130924,0.47373487868445646,0.0014050912736199175,0.5376634280692808,0.7954319314770165,0.0002626887028555027,0.8286460416075636,0
2019-08-20,-0.07216056866719629,0.002048786627948643,0.0024408358268952434,-0.7698516301654873,0.0008705019822529877,-0.7164313759885776,-1.055502470061627,0.00026986830481756234,-1.0340018986835302,-0.7031806908628481,0.0007060777445570239,-0.6573370252266473,-0.24532838699534765,0.002502004287493716,-0.1986094799924199,-0.5181651948238202,0.0020892458273400094,-0.45475617709255517,-0.174608980709166,-0.0015061926830934656,-0.10527240456749425,-0.21089759203846623,0.001979311542766509,-0.16659710878181186,-1.2096566980782357,0.0012989931474405659,-1.1457281486934114,-0.3308483383126932,0.00022300121321973965,-0.2976342281821462,1
2019-08-21,0.4831614267569986,0.002103723400093209,0.5577628312510902,0.29250719257385877,0.0009075716491161519,0.3459274467507684,0.5686606352976891,0.000312687027851908,0.5901612066757858,0.09888814890137151,0.0007191368406293177,0.1447318145375723,0.9151957726361664,0.0025984903702850294,0.9619146796390939,0.5466737112030755,0.0021458558069060068,0.6100827289343405,-0.6175767027432384,-0.0016359689961769855,-0.5482401266015666,0.5236511366508765,0.0020262204528095377,0.5679516199075308,-0.08374150363812843,0.0012892030269567097,-0.019812954253304038,0.4587365109709362,0.0002840820299382714,0.4919506211014833,0
2019-08-22,-0.11816326189624769,0.0020853989602378337,-0.043561857402156165,-0.05597948324729265,0.0009016220131975132,-0.0025592290703829942,-0.18531205723828606,0.0002984682045517382,-0.16381148586018934,0.4881924453402801,0.0007787387741269958,0.5340361109764808,-0.28251266590279805,0.0025550365763186123,-0.23579375889987034,-0.46170192912020835,0.0020873273639730352,-0.39829291138894335,0.07781335765756901,-0.0015886805621780798,0.14714993379924074,-0.32560021508706416,0.00198445710633956,-0.2812997318304098,-0.13668961667292673,0.0012750955834974701,-0.07276106728810235,-0.13909177601670517,0.0002689552748318067,-0.10587766588615814,0
2019-08-23,-2.453131411150825,0.0017872141188411625,-2.3785300066567334,-1.6728728292156954,0.0006995022153051242,-1.6194525750387856,-2.2565134694134743,0.00013015923040065404,-2.235012898035378,-1.331589329693913,0.0006206322623676368,-1.285745664057712,-1.7425301935193274,0.002344036339969791,-1.6958112865163995,-1.8072719695921062,0.001877762503269055,-1.7438629518608413,-1.2605928202413414,-0.0018775822868475729,-1.1912562440996697,-1.6602612768044334,0.0018056247227177938,-1.615960793547779,-0.778926807916043,0.001207652295076926,-0.7149982585312187,-1.5046645679608093,8.273725695579074e-05,-1.4714504578302623,1
2019-08-26,0.9031139825611211,0.0018928100813789585,0.9777153870552125,0.7225295404158756,0.0007888106492684227,0.7759497945927852,0.6452795451098912,0.00017871865237938399,0.6667801164879879,0.3692449198846753,0.0006660120972740539,0.41508858552087613,0.8486192574256327,0.0024320982076169516,0.8953381644285603,0.7818134101454807,0.0019609853596779083,0.8452224278767457,0.3498813583230965,-0.001761589069414606,0.4192179344647683,0.7621526572665505,0.0018771711323234748,0.8064531405232048,0.7115232919753088,0.0012644562181417063,0.7754518413601332,0.22931416692440731,0.0001149554654432304,0.26252827705495435,0
2019-08-27,-0.6552855927695443,0.00181246314711332,-0.5806841882754528,-0.06904643839891784,0.0007821273948023375,-0.015626184222008194,1.171733219547077,0.00026541863742685757,1.1932337909251738,-0.5932746663889996,0.0005974768164514917,-0.5474310007527989,-0.005990143045364214,0.002421900013418984,0.0407287639575635,0.05378877642280094,0.0019620849912316374,0.11719779415406595,-0.17467520440561704,-0.0017769392937489977,-0.1053386282639453,0.22210759407274366,0.0018928529494327097,0.26640807732939803,0.2205304491154707,0.0012801576834583143,0.2844589985002951,-0.5119409137356524,5.494209379991658e-05,-0.47872680360510533,1
2019-08-28,0.27072469642658237,0.0018421483083780527,0.3453261009206739,0.07385442839805711,0.0007925537945479313,0.12727468257496677,-0.6352151432603805,0.00021893089991749777,-0.613714571882284,0.47316422304032696,0.0006546119512730979,0.5190078886765277,0.26340215764442737,0.0024422750437831427,0.31012106464735506,-0.13599906843203238,0.0019421554136053634,-0.07259005070076738,0.1043015244197313,-0.0017234217152690239,0.17363810056140302,0.053033486735751645,0.001891232433919682,0.09733396999240601,0.1337806148596943,0.0012885724079662439,0.1977091642445187,0.32569983359388716,9.880767563840592e-05,0.35891394372443414,1
2019-08-29,0.7967184904413882,0.0019330500432861027,0.8713198949354798,0.8344314340285316,0.0008929420216626145,0.8878516882054412,-0.3048760096431294,0.00019701446140916795,-0.2833754382650327,1.1272790810269966,0.0007871695589140609,1.1731227466631975,0.5583901714775072,0.002495546444528999,0.6051090784804349,0.9701675138359855,0.002044217805181831,1.0335765315672507,0.6294837514588821,-0.0015420323394597204,0.6988203276005539,0.7935662600717988,0.001964130392863528,0.8378667433284531,0.8299488453128249,0.001353491521910207,0.8938773946976493,0.5121685524488537,0.000164969172476071,0.5453826625794007,1
2019-08-30,-0.14107122141492867,0.0019137403541763308,-0.06646981692083714,-0.2114276176869562,0.0008689917617216604,-0.15800736351004654,0.05604231203606407,0.0002014373068798983,0.07754288341416078,0.25751744501752677,0.0008175427935861211,0.3033611106537276,-0.048649323285844176,0.0024803874694020894,-0.0019304162829164619,-0.1664289243096355,0.0020207058407067224,-0.10301990657837047,0.36369627365224405,-0.001427466299026924,0.4330328497939158,-0.1599979800881317,0.0019407994503144747,-0.11569749683147736,0.052980608590670976,0.0013548357999941926,0.11690915797549536,0.0027400384424527526,0.00016835589246535007,0.03595414857299977,0
2019-09-03,-0.8240540874102373,0.001815660566642752,-0.7494526829161458,-0.949684030974997,0.0007589239622697268,-0.8962637767980872,0.22386689481167213,0.00021786086494726686,0.24536746618976885,-0.6584907437756652,0.0007422393265501986,-0.6126470781394645,-0.2868132425381758,0.0024389698266082177,-0.2400943355352481,-0.7859468922750081,0.0019300973869082075,-0.7225378745437431,-0.1348055057810296,-0.0014347995595291722,-0.06546892963935785,-0.5807813060168293,0.0018759186328750285,-0.536480822760175,0.1824691114286237,0.001366567504317692,0.2463976608134481,0.02428167829462697,0.0001743076754336639,0.057495788425173985,1
2019-09-04,0.7985142382494993,0.0019053118768516612,0.8731156427435908,0.4997243041038469,0.0008187881130130306,0.5531445582807566,0.055735226716040386,0.00022208609281470468,0.0772357980941371,0.5789064563076587,0.0008092510059619462,0.6247501219438594,1.0999013591419884,0.002551073850861531,1.146620266144916,0.5762684653844553,0.0019878339072880173,0.6396774831157203,-0.5430644221331821,-0.001540177036307675,-0.47372784599151035,0.8144811968509594,0.0019496798897278558,0.8587816801076138,0.7568171925962288,0.0014240318857198,0.8207457419810532,0.490795381252574,0.00023627825274160873,0.524009491383121,1
2019-09-05,0.9315145266348087,0.002009111493642912,1.0061159311289003,1.2336915822841976,0.0009628380613670394,1.2871118364611074,-0.2015811868380276,0.00020799825545258794,-0.18008061545993087,1.1321989356692788,0.0009383389595024134,1.1780426013054797,1.0739962019913036,0.0026590170452260257,1.1207151089942313,0.8989609657666576,0.002079573090906538,0.9623699834979227,0.9234815939617768,-0.0012938825615333458,0.9928181701034485,0.9307998393823155,0.0020339998970057755,0.9751003226389698,-0.36434237890177695,0.001391803183510983,-0.30041382951695256,0.6628584827875782,0.0003180853273136128,0.6960725929181252,0
2019-09-06,-0.07941984667076706,0.0019968147369934593,-0.00481844217667552,-0.29969565868548437,0.0009288899818497841,-0.2462754045085747,-0.2599752283716339,0.0001899548348170868,-0.23847465699353718,0.06473310114069404,0.0009453417689388776,0.11057676677689483,-0.17522466140547296,0.002629451790544262,-0.12850575440254525,-0.43467912513441753,0.0020277423188969444,-0.3712701074031525,-0.297732795935726,-0.0013405722818474047,-0.22839621979405425,0.28311156738681464,0.0020540803045989856,0.32741205064346895,-0.5196240456570603,0.0013476945806862716,-0.45569549627223593,0.42902971283176056,0.00037115102849098286,0.4622438229623076,0
2019-09-09,0.1449783541444786,0.002010013265238327,0.21957975863857015,-0.09769683092991358,0.0009184280108830156,-0.04427657675300392,-0.8359953284015029,0.00013171286149237768,-0.8144947570234062,1.23687265782946,0.0010838921285352197,1.282716323465661,-1.522513341322951,0.002454142933089615,-1.4757944343200233,-0.6850824899008672,0.0019499146459565216,-0.6216734721696021,0.40039309496648673,-0.001221841159340755,0.4697296711081585,-1.3951140173014274,0.0019109841665608032,-1.350813534044773,0.9693091900518589,0.0014209415137156423,1.0332377394366834,0.355351140526208,0.00041489577386197296,0.38856525065675496,0
2019-09-10,0.5333013687025129,0.0020666779836738657,0.6079027731966045,-0.03527065782718933,0.0009151819448190849,0.018149596349720326,1.6758655456114715,0.0002493350923340266,1.6973661169895682,0.6136485736615783,0.0011512584531906983,0.6594922392977791,-2.1339040807034872,0.002214950472874889,-2.0871851737005596,-0.6365161580081056,0.0018781159468254562,-0.5731071402768405,0.3289349916761319,-0.0011212615180599135,0.39827156781780365,-1.759404725430423,0.001734376887861425,-1.7151042421737686,-0.2422591393203024,0.0013988145445167804,-0.178330589935478,0.3660698758668346,0.0004593937227829488,0.39928398599738163,1
2019-09-11,1.5615933817125038,0.002237531505427035,1.6361947862065955,0.5497898443621613,0.0009780852523280609,0.6032100985390709,1.0148636064630783,0.0003197684140164086,1.036364177841175,0.09590828809312371,0.0011603775213896044,0.1417519537293245,-0.5153110941143689,0.0021519951380585415,-0.46859218711144124,-0.04732471233119415,0.001869011124706195,0.016084305400070862,1.1388544018868587,-0.0008327561282650221,1.2081909780285305,-0.5095068779170849,0.0016797603435621616,-0.46520639466043057,-0.08307462767478123,0.001389290179632147,-0.019146078289956844,-0.12881530063950372,0.00044558963181282274,-0.0956011905089567,1
2019-09-12,-0.18967605103421745,0.002211967459650134,-0.11507464654012592,0.5706419030331705,0.001042612491050662,0.6240621572100802,-0.48904982916548645,0.000285704408194147,-0.4675492577873898,0.2722466720206885,0.001188855356398707,0.31809033765688927,1.2344232018694303,0.0022762316910300375,1.281142108872358,0.4995130460228642,0.0019171034521061156,0.5629220637541292,-0.19187689100918384,-0.0008564420147224418,-0.12254031486751212,0.9823536397301259,0.0017681332822228044,1.0266541229867803,0.5107867253539512,0.0014256784760034692,0.5747152747387756,0.0009976464790831952,0.00044701567845191063,0.03421175660963021,1
2019-09-13,-1.0757125696088974,0.0020888654165913093,-1.001111165114806,0.15496559317620964,0.0010599686503045857,0.2083858473531193,0.2008877038295978,0.0002993272750028621,0.2223882752076945,0.9728287135305341,0.0012938955264961667,1.018672379166735,-0.06224335178186286,0.002261653488212632,-0.015524444778935144,-0.14300132256224077,0.001897948127130817,-0.07959230483097576,-0.13641894156536824,-0.0008670587898703031,-0.06708236542369649,-0.2831829705541758,0.0017354205110422648,-0.23888248729752143,0.2592442622815833,0.001442362335499217,0.3231728116664077,0.4180482822035276,0.0004965734804211096,0.45126239233407467,0
2019-09-16,0.1959251843187874,0.002106764373294428,0.27052658881287894,-0.39794372725943483,0.0010157086937726695,-0.3445234730825252,-0.8073080931303854,0.00024406822020998957,-0.7858075217522887,-0.506593166186421,0.0012363057328339327,-0.4607495005502203,-0.48138751992690443,0.0022030757809251315,-0.43466861292397674,-0.45801215204683937,0.001846491880868604,-0.3946031343155743,-0.3092875442960954,-0.0009172290642030295,-0.23995096815442366,-0.4361447112145628,0.0016886454757931017,-0.3918442279579084,-1.237407743197681,0.001344727058955016,-1.1734791938128568,0.7052787773380225,0.0005785443522423392,0.7384928874685696,1
2019-09-17,0.11261655373617104,0.0021153673496274684,0.18721795823026258,-0.1256853732692235,0.0010020199841290036,-0.07226511909231383,0.06168914744376546,0.00024833617497778637,0.08318971882186217,-0.3021947531757613,0.0012015428423597723,-0.25635108753956043,0.37781574005375146,0.0022351798580764596,0.42453464705667915,0.36216384231175675,0.001879801793824195,0.4255728600430218,0.1314068351720768,-0.0008662641659621583,0.2007434113137485,0.07130757541135023,0.0016900050147164222,0.1156080586680046,0.5386504867284135,0.0013828653016610553,0.6025790361132379,-0.40700230527987924,0.0005326256051770066,-0.3737881951493322,1
2019-09-18,0.4080610973385039,0.0021559479262561756,0.48266250183259546,0.06112519138279446,0.0010090042313691146,0.11454544555970411,0.4514512143733706,0.00027882937687102877,0.4729517857514673,0.47376182822742935,0.0012508991223666897,0.5196054938636301,-0.26992999864686396,0.002199436379458376,-0.22321109164393624,0.38675457195674057,0.001915249574056828,0.4501635896880056,-0.20006803209598728,-0.0008910924314547769,-0.1307314559543155,-0.4379602745334966,0.0016438369394387955,-0.39365979127684225,0.34940108447557655,0.001406307020667792,0.41332963386040095,-0.2686274591407728,0.0005029273742990679,-0.23541334901022576,1
2019-09-19,-0.4927122316930953,0.0020988321231360236,-0.4181108271990038,0.19827259349715098,0.0010308919949019533,0.25169284767406064,-0.2121466599741237,0.00026450071989212576,-0.190646088596027,-0.2101192521234786,0.001226321759361219,-0.16427558648727777,0.1111531695551658,0.0022035746524208134,0.15787207655809352,0.9441289112134397,0.0020068801886995373,1.0075379289447048,0.245090878723759,-0.0008151832902693995,0.3144274548654308,0.1845785252006253,0.001655939274863788,0.22887900845727965,-0.09552841392571305,0.0013961246460219815,-0.031599864540888666,-0.3643824590249245,0.0004627499940157882,-0.3311683488943775,0
2019-09-20,-0.826855165003947,0.0020064734063765075,-0.7522537605098554,-0.41924219131210105,0.0009854571469421164,-0.3658219371351914,0.959438952168939,0.00032843155111213885,0.9809395235470357,-0.2540070364689769,0.0011973325212870024,-0.20816337083277603,-0.9678795984653878,0.002096484666819235,-0.9211606914624602,-0.6958122985845203,0.0019319545405246225,-0.6324032808532553,-0.6663067216519837,-0.0009446568364449116,-0.5969701455103119,-0.6908875479507218,0.00158713330386428,-0.6465870646940675,-0.1461756922316955,0.0013822779129044162,-0.0822471428468711,-0.20331632438580066,0.0004410977704476515,-0.17010221425525368,1
2019-09-23,0.15937651310877077,0.002020430983112762,0.23397791760286232,0.14715459404906292,0.0010017113171816958,0.20057484822597257,0.03513718593483274,0.00033038186760023816,0.05663775731292945,-0.054547645626892946,0.0011898300367419847,-0.008703979990692152,0.3447961652186297,0.0021250852130614752,0.3915150722215574,-0.18117581460179563,0.0019095167617155624,-0.11776679687053061,-0.006925692016761961,-0.0009255365719767874,0.06241088412490978,0.24812360083759105,0.0016052449556908112,0.2924240840942454,0.3414010962300316,0.001404743159798353,0.405329645614856,0.0009123240446202815,0.00044248412406785244,0.0341264341751673,0
2019-09-24,-0.3192873516723653,0.001983407671286491,-0.2446859471782738,-0.7273242931543589,0.0009238312200713434,-0.6739040389774492,-0.14101644133003804,0.00032069631527545763,-0.11951586995194134,-0.720880271355229,0.0011120795456925048,-0.6750366057190282,-0.44519546710348784,0.002072862800260778,-0.39847656010056015,-0.7557328242633155,0.0018299594454224825,-0.6923238065320504,-1.9082718287778386,-0.001328678619859447,-1.8389352526361669,-0.1915205294034749,0.0015830383682872023,-0.14722004614682052,0.42739881207710556,0.0014333058223271642,0.49132736146192996,-0.7086877406113029,0.000365066554278277,-0.6754736304807559,1
2019-09-25,0.7173587493275021,0.002056267880184068,0.7919601538215936,1.0991660411554245,0.0010419746868792666,1.152586295332334,-0.3742912869767318,0.0002958188345211909,-0.3527907155986351,0.2497875731175324,0.001137069304887473,0.2956312387537332,0.27564493982374844,0.002094271745836962,0.3223638468266762,0.7254337086921889,0.0018983453866449733,0.788842726423454,0.5361460009546934,-0.001187785345187189,0.6054825770963652,0.23025776185797503,0.0015993538997225443,0.2745582451146294,-0.020141072458183907,0.0014287281993445359,0.043787476926640485,0.11204441522328204,0.0003791232806274355,0.14525852535382905,1
2019-09-26,-0.34002191252302,0.0020172731492030865,-0.26542050802892847,-0.20242357009134038,0.0010205061037058443,-0.14900331591443072,-1.3754889095047607,0.00020591076076036476,-1.3539883381266642,-0.4714286256822982,0.0010864890081555346,-0.42558496004609747,0.17738371319634533,0.0021055434114586277,0.22410262019927307,0.007282732640443889,0.0018950657435084833,0.0706917503717089,1.4225649358121846,-0.0008537786235386537,1.4919015119538563,0.08210627777650045,0.0016021194499389205,0.12640676103315482,-0.17025387495302524,0.0014132478833081717,-0.10632532556820086,-0.29531499498861064,0.00034828682468099293,-0.26210088485806365,0
2019-09-27,-0.32501622761956067,0.001980265439329584,-0.25041482312546914,-0.7223760527268335,0.0009443041686399632,-0.6689557985499238,-0.18230564705944916,0.00019437216373533294,-0.16080507568135244,0.25942108106874623,0.001112348040266753,0.3052647467049471,-0.9785714127669397,0.002000787178910717,-0.931852505764012,-0.773347125317399,0.0018151390264934087,-0.709938107586134,-0.11297849717782196,-0.0008587196287181271,-0.04364192103615023,-0.6068014351450879,0.0015430020791293673,-0.5625009518884335,0.030020433426854155,0.0014124674113217218,0.09394898281167854,0.3204503319976275,0.00038504925363760066,0.35366444212817455,1
2019-09-30,1.13653738576448,0.0020955331794376033,1.2111387902585715,-0.25296789591833346,0.0009182730280178816,-0.1995476417414238,0.4811913541190464,0.0002257683702140667,0.502691925497143,-0.05904264661051699,0.0011050363299243476,-0.013198980974316198,0.43938998281044644,0.002038568881390745,0.48610888981337413,0.4531876854135132,0.0018559070325553462,0.5165967031447782,-0.19744060599101515,-0.0008819553172332402,-0.12810402984934338,-0.7291509908701218,0.0014735906387385858,-0.6848505076134674,0.07994673392043601,0.0014152989347911424,0.14387528330526042,-0.6322220413755396,0.0003179033935036954,-0.5990079312449926,0
2019-10-01,0.06784891706227256,0.002099110936777929,0.14245032155636408,-0.6839878394587179,0.0008474403938675557,-0.6305675852818082,0.36924821581796013,0.000249645989927811,0.3907487871960568,-0.9872507493694008,0.0010024375953889783,-0.9414070837331999,-0.17109186585736655,0.0020153873204633147,-0.12437295885443882,-0.8349830146629028,0.0017710487234518458,-0.7715739969316378,0.32107656912721394,-0.0007929065393870739,0.39041314526888565,0.7494285270835176,0.0015362587616410649,0.793729010340172,-0.5820783249446546,0.001370569967091567,-0.5181497755598302,-1.19022956704139,0.00019116259350035174,-1.157015456910843,0
2019-10-02,-1.3645928844309678,0.0019553715677572397,-1.2899914799368764,-1.2376041228277765,0.0007197634461725695,-1.1841838686508668,1.260002096852661,0.00033013762656025245,1.2815026682307575,-1.076361222627997,0.0008918177243925667,-1.0305175569917964,-1.3251498197166722,0.001878571366884606,-1.2784309127137445,-1.029714003411,0.001668263324476638,-0.9663049856797349,-0.22628301855335073,-0.000822443642036171,-0.15694644241167896,-1.576613880850653,0.0013927363046271261,-1.5323133975939986,-1.151494915733239,0.0012856491215400738,-1.0875663663484145,-1.3180307328873027,5.202334392951284e-05,-1.2848166227567557,1
2019-10-03,0.36253511037122665,0.001989788619501342,0.4371365148653182,0.44354701288376763,0.0007674036583858662,0.4969672670606773,-0.5300504940142273,0.00029610455926780513,-0.5085499226361306,-0.11958892186932721,0.0008796270571768671,-0.07374525623312642,0.7256812801322922,0.001944501616017737,0.7724001871352199,0.599150290252793,0.0017231969066717687,0.662559307984058,-1.0919857352890059,-0.0010367553429399803,-1.0226491591473341,1.027561212031159,0.0014796165698473611,1.0718616952878135,0.05727283270409499,0.0012874926547207647,0.12120138208891938,0.5751078859911718,0.00011680468861216104,0.6083219961217189,1
2019-10-04,1.3679230154460371,0.0021261337620032254,1.4425244199401288,0.8671946901777194,0.0008581564813126962,0.9206149443546291,1.5388814863856644,0.00039312764556951853,1.560382057763761,1.0755514782841584,0.0009884250440454934,1.1213951439203593,1.1064478657068588,0.0020469212030585094,1.1531667727097865,0.6755393156355766,0.001784862632060639,0.7389483333668416,-0.2383598915285464,-0.0010672749542331755,-0.16902331538687462,1.0329838782851224,0.0015660612197367157,1.0772843615417766,1.1145149447542062,0.0013640298002557238,1.1784434941390307,0.6835216511142631,0.00019244097458977764,0.7167357612448102,0
2019-10-07,-0.06325685931142637,0.00211620833477559,0.011344545182665167,-0.16724354361484448,0.0008420306602747977,-0.11382328943793484,-0.33151418138715943,0.000371597745754016,-0.31001361000906275,-0.15876179511315014,0.0009719173958455738,-0.11291812947694936,-0.41259560710147497,0.0020007204331980444,-0.3658767000985472,-0.4596675693630563,0.0017378578597681612,-0.39625855163179124,0.5997354425583178,-0.0009201600319084687,0.6690720186999896,-0.4117964052990213,0.001525940346858011,-0.3674959220423669,-0.6470706662489667,0.0013159307717235294,-0.5831421168641423,-0.7111124543911325,0.00011969805886942811,-0.6778983442605855,0
2019-10-08,-0.6774652922711157,0.0020445435666160967,-0.6028638877770243,-0.8161528024210538,0.0007599636694633583,-0.762732548244144,-0.8430767600318748,0.0003183091104001107,-0.8215761886537781,-1.2001707625696227,0.000851357554960926,-1.1543270969334218,-0.9914420010466455,0.0018990630566847143,-0.9447230940437178,-0.642167420280938,0.0016740631832336502,-0.578758402549673,0.17194869464295062,-0.0008646079131792087,0.24128527078462236,-0.8933641991364653,0.0014445661379218777,-0.8490637158798109,0.15728128094525184,0.0013245828837501782,0.2212098303300762,-0.9882859721965926,1.8528222551870236e-05,-0.9550718620660456,1
2019-10-09,0.5285338432119138,0.002094418935316832,0.6031352477060054,0.47093338320054456,0.0008091900238389757,0.5243536373774542,-1.6685020703437783,0.00021423194426806408,-1.6470014989656816,0.32917875999891255,0.0008843075516962254,0.3750224256351134,0.9912427095720714,0.0019890578777527644,1.037961616574999,0.9733806125444403,0.0017630794506009685,1.0367896302757054,0.3900950505907709,-0.0007639508748068525,0.45943162673244264,0.810052067318242,0.00151066427641693,0.8543525505748963,0.7866947526262916,0.0013769372065345496,0.850623302011116,0.5128005721321998,7.562064481817727e-05,0.5460146822627469,1
2019-10-10,0.6189932008987461,0.0021527973380738386,0.6935946053928377,0.24562989614756606,0.0008351938910558046,0.29905015032447574,-0.12410699218734889,0.00020678436814420263,-0.10260642080925218,0.6804418889770667,0.0009517131374349704,0.7262855546132675,0.266451913371886,0.0020088096742044044,0.31317082037481375,0.2770675117526375,0.0017859398554682607,0.34047652948390256,-0.048195455732797834,-0.0007556291442384361,0.021141120408873903,-0.044300483256654366,0.0015029172801276124,0.0,0.3596808651696401,0.0013991974503392518,0.4236094145544645,0.5578840359445786,0.00013682519470141762,0.5910981460751256,1
2019-10-11,1.2941573968102533,0.002277519126479654,1.3687588013043448,0.2089741799305335,0.0008572552333368363,0.2623944341074431,1.4362288767897262,0.0002954686893820571,1.457729448167823,0.8290413086706548,0.001033074977035218,0.8748849743068557,0.3605774496677039,0.0020373162889581967,0.40729635667063163,0.16480410378883673,0.0017981018450082542,0.22821312152010173,0.2475081280096516,-0.0006861068242838026,0.3168447041513234,0.7021512843625389,0.0015588497040104593,0.7464517676191933,0.3263121951342269,0.0014189326154450796,0.3902407445190512,0.4932017115286067,0.00019069970596739618,0.5264158216591538,1
2019-10-14,-0.14867395089696203,0.0022586514795699115,-0.07407254640287049,0.03276162597885392,0.0008615052773964009,0.08618188015576357,-0.4064590374489393,0.0002703907007607725,-0.3849584660708426,0.09233644459766811,0.0010413790899536253,0.1381801102338689,0.0446185351477605,0.002035621535334156,0.09133744215068822,-0.11434685073667585,0.0017842501254819885,-0.05093783300541083,0.8313874917745093,-0.0004968937341250715,0.9007240679161811,0.05714909899532657,0.0015595367522980691,0.10144958225198093,-0.72323341140689,0.0013665573568445342,-0.6593048620220657,0.10948161548239432,0.00020444960969941752,0.14269572561294133,1
2019-10-15,-0.1945895145485034,0.0022354681039582504,-0.11998811005441187,0.9685588910810811,0.0009586402131682389,1.021979145257991,1.3225910741401177,0.0003509329783960597,1.3440916455182144,1.5146732117197317,0.0011883508848671556,1.5605168773559326,0.37620293043673125,0.002065176590707309,0.422921837439659,0.728825816660113,0.0018483445690497659,0.7922348343913781,0.019760221488438534,-0.00047610509724639664,0.08909679763011027,0.42499820699877716,0.001591242338200869,0.4692986902554315,0.1598560320816761,0.00137491081058616,0.2237845814665005,0.13751320778301906,0.00022093725781613058,0.17072731791356607,0
2019-10-16,-0.28236228480642817,0.002203946694241551,-0.2077608803123366,-0.022307497166523492,0.0009568970016294981,0.031112757010386162,1.432163323740453,0.0004373094785711017,1.4536638951185497,-0.1666794335963482,0.0011706507563857748,-0.1208357679601474,-0.10253979441614725,0.0020495673438173144,-0.05582088741321952,-0.5118594254104352,0.0017978822704718149,-0.44845040767917016,0.1082144165576016,-0.00043746934712023144,0.17755099269927335,-0.3390935080413018,0.0015585073766178413,-0.2947930247846475,-0.13208698201103086,0.001363378740545788,-0.06815843262620647,-0.8768443711960396,0.00013368781754976422,-0.8436302610654925,1
2019-10-17,0.12520754795142627,0.0022123407977225843,0.1998089524455178,0.3475639062610482,0.0009915334040257085,0.40098416043795787,0.5916340857211444,0.0004721132352812857,0.6131346570992411,0.24398593365486596,0.0011927881778206206,0.2898295992910668,-0.3858558531445434,0.002007694865660909,-0.3391369461416157,-0.3440614336366198,0.001763253809321606,-0.2806524159053547,0.14105902272258145,-0.00039254894873675284,0.21039559886425319,-0.02073814909903346,0.0015526822832482828,0.02356233415762091,0.1966536615011585,0.0013741479400896832,0.2605822108859829,-0.09814364822654437,0.00012642287047422485,-0.06492953809599736,0
2019-10-18,0.17256493462177538,0.0022252298238442532,0.2471663391158669,-0.3940225765085715,0.0009532822640725878,-0.3406023223316618,-5.176630854968517,0.00016030362996354082,-5.15513028359042,0.04449144255580684,0.0011955347361721665,0.09033510819200763,-1.1869255021905354,0.0018919106399431565,-1.1402065951876077,-0.9567181786398091,0.001673279002042697,-0.8933091609085441,-0.5410688737049579,-0.00048593194263686987,-0.47173229756328616,-0.794743959891579,0.0014826075777800956,-0.7504434766349246,-0.4966971069445439,0.0013382501362000972,-0.4327685575597195,-0.4160098744370842,8.709729803875432e-05,-0.38279576430653717,1
2019-10-21,0.8178605973208206,0.00230006867704586,0.8924620018149121,-0.05873665935049251,0.0009480455621939269,-0.005316405173582851,0.18619068720963713,0.00017191596491513837,0.20769125858773385,1.2381621983714315,0.0013123930366599624,1.2840058640076324,0.6804084268969056,0.0019496782939690854,0.7271273338998333,0.342851461428221,0.0017017419733718082,0.40626047915948604,-0.39986771303785007,-0.0005499952035846316,-0.33053113689617836,0.20106776458400102,0.0014955532136309681,0.24536824784065536,0.30918653643648136,0.0013565564996775837,0.37311508582130576,0.7893402366297343,0.00016940602626639676,0.8225543467602814,0
2019-10-22,-0.19227805219682578,0.0022774735622246535,-0.11767664770273424,-0.17931896830658522,0.0009311811556368913,-0.12589871412967557,0.7423951474280298,0.00021647371086871693,0.7638957188061265,0.4737844502850601,0.0013553701838419287,0.5196281159212609,-2.5957203935520887,0.0017058914061668837,-2.549001486549161,-0.8778584689873297,0.0016200544070894983,-0.8144494512560646,0.13265464433821514,-0.0005068661097048537,0.20199122047988688,-1.9347434381499191,0.0013326676578929496,-1.8904429548932644,-0.16293303270076545,0.0013432911134186006,-0.09900448331594106,0.21736325271285928,0.00019365267108801775,0.2505773628434063,1
2019-10-23,0.6159357285127907,0.0023320878753903436,0.6905371330068821,0.6198193720954703,0.0009915051829465303,0.67323962627238,0.42753982541497054,0.00024197190518206315,0.44904039679306723,0.09106885458027661,0.0013616894544452901,0.1369125202164774,-0.13085864074383674,0.00168983697746666,-0.08413973374090902,0.28573420168369773,0.0016433835903391751,0.3491432194149628,-0.15602643690210022,-0.0005216436419610134,-0.08668986076042848,0.11687509695862089,0.001339329172359444,0.16117558021527525,-0.20644425386331816,0.0013272768857480737,-0.14251570447849377,0.43692441527965303,0.0002395305133011187,0.47013852541020007,1
2019-10-24,0.010036147854696992,0.002328734816150153,0.08463755234878853,0.006437619834508992,0.0009924096919912422,0.05985787401141864,-1.5527274748683113,0.00015066604713109073,-1.5312269034902146,-0.08310110106800274,0.001351536641604403,-0.03725743543180195,1.5771669292501878,0.0018293284406178533,1.6238858362531154,1.0133796842240617,0.001731338028772312,1.0767887019553268,4.280374688402368,0.0003428147344971343,4.34971126454404,1.647415090775589,0.0014706079888425992,1.6917155740322434,-0.21908328275063813,0.0013105867198599643,-0.15515473336581373,-0.4989040243701838,0.00019220430949101183,-0.46568991423963674,1
2019-10-25,0.5592167967799704,0.0023772196398900596,0.6338182012740619,0.15621533209238775,0.001007601241885493,0.2096355862692974,0.5310136370732041,0.00018229687533727497,0.5525142084513008,0.36824155377388024,0.0013838018281569298,0.4140852194100811,0.2405863754726454,0.0018464591960279683,0.28730528247557313,0.2455459527745714,0.001750336033048695,0.3089549705058364,2.2677104552993197,0.0008019983491496219,2.3370470314409917,0.5301738366038679,0.0015100403073837958,0.5744743198605222,-0.10125570601373549,0.001301778897113107,-0.0373271566289111,0.08076221354036096,0.0002025134242959567,0.11397632367090797,1
2019-10-28,0.4408666673712678,0.0024141257358777208,0.5154680718653594,0.9393812905290214,0.0010970356833230196,0.9928015447059312,0.5144448609748626,0.0002126563029849761,0.5359454323529593,0.15134043117281482,0.0013955161321883838,0.1971840968090156,1.0923676515377103,0.001940167343583774,1.139086558540638,1.2822242133527535,0.001860653787104597,1.3456332310840184,-0.10084627096458915,0.0007919405074205108,-0.031509694822917406,0.625708451079415,0.001556798974666584,0.6700089343360693,0.04807810303803366,0.001302793560413288,0.11200665242285805,-0.46673427513531296,0.00015898106490849117,-0.4335201650047659,0
2019-10-29,-1.2647644613397149,0.002291328381341078,-1.1901630568456232,-1.1708399698040062,0.000986132716279119,-1.1174197156270966,-0.06000463683795616,0.00020940031751252703,-0.03850406545985945,-0.0785817432734931,0.0013857668017842927,-0.032738077637292314,-0.36540296984174553,0.0019022651902402485,-0.3186840628388178,-0.5796459025892305,0.0018063613078023561,-0.5162368848579655,-0.9324611761186015,0.0006195680982926036,-0.8631245999769297,-0.7801671575270293,0.001490233103031258,-0.7358666742703749,-1.3502791836815216,0.0012130562436614423,-1.2863506342966973,-0.1766055632618312,0.0001442091981995837,-0.14339145313128418,1
2019-10-30,-0.08096273253681459,0.0022797736241673525,-0.006361328042723061,-0.051805522806440546,0.0009815662868069902,0.00161473137046911,2.3662471971008223,0.0003462475843490994,2.387747768478919,-0.33249244669496064,0.001352644966840545,-0.28664878105875985,0.5123487200995904,0.0019430517262118167,0.5590676271025181,0.6186753015248081,0.0018573470723350968,0.6820843192560732,-0.16353268906608098,0.0005982955292942269,-0.09419611292440924,0.501820244183023,0.0015267399463458882,0.5461207274396773,0.5368456175177557,0.0012460510605214832,0.6007741669025801,-0.550971152768495,9.318287717051511e-05,-0.517757042637948,0
2019-10-31,1.0889093549196054,0.002376583301747859,1.1635107594136969,-0.13007408705793133,0.0009697151482606197,-0.07665383288102169,-0.5206094371673405,0.00031592150201835753,-0.49910886578924385,-0.37937591045263275,0.0013155263567520778,-0.33353224481643196,-0.11248858034055648,0.0019279581031867925,-0.06576967333762876,-0.5327031998766384,0.0018076716568986963,-0.4692941821453734,-0.0763705127134777,0.0005940858843580104,-0.007033936571805956,-0.1745832921912606,0.0015091092308155926,-0.13028280893460625,-0.5908865356882755,0.001206247788023863,-0.5269579863034511,-0.14222246836491526,8.219182538073437e-05,-0.10900835823436825,1
2019-11-01,1.3858877982850264,0.002499826080766473,1.460489202779118,0.4900027123198309,0.0010157582937551839,0.5434229664967405,-0.5487486960899044,0.00028427373662584667,-0.5272481247118077,1.147743173624186,0.001418554403202826,1.193586839260387,0.38718871615325556,0.0019571735064328696,0.4339076231561833,0.0701987673240592,0.0018106739355085398,0.13360778505532422,-0.19519190951497575,0.0005670407015672613,-0.12585533337330398,0.6487182628558542,0.0015568070357277115,0.6930187461125086,0.16354087527939168,0.0012150820521270795,0.22746942466421607,1.4453518541080215,0.0002241859087245053,1.4785659642385685,1
2019-11-04,0.263334604429847,0.0025190104272518506,0.33793600892393855,0.6405582767083315,0.0010753304360559524,0.6939785308852412,-0.6342441272946667,0.0002480585689637421,-0.61274355591657,0.3673739550758969,0.0014495112558956054,0.4132176207120977,-0.5693606286416313,0.0019019636999514425,-0.5226417216387036,0.2526617840906745,0.0018293733061373974,0.3160708018219396,0.2575245014051446,0.000626996296810966,0.32686107754681637,-0.6996023131440535,0.0014978434307840146,-0.6553018298873992,-0.0954285582938755,0.001207345001832817,-0.031500008909051115,1.4305031224770905,0.00036341726018670453,1.4637172326076375,0
2019-11-05,-0.1485409019628613,0.002500438444707489,-0.07393949746876977,0.01876498577184454,0.001076945368439337,0.0721852399487542,0.09943029805469714,0.00025374443268179775,0.12093086943279385,0.06668857121026338,0.0014529106856451465,0.11253223684646417,-1.4690552125452327,0.0017684959184084857,-1.422336305542305,-0.09745822089443437,0.0018178639752916821,-0.03404920316316936,-0.08872191637709476,0.0006203556383807199,-0.019385340235423022,-0.9076306343803591,0.0014231233674128242,-0.8633301511237047,0.7489780795433872,0.0012531895756470028,0.8129066289282116,0.9418968898931933,0.0004547310527394433,0.9751110000237403,1
2019-11-06,-0.05258604336261667,0.002490753271101181,0.022015361131474863,-0.07036186503056766,0.0010703563382601507,-0.016941610853658005,0.32163016866314803,0.00027190545507248346,0.3431307400412448,0.03436321507405279,0.0014533607152691322,0.08020688071025359,0.12470371253421557,0.001775171377237725,0.1714226195371433,-0.21496460854047614,0.0017964296697024105,-0.1515555908092111,0.6570320465994072,0.0007553365516608878,0.7263686227410789,0.09151841559848177,0.0014270721483198938,0.13581889885513615,0.3349978907831415,0.0012724948829104165,0.3989264401679659,-1.1105837797957387,0.000350311532280586,-1.0773696696651918,1
2019-11-07,0.5193144350573405,0.002532848418082171,0.5939158395514321,0.5741437045313563,0.0011227695863841448,0.627563958708266,0.275937526206148,0.00028733323172948567,0.29743809758424467,0.2344388755419819,0.001471781042646835,0.2802825411781827,0.535466812646859,0.0018174161861194752,0.5821857196497866,0.012563810819439324,0.0017945304720188532,0.07597282855070434,0.6060642741925555,0.0008794320911122646,0.6754008503342273,0.5180211357150474,0.0014641123554359145,0.5623216189717017,0.3886491195949923,0.0012949887899801405,0.4525776689798167,1.0131860377866426,0.00044757416430586574,1.0464001479171898,1
2019-11-08,0.06625226209557808,0.002533794141712437,0.1408536665896696,0.0267397614590835,0.0011248683920426971,0.08016001563599315,0.9685212539082804,0.0003413065403711517,0.990021825286377,0.10549656111464227,0.0014785004653127996,0.15134022675084308,0.366039162580061,0.0018446409607308348,0.4127580695829887,0.5815754860659588,0.001840780488763193,0.6449845037972238,0.04804988687063973,0.0008974367038398777,0.11738646301231147,0.1369324884033294,0.0014713459700277597,0.18123297165998375,-0.5507424295501835,0.001258573149697381,-0.48681388016535904,-0.9678567038206137,0.0003575808645772008,-0.9346425936900666,1
2019-11-11,0.332897100231604,0.002558609255093005,0.40749850472569554,-0.4699301440451747,0.0010819452869402742,-0.41650988986826504,-0.657103173444598,0.00030439195612904036,-0.6356026020665013,-0.2285054902511498,0.0014554282915073152,-0.182661824614949,0.36485344742097064,0.0018715129094357603,0.4115723544238984,-0.007186301505151476,0.0018370314873636274,0.05622271622611354,0.5111606642971761,0.001001968050998906,0.5804972404388479,0.14638802952346944,0.0014792405956494366,0.19068851278012378,-0.3120264130451703,0.0012373414269743652,-0.24809786366034595,-0.33223182568527937,0.00032793425601597724,-0.2990177155547324,0
2019-11-12,-0.12170529661782584,0.002542673700480536,-0.04710389212373431,-0.09534460076472594,0.0010732009538945866,-0.04192434658781628,-0.4171121512882154,0.00028109917119641104,-0.3956115799101187,-0.34869955767848076,0.001421918339167339,-0.3028558920422799,-0.01961214165735043,0.0018652469929306406,0.027106765345577283,0.2962060791446603,0.0018587448283567862,0.3596150968759253,0.2759304100716325,0.0010617081275715314,0.34526698621330426,0.02242329556180192,0.0014775664674868576,0.06672377881845629,-0.014131314033387328,0.0012347487605407126,0.04979723535143706,-0.7119045673576477,0.0002631717421512109,-0.6786904572271008,1
2019-11-13,0.4184698392595891,0.0025748147219286496,0.4930712437536806,-0.09379788211829065,0.0010646753439171631,-0.040377627941381,-0.07196022859298296,0.00027703550184228747,-0.05045965721488625,-0.31842254861158803,0.0013913847717996382,-0.27257888297538724,0.13320606972900637,0.001872052320256562,0.17992497673193408,0.025903375375032952,0.0018577086867263212,0.08931239310629796,-0.3380726591444689,0.0010070131343874148,-0.26873608300279717,-0.15424497291381678,0.0014624357422967369,-0.10994448965716243,1.0928783681071326,0.001300407656186071,1.156806917491957,-0.43760460344063434,0.00022445041033043283,-0.4043904933100873,1
2019-11-14,-0.43068580073758433,0.002531658408426248,-0.3560843962434928,0.4554944328233951,0.0011053191593520411,0.5089146870003047,-0.21724376229041337,0.00026504065713668976,-0.19574319091231668,0.0025141673147313654,0.001389305951380341,0.04835783295093216,0.2540939886194126,0.0018890438188273477,0.30081289562234037,0.21524879053996615,0.0018724071309447108,0.2786578082712312,0.16111339538168945,0.0010449869449589509,0.2304499715233612,0.1696599326553619,0.001472029753752586,0.21396041591201626,-0.2659761623305319,0.001282100595887974,-0.2020476129457075,-0.24781646385882677,0.00020360972824003853,-0.21460235372827977,1
2019-11-15,0.5367234113084306,0.002573956370621874,0.6113248158025221,0.8941139001659292,0.0011846185303563466,0.9475341543428388,2.4972513559254574,0.00040135798708817755,2.518751927303554,0.3285614333905359,0.0014157422732998036,0.37440509902673674,0.17380048529434114,0.0018991056224948223,0.22051939229726886,0.6426423605739388,0.0019223070491608185,0.7060513783052038,0.12937833489698033,0.0010767839354921367,0.19871491103865208,-0.03763852525453081,0.001465872397647989,0.006661958002123556,-1.1569944795847775,0.001209540410287944,-1.0930659301999532,0.46254034868834776,0.000248268607152675,0.4957544588188948,1
2019-11-18,0.18487643537333517,0.002585074932238003,0.2594778398674267,-0.5759180489462283,0.0011330058941097505,-0.5224977947693187,-0.08907626031284346,0.00039587724911351805,-0.06757568893474676,0.3898265001429431,0.0014472708396156483,0.4356701657791439,-0.03146727889430893,0.0018918323717377768,0.015251628108618787,0.0716131941147129,0.001924760600669982,0.1350222118459779,-0.22172416324027838,0.0010440496346736648,-0.15238758709860664,-0.08093983864457925,0.0014565131810229015,-0.03663935538792488,0.796155537463732,0.001256384907627584,0.8600840868485564,-0.509788659221786,0.0002035308842352604,-0.476574549091239,1
2019-11-19,-0.23065448041519748,0.0025598840773099,-0.15605307592110595,-0.33278937898492844,0.0011032929776060504,-0.2793691248080188,-0.027650884491823253,0.00039376923697475045,-0.00615031311372654,-0.0617085032658123,0.0014394066945179434,-0.015864837629611512,0.8028482851580031,0.0019544003380613773,0.8495671921609308,-0.045200344619301384,0.0019176212764235837,0.018208673111963627,0.6009808089771257,0.001161472636020832,0.6703173851187975,0.992272804970423,0.001527608071286569,1.0365732882270773,-0.28571877970072473,0.0012373265790529176,-0.22179023031590034,-0.5360076309712651,0.00015680541620611768,-0.502793520840718,0
2019-11-20,-0.67369591743505,0.00249648350588319,-0.5990945129409585,-0.4691845785998727,0.0010618729819142948,-0.41576432442296307,0.6670011961330158,0.00042909811393683744,0.6885017675111124,-0.4224956618410938,0.0014005025016569357,-0.376651996204893,-0.033575186016697185,0.001946769672873257,0.01314372098623053,-0.15834792757074878,0.0019013165738844058,-0.09493890983948378,-0.5691908473121785,0.001065640656023799,-0.4998542711705068,-0.4079742191175035,0.0014936753734985633,-0.36367373586084917,-0.5335901685526253,0.0012035024595344766,-0.46966161916780086,0.1191782561157768,0.00016992885867959443,0.1523923662463238,1
2019-11-21,-0.3053203067002257,0.0024654617041540983,-0.23071890220613414,-0.12061424020241608,0.0010512816679324017,-0.06719398602550643,0.2833415048779833,0.00044353862711000254,0.30484207625608,0.07397111948898326,0.0014045636200076686,0.11981478512518405,-0.2214368998596404,0.0019236351274123406,-0.1747179928567127,-0.1146337886061716,0.001888706591096632,-0.05122477087490658,0.11308185617104982,0.0010938383974027671,0.18241843231272156,-0.627750613392654,0.0014437321017396585,-0.5834501301359998,0.3900783034884062,0.001225389005797713,0.4540068528732306,1.1532190213735656,0.0002763163036314569,1.1864331315041128,0
2019-11-22,-0.11977952485424866,0.0024506679829669467,-0.04517812036015712,-0.30651540258163396,0.0010246106260460468,-0.2530951484047243,0.968628897071381,0.0004944383089231502,0.9901294684494777,0.2968362262386797,0.0014276361365735952,0.34267989187488057,-0.4011058079135504,0.0018858785957247145,-0.3543869009106227,-0.02312370103056213,0.0018836063602036392,0.040285316700702886,-1.5810840816099427,0.0008172743576281985,-1.511747505468271,-0.18411400634267233,0.001427012613147763,-0.13981352308601797,-0.3729874359217087,0.0012015088133507286,-0.3090588865368843,-0.24513662425250907,0.00025604035512767273,-0.21192251412196206,1
2019-11-25,0.8276936548108362,0.00251711331375635,0.9022950593049278,0.41716171365140814,0.0010608573380102896,0.4705819678283178,0.01472302858375083,0.000494185596814381,0.03622359996184754,0.2312530677975284,0.0014449249482443637,0.2770967334337292,0.9096420635972469,0.001956144330825232,0.9563609706001746,0.5366050580967975,0.0019236031509081452,0.6000140758280625,0.17458988932402816,0.0008573246401620787,0.2439264654656999,0.45618461274513145,0.0014575458294875789,0.5004850960017858,-0.3370362320384365,0.0011799766965625,-0.2731076826536121,-0.3595684654623382,0.00022570015238891034,-0.3263543553317912,0
2019-11-26,-0.476428074449255,0.002471825727353665,-0.4018266699551635,0.23328081644295873,0.0010809287343215008,0.2867010706198684,-0.027514968549928086,0.0004916998288417612,-0.006014397171831377,0.025032604845759032,0.0014445919170292375,0.07087627048195982,0.28327921167918085,0.001974558121050075,0.3299981186821086,0.2261386231265923,0.0019383695183213569,0.28954764085785734,-0.6124224099595383,0.0007568055538140461,-0.5430858338178666,0.47850439143825724,0.0014894460270286445,0.5228048746949115,0.10427445306829547,0.0011847589331870903,0.16820300245311987,-0.15462678394129567,0.00021389014748988844,-0.12141267381074865,1
2019-11-27,0.6166235916222218,0.002519687450285654,0.6912249961163133,-0.0871227713097497,0.0010733148046766956,-0.03370251713284005,0.32893798527220897,0.0005080172054749981,0.35043855665030565,0.1074936948713494,0.0014512170680596574,0.15333736050755017,0.3831449066348988,0.002000944290178831,0.42986381363782655,0.04098460862658963,0.0019382341909207278,0.10439362635785465,0.10804292217333548,0.0007849655417796461,0.1773794983150072,0.5527071818718796,0.001526478884098603,0.597007665128534,-0.3312040797728943,0.0011638317675714755,-0.2672755303880699,-0.0618429825243139,0.00021041591403217328,-0.028628872393766883,0
2019-11-29,-0.1879519926089023,0.002499155444356481,-0.11335058811481076,-0.3650530460299085,0.0010420075886844677,-0.31163279185299886,-0.1779201381514333,0.0004976025528754328,-0.15641956677333657,-0.16344661838978597,0.001435031202521227,-0.11760295275358516,0.050716923797063565,0.0020001453376530622,0.09743583079999128,-0.40116657001309425,0.0019029758689010974,-0.33775755228182924,-0.16965227814820621,0.0007638353157185895,-0.10031570200653447,0.00116984546498127,0.001523143541533483,0.04547032872163564,0.1419507576954173,0.0011708536470681726,0.20587930708024166,-0.4415557102023127,0.00017342679109189798,-0.4083416000717657,0
2019-12-02,-0.6695919948358795,0.0024382842309231176,-0.594990590341788,-0.6473820439795175,0.0009869403844730228,-0.5939617898026078,-0.09988577010252149,0.0004913540872725196,-0.07838519872442479,-0.15980758459185787,0.001419289755282814,-0.11396391895565708,-1.1036026030202832,0.001906157883905388,-1.0568836960173558,-0.725061463499355,0.0018424042217164095,-0.66165244576809,0.2984998359774631,0.0008252131343292934,0.36783641211913487,-0.9270462826539126,0.0014527326624940566,-0.8827457993972583,0.054250179392804854,0.0011726903067943478,0.11817872877762924,0.17627368972149068,0.00019110276672454124,0.2094877998520377,0
2019-12-03,-0.9921562616873942,0.002350919675784504,-0.9175548571933028,0.1785998444895224,0.001002350101590152,0.23202009866643206,-0.14216538336368745,0.00048296058990808093,-0.12066481198559073,-0.7113609281679357,0.0013577641908009042,-0.6655172625317349,0.06934425583925927,0.0019072717994202063,0.11606316284218698,-0.1512142639365849,0.0018275477695610133,-0.08780524620531989,0.028436518411600054,0.0008387755846783541,0.0977730945532718,-0.008073525608528281,0.0014490785850295672,0.036226957648126085,-0.4428149379281579,0.0011455923574360451,-0.3788863885433335,-0.42164007614406185,0.00015626000862980523,-0.3884259660135148,1
2019-12-04,0.37960480714474687,0.0023787110787486347,0.4542062116388384,0.8971975445394641,0.0010782675302270317,0.9506177987163739,1.319910653360421,0.0005503531187556275,1.3414112247385177,0.9754115157703341,0.0014365970174457568,1.021255181406535,-0.09342302805901642,0.0018953477350614775,-0.046704121056088704,0.1345308930854697,0.001835225963381027,0.19793991081673473,-0.3014531381267126,0.000794708088320776,-0.23211656198504083,-0.47226211442346233,0.0014121858963803094,-0.42796163116680797,-0.051430621063049756,0.0011413996489470818,0.012497928321774637,0.525059009651335,0.00020427407303768224,0.5582731197818821,1
2019-12-05,0.6803761555056692,0.0024312423372592003,0.7549775599997608,0.25583176777973154,0.001099644737431236,0.3092520219566412,0.08553309903454821,0.0005535202611331309,0.10703367041264492,0.23583696646631502,0.0014537087207724716,0.2816806321025158,0.5159385745775791,0.001932092412479675,0.5626574815805068,-0.03418938464566667,0.0018296646256004774,0.029219633085598343,-0.26596105422433514,0.0007571785448792005,-0.1966244780826634,0.3834132189552496,0.001436675604005468,0.42771370221190397,0.24957229945456208,0.0011546051634740509,0.31350084883938645,-0.20527478241372046,0.00018846052430845656,-0.17206067228317345,1
2019-12-06,0.9194181673422315,0.002503093158993939,0.9940195718363231,0.42299178222849115,0.0011348260170237338,0.4764120364054008,0.4654659469177939,0.000576167922043127,0.48696651829589055,0.724557058884129,0.0015108439725828612,0.7704007245203298,0.05502363011481771,0.0019319452345113641,0.10174253711774543,0.6009711487652001,0.0018735337672369044,0.6643801664964651,0.34198475886460517,0.0008250566765280807,0.4113213350062769,0.0478854085085706,0.001437113135397122,0.09218589176522497,0.6353712049201322,0.001189857166871441,0.6992997543049566,0.7581533203368894,0.0002560831359419268,0.7913674304674364,0
2019-12-09,-0.7950749915364922,0.0024331625499181848,-0.7204735870424007,0.0832814171191693,0.0011414065738918537,0.13670167129607896,0.049345097053732176,0.0005773486566905016,0.07084566843182889,-0.28738228386564235,0.0014846735234378084,-0.24153861822944156,-0.2941339203848144,0.001904206874682506,-0.24741501338188668,-0.20405085831585634,0.0018547066245177804,-0.14064184058459134,0.19743703417759292,0.0008674792183974005,0.26677361031926466,0.2022278760107999,0.0014484685872316178,0.24652835926745426,-0.3237042220693576,0.0011699580586719807,-0.2597756726845332,0.07298019016552239,0.0002641410854868791,0.1061943002960694,1
2019-12-10,0.2261782027758276,0.002447557937868796,0.3007796072699191,-0.057209610879395814,0.0011362761386186121,-0.0037893567024861576,-0.3223226850256962,0.0005595973591812966,-0.30082211364759953,-0.011168374450580271,0.001481235079802023,0.03467529118562053,-0.130194586070399,0.0018896033546140071,-0.08347567906747128,-0.146591966718348,0.0018404680373821716,-0.083182948987083,0.6056816808843191,0.0009795165886710285,0.6750182570259907,-0.2603404494132156,0.0014271339242026182,-0.21603996615656126,-0.200489555328386,0.0011572441531354524,-0.1365610059435616,-0.4571164161847558,0.00022668369718192814,-0.42390230605420876,1
2019-12-11,0.3643190181269126,0.00247311137933717,0.4389204226210041,-0.0019161443049709283,0.00113575681562361,0.05150410987193872,0.564573296629805,0.000586958489219545,0.5860738680079016,-0.16903427909704957,0.0014650136755004414,-0.1231906134608488,0.22081034921894319,0.0019026278772914923,0.2675292562218709,0.14302052386223488,0.0018485823786789561,0.20642954159349988,0.2030597576733937,0.0010218933286426767,0.27239633381506545,-0.12645175935089828,0.001415373200280061,-0.08215127609424393,-0.15099855338722415,0.0011474438381787598,-0.08707000400239975,-0.10448741229768535,0.00021964636914799374,-0.07127330216713836,1
2019-12-12,0.056536098005641536,0.0024734260444440347,0.13113750249973308,0.10700469965203581,0.0011442025453139773,0.16042495382894548,0.19013730441914536,0.0005951871776836312,0.21163787579724205,1.4357934704258146,0.001578625381900074,1.4816371360620155,0.3525944130073693,0.0019258270157195417,0.399313320010297,0.4921977412480286,0.0018833226625930054,0.5556067589792937,0.4178477338207734,0.0011004218775516105,0.48718430996244516,0.16297968444767105,0.001423934646150362,0.20728016770432542,0.4092421798921212,0.0011693651633115395,0.4731707292769456,0.9516774835873916,0.0003024595086204741,0.9848915937179386,1
2019-12-13,0.6249285701460827,0.0025197598773397346,0.6995299746401742,-0.11451681309061548,0.0011344296820301066,-0.06109655891370583,0.0019399759464254667,0.0005938857011298658,0.02344054732452218,-0.49971622152547807,0.0015355199929988346,-0.4538725558892773,0.6652442213180526,0.001973128416633957,0.7119631283209803,0.39733723738548965,0.001910551779415911,0.4607462551167547,-0.15762601921586084,0.0010808932017415285,-0.08828944307418911,0.7753563271453564,0.0014750357080374277,0.8196568104020108,0.26393910201524134,0.0011829320023451324,0.32786765140006574,-0.8098549537351357,0.00023544698932481632,-0.7766408436045886,1
2019-12-16,0.8062749876418763,0.002580331587287168,0.8808763921359678,0.46882413453959293,0.0011723299913559827,0.5222443887165026,0.21884567300195132,0.0006034546782190183,0.24034624438004804,0.15472318715414826,0.0015452232361207112,0.20056685279034905,0.1108118701680229,0.001977131868244316,0.15753077717095063,0.2907518891705184,0.0019294743285924265,0.3541609069017835,1.5180628816107198,0.001343971402332238,1.5873994577523916,0.3114760608655179,0.0014935684805957676,0.35577654412217224,0.09005013043472791,0.0011866473603946465,0.1539786798195523,0.5141725186340892,0.0002806207972012324,0.5473866287646363,0
2019-12-17,0.026529417529535606,0.0025777897812932923,0.10113082202362714,-0.2705955180187482,0.0011498405508264871,-0.21717526384183858,1.0131071804098022,0.0006525459402561078,1.0346077517878989,0.27079617339432666,0.0015641106685540694,0.3166398390305275,-0.2200415100777806,0.00195560455086869,-0.1733226030748529,-0.35899354392847543,0.00189918462037044,-0.2955845261972104,-0.23130027676206807,0.001311230908509664,-0.16196370062039633,-0.27581455043905256,0.0014714204185192529,-0.23151406718239823,0.39090950620575227,0.0012071124314680592,0.45483805559057666,-0.25820151026085525,0.00026057065697489496,-0.22498740013030824,1
2019-12-18,-0.19755053384996868,0.0025573495081127663,-0.12294912935587717,-0.1652819445383406,0.0011360575359455629,-0.11186169036143095,-0.23510313618246395,0.0006392543071712897,-0.21360256480436723,-0.09829503328113523,0.0015535048140320692,-0.052451367644934445,-0.2749626612447556,0.001930039255055436,-0.22824375424182786,-0.17662489589908578,0.0018828564070753908,-0.11321587816782078,0.8504296790434428,0.0014595896144663418,0.9197662551851146,-0.24440320122102932,0.0014516133548773823,-0.20010271796437495,-0.9313782341635961,0.0011539620252986437,-0.8674496847787717,0.1009818212883825,0.00027071943469841853,0.1341959314189295,1
2019-12-19,-0.02309062211485212,0.0025509709367782297,0.051510782379239416,0.11701233839340075,0.0011451354029145308,0.1704325925703104,1.2286855844165778,0.0006984569591731492,1.2501861557946745,-0.30462714972770427,0.0015266524535172128,-0.2587834840915035,0.46084141384196836,0.0019609244887018817,0.5075603208448961,0.4116662700355941,0.0019107140322483607,0.47507528776685914,0.612551981630444,0.0015671298977186308,0.6818885577721158,0.48681625972702824,0.0014820149323810836,0.5311167429836826,0.07207052402134735,0.0011567558401414412,0.13599907340617173,-0.3713231649730371,0.00024145407184917938,-0.3381090548424901,1
2019-12-20,-0.18117606762354135,0.002532105743436156,-0.10657466312944983,-0.24915360442600515,0.0011247531266891197,-0.1957333502490955,0.38334164526965764,0.0007155441213462287,0.4048422166477543,-0.08729981914315856,0.0015171529066727195,-0.041456153506957756,0.14070461327400152,0.0019671879073211666,0.18742352027692924,0.5341463525716565,0.0019474782801035652,0.5975553703029216,0.0251013952758396,0.0015763915042849663,0.09443797141751134,0.42437683814220034,0.001507912283519178,0.4686773213988547,0.06561161414171056,0.0011591710140861048,0.12954016352653494,0.35689403845944856,0.00027282200353681075,0.39010814858999554,1
2019-12-23,0.7651396443469427,0.00258814671012791,0.8397410488410343,-0.07562969726608787,0.0011184058230808125,-0.022209443089178216,0.19412058882675023,0.0007232113289797216,0.21562116020484695,-0.06093979157865161,0.0015098003109200752,-0.015096125942450817,-0.28019221335215455,0.0019414908269972193,-0.23347330634922683,-0.06340901773126502,0.0019395617017291605,0.0,0.7579411618829526,0.0017065905751699178,0.8272777380246243,-0.33733309117053106,0.0014818898099062709,-0.2930326079138767,-0.83998232775123,0.0011118783822277316,-0.7760537783664057,0.21305873397941863,0.0002920544812490664,0.24627284410996564,1
2019-12-24,-0.025682952930791786,0.0025815169780804173,0.04891845156329975,-0.2868864942232886,0.0010952931319568417,-0.23346624004637892,-0.3101308964496353,0.0007061837399209665,-0.2886303250715386,0.09754417787640954,0.0015149006091018252,0.14338784351261033,-0.008839840394146483,0.001936490650774136,0.03787906660878123,-0.07385415762763109,0.0019309365794108852,-0.010445139896366081,0.2847573915645998,0.0017579155973061237,0.3540939677062715,0.11254030005175418,0.0014864944095412645,0.15684078330840856,0.2348375719918581,0.0011237031964061348,0.29876612137668246,-0.22225845971575672,0.000275320709149162,-0.18904434958520971,1
2019-12-26,0.9463828310393796,0.0026511083352762773,1.020984235533471,0.6290224011958296,0.0011449824068391937,0.6824426553727393,-0.07830280882854099,0.0007005726209559763,-0.056802237450444285,0.5035817513950165,0.001551583657586566,0.5494254170312173,0.263320284629593,0.001951997757367491,0.3100391916325207,0.3852170617393049,0.0019562024099508218,0.4486260794705699,0.2600537741458447,0.0018047803330127178,0.32939035028751645,0.46328774715756393,0.0015146806191008847,0.5075882304142183,-0.05770471052350428,0.0011195108710578595,0.006223838861320107,0.04410479613898262,0.00028054538712667603,0.07731890626952964,0
2019-12-27,-0.09412528437883837,0.0026389376358013166,-0.01952387988474683,-0.34570659781741575,0.0011173039485384683,-0.2922863436405061,-0.06696418440457529,0.0006955560147390775,-0.04546361302647857,-0.008603834546464285,0.0015482411414734997,0.03723983108973651,0.22924056396815443,0.0019648277417135267,0.27595947097108214,0.036632668738378234,0.0019556869990673006,0.10004168646964325,-0.10132750553793898,0.0017923132496779396,-0.03199092939626724,0.02849831120335692,0.0015134800255710056,0.07279879446001129,-0.020543588841244378,0.0011173666113861332,0.043384960543580015,-0.20164366392630614,0.00026567445895588646,-0.16842955379575913,0
2019-12-30,0.23082251770972592,0.0026521223639680257,0.3054239222038174,-0.6139590210163014,0.0010687493292925296,-0.5605387668393917,-0.27738738958994974,0.0006804237059318261,-0.255886818211853,-0.23561874069393043,0.0015273859546827589,-0.18977507505772961,-0.5851464491905507,0.0019168015821496454,-0.538427542187623,-0.5351319611968405,0.0019133887864667836,-0.4717229434655755,-0.9662203365952683,0.0016394125069921861,-0.8968837604535965,-0.5375242357472115,0.0014744789495183665,-0.4932237524905571,-0.18164536589809924,0.001106541595481216,-0.11771681651327484,-0.32192508769806577,0.00024114651771271013,-0.2887109775675188,1
2019-12-31,0.301388903289557,0.0026706652783519925,0.3759903077836485,-0.06556419692349713,0.0010635400689466847,-0.012143942746587474,0.30361510786473744,0.0006933416758113206,0.32511567924283413,0.24170406658260915,0.0015434284814763496,0.28754773221880997,0.10995511411835256,0.001920806283787145,0.1566740211212803,-0.025185673962941905,0.0019085481141334383,0.038223343768323106,0.14614638849254605,0.0016677545582593066,0.2154829646342178,-0.02198412025757736,0.0014700893166708995,0.022316362999077004,-0.41138816259209837,0.0010834484026422085,-0.347459613207274,0.1792879370691449,0.000257388258979881,0.2125020471996919,1
2020-01-02,1.0995382467485633,0.002750608474820786,1.174139651242655,1.058787489594272,0.0011460986532813966,1.1122077437711815,0.035319853598939355,0.0006933109279447729,0.05682042497703607,0.5818213552560066,0.0015854129525340868,0.6276650208922073,0.8152429430838667,0.0019769762990030824,0.8619618500867944,0.9500071840736776,0.0019744513451713302,1.0134162018049426,0.63270765889065,0.001774303845788878,0.7020442350323217,0.9818544974582759,0.001532258362959848,1.0261549807149302,-0.0015887171658610364,0.0010824880293753756,0.06233983221896335,0.7567100823006704,0.00032005913549985996,0.7899241924312175,0
2020-01-03,-0.5748904564636573,0.002701310351479653,-0.5002890519695659,-0.31948538699055345,0.001120891186262435,-0.2660651328136438,-0.9810352559033102,0.0006448088643978338,-0.9595346845252135,-0.7290522868821245,0.0015269869943916744,-0.6832086212459237,-0.5698543932923991,0.0019305988661467008,-0.5231354862894715,-0.7449239397177565,0.0019174298670559626,-0.6815149219864916,0.660158145796802,0.001884418290263708,0.7294947219384736,-0.5205433395970338,0.0014947663944762449,-0.4762428563403795,-0.7179776260417919,0.0010433159298165737,-0.6540490766569675,-0.428874425575713,0.0002870177489192622,-0.39566031544516594,1
2020-01-06,0.33543690229488504,0.002722045461094601,0.41003830678897657,1.3021821024349218,0.0012214150183567304,1.3556023566118316,-0.12486772044280872,0.0006373599148538302,-0.10336714906471202,-0.08700541179999409,0.0015178451165869366,-0.0411617461637933,0.09607098106221881,0.0019334824990327782,0.14278988806514653,0.07806479335398477,0.0019200575954382443,0.14147381108524978,0.40466314255455027,0.0019528049782750123,0.47399971869622204,-0.17377813381595564,0.001480368636041371,-0.12947765055930127,-0.21475610482659258,0.0010311934227427134,-0.15082755544176818,0.3446594863427641,0.0003161161191547807,0.3778735964733111,0
2020-01-07,-0.31661322767963074,0.0026929281438537703,-0.24201182318553918,-0.1516419289333398,0.0012090516607837667,-0.09822167475643016,0.484613495381724,0.0006588085199297433,0.5061140667598206,-0.9260040019148031,0.0014452240427769829,-0.8801603362786024,-0.22827779713260923,0.0019126214450013966,-0.18155889012968152,-0.5624406602935389,0.0018767717839539727,-0.49903164256227384,0.8858327023089827,0.0020973058397647337,0.9551692784506545,-0.2025745495624812,0.0014641979292049192,-0.15827406630582683,-0.7503278549519055,0.000990817363644932,-0.6863993055670811,-0.43599466296658734,0.00028278198697010755,-0.4027805528360403,1
2020-01-08,0.753200899974326,0.0027452455538358265,0.8278023044684175,0.3085694766474779,0.0012321314058122944,0.36198973082438757,-0.03293963550697103,0.0006556958954838138,-0.011439064128874316,0.35801353686184506,0.0014700497622622058,0.4038572024980459,0.8993622997007168,0.0019740740258102265,0.9460812067036445,0.8083772325648451,0.001931661099690357,0.8717862502961101,1.141959878182264,0.002281319589563003,1.2112964543239355,0.980744390470505,0.0015253461806615486,1.0250448737271594,-0.31817348962514236,0.0009735419790630512,-0.25424494024031796,-0.7753891505815627,0.0002227702004446051,-0.7421750404510157,1
2020-01-09,1.0184540406579854,0.0028172122641377836,1.093055445152077,0.48049735549878225,0.001268185073041418,0.5339176096756919,0.2243453270067832,0.0006646868367773974,0.2458458983848799,0.1432019958536079,0.0014785377660706802,0.1890456614898087,0.6562563406391347,0.002017406572861754,0.7029752476420624,0.6203402060658408,0.001972755047253316,0.6837492237971059,-0.6095664149616987,0.0021870537082802777,-0.540229838820027,0.37066942114413987,0.0015463757958696382,0.41496990440079423,0.701424772966332,0.0010099499347740177,0.7653533223511564,0.3435642580471175,0.0002516923003395996,0.37677836817766447,0
2020-01-10,0.04175203693175034,0.0028150565055893684,0.11635344142584188,0.2750634290762864,0.0012883032248182274,0.32848368325319605,-0.20962697486202986,0.0006533123666775594,-0.18812640348393314,-0.5619030414080678,0.0014341720276025505,-0.516059375771867,0.31235258605926725,0.0020355434040230584,0.35907149306219494,-0.3166492264427037,0.0019471747541338427,-0.25324020871143865,-0.23248362516041207,0.0021528895557940205,-0.1631470490187403,0.1168400424982736,0.0015508124447343244,0.16114052575492796,-0.6825917486570695,0.0009736693889569623,-0.6186631992722451,-0.4706245942849078,0.00021626817412653585,-0.4374104841543608,1
2020-01-13,1.0248086904812324,0.002886674728330635,1.0994100949753238,0.3405778453716462,0.0013132395717597985,0.39399809954855586,0.3441546147059878,0.0006678246061259189,0.3656551860840845,0.38409674268738675,0.001460698051515686,0.42994040832358754,0.6494262339097308,0.0020778121809933363,0.6961451409126584,0.5947052056877868,0.001986083066466645,0.6581142234190519,2.3355147283272832,0.0025217546882076846,2.404851304468955,0.4377891028387216,0.001575909112843875,0.48208958609537594,-0.38223230089502747,0.0009533219495551022,-0.31830375151020307,0.43658206282430856,0.0002522894407589258,0.4697961729548556,0
2020-01-14,-0.7694767857495209,0.002823637148524812,-0.6948753812554295,-0.3868179789188108,0.001282976002464214,-0.33339772474190116,0.4449445261284139,0.000686902626281059,0.4664450975065106,0.5579257694466979,0.001499933696143269,0.6037694350828986,-0.8240871523356471,0.0020140591597484167,-0.7773682453327194,-0.4488795218583044,0.0019513560359783726,-0.3854705041270393,0.5432146060850234,0.0026077587937153508,0.6125511822266951,0.17641029339332265,0.0015840242648497175,0.22071077664997701,0.12791613125492246,0.0009596146771681759,0.19184468063974686,-0.456266154910715,0.000218257621732734,-0.42305204478016795,0
2020-01-15,-0.29514263221525755,0.00279639851865903,-0.22054122772116602,0.2526790096672006,0.0013011199422032608,0.30609926384411024,0.2556326506480069,0.0006970826144363626,0.2771332220261036,-0.821707473293201,0.001436769146403935,-0.7758638076570001,0.5763977325455175,0.0020508680130394805,0.6231166395484452,0.29104293225862177,0.0019686926174085147,0.3544519499898868,-0.958075439899188,0.002459445489857982,-0.8887388637575162,1.10108700345564,0.0016512420274581935,1.1453874867122942,-0.6378804600198132,0.0009262562358473301,-0.5739519106349888,-0.11145285376785788,0.00021133046226575356,-0.07823874363731087,1
2020-01-16,0.5700196049892826,0.002833536436494569,0.6446210094833742,0.33388483976662786,0.0013252195560008561,0.3873050939435375,0.649372900367954,0.0007253179299954748,0.6708734717460507,0.15485983709868947,0.0014460816344521632,0.20070350273489027,0.9855535065532032,0.002116521014138236,1.0322724135561308,0.9394554540420504,0.002031115055177047,1.0028644717733155,-0.30720196257526194,0.0024131786076981624,-0.2378653864335902,0.3003479644581571,0.001666907499721049,0.34464844771481146,0.3345255514784206,0.0009432481964420285,0.398454100863245,-0.22554191726419306,0.00019560819440961541,-0.19232780713364606,1
2020-01-17,0.4951060189997451,0.00286485676281807,0.5697074234938366,0.9762775546624901,0.0013971616392165073,1.0296978088393998,0.5209616633273895,0.0007474472530839979,0.5424622347054862,0.3125177498725356,0.0014669020279446333,0.35836141550873646,0.5157515499825247,0.0021483597716086345,0.5624704569854524,0.24289519244135022,0.0020446716320635955,0.3063042101726153,-0.21268127725991293,0.0023818627416730214,-0.14334470111824119,1.073138702987151,0.0017315243015835063,1.1174391862438056,-0.6648181834772854,0.0009088231786215234,-0.600889634092461,-0.21914026025684089,0.0001805000696641819,-0.18592615012629388,1
2020-01-21,-0.42334733997166724,0.002828334690431726,-0.3487459354775757,0.04042996553697089,0.0013988590925537313,0.09385021971388054,0.03407807156098733,0.000747156202564099,0.055578642939084044,-0.5553335181088376,0.0014240693282707802,-0.5094898524726369,-0.3333152466196695,0.0021199756731551615,-0.2865963396167418,-0.25992807796648887,0.002023325881488731,-0.19651906023522384,1.7004181500829563,0.0026451523001999773,1.769754726224628,0.7133655303773424,0.0017728933352349056,0.7576660136339968,0.34207268089736537,0.0009261383089604016,0.40600123028218976,-0.7366975728592683,0.00012567218227487497,-0.7034834627287212,1
2020-01-22,0.10910813410203989,0.0028311331148021027,0.18370953859613143,0.002157595254984295,0.0013977040597762036,0.05557784943189395,-0.5878422904403111,0.0007185501078164141,-0.5663417190622144,-0.10637533803456267,0.0014142834621462422,-0.06053167239836189,0.34968170886150407,0.00213987350012843,0.3964006158644318,-0.32639633929100575,0.001997558423776648,-0.26298732155974075,0.936596795888845,0.00278936925167325,1.0059333720305168,0.1319193928088216,0.0017773082845187462,0.17621987606547596,0.26297758968408275,0.0009392941209297351,0.32690613906890714,-0.3172335519239491,0.00010342065080085469,-0.2840194417934021,1
2020-01-23,0.1732123695094323,0.0028385935777598932,0.24781377400352383,-0.025318704156533096,0.0013945267308408677,0.028101550020376558,0.13504757914936075,0.0007229499359050689,0.15654815052745746,-0.09887259576426234,0.0014051159763796494,-0.05302893012806155,0.0640605758608337,0.002139595950406375,0.11077948286376142,0.27352117160561046,0.002013191899990736,0.3369301893368755,0.04476822818336997,0.002796308172321144,0.1141048043250417,-0.44178083567857546,0.0017456722253221524,-0.3974803524219211,-0.24900302577371475,0.0009263717744955356,-0.18507447638889038,-0.34085285947258787,7.953221318604354e-05,-0.30763874934204083,0
2020-01-24,-0.2229069718818878,0.002817168384451169,-0.14830556738779627,-0.6878344527649856,0.001342585078061325,-0.6344141985880759,-0.1386763096287963,0.000714946983851077,-0.11717573825069957,-1.3312424683979995,0.0013068652932710927,-1.2853988027617986,-0.2628613448510016,0.0021164848348018874,-0.21614243784807388,-0.6149419058247516,0.001967909996249812,-0.5515328880934867,-0.38684244577900334,0.0027375294781146024,-0.3175058696373316,-0.4850211063080273,0.0017115686147354322,-0.44072062305137294,-0.9851476735264404,0.0008763322120736465,-0.921219124141616,-0.3648968986923012,5.399293911820663e-05,-0.3316827885617542,0
2020-01-27,-1.5878072002680932,0.0026969355935734297,-1.5132057957740017,-1.2480833338836768,0.0012499278737710122,-1.194663079706767,0.21877089251936008,0.0007230968342135359,0.2402714638974568,-0.481329111103723,0.0012706026762292297,-0.4354854454675222,-1.355428899620954,0.002017514611871608,-1.3087099926180263,-0.9786834441272889,0.001898167755307943,-0.915274426396024,-0.36571255684672316,0.0026823921560485803,-0.2963759807050514,-1.0111477954116044,0.001644934938375621,-0.96684731215495,0.9012856735835068,0.0009216743193809901,0.9652142229683311,-1.2057164445449347,-3.510421538871116e-05,-1.1725023344143877,1
2020-01-28,1.3811785535409846,0.0027920744863460145,1.455779958035076,0.6133416013075493,0.0012940170503098335,0.666761855484459,0.39635073894393497,0.0007391514145699509,0.41785131032203165,0.8952524534433662,0.0013334536677619862,0.941096119079567,0.717394416161503,0.002062991390625874,0.7641133231644307,1.0090903291819175,0.0019639577358286854,1.0724993469131827,0.3224100536739332,0.0027315779964426174,0.391746629815605,0.300089300253576,0.001660200147129297,0.3443897835102303,0.4092740444994435,0.0009419917778171382,0.4732025938842679,-0.10162840425705706,-4.014140516347561e-05,-0.06841429412651005,1
2020-01-29,1.002581639598526,0.0028592603262588097,1.0771830440926176,0.16397132499823186,0.0013050553865064148,0.2173915791751415,0.5550530865804479,0.00076217928264443,0.5765536579585446,-0.12287172058313459,0.0013230045165171444,-0.0770280549469338,-0.0383611900607509,0.002055927985543524,0.008357716942176815,0.7900163251032861,0.002014435536213391,0.8534253428345512,0.5425177271957367,0.0028135147956035843,0.6118543033374084,0.5490461119203156,0.0016907506309612875,0.59334659517697,-0.5150460557187065,0.0009159511553063048,-0.4511175063338821,-0.4442907319207658,-7.092849328311615e-05,-0.41107662179021875,1
2020-01-30,-0.14917171243770272,0.0028433623914170354,-0.07457030794361118,-0.1389479659039435,0.0012940343274805218,-0.08552771172703386,-0.12059950010159749,0.0007549545468193348,-0.09909892872350079,0.5944309712058171,0.0013637575376411347,0.6402746368420179,0.646296143714716,0.0020960344514029403,0.6930150507176437,1.4804221691143735,0.0021110885150477415,1.5438311868456385,2.4653298280758733,0.0031830673560085732,2.534666404217545,0.9348983553618508,0.001744853122904739,0.9791988386185052,0.37716409128335315,0.0009345405063241908,0.44109264066817755,0.4888017511857302,-3.152718252211902e-05,0.5220158613162772,0
2020-01-31,-2.3562779384011856,0.0026698998459735615,-2.2816765339070937,-0.8042933397039218,0.0012349984769594354,-0.750873085527012,-0.8427878267323728,0.0007157465425343279,-0.8212872553542762,-1.3907313686450211,0.0012632405607027612,-1.3448877030088202,-1.454700126291379,0.001991788183625926,-1.4079812192884513,-0.8711571268023331,0.00204906836047767,-0.8077481090710681,0.30560391134026443,0.003227360088058193,0.3749404874819362,-2.7016827110873534,0.0015752837131856822,-2.6573822278306984,-1.392135267582323,0.0008651946865799911,-1.328206718197499,-2.061382813192314,-0.00018291975604651535,-2.0281687030617666,1
2020-02-03,-0.21593981345871388,0.0026500593907512727,-0.14133840896462235,1.7150296871015838,0.0013578423706799854,1.7684499412784933,0.7022438886119361,0.0007451125798955392,0.7237444599900328,0.3492124473165948,0.0012865642687898045,0.3950561129527956,1.409418591492167,0.0020839686973614297,1.4561374984950946,1.2708884120376582,0.0021308629610117093,1.3342974297689232,4.828266908051133,0.003944287683940577,4.897603484192805,0.5094430333613535,0.0016033869347424616,0.5537435166180079,-0.20629030368419,0.0008549868914541824,-0.1423617542993656,-1.1344512096829416,-0.00026421311962585025,-1.1012370995523943,1
2020-02-04,1.6242926266338065,0.00276087518693568,1.6988940311278982,-1.3291858793620952,0.0012613386052198086,-1.2757656251851854,0.7676945181704585,0.0007771464744765074,0.7891950895485552,0.6994738556730401,0.0013344089401444929,0.7453175213092409,0.7133144525958813,0.0021280953681178825,0.760033359598809,1.7381432004826105,0.002243218288318314,1.8015522182138755,3.309563576403475,0.004430828247998331,3.378900152545147,0.7757343626741113,0.0016475150943084831,0.8200348459307657,0.5844338359248289,0.0008838055408236303,0.6483623853096533,-0.649089103332162,-0.00030892018117851264,-0.6158749932016149,0
2020-02-05,0.3450359015653036,0.0027804885854647732,0.41963730605939514,-0.0309139157419565,0.001258361087154187,0.022506338434953154,1.2850741722503534,0.0008316480657604354,1.30657474362845,0.8343045698267668,0.0013913757984512776,0.8801482354629676,-0.1770529985397953,0.002111517784511627,-0.1303340915368676,-0.1302689668495117,0.002230618947511027,-0.06685994911824668,-4.297587185314611,0.003790140164213655,-4.228250609172939,-0.26491902230677733,0.0016281266456915004,-0.220618539050123,0.9258523150434348,0.0009291720886047074,0.9897808644282592,2.2317832955726042,-0.0001404425680222656,2.2649974057031517,1
2020-02-06,0.527319231436672,0.0028127939249134063,0.6019206359307635,0.9989123698579031,0.0013287693248731209,1.0523326240348128,-0.26905276420936813,0.0008178125441611774,-0.24755219283127142,-0.038303089502370914,0.001386862292710522,0.007540576133829884,0.11331594090387613,0.002114681348165382,0.16003484790680386,1.0713885215251717,0.0022976599112297675,1.1347975392564367,0.4084709644152368,0.003846731384424999,0.47780754055690855,0.02359391171665667,0.0016263357152101255,0.06789439497331104,-0.3810447293599062,0.0009102972327670801,-0.3171161799750818,-0.7000678788049535,-0.00018902713987488243,-0.6668537686744065,0
2020-02-07,-0.7740810827875481,0.0027535687895862515,-0.6994796782934565,0.05477636009170623,0.0013316523565272329,0.10819661426861588,-0.9067985970980519,0.0007762970682538498,-0.8852980257199552,-0.21140159249396218,0.0013703111834927704,-0.16555792685776136,-0.42121437508217036,0.002081832797272833,-0.3744954680792427,0.014095178188253878,0.002294477318892076,0.07750419591951889,-0.09859005665490841,0.0038285542898760586,-0.029253480513236684,-0.1327626033488561,0.0016151312221802168,-0.08846212009220174,0.025236115600317056,0.0009113557394200105,0.08916466498514145,-0.3593050749992242,-0.00021226470919878126,-0.3260909648686772,1
2020-02-10,0.1698093341947737,0.0027607483519250737,0.24441073868886523,0.9626662149685503,0.001398726845773237,1.01608646914546,-0.037866105916578296,0.0007727943235701706,-0.016365534538481583,0.16929792218296022,0.0013803299074047822,0.215141587819161,0.4911278033899462,0.0021104264907889957,0.5378467103928739,1.3681964811939085,0.0023803134198677072,1.4316054989251736,0.6944560883478293,0.003926388613760885,0.7637926644895011,0.9156002261674753,0.0016669841640270654,0.9599007094241296,-0.8273761376205326,0.0008710103451215989,-0.7634475882357082,-0.5529798583592298,-0.0002494907596462073,-0.5197657482286827,0
2020-02-11,-0.3850714472543609,0.0027292289029643073,-0.3104700427602693,-0.006220884694886903,0.0013970397860080333,0.04719936948202275,0.049437397342175934,0.000773092318793214,0.07093796872027265,0.05188952719420129,0.0013821485900295733,0.09773319283040209,0.05717288506865233,0.002109807002823612,0.10389179207158004,-1.299012735495756,0.0022908651348710193,-1.235603717764491,0.029607306781312886,0.003926721489471523,0.09894388292298462,-0.6402337439221232,0.001625338959692285,-0.5959332606654688,0.032494012635795363,0.0008725532016859457,0.09642256202061976,0.4346407039996899,-0.00021452366082167268,0.46785481413023694,1
2020-02-12,1.1474603272932349,0.0028042944847508165,1.2220617317873264,0.2352114670114871,0.0014123185591939,0.28863172118839675,-0.512253180208627,0.0007491834054838795,-0.4907526088305303,-0.0458436656362008,0.0013772123450651818,0.0,0.4782485803117965,0.0021372386962554423,0.5249674873147242,0.016719887692904143,0.0022879121807874467,0.08012890542416916,-0.2947253630026006,0.003879998705817355,-0.22538878686092886,0.9833704432823793,0.0016808270531584013,1.0276709265390338,0.22497920711717775,0.0008833638824524961,0.2889077565020022,0.5684573877847031,-0.00017009554941384446,0.6016714979152501,1
2020-02-13,-0.4410422855620644,0.002768973772708029,-0.36644088106797285,-0.22889887729894098,0.0013950139647916971,-0.17547862312203133,-0.5700437805455162,0.0007229631701532653,-0.5485432091674195,-0.09087101439703517,0.0013692161619857125,-0.045027348760834376,0.22287696391013503,0.002147526039911367,0.26959587091306275,-0.3597127496863584,0.0022605040388831944,-0.2963037319550934,1.108451288557309,0.004036452989966688,1.1777878646989808,0.03086447113698822,0.0016793125350771274,0.07516495439364258,0.9529115041057988,0.0009290630809141655,1.0168400534906232,-0.3063200627739993,-0.00018923838644745888,-0.2731059526434523,1
2020-02-14,-0.06192564151325536,0.002760028193692723,0.012675762980836176,0.1260337813959011,0.0014025792957474163,0.17945403557281076,0.0005784743781499863,0.0007213441694633697,0.0220790457562467,-0.203532285912945,0.0013535600861225077,-0.15768862027674418,0.7691282209632747,0.002193866753437631,0.8158471279662024,0.42517552908841516,0.0022841439007553546,0.48858454681968017,-0.1908914406816499,0.004004629555008124,-0.12155486453997817,0.7901049007202934,0.0017227706085415028,0.8344053839769477,0.21994486682703004,0.0009393557388189933,0.2838734162118544,-0.2593823342222001,-0.00020486344986063296,-0.22616822409165308,1
2020-02-18,-1.0168763601767565,0.0026855734531103723,-0.942274955682665,-0.02965484969158765,0.0013992743405623661,0.023765404485322005,-0.5680357756953278,0.0006954932211338575,-0.5465352043172311,-0.7313351835574101,0.0013019911486873371,-0.6854915179212094,-0.0011285579589178055,0.002189119037943238,0.04559034904400991,0.49172219217459207,0.0023119130794121666,0.5551312099058571,1.7267441998603459,0.0042482870937389635,1.7960807760020174,0.21482474455996145,0.0017319741267282599,0.2591252278166158,1.0295633703292417,0.0009881899949784828,1.093491919714066,-0.6580420255436342,-0.0002490012545567202,-0.6248279154130871,1
2020-02-19,0.6706800269498151,0.0027271123019599196,0.7452814314439067,0.1283388221939781,0.001406930977254806,0.18175907637088776,-0.13260918471423733,0.000688323764191443,-0.11110861333614062,0.6602864298390452,0.0013454316332663036,0.7061300954752459,0.47494965207394196,0.0022156684635712153,0.5216685590768696,0.10075550871376523,0.002314334004196618,0.16416452644503024,1.623254877344534,0.004475426255216134,1.6925914534862059,0.5539408808064311,0.001761053700046107,0.5982413640630854,-1.271582064021873,0.0009273148511460569,-1.2076535146370486,0.34485866092771156,-0.0002210750148858955,0.3780727710582586,0
2020-02-20,-0.6025268018074927,0.0026815474965694586,-0.5279253973134012,-0.3162362391506196,0.001383862778950159,-0.26281598497370995,-0.3386858393526686,0.0006724800103267249,-0.3171852679745719,-0.0458436656362008,0.0013407108205180007,0.0,-0.06381855621300644,0.002206775206926854,-0.01709964921007873,-0.8992358218719706,0.002252629603013651,-0.8358268041407055,-0.5526039715399412,0.004390841934678582,-0.48326739539826946,-0.5664519420124454,0.0017242784979903955,-0.522151458755791,-0.057639411603456495,0.0009243589670535362,0.006289137781367894,-0.42470281531407866,-0.00024821036160163965,-0.3914887051835316,0
2020-02-21,-1.2394102596195593,0.0025930279912298707,-1.1648088551254678,-1.1775642522057672,0.0013017408994650276,-1.1241439980288574,0.8499317581740663,0.0007068932665446001,0.871432329552163,-0.678455560025038,0.0012932990157173002,-0.6326118943888372,-0.7861337555261653,0.0021508419377444738,-0.7394148485232376,-1.7936131236457347,0.0021342196434743234,-1.7302041059144695,-0.025817663680812872,0.0043816704900788836,0.043518912460858865,-0.7919165558370773,0.0016745952999503348,-0.747616072580423,0.4963396265132373,0.0009475683474459955,0.5602681758980618,-0.633413756481856,-0.00028998389537116014,-0.600199646351309,0
2020-02-24,-2.518997269398198,0.0024184861619299903,-2.444395864904106,-2.2339025928641165,0.001147822672914502,-2.1804823386872068,-1.7293882662149032,0.000632627743738869,-1.7078876948368065,-1.4372634152185892,0.0011951494061698165,-1.3914197495823883,-2.4190960122455922,0.001989183942863185,-2.3723771052426645,-2.4231797187848922,0.001976555283135433,-2.3597707010536273,-1.9056715372387536,0.004106490790543887,-1.8363349610970818,-2.917751029973227,0.0015015606600231252,-2.8734505467165725,-1.475923386061775,0.0008778609459161587,-1.4119948366769508,-2.3387309200987607,-0.00045219906005372255,-2.3055168099682137,0
2020-02-25,-1.8176806145532904,0.00229247679471884,-1.7430792100591987,-1.2548178493426059,0.0010618164824988663,-1.201397595165696,-0.7371808886664302,0.0006004471853056598,-0.7156803172883335,-2.3571207908070146,0.0010359894207361499,-2.3112771251708137,-3.643669119543137,0.0017493486563314924,-3.5969502125402095,-0.9665668962768631,0.00191239492203782,-0.9031578785455981,-1.069634899837614,0.003951142768210579,-1.0002983236959422,-3.1740244735402725,0.0013148674351853322,-3.129723990283618,-1.293229367993418,0.0008171998447465243,-1.2293008186085936,-1.9193746718790081,-0.0005837013113990278,-1.8861605617484611,0
2020-02-26,0.7417578746100978,0.0023394364586081543,0.8163592791041894,0.09882684416004774,0.0010685004831405757,0.15224709833695738,-0.5773004477203316,0.0005751644566065368,-0.555799876342235,0.10997126146313299,0.0010428185450735256,0.15581492709933378,-0.9052982081209966,0.0016878887463159927,-0.8585793011180689,0.6204335129287356,0.001949011238696088,0.6838425306600006,-0.7190021917716467,0.0038461544867399895,-0.649665615629975,-0.42251658022559757,0.0012884624535481877,-0.37821609696894326,-0.4589966535654766,0.0007959207889233726,-0.3950681041806522,-1.1137848847298522,-0.0006576542116829081,-1.0805707745993052,0
2020-02-27,-3.438483610864363,0.0021059614951194467,-3.363882206370271,-2.8157288411425476,0.0008775308370863684,-2.762308586965638,-2.6517804719263185,0.0004637436718990337,-2.6302799005482216,-2.2002980446060496,0.0008957265716315173,-2.1544543789698487,-2.245161265003738,0.0015406853122802242,-2.1984423580008103,-3.9197432215394286,0.001699327699632672,-3.8563342038081636,-3.223958071879067,0.0033910096795973445,-3.154621495737395,-2.3472801624761277,0.0011514003829556328,-2.302979679219473,-2.264815510773644,0.0006907398262033823,-2.2008869613888193,-2.9948411734606872,-0.0008628941052637164,-2.9616270633301403,0
2020-02-28,-0.10469453526806474,0.0020967149547931434,-0.03009313077397321,0.88645728904126,0.0009380201996715587,0.9398775432181696,-2.785688479101242,0.0003475363316902489,-2.7641879077231453,-2.2895970906968244,0.0007437182729412544,-2.2437534250606235,0.7843363658257715,0.0015886528549978178,0.8310552728286992,1.2618106229257662,0.0017766947305915782,1.3252196406570311,-0.4685094132250411,0.003323634911622803,-0.3991728370833693,0.5378157590594864,0.001180850158184678,0.5821162423161408,-1.8892736273007955,0.00060370062733537,-1.8253450779159712,1.5671184682767907,-0.0007481861664812193,1.6003325784073377,1
2020-03-02,4.716397344992279,0.0024083721014286704,4.790998749486371,1.7341117093803207,0.0010551727793497495,1.7875319635572304,3.3927495356914825,0.00048742908244510977,3.414250107069579,2.366421314985147,0.0009007381878426302,2.412264980621348,2.99953006806977,0.001777776513489945,3.046248975072698,3.5783785818941602,0.0019984842236151494,3.6417875996254256,2.7178575202585913,0.0036999935007342058,2.787194096400263,3.43799322128896,0.001375963576270319,3.4822937045456146,5.577950005152589,0.0008624258919129521,5.641878554537413,2.3012519597220056,-0.0005831788322854275,2.3344660698525526,0
2020-03-03,-1.708953278915069,0.0022917586179062597,-1.6343518744209773,-1.8363965385698444,0.0009319230449623816,-1.7829762843929349,-2.643647668505071,0.000377783478089782,-2.6221470971269745,-1.9885788836485914,0.0007695942267978343,-1.9427352180123905,-2.62330119966967,0.0016077040887494318,-2.5765822926667417,-2.6861064154595926,0.001828116036822479,-2.6226973977283277,-0.0067686763923136516,0.0036960399718101306,0.06256789974935809,-2.0991686044537827,0.0012541476630960424,-2.0548681211971283,-1.9627752242435574,0.0007720088829216658,-1.8988466748587332,-2.3898425998952533,-0.0007446160139262821,-2.3566284897647063,1
2020-03-04,2.3123755559127552,0.002441734574736421,2.3869769604068467,1.6148816519590474,0.00104032556546486,1.6683019061359572,4.801182933674584,0.000574424780906763,4.82268350505268,1.2334128553128823,0.0008510213778042578,1.279256520949083,1.855650646207942,0.0017229136944036149,1.90236955321087,1.946050246962827,0.0019467785654445925,2.009459264694092,0.06241634773169153,0.0037016725480014797,0.13175292387336326,2.7154985140315095,0.0014066450399908988,2.759798997288164,2.4688684010881197,0.0008856637048956259,2.532796950472944,1.0412688560659913,-0.000667823471454834,1.0744829661965383,0
2020-03-05,-1.7438279509937615,0.0023235013147156203,-1.6692265464996698,-2.513931369159879,0.0008728033272138401,-2.4605111149829693,-0.8706297753007035,0.0005377468576721378,-0.8491292039226068,-2.5858675899903294,0.0006818273017083425,-2.540023924354129,-2.1091184894946116,0.0015866872085367953,-2.062399582491684,-1.4368979050101511,0.001855111306658025,-1.3734888872788862,-0.8891519705278575,0.0035762355887029302,-0.8198153943861858,-2.3034297935732244,0.0012739877988500953,-2.25912931031657,-0.6032502539636027,0.0008579851298346197,-0.5393217045787783,-2.2019842788238297,-0.0008149399502234092,-2.1687701686932823,0
2020-03-06,-0.7579977492186523,0.0022707866792021332,-0.6833963447245607,-0.7891845351001215,0.0008209808609601763,-0.7357642809232119,-0.009795632347609494,0.0005364072783397049,0.011704939030487218,-2.721467298069473,0.0005049279691173426,-2.6756236324332723,-0.732797412840159,0.001538099031563384,-0.6860785058372313,-1.610527518514003,0.0017533458785054096,-1.5471185007827382,-0.7848842075641022,0.0034659553844524167,-0.7155476314224304,-0.8770250646050549,0.0012227026373316345,-0.8327245813484005,0.7733443677700332,0.0008932660049324057,0.8372729171548576,-2.4100054308663594,-0.0009753420486742841,-2.3767913207358125,0
2020-03-09,-4.1447138271430255,0.0019968377319156266,-4.070112422648934,-3.191553397778037,0.0006104651525579346,-3.1381331436011273,-3.283423543763539,0.00040208184710370504,-3.261922972385442,-7.0586905952682875,4.7150482909888206e-05,-7.012846929632087,-4.7172029796678325,0.0012396378839584572,-4.670484072664904,-3.7726895157521705,0.0015192524857656285,-3.7092804980209055,-3.410543869904307,0.002997298103014868,-3.3412072937626354,-4.341439755393468,0.0009769635360329047,-4.297139272136813,-0.10817680827102771,0.0008882474573866349,-0.044248258886203325,-6.049639493355994,-0.0013836661193574848,-6.016425383225448,1
2020-03-10,3.6316422036259843,0.00223181883513129,3.706243608120076,2.430588593573389,0.0007723117417026264,2.4840088477502986,3.1371577483918163,0.0005286260630444958,3.1586583197699127,3.9767058290823156,0.0003077191152425483,4.0225494947185165,3.7514926683867142,0.0014731858017364959,3.798211575389642,3.679352646425038,0.0017436312603271735,3.7427616641563035,1.4421251020348875,0.0031932736926814733,1.5114616781765593,3.969196802173056,0.001198601298292911,4.013497285429711,1.5991873675781945,0.0009605955281948327,1.6631159169630187,1.7891301580743748,-0.0012547673544029954,1.822344268204922,0
2020-03-11,-1.8618392200401583,0.0021081996441820387,-1.7872378155460666,-2.6167926962901986,0.0006011628695304656,-2.563372442113289,-5.7791870767912945,0.0002945101255999143,-5.757686505413198,-2.482798514944904,0.00014926378462145847,-2.436954849308703,-2.112596044795543,0.0013394000422281786,-2.0658771377926155,-2.5428523912398506,0.0015862880277007529,-2.4794433735085852,-0.49276755062230754,0.0031250672499950516,-0.4234309744806358,-3.2088615256534414,0.001017843890954408,-3.164561042396787,-3.3789780054483054,0.0008077339694682215,-3.315049456063481,-1.654440022294378,-0.0013607435411313654,-1.621225912163831,0
2020-03-12,-5.156557403296991,0.0017719903144259063,-5.081955998802899,-4.226251212602182,0.00032567071853353537,-4.172830958425272,-4.039624469388803,0.00013191996153718503,-4.018123898010707,-4.313456350587521,-0.00012600063792798396,-4.26761268495132,-5.6638464556444195,0.0009857359410831053,-5.617127548641491,-5.254041636258919,0.0012648729763016478,-5.190632618527654,-2.9292033032296207,0.002727408949124618,-2.859866727087949,-4.500286358622495,0.0007664026334281719,-4.45598587536584,-6.784440643352767,0.0005026736010927853,-6.720512093967942,-5.660477825258583,-0.0017373418133902715,-5.627263715128036,1
2020-03-13,6.090774838471479,0.002164136706434691,6.1653762429655705,4.646572829323418,0.0006316039703707252,4.699993083500328,5.8468970171394865,0.00036672379953159165,5.868397588517584,9.279668889191008,0.0004728390023205626,9.325512554827208,6.283206618368718,0.0013746656008103379,6.329925525371645,7.717673406693353,0.0017329910894613686,7.781082424424618,-0.6810933900311859,0.002635787811119302,-0.6117568138895141,5.847248086413882,0.0010907278459041086,5.891548569670536,7.092050472623096,0.0008218943151976568,7.15597902200792,1.211054675495534,-0.0016475756773781662,1.244268785626081,0
2020-03-16,-6.694811759227797,0.0017309886627654878,-6.620210354733705,-5.970469387774805,0.0002442760854345655,-5.917049133597895,-4.440338893954646,0.0001889613200850541,-4.4188383225765495,-7.793541291174482,-2.425258432666045e-05,-7.747697625538281,-6.869992111404004,0.0009487411021388701,-6.823273204401076,-8.130282707074722,0.0012392059299455764,-8.066873689343456,-4.642715452771622,0.0020119008827518864,-4.57337887662995,-8.156443250504278,0.0006385333827468166,-8.112142767247624,-4.8299542767967925,0.000606160824512654,-4.766025727411968,-4.719744623441163,-0.0019574363265703752,-4.6865305133106165,1
2020-03-17,2.1881079939443526,0.0018703909213541822,2.262709398438444,2.082379261594054,0.00038206472362378545,2.1357995157709637,6.14559743399,0.00043392179009551184,6.167098005368097,3.118172089516267,0.0001775231589365886,3.1640157551524677,0.46069482599507283,0.0009768419644782314,0.5074137329980005,4.443004209045574,0.0015068548586050967,4.506413226776838,-0.8918163980027586,0.0018949953887203554,-0.8224798218610868,2.272005729511704,0.0007640896746859637,2.3163062127683585,8.610626813501282,0.000990579938909784,8.674555362886107,3.2772822430135116,-0.0017289765057386488,3.310496353144058,0
2020-03-18,-1.3343551579193678,0.001783711878105794,-1.259753753425276,-1.2757010233551247,0.00030175343658513977,-1.2222807691782152,-1.0105092725137879,0.0003932399961195402,-0.9890087011356913,-5.495873920149191,-0.00016933964669203772,-5.450030254512991,-2.2894956776097537,0.0008360367373311419,-2.242776770606826,-2.3674006877336184,0.0013634233913865132,-2.3039916700023535,-4.016595106636562,0.001361314347972313,-3.9472585304948904,-3.613100128617514,0.0005655281655967291,-3.5687996453608593,1.99856177062323,0.0010788956111002603,2.062490320008054,-4.966755605177926,-0.0020530407325402896,-4.933541495047379,1
2020-03-19,-0.4688980568977572,0.001752741904483658,-0.3942966524036657,0.9011259408244819,0.0003622996593027461,0.9545461950013917,-4.878956042055324,0.00019978713121890742,-4.857455470677228,0.8243362895898875,-0.00011367704123938368,0.8701799552260884,-0.2301945488821475,0.0008220765059428097,-0.18347564187921978,0.8370817861575575,0.0014128970802673494,0.9004908038888225,4.457239087308134,0.001959725914558593,4.5265756634498056,1.4761138254756594,0.0006469224076120365,1.5204143087323139,-1.6362710676822276,0.0010057754450428157,-1.5723425182974033,1.9133966694528135,-0.001916627045374396,1.9466107795833607,0
2020-03-20,-3.3415889923039606,0.001539545336121068,-3.2669875878098686,-2.0417288309994674,0.0002333566646187592,-1.9883085768225577,-4.692153668795197,1.496451624476374e-05,-4.670653097417101,-1.1383371799192927,-0.00018226567823126808,-1.0924935142830918,-3.7598128074527444,0.0005930845348126992,-3.7130939004498162,-2.1190294979203497,0.0012855401858537269,-2.0556204801890847,-0.07566753013190525,0.0019524811448537033,-0.006330953990233505,-2.1760136275142252,0.0005284703623569656,-2.1317131442575703,-3.4628550175643538,0.0008525632906343743,-3.3989264681795297,-2.448928677726721,-0.002070771537165085,-2.415714567596174,0
2020-03-23,-1.1678339361874235,0.0014653314056520838,-1.093232531693332,-0.7237925995246729,0.00018966199777380914,-0.6703723453477632,-6.070223253296892,-0.00022281605650745117,-6.048722681918795,-2.8174031239419914,-0.0003560478776141666,-2.7715594583057905,-2.1060754373774557,0.00046604795164783023,-2.0593565303745276,-0.6093581299261269,0.0012488607225870064,-0.545949112194862,0.3199080324676288,0.001997625333516214,0.38924460860930055,-4.567048814797989,0.00028072466107486715,-4.522748331541334,0.13761919797372557,0.0008586474449122925,0.20154774735854997,-1.9723689402515916,-0.0021923704461959954,-1.9391548301210446,1
2020-03-24,5.088183796676014,0.0017863053447099556,5.162785201170106,3.6076164742256873,0.0004227590364880069,3.661036728402597,5.973990855527033,1.2781998551077992e-05,5.99549142690513,6.112104149075789,3.128469300531883e-05,6.1579478147119895,8.85990701822625,0.0010038504263568022,8.906625925229179,4.91146474298602,0.0015399231548773654,4.974873760717284,3.938811996672499,0.0025197677617698295,4.008148572814171,8.244735990000443,0.0007292486323635124,8.289036473257097,0.422281018491564,0.0008771668778255207,0.4862095678763884,6.210618081818738,-0.0017733424120216332,6.243832191949284,1
2020-03-25,-0.3580901224590452,0.0017626963758750303,-0.2834887179649537,-1.3311945835856205,0.00034008446147446286,-1.2777743294087107,0.13149493396024028,1.8714866807357324e-05,0.152995505338337,1.886189293809008,0.00015195278608743908,1.9320329594452086,4.343337168885939,0.0012655689027177557,4.390056075888867,-0.5873353884181453,0.0015039600483300378,-0.5239263706868803,1.6002611017244677,0.0027311010845761626,1.6695976778661394,2.765099565932695,0.0008787226149192749,2.8094000491893496,-3.6900563380066735,0.0007159339669896656,-3.626127788621849,2.535851213675582,-0.0015986689040074532,2.569065323806129,1
2020-03-26,2.633413392950183,0.001926762598644726,2.708014797444275,2.776666823701913,0.0005184885829243225,2.8300870778788227,4.955313316183103,0.00021236436137677617,4.9768138875612,3.560674652447051,0.00037617503893974506,3.606518318083252,1.3539626315146291,0.0013457535540502069,1.4006815385175568,3.360097876966955,0.00170088602370288,3.42350689469822,-0.5756093640602812,0.002655950366756117,-0.5062727879186094,2.5836668238930858,0.001017458348383378,2.6279673071497407,0.2204980491553883,0.000726008564548824,0.2844265985402127,1.9860747049689287,-0.0014611574657094567,2.0192888150994754,0
2020-03-27,-2.205187779616815,0.001787440514272762,-2.1305863751227236,-2.356463506073722,0.00037121823049157286,-2.303043251896812,-2.2543553255519155,0.00012505275403679308,-2.2328547541738186,-3.7340743635835834,0.00014590069055683892,-3.688230697947383,-3.210740251553328,0.0011516861013234514,-3.1640213445504,-2.3107206973740086,0.0015633889332107788,-2.2473116796427437,-0.7125505377375384,0.002563396205029618,-0.6432139615958666,-2.639810519724329,0.0008748145379191759,-2.5955100364676746,-0.2258316616576215,0.0007166474642407468,-0.16190311227279713,-2.4039534006439305,-0.0016113498534301276,-2.3707392905133835,1
2020-03-30,1.3939854916455763,0.0018731800231603542,1.4685868961396678,1.5979781471039607,0.00047409864073194125,1.6513984012808705,6.606825038305059,0.0003809889294843323,6.628325609683157,1.3005865703320219,0.00022878772238187322,1.3464302359682228,1.1657505262419394,0.0012204712150974502,1.2124694332448671,3.7864365146782104,0.0017838289057037966,3.849845532409476,-0.6546689155287243,0.002478971381950915,-0.5853323393870525,1.441989963963407,0.0009515648336043702,1.4862904472200613,3.7290301727462087,0.000878439009749078,3.792958722131033,0.6993305899649244,-0.001558478357976531,0.7325447000954715,0
2020-03-31,-0.1796285185567842,0.001860674883021514,-0.10502711406269266,0.6404940229445127,0.000516174329099253,0.6939142771214224,-1.1929050460835708,0.0003346147653255667,-1.1714044747054742,-1.967238432365894,0.0001094872952775334,-1.9213947667296933,-2.52176937503544,0.0010690963289519844,-2.4750504680325123,-0.9241878941509903,0.0017278827414518182,-0.8607788764197253,1.0028624413762164,0.0026102029826266093,1.0721990175178882,-1.6537036112616847,0.0008626560748396927,-1.6094031280050305,-1.0737313428434447,0.0008320866392518736,-1.0098027934586202,0.5836412836918604,-0.0015134548848846055,0.6168553938224075,0
2020-04-01,-2.7823051814488338,0.0016871785249224934,-2.7077037769547423,-2.6730991159351256,0.00035049128460938156,-2.619678861758216,-1.4878278948603947,0.00027720308458733264,-1.466327323482298,-3.306437634538329,-9.143219056419562e-05,-3.260593968902128,-2.9212324855136904,0.0008949594498376051,-2.8745135785107627,-2.006825474554269,0.001609296398218163,-1.9434164568230037,-2.063161245417804,0.002343952684743176,-1.9938246692761323,-3.0212487305757256,0.0007015815397150621,-2.976948247319071,0.27513481854232086,0.0008440115899419012,0.33906336792714525,-0.603547413281643,-0.0015455412947040612,-0.5703333031510959,1
2020-04-02,0.7841168898876674,0.001734796869181899,0.8587182943817588,0.6355626947156707,0.0003923844201916426,0.6889829488925804,2.770905076654747,0.0003832851909002599,2.7924056480328434,1.8873434280375965,2.739780960258752e-05,1.9331870936737974,2.3620527037989425,0.0010347334284837976,2.4087716108018706,1.069993902943298,0.001669928612222959,1.133402920674563,-1.4541819569964205,0.0021579253284428087,-1.3848453808547487,1.6295892816158997,0.000788096510260813,1.673889764872554,2.863501257430945,0.0009667705977725159,2.9274298068157694,3.7303801335526785,-0.0012978653742421035,3.763594243683225,0
2020-04-03,-0.8141683189549213,0.0016838273862119066,-0.7395669144608297,-1.1611854474422427,0.00032221562900427465,-1.1077651932653332,0.6134109560019054,0.00040631536358013917,0.6349115273800021,-1.5761106964418914,-6.622531868649414e-05,-1.5302670308056905,-0.4619803554150559,0.0010069505515066936,-0.4152614484121282,-0.5674966466574574,0.0016354978177726127,-0.5040876289261923,1.3140977922463684,0.0023289361563144195,1.3834343683880401,-2.1520362584355586,0.0006742133450553273,-2.107735775178904,0.4543430495579073,0.0009858485114144868,0.5182715989427317,-1.482872626437161,-0.00138697204624598,-1.449658516306614,1
2020-04-06,4.414671769323987,0.0019537123150954933,4.489273173818078,4.1584141120301075,0.0005824400909054556,4.211834366207017,3.4314803327508403,0.000536464349697413,3.4529809041289368,3.286577330751205,0.00013703277131612256,3.332420996387406,6.493097739229472,0.0013885313003230968,6.539816646232399,4.006853730903586,0.0018649376066822514,4.070262748634851,1.7887275018613533,0.002559688960974309,1.858064078003025,6.892134544864029,0.001037505398975067,6.936435028120684,4.022420873131651,0.0011567312044090759,4.086349422516475,1.5482943765335975,-0.001281225668026261,1.5815084866641445,0
2020-04-07,-0.6706314276474603,0.0019111462589712516,-0.5960300231533688,-0.08050751909845746,0.0005789337018734446,-0.027087264921547814,-1.373561895767704,0.00048347570855851284,-1.3520613243896074,0.6370425652070251,0.00017808023870808274,0.6828862308432259,-1.429849640992978,0.0013030469658667767,-1.3831307339900503,-0.6528698907052588,0.0018252049100662107,-0.5894608729739939,1.3235727974086287,0.0027295711875338488,1.3929093735503004,-0.3446757538742595,0.0010184684701021673,-0.30037527061760516,-2.4616291578786744,0.0010513230611584247,-2.3977006084938504,0.9031878199420194,-0.0012173641832609887,0.9364019300725663,1
2020-04-08,1.2425049262202048,0.0019853888613607113,1.3171063307142963,0.9976900294598091,0.0006419056995434841,1.0511102836367188,3.4628955029329975,0.0006137550896646683,3.4843960743110944,2.0447018466932874,0.00030410330116396335,2.0905455123294883,2.496622512916976,0.0014476565342579585,2.543341419919904,0.4856104034560957,0.001850928884512412,0.5490194211873608,0.08366062846505339,0.0027404972794153426,0.15299720460672514,2.211120632690413,0.0011333488655220338,2.2554211159470676,-0.15501554269534248,0.001044173301474939,-0.0910869933105181,3.08149311635349,-0.001015154091125761,3.114707226484037,1
2020-04-09,0.296762022448569,0.002001736028910636,0.3713634269426605,-0.07153735017702102,0.0006387865581143883,-0.018117096000111372,-1.1958673918388882,0.0005675562674781143,-1.1743668204607915,4.598861077288299,0.0005835082764588058,4.6447047429245,-0.3534725723695193,0.001425254552006486,-0.3067536653665916,-0.060111568977097685,0.0018453330061226406,0.0032974487541673277,1.014326658575127,0.0028694962175497213,1.0836632347167987,-0.4721661273627488,0.0011074780412684885,-0.42786564410609446,-0.08825537862763423,0.001039884158859901,-0.024326829242809836,-0.8412931443679044,-0.0010632921624065248,-0.8080790342373574,1
2020-04-13,0.93545000908065,0.0020566456443923266,1.0100514135747416,0.10843935204745953,0.0006467108817443416,0.16185960622436918,-0.8782780925010735,0.0005335830489039894,-0.8567775211229768,-2.3483029776423554,0.0004431465434633446,-2.3024593120061545,-1.252841808602634,0.0013507388732464317,-1.2061229015997064,0.059224143428514134,0.0018465644756122928,0.12263316115977915,3.2795793175664985,0.0032843525939120254,3.34891589370817,-1.6646761287894731,0.0010197285251219781,-1.6203756455328189,2.0650274511488225,0.0011261638575056606,2.1289560005336465,-0.45541070530632854,-0.0010867043414886412,-0.42219659517578145,1
2020-04-14,2.524296870872529,0.0022070996317819797,2.5988982753666208,2.250027866040417,0.0007853563497257501,2.3034481202173267,3.6904250636911784,0.0006710190078059327,3.7119256350692753,-1.4641937140524062,0.0003566901730206734,-1.4183500484162053,1.4559035506558706,0.0014335751383749305,1.5026224576587983,2.644885126861328,0.0019945047586614126,2.708294144592593,2.1596382989491976,0.0035553470676888944,2.228974875090869,1.9506719053186123,0.0011200270267179174,1.994972388575267,2.123797911804326,0.0012143711872350282,2.18772646118915,-0.41303720800526567,-0.001107297233773036,-0.37982309787471863,0
2020-04-15,-0.5442919952060662,0.0021720088737677734,-0.4696905907119747,-0.37218644641273346,0.0007635205645230919,-0.3187661922358238,0.9036051142690137,0.0007034997293966976,0.9251056856471104,-2.599236418649431,0.00020289406252519578,-2.55339275301323,-2.736362668228361,0.0012738363657921236,-2.689643761225433,-0.6368672537310531,0.0019558911984619435,-0.5734582359997881,0.6221394754468683,0.0036313022726513593,0.6914760515885401,-3.0139931618889824,0.0009630189533887357,-2.969692678632328,-0.20175241057546364,0.0012048521340488662,-0.13782386119063927,-2.2950436893476307,-0.0012461540734601975,-2.2618295792170837,0
2020-04-16,0.33429898029147137,0.002189829573659509,0.4089003847855629,-0.04816458029144229,0.0007614829622028139,0.005255673885467362,1.106624959682916,0.0007433405397001139,1.1281255310610128,-2.0189034383842293,8.464386739504107e-05,-1.9730597727480286,-2.2111753834428414,0.0011453144387261174,-2.1644564764399137,1.5796821385090307,0.0020425118278514713,1.6430911562402957,0.4494364559756327,0.0036851359126277464,0.5187730321173044,-1.3215696525257397,0.0008942125008918306,-1.2772691692690854,1.9902076385196794,0.0012867068622088515,2.0541361879045037,-1.6502021407753387,-0.0013437138997202274,-1.6169880306447917,1
2020-04-17,-0.7728653618660144,0.0021413410390142074,-0.6982639573719229,0.8190217478882815,0.0008119215168182913,0.8724420020651913,1.2797677580149067,0.0007893642828806565,1.3012683293930034,4.607949664572839,0.00036096571350334965,4.65379333020904,2.8237295896733863,0.0013065106085951867,2.8704484966763144,0.41885117852336007,0.0020633391534881818,0.48226019625462513,0.2174004675310417,0.0037096361823926037,0.28673704367271347,2.5806798788030734,0.0010263439033337954,2.624980362059728,-0.1814888419420616,0.0012778653805510245,-0.11756029255723723,5.083128179707099,-0.001019706084480449,5.116342289837647,0
2020-04-20,-1.1427510823698077,0.0020711016147181046,-1.0681496778757162,-0.7632239093237839,0.0007666205087387819,-0.7098036551468743,-0.21229509960805568,0.0007798812024220041,-0.19079452822995896,-1.933315832709063,0.00024802710084034427,-1.887472167072862,-1.7462348518174098,0.0012052756255802838,-1.699515944814482,-1.1482284905437365,0.001996209972158078,-1.0848194728124716,-0.3152216012440164,0.0036676181316473108,-0.2458850251023446,-1.923296869969984,0.000926940829952097,-1.8789963867133295,-1.3368595613796583,0.0012212417553233094,-1.272931011994834,-2.3561830963474164,-0.0011613644905863875,-2.3229689862168694,0
2020-04-21,-1.665261311375551,0.001970240940661336,-1.590659906881459,-2.029071133653678,0.0006454828918341848,-1.9756508794767684,-1.1088951262517843,0.0007373725022087527,-1.0873945548736876,-1.5474761951596336,0.00015857005222630677,-1.5016325295234327,-1.4056758009472856,0.001124083213233069,-1.358956893944358,-2.3269346213625246,0.001863631488197015,-2.2635256036312597,-2.0364609179154054,0.0034120358744809958,-1.9671243417737336,-1.3898037780747208,0.0008553912403919586,-1.3455032948180665,-0.4290837446939921,0.0012024346043188912,-0.3651551953091677,-0.29613693622525533,-0.001174150293587946,-0.26292282609470835,1
2020-04-22,1.4076540574543557,0.0020520505119361026,1.4822554619484472,1.887116793839719,0.000759841083345909,1.9405370480166289,1.8112350649740743,0.0008025443011993232,1.832735636352171,0.12273678976150074,0.00016801397247990187,0.16858045539770153,2.479616615566008,0.0012643035024654556,2.5263355225689357,1.795538213056129,0.0019615011754129637,1.858947230787394,1.5577976066257906,0.0036031480471018108,1.6271341827674624,2.2161915810187747,0.0009678748005002886,2.260492064275429,1.3007501580805658,0.0012549265859367344,1.36467870746539,1.3725910739970717,-0.00108348361888088,1.4058051841276187,0
2020-04-23,-0.274042608444464,0.002034033272827574,-0.19944120395037246,0.46227959116412626,0.0007883513687411437,0.5156998453410359,1.3436397416550132,0.0008501710180381721,1.3651403130331097,-0.016857334421159654,0.00016920505044078733,0.028986331215041145,-0.26586499628629817,0.0012480378680203791,-0.21914608928337043,-0.7258086421825294,0.0019187527634566244,-0.6623996244512643,-0.9597358676207206,0.0034822586524933742,-0.8903992914790488,-0.11977386849134691,0.0009611019341232345,-0.07547338523469256,-1.78676884212004,0.0011804310502005087,-1.7228402927352158,1.5087679974625623,-0.0009849578498871867,1.5419821075931095,1
2020-04-24,1.4110551744515532,0.002115353996798003,1.4856565789456446,0.16383476800521296,0.0007989069186256337,0.21725502218212261,-0.36792465997486734,0.0008349282554076069,-0.34642408859677065,0.718668787753222,0.00021344006358646345,0.7645124533894226,0.5610273631619452,0.0012786029392718922,0.6077462701648728,0.9359458439823124,0.001968269412980863,0.9993548617135773,0.6116614851257587,0.003555534369656387,0.6809980612674305,0.2940004154131642,0.0009753094807012868,0.33830089866981855,0.46062510159376713,0.0011983090880886408,0.5245536509785915,0.28393621012461456,-0.0009624453439269505,0.31715032025516154,1
2020-04-27,-0.038236922813886846,0.002111098090874562,0.03636448168020469,-0.2821029584466507,0.0007829090890135391,-0.228682704269741,-0.3265314595859002,0.0008212865030464103,-0.3050308882078035,2.185769882745995,0.00034301940911002577,2.231613548382196,1.2711692777341346,0.0013489960084873895,1.3178881847370623,-0.2201712268697926,0.0019536697841692078,-0.15676220913852754,2.4292397813288114,0.0038514276871363627,2.4985763574704833,1.5446710036020492,0.0010525311143779717,1.5889714868587035,-0.7164428772087005,0.0011680805475620558,-0.6525143278238761,0.20312136625277058,-0.0009450298159872651,0.2363354763833176,0
2020-04-28,-0.9087455012026768,0.002055915803433049,-0.8341440967085852,-1.584966370096853,0.000689848029875082,-1.5315461159199433,-1.5792419029843827,0.0007621993414841488,-1.557741331606286,0.32076896540221095,0.00036331519258881465,0.36661263103841174,-0.15189135320951014,0.0013390247143666217,-0.10517244620658242,-1.3967285405650656,0.0018744083482681872,-1.3333195228338004,-0.9825319677276297,0.003728093635899275,-0.913195391585958,-0.22209577835440072,0.0010404175741509333,-0.17779529509774636,-0.23717165658662517,0.0011575189927223524,-0.17324310720180078,1.120445913358215,-0.0008715773525577754,1.1536600234887622,1
2020-04-29,1.6156281553075358,0.002148376164614592,1.6902295598016275,4.468508327193252,0.0009547748025392792,4.521928581370162,-0.6510997357574837,0.0007370974786689582,-0.629599164379387,1.3504792685996088,0.00044321618368420486,1.3963229342358094,3.821719530194328,0.0015516602358683067,3.8684384371972556,2.3926068424791693,0.00200353610215452,2.4560158602104343,0.935371647447946,0.00383945935148119,1.0047082235896176,3.641221369409604,0.0012221216014571688,3.6855218526662585,-2.610703653933864,0.0010508141392061832,-2.54677510454904,2.691830265363086,-0.0007026834089677697,2.725044375493633,0
2020-04-30,1.011020477788519,0.002205106290283246,1.0856218822826105,0.11784533438322742,0.0009619983375599558,0.17126558856013707,-0.1318076976656008,0.0007309056843122292,-0.11030712628750408,-1.1568535013898613,0.00037763934604849274,-1.1110098357536604,-1.6948607805668259,0.0014549847149430766,-1.648141873563898,0.4856636062637167,0.002027573792952666,0.5490726239949817,-0.6422500691941495,0.003758285296766067,-0.5729134930524777,-1.0555529631897003,0.0011679002234317737,-1.011252479933046,-1.2927206862237206,0.0009980102937632675,-1.2287921368388963,-1.0598202709218307,-0.0007630334104606699,-1.0266061607912838,0
2020-05-01,-0.9030770551057201,0.002150466361564411,-0.8284756506116285,-1.1629918352391702,0.00089400290696084,-1.1095715810622604,-0.9881622495734943,0.0006939068458519277,-0.9666616781953976,-1.4028726240052833,0.00029826916371835223,-1.3570289583690827,-1.2615619438556007,0.001383008911388725,-1.214843036852673,-1.4804830778600861,0.0019442335458953242,-1.4170740601288212,-2.6057620116013935,0.0034395032112048522,-2.5364254354597215,-1.0997189090621275,0.0011118008625091225,-1.0554184258054733,0.7711206464330379,0.0010286762612221705,0.8350491958178623,-3.5599204698522953,-0.0009746633253293719,-3.5267063597217487,1
2020-05-04,0.6534937058178197,0.0021861751970001253,0.7280951103119112,0.1620273770054449,0.0009039497607718315,0.21544763118235455,-0.032659090868435936,0.0006914409376896781,-0.011158519490339223,-0.6621178789552036,0.00026195437829142835,-0.6162742133190029,0.05705894092054941,0.00138465312380108,0.10377784792347713,1.2753216086118497,0.0020112447359182622,1.3387306263431147,2.03219421733609,0.0036833367966962547,2.101530793477762,0.15351477259327473,0.0011183237636631688,0.1978152558499291,0.40622426035634823,0.0010445013499006098,0.4701528097411726,1.9518195453536173,-0.0008517213295094227,1.9850336554841645,1
2020-05-05,0.6977646516007632,0.0022242249019742886,0.7723660560948548,0.9507693507649408,0.0009598562701591566,1.0041896049418506,0.6660125874251286,0.0007140049383470021,0.6875131588032252,-0.12449460359174427,0.0002566691617947807,-0.07865093795554348,0.8931673843404541,0.0014325590389167233,0.9398862913433818,0.5241816997039266,0.002037133891719519,0.5875907174351916,0.1576964048370182,0.003699773327757712,0.22703298097868993,0.7341483846115522,0.001153581025023887,0.7784488678682064,0.5529451992699214,0.0010661089948738255,0.6168737486547458,-0.08805600134599141,-0.0008525005865811804,-0.05484189121544439,0
2020-05-06,0.4563198794213435,0.0022481682439793103,0.530921283915435,-0.18876302458962022,0.0009491433266453506,-0.13534277041271056,-0.8087015435994486,0.0006837909037755439,-0.7872009722213519,-1.0194008287219847,0.0002002751316922632,-0.9735571630857839,-0.34808724779769284,0.0014116918787483333,-0.3013683407947651,0.47555338121632057,0.0020602411895505085,0.5389623989475856,0.3911528226140905,0.003744169933135817,0.4604893987557622,0.06980676129817638,0.0011558058739248075,0.11410724455483075,-0.9133254650943379,0.0010290353933903667,-0.8493969157095135,-0.9553656773345038,-0.0009054138207465003,-0.9221515672039567,1
2020-05-07,0.45775258016253906,0.0022720524536220233,0.5323539846566305,0.8481377637832673,0.000998634037396657,0.901558017960177,-0.29574943276125476,0.0006720125325473985,-0.274248861383158,0.49328007448494815,0.00023040209894575105,0.5391237401211489,1.1400414182916172,0.0014728171678901351,1.186760325294545,0.25441034495324294,0.0020712932465860078,0.31781936268450794,-0.14923725653521944,0.003723550862015932,-0.07990068039354771,1.2753867752520822,0.0012174071829853083,1.3196872585087367,-0.5889821630161167,0.0010050944871595098,-0.5250536136312923,0.24648676628921182,-0.0008859782789722645,0.2797008764197588,1
2020-05-08,1.1502488491060991,0.002335375180149925,1.2248502536001906,0.5059569172797868,0.0010280454416882931,0.5593771714566964,0.6017944994746193,0.000692155601596335,0.623295070852716,0.7999038101456672,0.00027777101995199124,0.8457474757818679,0.7176947863422297,0.0015104158527554892,0.7644136933451574,0.2585405081200773,0.0020825022396198474,0.3219495258513423,1.1734637158175922,0.0038610832499171867,1.242800291959264,0.7323606663114632,0.0012519741210336721,0.7766611495681175,0.5742787463272425,0.0010274742918945747,0.6382072957120669,2.1249475185513753,-0.0007543970779772659,2.1581616286819227,0
2020-05-11,0.7351447893776968,0.0023746711812183204,0.8097461938717883,0.6538125422224215,0.001065809703501008,0.7072327963993311,0.20703822318474743,0.0006982124500164668,0.22853879456284415,-1.5705475472817478,0.00019059263854878767,-1.524703881645547,-0.27643713093862793,0.001493422664633216,-0.22971822393570018,0.5470927947795454,0.0021091063375927007,0.6105018125108105,-0.3135820922594558,0.003820664680716352,-0.24424551611778406,-0.5392724379514956,0.001224062220985465,-0.49497195469484123,0.3760002394720579,0.0010418745319345174,0.4399287888568823,-0.502141409746021,-0.0007801264754527223,-0.46892729961547386,0
2020-05-12,-0.6627082262480615,0.0023343115382399387,-0.5881068217539699,-1.0828657979240668,0.0010035090102494299,-1.029445543747157,-1.116446669046087,0.000657540541062323,-1.0949460976679903,-1.7376397518518056,9.448714259617089e-05,-1.691796086215605,-1.785520899644964,0.0013942349332908331,-1.7388019926420362,-1.3031875223458027,0.0020367053372822882,-1.2397785046145378,-0.12638182052206937,0.0038027175023771457,-0.05704524438039763,-1.3785284983016064,0.0011553325686610573,-1.334228015044952,0.001984919483339486,0.0010414294883930426,0.06591346886816388,-0.8558344517893989,-0.0008267190920410241,-0.8226203416588518,0
2020-05-13,-0.6959453986334314,0.002292304202181206,-0.6213439941393398,-1.0464372342736912,0.0009436598104394586,-0.9930169800967814,-0.027148993773450987,0.0006554248145216372,-0.005648422395354277,-1.8304807037979822,-6.286098098887114e-06,-1.7846370381617813,-0.6280212652144206,0.0013585627307656526,-0.5813023582114929,-0.8910774326962231,0.001986678913199076,-0.827668414964958,-0.6304754945896228,0.0037251749655964153,-0.561138918447951,-0.7394476168511823,0.0011181190919813597,-0.695147133594528,-0.10582406200057308,0.0010367446026229182,-0.041895512615748684,-2.476133311848985,-0.0009690249016479547,-2.442919201718438,1
2020-05-14,0.24155464869427473,0.002303500035123731,0.31615605318836626,0.268340128733404,0.000959307526829974,0.32176038291031367,0.2657757902991663,0.0006635958653360894,0.287276361677263,2.1044144662201636,0.00011446706536924123,2.1502581318563645,1.576836616380123,0.00144263500935303,1.6235555233830508,0.17408816116330647,0.001993517983618365,0.23749717889457148,0.3156601896465517,0.0037598087383767754,0.3849967657882234,1.2439818941323504,0.0011774099991749758,1.2882823773890046,-0.23760236068579252,0.0010269163651014774,-0.17367381130096812,0.4010795164000066,-0.0009405556405572467,0.43429362653055364,1
2020-05-15,-0.37885004776211256,0.002279686176506974,-0.304248643268021,0.5538053165680757,0.0009911336207680177,0.6072255707449854,1.5502953154583086,0.0007166440886129073,1.5717958868364053,-1.00416199069677,6.048260766407416e-05,-0.9583183250605691,0.2684588757417879,0.0014554913953476049,0.3151777827447156,0.7339218734592015,0.002029965932017265,0.7973308911904665,-0.1968161176115454,0.0037339008126115705,-0.12747954146987364,0.8130346963082817,0.0012154969690955427,0.8573351795649361,1.448790987518962,0.0010831223799793997,1.5127195369037862,-0.38224714512408137,-0.0009583858942639666,-0.3490330349935344,1
2020-05-18,1.1378659935330473,0.0023411932999173168,1.212467398027139,0.39551234948283526,0.0010137804686568674,0.4489326036597449,0.02259560466655494,0.0007161106169157231,0.04409617604465165,2.6964900471551556,0.00021339710277753653,2.7423337127913565,2.0600611815407275,0.001564844308212352,2.106780088543655,0.4595390780977602,0.0020517140150883625,0.5229480958290252,0.3760859586595062,0.0037754033695247737,0.44542253480117794,2.5305238083663157,0.0013362594540598002,2.57482429162297,0.9478961675822657,0.0011194634827772197,1.0118247169670902,3.880536417064078,-0.0007257795903092006,3.913750527194625,0
2020-05-19,-0.37195107130835137,0.00231779442147096,-0.29734966681425984,-0.44922229244582623,0.0009884315732229731,-0.3958020382689166,-0.8474494514592978,0.0006853268122106107,-0.8259488800812012,-1.0647044977996027,0.00015606868083058235,-1.0188608321634018,0.10680463949628968,0.00156858603964765,0.1535235464992174,-0.44228173755647554,0.0020258520250846213,-0.37887271982521054,-0.23937763126071024,0.0037446173559587933,-0.1700410551190385,-0.6763248581177739,0.0013019914269196148,-0.6320243748611195,-1.63667149057492,0.0010550611103191377,-1.572742941190096,-1.552872721320729,-0.0008126733201257374,-1.5196586111901818,1
2020-05-20,0.9262059537537823,0.0023670194042319332,1.0008073582478738,1.2328601943923296,0.001058266346083404,1.2862804485692394,-0.7667359134537378,0.0006575184508078339,-0.7452353420756411,1.5072769506330883,0.00024182404023042212,1.5531206162692892,1.4416113287910706,0.0016438414397786025,1.4883302357939983,0.6957607037563557,0.0020598892782738437,0.7591697214876206,0.16068765348155184,0.0037607074127919806,0.23002422962322358,1.3787067768191736,0.00136653766903725,1.4230072600758281,0.2325460957491034,0.0010635284007880544,0.2964746451339278,1.5684773235759368,-0.0007168187225795134,1.6016914337064838,0
2020-05-21,-0.4582616118402082,0.0023388748259193038,-0.38366020734611667,-0.14040546630549613,0.0010503334652056612,-0.08698521212858648,-0.5658560956639747,0.000636814460213631,-0.544355524285878,-0.7034282315441063,0.00020473738372552244,-0.6575845659079055,-0.861416142387478,0.0015955950125142678,-0.8146972353845503,-0.7208129188220255,0.0020195702564891086,-0.6574039010907605,0.29408675190132333,0.0037922321617092215,0.3634233280429951,-1.045082833420661,0.0013147339264210703,-1.0007823501640067,-0.3355884277364325,0.0010499746234161184,-0.2716598783516081,-0.9118721127324236,-0.0007659207581175939,-0.8786580026018767,0
2020-05-22,0.2567159629618256,0.0023505874448464434,0.3313173674559171,0.18121773544228212,0.001060513849314505,0.23463798961919177,-0.7780391249993253,0.0006089139414650838,-0.7565385536212286,-0.44774160254229106,0.0001819730926289655,-0.4018979369060903,0.07172716932803311,0.0015973476775934911,0.11844607633096083,-0.039530759904379306,0.002015046571388764,0.023878257826885713,-0.38820808602339907,0.003744388419242635,-0.3188715098817273,0.031089713583682357,0.0013145747123438855,0.07539019684033672,-0.4551518432885178,0.0010318874050347037,-0.3912232939036934,0.010980787504844568,-0.0007611667131607684,0.04419489763539158,1
2020-05-26,-0.4231731571249484,0.002324592649970782,-0.3485717526308569,0.23915773214726266,0.001073881866860805,0.2925779863241723,0.0875705412449518,0.0006109285688109268,0.1090711126230485,3.628620471393772,0.00038365762102117755,3.674464137029973,1.4841658785585599,0.0016741390251793613,1.5308847855614875,-0.6420115386820412,0.0019791869897229017,-0.5786025209507761,-0.009367421331939525,0.0037406609431004036,0.05996915480973221,0.6961392739462472,0.0013460581814494104,0.7404397572029016,-0.34399528886081004,0.001018177720573117,-0.28006673947598565,1.4123414382677855,-0.0006753166495074812,1.4455555483983324,1
2020-05-27,0.14961241455015092,0.002330366570022817,0.22421381904424245,-0.09240802353993059,0.0010686532816183273,-0.03898776936302094,0.16769300936362563,0.00061567821200057,0.18919358074172235,2.952876570747899,0.0005471161821693809,2.9987202363840995,-0.6760121514622448,0.0016360410052447178,-0.6292932444593171,0.00893537769026088,0.001977319432766398,0.07234439542152589,-0.028450844154934884,0.0037347523742826865,0.040885731986736853,-0.16827977639871544,0.0013363522144264589,-0.12397929314206109,-0.8893849805926041,0.000983632810359701,-0.8254564312077797,0.32053985715395683,-0.0006529779156454275,0.35375396728450387,0
2020-05-28,-0.05195249490649606,0.0023250117714099156,0.022648909587595474,-0.12647779966428072,0.001061556636730526,-0.07305754548737106,1.168237844359566,0.0006546007698371034,1.1897384157376627,-0.8170413580618999,0.0005033682991003304,-0.7711976924256991,0.40580386381670763,0.0016553144925461943,0.4525227708196354,-0.1868313965502094,0.0019653297048114215,-0.12342237881894437,-0.5021204257211854,0.003674369558433679,-0.43278384957951366,0.40288961433366144,0.0013537224104216833,0.4471900975903158,0.6679990413484619,0.001008832778229662,0.7319275907332863,-1.3104323349798903,-0.0007246458646824967,-1.2772182248493433,1
2020-05-29,-0.1247159368710441,0.002315692965234691,-0.05011453237695256,0.4945294483219689,0.0010889924197758367,0.5479497024988785,0.9822690762455785,0.0006869647468444571,1.003769647623675,-1.367884832843496,0.0004298119668049948,-1.3220411672072951,-0.296798718618147,0.0016374633036897535,-0.2500798116152193,0.49476545293252666,0.001988587036105126,0.5581744706637917,0.8224151977857459,0.003766318804903747,0.8917517739274177,0.25780405315741656,0.0013641500774946253,0.3021045364140709,0.15767498579857026,0.0010144324100415068,0.22160353518339462,0.43665588707850217,-0.0006956291355025507,0.46986999720904926,1
2020-06-01,0.5582489890618297,0.0023438115813335767,0.6328503935559212,-0.005521878899374801,0.001088577739917757,0.04789837527753485,-0.8906572150025664,0.0006554881899696517,-0.8691566436244698,0.6404762458884992,0.0004659433411200738,0.6863199115247,0.0441611484251527,0.0016376251522144329,0.09088005542808042,-0.18885343614313999,0.001976529046452991,-0.12544441841187495,1.790973992143234,0.003968579403512102,1.8603105682849057,-0.3172739687038154,0.0013474661876449528,-0.27297348544716105,-0.12363998494863214,0.001009304551274968,-0.05971143556380775,0.8434954217071793,-0.0006434897908996183,0.8767095318377264,1
2020-06-02,0.16363868420042746,0.002350232269542825,0.238240088694519,0.21029676132483124,0.0011000851666660176,0.2637170155017409,0.5753595168754739,0.0006738764041989267,0.5968600882535706,0.1274351480405283,0.00047403598882193225,0.1732788136767291,0.3428892853262513,0.0016534358136874488,0.389608192329179,0.5592612106288164,0.002002934383944838,0.6226702283600815,-0.5227066834324059,0.0039056996052322882,-0.4533701072907342,0.5750065248640659,0.0013727327634335442,0.6193070081207203,-0.07590565300410251,0.0010060153209972764,-0.011977103619278125,1.0621105079730806,-0.0005791657396435325,1.0953246181036276,1
2020-06-03,0.20867103275629215,0.002359068210446148,0.2832724372503837,-0.16132460653267722,0.0010910607751075357,-0.10790435235576755,0.20209268631989447,0.000679545849123059,0.22359325769799118,2.7487000306298635,0.0006239052087366949,2.7945436962660644,0.5679142993942435,0.0016809134535203654,0.6146332063971712,0.06977111869573395,0.002004139998725819,0.13318013642699897,-0.03024302073140182,0.0038992075716074446,0.03909355541026992,0.11121813254309701,0.0013761624919678105,0.15551861579975138,-0.3448692669432636,0.0009925754786567949,-0.2809407175584392,1.9745087887547172,-0.0004632720837416648,2.0077228988852642,0
2020-06-04,-0.517782942479401,0.00232842254308882,-0.4431815379853095,-0.9350983540362708,0.0010395896165539184,-0.8816780998593611,-1.0919630269471927,0.0006415690124961259,-1.070462455569096,1.0316132883881144,0.0006802947607769455,1.0774569540243153,-1.0420469061277793,0.0016243663814967382,-0.9953279991248517,-0.7838687577454609,0.0019617721642884224,-0.7204597400141959,-0.5873576083426696,0.003829537008085578,-0.5180210322009978,-1.0267374419245483,0.001326489964785111,-0.9824369586678939,-0.8799679075234148,0.0009590360964256524,-0.8160393581385904,-0.1731648681179814,-0.0004699212003103007,-0.1399507579874344,1
2020-06-05,1.391055133521002,0.0024012715705381688,1.4656565380150937,0.8714966468631373,0.0010873505875344156,0.924916901040047,0.3004295587094123,0.0006506019607165503,0.32193013008750904,2.2840296566945804,0.0008037538752165405,2.3298733223307813,1.823210977505038,0.0017169846534450565,1.8699298845079657,1.2172192824263364,0.002021484230098827,1.2806283001576013,0.5367151958251238,0.0038874458340749755,0.6060517719667956,1.801824534232079,0.0014086727485340719,1.8461250174887334,-0.39763097530788233,0.000943818275460162,-0.33370242592305793,3.956135721982064,-0.00024281976079279364,3.9893498321126106,1
2020-06-08,0.2296461800888819,0.002411024317883526,0.3042475845829734,0.22983467246742015,0.001099800661965646,0.28325492664432983,-0.3196698310023971,0.0006388011230164331,-0.29816925962430035,0.9874542197179142,0.0008569612833340281,1.033297885354115,-0.2994588469768507,0.0016991218684447287,-0.25273993997392297,0.27573788991325815,0.0020330816762188023,0.3391469076445232,1.7168075005948178,0.004078192007263112,1.7861440767364896,-0.04729787590595028,0.0014046207237673354,-0.0029973926492959137,-0.2589604597869063,0.0009338841944501683,-0.1950319104020819,1.505911786134036,-0.00015527454174539516,1.5391258962645833,0
2020-06-09,1.5504306337825386,0.0024918200172557962,1.6250320382766301,0.08847713691545082,0.001104482643592685,0.14189739109236046,-0.4788812131204748,0.0006217442266985332,-0.45738064174237814,-1.373802321327324,0.0007835351546211489,-1.3279586556911231,0.1398467568362662,0.0017040535612372427,0.18656566383919393,0.3550147820985293,0.002048627255125455,0.4184237998297944,-0.30905212281037847,0.004039921020693584,-0.23971554666870673,-0.20030656494069612,0.0013935129475704403,-0.1560060816840418,0.003290857642000913,0.0009338105445831464,0.0672194070268253,-1.1300901651862347,-0.0002165823575948152,-1.0968760550556875,1
2020-06-10,1.2493420237760868,0.0025560066957507604,1.3239434282701785,0.38859474339843186,0.0011254396764973872,0.4420149975753415,1.0232563089201236,0.000654849903178462,1.0447568802982203,-2.1440987295212937,0.0006694139271749255,-2.0982550638850928,0.23903524261890888,0.0017140681517214009,0.2857541496218366,1.9666647724405668,0.0021454309040253973,2.0300737901718318,2.138897721112678,0.00427655675614111,2.2082342972543496,0.3767967884711106,0.0014090896624422901,0.42109727172776495,-0.17993505333588183,0.0009269055365768179,-0.11600650395105744,-2.6723587193585447,-0.0003641186238556873,-2.6391446092279978,0
2020-06-11,-2.545241633279791,0.002416705112617065,-2.470640228785699,-2.234045732364597,0.0010042246786585425,-2.1806254781876873,-3.907455362512115,0.0005238784395838331,-3.885954791134018,-4.36592591914645,0.00043769783779992386,-4.320082253510249,-3.796557593159588,0.001516688461110968,-3.7498386861566604,-3.0023989875381556,0.0019915911853160646,-2.9389899698068906,-1.3232034414394653,0.004124461269487478,-1.2538668652977936,-3.509053060645715,0.0012458110873078902,-3.46475257738906,-0.7182197727489296,0.0009000233683115561,-0.6542912233641052,-4.376576311424269,-0.0006062358279713285,-4.343362201293721,1
2020-06-12,0.36968357082561876,0.002433784283018112,0.4442849753197103,0.3463790654710335,0.0010230616467438738,0.39979931964794313,0.7315542280521184,0.0005474016643334306,0.7530547994302151,1.3708435077511887,0.0005116703323937158,1.4166871733873896,1.157301879163497,0.0015742114975553843,1.2040207861664247,0.3685162171462088,0.002007800332736639,0.43192523487747386,-1.0197819774682026,0.00400706265855265,-0.9504454013265308,1.0272612062902862,0.0012915505530834185,1.0715616895469406,-1.5137037050610243,0.0008437914435784411,-1.4497751556762,1.0218484153371086,-0.0005456753228337818,1.0550625254676558,1
2020-06-15,0.5618206844346874,0.0024609991433160562,0.6364220889287789,0.22806387472181688,0.0010354219157627357,0.28148412889872654,-0.5462148879104574,0.0005285562237269672,-0.5247143165323608,0.6695447625128454,0.0005481257997107065,0.7153884281490462,-0.1583566920955138,0.0015641943354470632,-0.11163778509258608,0.28642978550496206,0.0020198116108003333,0.3498388032362271,1.3946316497311755,0.004159012521932949,1.4639682258728473,-0.20003355907761944,0.0012808867781111642,-0.15573307582096507,0.15000185530681043,0.0008493907384145421,0.21393040469163482,-0.06450562768170594,-0.0005459222713523151,-0.03129151755115892,1
2020-06-16,1.2892036479877589,0.00252668495068241,1.3638050524818506,0.8676621592416548,0.0010820748183030752,0.9210824134185646,1.861920188411913,0.0005892030303721021,1.8834207597900097,0.36832766441363346,0.0005684856426653519,0.4141713300498343,1.272241507794783,0.0016271301597132648,1.3189604147977108,1.27779749046105,0.0020812471810335675,1.3412065081923152,-0.28721292828116507,0.0041234674312834564,-0.21787635213949333,0.3054587792460338,0.0012933459559666832,0.3497592625026882,0.9211374191905066,0.0008833977765288241,0.985065968575331,1.0734547336040297,-0.00048299249606962067,1.1066688437345766,0
2020-06-17,-0.14620578860546238,0.0025160088472772125,-0.07160438411137084,0.16000323086016488,0.0010905605732669994,0.21342348503707453,-0.2739075669228812,0.0005792991153810053,-0.2524069955447845,-1.3546040459210957,0.000498056386319526,-1.3087603802848948,-0.17351463241168735,0.0016162531038492326,-0.12679572540875964,0.12602119947400175,0.0020850069598985646,0.18943021720526676,0.17279364452457727,0.004139032157947275,0.242130220666249,0.1668071350559063,0.0012994280564094093,0.21110761831256067,-0.44784125407055103,0.0008668711426845326,-0.38391270468572664,-1.6362947589341463,-0.0005704310834139094,-1.6030806488035994,1
2020-06-18,-0.05411845687356009,0.0025102534776416546,0.020482947620531444,-0.6983726259734377,0.001053137591191936,-0.6449523717965281,-0.37251121565828743,0.0005662160148861851,-0.35101064428019074,-0.32687064509295255,0.0004819526729792824,-0.2810269794567517,0.14568406516996257,0.0016216120062415543,0.1924029721728903,0.5226844374063452,0.002108440456501888,0.5860934551376102,0.23273737483537843,0.004161129172805728,0.3020739509770502,0.0639563307259535,0.0013008097147575602,0.10825681398260786,-0.7112377023956009,0.000840773447258031,-0.6473091530107765,0.2728603922056581,-0.0005519812167185728,0.3060745023362051,0
2020-06-19,-0.3686683847459415,0.0024879643705363716,-0.29406698025184996,-0.3896167096907435,0.0010323694208163193,-0.33619645551383387,0.2211965765348189,0.00057261753001515,0.2426971479129156,-0.6371483836996279,0.0004496947894140358,-0.5913047180634272,-1.5153548737108669,0.0015429893022707271,-1.4686359667079392,-0.3895981028750645,0.002086575273660479,-0.3261890851437995,-0.14436686288275438,0.004141592638759588,-0.07503028674108266,-0.5723592368898375,0.001273386029516382,-0.5280587536331831,1.1039820916308882,0.0008812155784368365,1.1679106410157127,-1.019177038023215,-0.0006047773519424559,-0.9859629278926679,1
2020-06-22,1.2718030668180846,0.0025519533035736576,1.3464044713121763,0.8754833340333552,0.001078941840514984,0.928903588210265,-0.27502867066038933,0.0005628021827207348,-0.2535280992822926,-0.6069292829514268,0.0004191888130297403,-0.5610856173152261,1.389146696061748,0.0016111947261418366,1.4358656030646757,1.4566788509160884,0.0021559996048547934,1.5200878686473536,-0.23117385181394354,0.004112631327529504,-0.16183727567227177,0.8156044610042142,0.0013087561468522254,0.8599049442608686,1.0673250115557924,0.0009201018592272976,1.1312535609406167,0.43772037483151166,-0.0005772809116290601,0.4709344849620587,1
2020-06-23,1.0237875973292287,0.002602606620559999,1.0983890018233202,0.41357329579195373,0.001100783125389832,0.4669935499688634,-0.3278576124955442,0.0005513216024716863,-0.3063570411174475,0.5856025033572437,0.000450933719354325,0.6314461689934445,0.38302605150007535,0.0016284550481597156,0.4297449585030031,0.3022421822985616,0.002168195901533198,0.3656512000298266,0.1153571845224418,0.004121768601559881,0.18469376066411353,0.8802017849479904,0.0013468433230308956,0.9245022682046448,-0.43533939207443784,0.0009041093138657838,-0.37141084268961344,0.26365479548512316,-0.0005594659453446491,0.29686890561567014,0
2020-06-24,-0.9829655436916097,0.002548159573576455,-0.9083641391975181,-1.1401082491123642,0.0010403871161642469,-1.0866879949354544,-1.7850848506687673,0.0004926370154418548,-1.7635842792906706,-1.7745902065925985,0.00035996025574776584,-1.7287465409563976,-2.295421082305931,0.0015113396950480608,-2.2487021753030034,-1.1666553704466276,0.002108180718685949,-1.1032463527153624,-1.0751383371521592,0.0040008571316965235,-1.0058017610104877,-2.0285222662728124,0.001254146669029689,-1.9842217830161577,-0.5351402975221858,0.0008845816030224195,-0.4712117481373615,-2.3516932128581605,-0.0006845994149782804,-2.3184791027276135,1
2020-06-25,0.6085626125008277,0.0025769192425803143,0.6831640169949191,0.24476884957067718,0.0010533164112295523,0.29818910374758684,-0.11040137660003384,0.0004884404713444019,-0.08890080522193712,1.7590136436563757,0.000452457129802481,1.8048573092925764,0.6827766925081363,0.0015437627657747864,0.729495599511064,0.6282040600524392,0.0021364067392001217,0.6916130777837042,0.5745080361289914,0.004060248967759099,0.6438446122706631,0.7596882397092863,0.0012867804151005693,0.8039887229659407,-0.42726618599390326,0.0008690621776711039,-0.3633376366090789,0.7077752314195891,-0.0006423990326904066,0.7409893415501362,0
2020-06-26,-1.6557714895512887,0.002487874194357273,-1.581170085057197,-2.8259592032480274,0.0009047411081538884,-2.7725389490711176,-1.1251912185682236,0.0004515272833628519,-1.1036906471901269,-2.8839089948656698,0.0003046752142108516,-2.838065329229469,-1.6066616256927913,0.0014618461722562053,-1.5599427186898638,-1.1589073008429316,0.0020771760076220714,-1.0954982831116666,-0.7244842145814179,0.003978234507334481,-0.6551476384397461,-1.498247345727941,0.0012184179753463214,-1.4539468624712866,-0.9241985555536765,0.0008356916149686879,-0.8602700061688521,-1.7220091859000157,-0.000732431610854044,-1.6887950757694687,1
2020-06-29,1.1113953569652064,0.002542697897549127,1.185996761459298,1.2392124825112854,0.000970104016249695,1.2926327366881951,0.7181932086263199,0.000474123527050972,0.7396937800044165,0.18340472113045628,0.0003156707282210656,0.22924838676665707,0.6185518486220674,0.0014910341748549125,0.665270755624995,0.5247961294018227,0.002100295848954064,0.5882051471330878,1.2031657618300824,0.004105468836679961,1.2725023379717542,0.6232400624851745,0.001244896494302762,0.6675405457418289,0.39946360215965515,0.000850142180814192,0.46339215154447955,0.7565565551514575,-0.0006876855808841432,0.7897706652820045,1
2020-06-30,0.3549696285216922,0.0025581364561548968,0.4295710330157838,0.7066332930849488,0.0010072692286244994,0.7600535472618585,0.9262709576991442,0.0005032768616517666,0.9477715290772409,0.5442516131897611,0.0003451445978938617,0.5900952788259619,0.4603273018572937,0.0015122187861971194,0.5070462088602213,1.3349307630849616,0.0021626597278359273,1.3983397808162268,1.6491402557184012,0.004280207789213931,1.718476831860073,0.5157992514869711,0.0012664622255052567,0.5600997347436255,0.3840823870127688,0.0008639637315303824,0.4480109363975932,0.4109635106748014,-0.0006618533491891936,0.44417762080534845,1
2020-07-01,-0.17193811305917653,0.0025463337445782515,-0.097336708565085,0.8055734935165464,0.0010493974076785071,0.8589937476934562,-0.16883638626550085,0.0004972263960574826,-0.14733581488740413,-0.4861790580282697,0.00032166889849324985,-0.440335392392069,0.9451593774975121,0.00155727550269687,0.9918782845004397,0.256644038737106,0.0021724343715834745,0.320053056468371,0.8384757201606885,0.004366670917799088,0.9078122963023603,0.14477929328045497,0.001271478543183457,0.18907977653710933,-0.11957222905862534,0.0008596798681660417,-0.055643679673800954,-1.1447241082206272,-0.0007200042495141011,-1.1115099980900802,1
2020-07-02,-0.07460140449409153,0.002539597411920637,0.0,0.931664345472848,0.001097861434451091,0.9850845996497577,0.32682034332958754,0.0005070295740731795,0.3483209147076842,0.12230915630088592,0.00032941029305407984,0.16815282193708672,0.17581323526979822,0.0015641351980872362,0.22253214227272594,0.35367360490362715,0.002186847325539043,0.4170826226348922,1.8881761679313351,0.004565482215054483,1.957512744073007,0.5397280287298306,0.001293917011834419,0.584028511986485,-0.36108921991729015,0.0008467946361118339,-0.29716067053246575,0.38338258033700534,-0.0006957057797283562,0.4165966904675523,1
2020-07-06,1.3019741245113132,0.002603477539174659,1.3765755290054047,0.9748975500855008,0.0011483126013762431,1.0283178042624106,1.1602035746179544,0.0005433128731316779,1.1817041459960511,1.2616174589750733,0.0003951742658183936,1.3074611246112742,0.5117728207313865,0.0015874908061237212,0.5584917277343142,1.1147721784541682,0.0022378756682796094,1.1781811961854334,3.2489440066832405,0.004909092913785991,3.318280582824912,0.5952954892510774,0.00131868554455346,0.6395959725077317,-0.262782110775179,0.0008374784661674962,-0.19885356139035462,0.31288809939109674,-0.0006753148890093853,0.3461022095216437,0
2020-07-07,-0.23426587870946317,0.002588461377621072,-0.15966447421537164,-0.3834097666680336,0.0011282163157225642,-0.32998951249112396,-0.09684928335677595,0.0005394905896207047,-0.07534871197867923,-1.5063712954106672,0.00031989623924673377,-1.4605276297744663,-1.039901735595785,0.0015345686441413508,-0.9931828285928572,-0.6998282222717462,0.002201386423860455,-0.6364192045404812,0.2587568901631379,0.004931247112756532,0.3280934663048097,-1.122251958736401,0.0012678424630230836,-1.0779514754797468,4.958739757668995,0.0010136789522912546,5.022668307053818,-1.3082015411654169,-0.0007417125774177173,-1.27498743103487,1
2020-07-08,1.1239216866694872,0.002642796595880763,1.1985230911635787,0.41355900911043214,0.001149354271910674,0.4669792632873418,0.22215846755587373,0.0005457910900156526,0.24365903893397045,0.5037370218450897,0.0003469182851357308,0.5495806874812905,0.06786166087620393,0.0015361496602493906,0.11458056787913165,1.1402873579482837,0.002253332333371993,1.2036963756795487,-0.49407344727672103,0.004873019429232644,-0.42473687113504927,0.2239633083287688,0.00127627326859763,0.26826379158542313,-1.5287415068675734,0.0009591250165729221,-1.464812957482749,-0.14704046672069157,-0.0007458362577449467,-0.11382635659014455,0
2020-07-09,0.14668850249303284,0.0026471353322293704,0.22128990698712436,0.45598119665245856,0.0011725650867032487,0.5094014508293682,-0.47269864113524424,0.000530110642776017,-0.45119806975714755,-1.1667454834123183,0.00028933338432469464,-1.1209018177761174,-1.0399670207002236,0.0014836357911936554,-0.993248113697296,0.31976655374151247,0.002265760819585409,0.3831755714727775,0.4425203082467944,0.0049146933482437,0.5118568843884661,-0.922235124827489,0.0012345515489260177,-0.8779346415708347,1.9067437279936528,0.0010262457014509486,1.970672277378477,-2.063869701676666,-0.00085189647226304,-2.030655591546119,1
2020-07-10,0.015405652821192797,0.0026447904699960136,0.09000705731528433,0.6281009743097586,0.0012044908074833713,0.6815212284866683,-0.09130531095615828,0.0005265274257229669,-0.06980473957806156,2.7843861987595404,0.00043131067375089694,2.8302298643957413,0.15169029808261686,0.0014894235459356497,0.19840920508554458,-0.22941958603498935,0.002251925452399564,-0.16601056830372432,2.585598449528779,0.0051834481046560835,2.654935025670451,0.061618807583479526,0.001235946562944523,0.10591929084013389,1.6352867135052216,0.001083449302494002,1.6992152628900459,1.5017831011375655,-0.0007682372949122231,1.5349972112681127,0
2020-07-13,-0.3119972485038333,0.002625889528970442,-0.23739584400974176,-0.9384141957789696,0.0011560395025419377,-0.8849939416020599,1.631746933153029,0.0005771042428402116,1.6532475045311257,0.6963076507896829,0.0004675178025660305,0.7421513164258837,-1.0440942056583653,0.0014371044205203822,-0.9973752986554375,-1.7539864703475092,0.002165622003623337,-1.690577452616244,-0.827789443308548,0.005089716247338046,-0.7584528671668762,-1.1420774552970696,0.0011849863653507623,-1.0977769720404154,-0.7215783687981145,0.001057511532627874,-0.6576498194132901,-0.021693394521706245,-0.000765627069870467,0.01152071560884077,1
2020-07-14,0.7769827878795439,0.0026620516970672406,0.8515841923736355,0.23682164083791796,0.001167859544415642,0.2902418950148276,1.5252521922562545,0.0006240807603078911,1.5467527636343512,0.25106163957331773,0.00048119906584953115,0.2969053052095185,1.5737869834868403,0.0015118718134368805,1.620505890489768,0.2749288002022317,0.0021760535878406952,0.33833781793349677,0.2552655124601302,0.005110745200201849,0.32460208860180195,1.3210748149514857,0.0012411335059390421,1.36537529820814,1.3604054514812844,0.0011046998253898665,1.4243340008661087,1.5934539370883527,-0.0006777884910215287,1.6266680472189,1
2020-07-15,0.2793160347161603,0.002672972457110588,0.3539174392102518,-0.18652605393026941,0.0011580538586263948,-0.13310579975335976,0.16895013157740735,0.0006284172644604311,0.19045070295550406,0.7554234808489387,0.0005200474775074874,0.8012671464851395,1.16753001639127,0.001566622998420972,1.2142489233941978,-0.14485392684758505,0.0021665610066797947,-0.08144490911632003,0.40473561919086215,0.005147395034303928,0.4740721953325339,0.9530359578279178,0.0012810668962228594,0.9973364410845722,-0.06955539452373745,0.0011016411508065643,-0.005626845138913054,0.5921621457938728,-0.0006431128630772864,0.6253762559244199,0
2020-07-16,-0.7078176023353625,0.002634269918111967,-0.633216197841271,-0.11912065572153412,0.0011517234721553106,-0.06570040154462446,0.5319005674180717,0.0006440474997651628,0.5534011387961684,0.09952901339787279,0.0005259592710608526,0.14537267903407358,-1.1639264261878326,0.0015087350834582436,-1.117207519184905,-1.1472992350572204,0.002109790059631221,-1.0838902173259555,-0.7917721526742615,0.005058263511303403,-0.7224355765325898,-0.9735053128657888,0.0012376594085581848,-0.9292048296091344,0.04833866755947287,0.0011027101172906193,0.11226721694429727,-0.4191712899027296,-0.0006617152947172965,-0.3859571797721826,0
2020-07-17,-0.17856470779061828,0.002622273716146521,-0.10396330329652675,0.011357340018842678,0.0011520377451797582,0.06477759419575232,0.03406703286017773,0.0006441156163205669,0.05556760423827444,-1.0035291485381352,0.00047692858394485455,-0.9576854829019344,0.7969142259932995,0.0015453976688985707,0.8436331329962272,-0.3425492249502726,0.0020912076616874144,-0.27914020721900756,-0.06605495074975487,0.005045570319118993,0.003281625391916873,0.4477677373548725,0.00125564866708487,0.4920682206115269,-0.3217385691202969,0.0010908995219106364,-0.2578100197354725,-0.8779194416554258,-0.0007042457854111239,-0.8447053315248788,1
2020-07-20,1.0098757778838028,0.002669707444053786,1.0844771823778945,1.5221405171154792,0.0012287131793916896,1.575560771292389,0.11719782435679361,0.0006467619254743522,0.13869839573489032,-0.49945152955557015,0.00045317926789541755,-0.4536078639193694,1.3463937586984884,0.00160821580033257,1.3931126657014161,2.2890147043314673,0.002196323361445387,2.352423722062732,2.262433664574998,0.005276096584516359,2.33177024071667,0.9931368172824264,0.0012969583173800471,1.0374373005390807,-0.21576750843758905,0.001082826637980281,-0.15183895905276468,-1.186685119373347,-0.0007626856354924593,-1.1534710092428,0
2020-07-21,-0.7848426198882645,0.0026274730889432963,-0.7102412153941731,-0.3109987143697845,0.0012125766713016336,-0.25757846019287484,0.05609109222219782,0.000647504121139804,0.07759166360029453,1.076877931465234,0.0005076215347511417,1.1227215971014348,-0.7960899121889009,0.0015682567269658916,-0.7493710051859732,-0.8005808641434564,0.0021561561420529703,-0.7371718464121914,-1.1876837270035363,0.005146083325613746,-1.1183471508618645,-0.64470774159826,0.0012679231853506745,-0.6004072583416058,0.42070375631159296,0.001096822835379878,0.48463230569641735,2.456492415159966,-0.0006310164871982733,2.489706525290513,1
2020-07-22,0.069959835505828,0.0026279377914522808,0.14456123999991954,0.23848911910146478,0.0012241545869593657,0.2919093732783744,0.1279107380306056,0.0006504588203439958,0.14941130940870231,-0.420825261911283,0.0004877993101308915,-0.3749815962750822,0.9590745313250214,0.0016122205704267416,1.005793438327949,0.7231563857169089,0.002187397081801748,0.7865654034481739,0.306903368208938,0.005172010162423569,0.3762399443506097,0.6810455514173536,0.001295660488358044,0.7253460346740078,0.12083654876776877,0.0011003958567360526,0.18476509815259315,-1.179556699827529,-0.0006889742590865422,-1.146342589696982,0
2020-07-23,-2.4168939656617434,0.002505120692933518,-2.3422925611676515,-1.6167205929755892,0.0011426192022812077,-1.5633003387986795,-0.24247556655141547,0.0006419977611588513,-0.22097499517331876,0.10629469332375568,0.0004940513335038228,0.15213835895995648,-0.6404571008757617,0.0015798596512244826,-0.593738193872834,-2.4439435146050887,0.0020708607938314957,-2.380534496873824,-1.2946976487661728,0.005031836275821103,-1.225361072624501,-0.4749136526789219,0.001274010338380614,-0.4306131694222675,-0.633566634317162,0.0010779746620113789,-0.5696380849323376,0.06835713291776867,-0.0006819518159550692,0.10157124304831568,0
2020-07-24,-0.20206968017162238,0.002492443504253381,-0.12746827567753083,-0.3397826512689611,0.0011253848616257158,-0.28636239709205147,-0.8469226115873874,0.0006150219073525281,-0.8254220402092908,-0.4119941987920757,0.00047479854644207515,-0.366150533155875,-0.5623187319356434,0.0015513715259269658,-0.5155998249327157,-0.398486231379879,0.0020500132922846256,-0.335077213648614,-1.6323808799749169,0.0048574718229408165,-1.563044303833245,-0.7358176829213328,0.0012413836698688427,-0.6915171996646784,-0.2890490921643604,0.001067499985039086,-0.22512054277953603,-0.33728913208018746,-0.0006959379244906703,-0.3040750219496405,1
2020-07-27,1.1450065736789126,0.0025462695600360977,1.219607978173004,0.6621477473972754,0.0011582380626965136,0.7155680015741851,-0.5474366253449106,0.0005973545278994298,-0.5259360539668139,-0.7728073136068128,0.00043795516352587813,-0.726963647970612,0.2921889557732818,0.0015634763085168053,0.33890786277620955,0.629908385404347,0.0020769615482881965,0.6933174031356121,2.060583492507062,0.005064739169379678,2.129920068648734,0.49574702230136475,0.0012611231558271757,0.5400475055580191,-0.0808661486894199,0.0010642103507791719,-0.016937599304595506,0.6920395531920864,-0.0006567695278768816,0.7252536633226334,0
2020-07-28,-0.9199704721854757,0.002498234575174281,-0.8453690676913842,-0.9107039113747853,0.0011126324756571256,-0.8572836571978756,-0.21860319491420907,0.0005898213944142252,-0.19710262353611235,0.1785624323271434,0.00044781974003462534,0.22440609796334418,-0.48593008395297066,0.0015387806220510183,-0.439211176950043,-0.5547369650585291,0.0020489766586671695,-0.49132794732726404,-1.0784327499863342,0.004948142051031887,-1.0090961738446624,-0.09600331376960537,0.001255744534492039,-0.051702830512951,0.24661612716879092,0.001072127765072035,0.3105446765536153,-0.6139151166638648,-0.0006849783358160312,-0.5807010065333177,1
2020-07-29,0.9118286557896779,0.0025403317177226173,0.9864300602837693,0.6183254516919714,0.0011431761036568343,0.671745705868881,-0.18520742189967546,0.0005833438631222044,-0.16370685052157877,1.2096264468543616,0.0005079255888694677,1.2554701124905625,0.4731538618469385,0.0015593788131574293,0.5198727688498662,0.48927502708065396,0.0020693027510010815,0.552684044811919,0.30780425620075785,0.004974333793451114,0.3771408323424296,0.515730879405906,0.0012761908099587166,0.5600313626625604,-0.665568597724443,0.0010489136539577318,-0.6016400483396186,0.5092230313789801,-0.0006554158496533561,0.5424371415095272,0
2020-07-30,0.5480755476239966,0.0025644117569774316,0.6226769521180882,0.4426485219208513,0.0011648651753782774,0.49606877609776096,0.1481780857497221,0.0005870315022627765,0.16967865712781882,-1.4274127681849609,0.00043942861992377676,-1.38156910254876,-0.09874082585779159,0.001553007046612364,-0.05202191885486387,-0.10633744634132675,0.002062114716872534,-0.042928428610061735,-0.2601526293296533,0.004942279407470428,-0.19081605318798153,-1.407264067173581,0.001215642822789271,-1.3629635839169267,-0.387055124653073,0.0010352856254347883,-0.3231265752682486,-2.4475873378156083,-0.000777335675932623,-2.4143732276850614,1
2020-07-31,5.312721060145574,0.002821005200917331,5.387322464639666,-1.7203266922126117,0.0010795895686933443,-1.666906438035702,-0.6310509261163713,0.0005670771197026977,-0.6095503547382747,-0.24861511399258246,0.0004284838647748273,-0.20277144835638164,-0.12826672697451283,0.0015452837307374393,-0.08154781997158511,0.23453354025883053,0.002070611209396098,0.29794255799009556,-1.0081973801742137,0.004834037378840633,-0.9388608040325418,-1.1736599923342343,0.001165201020147699,-1.1293595090775799,-0.4738804712796414,0.00101878153541197,-0.409951921894817,0.21364027531438332,-0.0007627799886965433,0.24685438544493032,1
2020-08-03,1.2220681898771848,0.002877086394889527,1.2966695943712763,-0.23081747343349074,0.0010681419857296534,-0.17739721925658108,0.8825346686348259,0.0005929943621069073,0.9040352400129225,-0.335133836425584,0.00041340567002658347,-0.2892901707893831,0.6588530238854031,0.0015743907062148136,0.7055719308883308,3.01476633903379,0.002206377717612035,3.0781753567650556,0.8639076325128336,0.004916934259537852,0.9332442086545054,0.046903758009174866,0.0011660980151162476,0.09120424126582924,-0.12120421517047526,0.0010142906529833327,-0.057275665785650874,0.16560297490991208,-0.0007507435496641584,0.19881708504045906,1
2020-08-04,0.26905781311709426,0.0028865889869357543,0.3436592176111858,-0.3779070880294328,0.0010495214259897518,-0.32448683385252314,-0.09459947089997851,0.0005893068544404298,-0.0730988995218818,-0.3421533723980893,0.0003980639057869326,-0.29630970676188845,0.2620625176781967,0.0015848517185552164,0.30878142468112446,-0.8848668395325103,0.002163339562913984,-0.8214578218012453,-0.03618229143256068,0.004908008875879617,0.03315428470911106,0.4581162730710214,0.001184158548235953,0.5024167563276758,1.2768846006361592,0.0010569991220356026,1.3408131500209834,1.3879161031031002,-0.0006766769210936066,1.4211302132336474,1
2020-08-05,0.11193431358823742,0.0028884300034208435,0.18653571808232897,0.14644487816256904,0.0010567040699377614,0.1998651323394787,0.6427898890549694,0.0006078255528386124,0.664290460433066,0.8536081070012055,0.000440395786019506,0.8994517726374063,2.274444371511619,0.0016888542356258498,2.3211632785145473,-0.1532167509734804,0.002153852730617508,-0.08980773324221537,-0.10211471772031877,0.004892449000247841,-0.03277814157864704,1.1421770455603775,0.0012306171554391418,1.1864775288170317,-1.0938501502000535,0.0010196963627533337,-1.0299216008152292,0.3969803731318177,-0.0006531911668564799,0.43019448326236476,1
2020-08-06,1.7208156292843089,0.002968034060862831,1.7954170337784006,0.8357932451873816,0.0010975674317488862,0.8892134993642914,-0.49620077468660717,0.0005920655000765433,-0.47470020330851054,-0.029860701993128028,0.00044006822225386944,0.01598296364307277,0.30310164628712444,0.0017008824050010576,0.3498205532900522,0.8130582714337345,0.0021883306194341434,0.8764672891649995,0.006255539472172332,0.0048879172223613935,0.07559211561384407,0.7709945693624226,0.00126142494501694,0.815295052619077,-0.32649228856674123,0.0010083439727825477,-0.26256373918191683,-0.2688943839979521,-0.0006634787046533836,-0.23568027386740512,0
2020-08-07,-1.2445993106426596,0.002904252669289639,-1.1699979061485681,-0.2757807941791373,0.0010839951357278254,-0.22236054000222766,0.5682941802364507,0.0006082550208124925,0.5897947516145473,1.0935343374955553,0.0004935851403399321,1.1393780031317562,-0.39101967978643765,0.0016807282699428622,-0.34430077278350996,-1.04243049657345,0.0021385140790198633,-0.979021478842185,-0.6786658918902766,0.0048143691779376375,-0.6093293157486048,-0.7703105543880425,0.0012282097515903987,-0.7260100711313883,0.29118732008303,0.0010177356513299297,0.3551158694678544,-0.25877464398626704,-0.0006732049575620544,-0.22556053385572,1
2020-08-10,0.6733623031808238,0.0029330409784986016,0.7479637076749154,-0.10603836829093129,0.0010787511356591926,-0.05261811411402163,-0.3394347242335934,0.0005972539388168818,-0.3179341528554967,0.6105513846919652,0.0005237456802729314,0.6563950503281659,-0.8869195215168424,0.0016377814140290197,-0.8402006145139147,-1.1529923456135036,0.0020839439587247107,-1.0895833278822387,-0.6478687460363558,0.0047442818416408225,-0.578532169894684,0.08682267440564907,0.0012305897870011496,0.13112315766230345,1.0248351203288328,0.0010515918266767496,1.0887636697136571,1.1790436390523795,-0.0006105687232401603,1.2122577491829265,0
2020-08-11,-1.6050147166138542,0.002852367783729316,-1.5304133121197627,-0.6065872530766506,0.0010492322275048613,-0.553166998899741,-0.614968869466159,0.0005780983309756298,-0.5934682980880625,1.590064947559288,0.0006004722482640057,1.635908613195489,0.8932128191552504,0.001677020950982816,0.939931726158178,-1.343319737616909,0.002021056954243035,-1.279910719885644,-0.836023372346066,0.004655668650297942,-0.7666867962043943,0.25389576511725087,0.00123984721597591,0.29819624837390524,-1.0077060479246924,0.0010175417877501256,-0.9437774985398679,0.475423332327914,-0.000583542649904317,0.508637442458461,1
2020-08-12,1.6356468103279496,0.0029271999482496426,1.7102482148220413,0.8637745144168076,0.0010910664956932745,0.9171947685937174,1.495406284866748,0.000621755585869539,1.5169068562448447,-0.48469009606066343,0.000578115335377687,-0.4388464304244627,-0.19522764373619508,0.0016660684398827077,-0.14850873673326737,1.5001162913456125,0.002086441604075141,1.5635253090768777,3.161366451107805,0.004967443837715372,3.2307030272494766,0.2493928718335196,0.0012488738253927847,0.29369335509017397,0.8977386699541862,0.0010470063181973574,0.9616672193390106,-0.04437835488725754,-0.0005826640867250936,-0.011164244756710526,1
2020-08-13,0.8361124108228554,0.0029634902547708967,0.910713815316947,0.26410825151734324,0.00110372546448731,0.3175285056942529,-0.9407530013372127,0.0005929756780220591,-0.919252429959116,-0.3325089829091398,0.0005630904424092136,-0.28666531727293904,-0.2823927853308799,0.001651175557531466,-0.23567387832795222,-0.19161500156374717,0.002075559791909503,-0.12820598383248216,0.9794805111096034,0.005059918546905448,1.0488170872512752,-0.30380486182745564,0.001235157432612122,-0.2595043785708013,0.21808042705204017,0.0010537862222332816,0.28200897643686457,-1.2387502504803527,-0.0006414173875273549,-1.2055361403498055,1
2020-08-14,-0.12045913648300909,0.002954042666477765,-0.04585773198891755,-0.4564995344564168,0.0010815953239668929,-0.4030792802795071,0.11293655914078782,0.0005954980748985053,0.13443713051888453,-0.02562071076580874,0.0005626677003922423,0.02022295487039206,0.053541882484121256,0.001651711575504911,0.10026078948704897,-0.010956233506793568,0.0020728215733694802,0.052452784224471444,0.3818565624986787,0.005092438836712332,0.4511931386403505,-0.3291908222267182,0.0012204692008630925,-0.2848903389700639,0.3575051243775426,0.0010651453677706056,0.421433673762367,0.18419914904682652,-0.000629017799900222,0.21741325917737353,1
2020-08-17,-0.20895089640135497,0.002940436857999139,-0.13434949190726345,0.33902219043634413,0.0010978169238860813,0.3924424446132538,0.3977807749226646,0.0006064113649672356,0.4192813463007613,-1.4107984084220186,0.0004968312014964453,-1.3649547427858177,0.5160691403011014,0.0016733358438068462,0.5627880473040291,0.2981514248259275,0.0020839053428767245,0.3615604425571925,2.688568650184771,0.005353901288322314,2.7579052263264425,0.8052983668051805,0.0012521751897776694,0.8495988500618349,1.6122575960321617,0.0011178574536227562,1.676186145416986,-0.6711939028889579,-0.0006591744674626121,-0.6379797927584109,1
2020-08-18,0.3541996448179109,0.002953588556643939,0.4288010493120024,1.2728688765192633,0.00115874318973622,1.326289130696173,0.5903934804508052,0.0006229398536425183,0.6118940518289019,-0.7675892523394647,0.0004616176958955548,-0.7217455867032639,0.07827516416229677,0.0016749402645828298,0.12499407116522449,0.2515210108682621,0.002092857030825756,0.3149300285995271,0.6206500204962625,0.005409204880779318,0.6899865966379343,-0.17040106436777722,0.0012439848417180848,-0.12610058111112285,-0.5502051866453532,0.0010991223426289464,-0.48627663726052883,-0.2756013811187182,-0.000669579067935742,-0.2423872709881712,0
2020-08-19,-0.010028023547361604,0.002949455289441748,0.06457338094672993,-0.41857253931987454,0.0011384551315047372,-0.3651522851429649,0.14416470649411675,0.0006262877160704477,0.16566527787221347,0.07527623923991232,0.00046618666223715503,0.12111990487611311,0.18007821450713646,0.00168115642580744,0.22679712151006418,-0.39546098940669344,0.0020730035270676017,-0.33205197167542844,-0.18100270312925076,0.005385007158157321,-0.11166612698757902,0.5514767715529183,0.0012651659553943521,0.5957772548095727,-1.328865436551671,0.0010549066302889068,-1.2649368871668467,-0.5783894552271539,-0.000694902242155228,-0.5451753450966069,1
2020-08-20,1.0672746584084591,0.0029961541645889757,1.1418760629025508,0.9883825597818504,0.001185410329886986,1.0418028139587603,0.5460803266109948,0.0006413899565511943,0.5675808979890915,-0.6657439752837706,0.0004359931563935523,-0.6199003096475698,0.746939939134146,0.0017130026340267399,0.7936588461370737,1.2102753100754486,0.002124456261788745,1.2736843278067138,1.5464639422990023,0.005531248491934753,1.615800518440674,0.8971422435768106,0.0013002553645575653,0.941442726833465,-1.0934819703243728,0.0010186169592741553,-1.0295534209395483,-0.7838544360371931,-0.0007302355893315125,-0.7506403259066461,1
2020-08-21,2.5772946661356975,0.003113676076817064,2.6518960706297894,-0.07534488090432068,0.0011814963012854935,-0.02192462672741103,0.7119598576977765,0.0006612653011534327,0.7334604290758732,-0.07243343529717007,0.00043369392743374533,-0.026589769660969275,-0.081687325871512,0.0017072758394855508,-0.03496841886858428,-0.46131269787529144,0.002101709123508827,-0.3979036801440264,0.5227847127029274,0.005576095170475033,0.5921212888445991,-0.05016710650320509,0.0012968698260450722,-0.005866623246550725,0.5375436447603308,0.001035807704209556,0.6014721941451552,-0.4024464611737279,-0.0007466331364453949,-0.36923235104318086,1
2020-08-24,0.5408722091281658,0.003135044320956146,0.6154736136222574,0.2558185011805276,0.0011933290956477184,0.3092387553574373,0.19694373691542422,0.0006660345666167015,0.21844430829352093,1.4117822625320906,0.0005006522239874359,1.4576259281682915,0.993518125416088,0.0017500130838636696,1.0402370324190158,0.1087502998920779,0.002104230427131362,0.1721593176233429,-0.49900447002399784,0.005520467388787276,-0.42966789388232607,0.6245320907679429,0.0013207166122899776,0.6688325740245973,-0.23277820891972895,0.0010278007896428994,-0.16884965953490455,1.4188807103740433,-0.0006735613730018912,1.4520948205045903,1
2020-08-25,-0.49677088068630626,0.0031077218866307197,-0.42216947619221473,0.6107359271181168,0.0012219203108916534,0.6641561812950264,-0.07052304160898258,0.0006630043547196418,-0.04902247023088587,0.18183647203783557,0.000510042704950801,0.22768013767403636,0.5805398029897471,0.0017739851481882903,0.6272587099926747,0.6486067489666917,0.0021305076179153914,0.7120157666979567,0.04237120522751055,0.005518099397935679,0.11170778136918229,0.44596673636875234,0.0013372628738857683,0.4902672196254067,-0.4588319352979378,0.001012480247988714,-0.3949033859131134,-1.5952284027531924,-0.0007484167138553287,-1.5620142926226455,1
2020-08-26,0.6252274966962591,0.0031329421580560315,0.6998289011903506,1.158948016317024,0.0012762850849557632,1.2123682704939338,0.10930664006887116,0.0006652046210064977,0.13080721144696786,-0.772213083269861,0.00047509063929688665,-0.7263694176336603,0.4714868966285319,0.0017929529129275246,0.5182058036314595,1.1198716847866175,0.0021773567882571654,1.1832807025178826,1.5102702854315169,0.005659080388934782,1.5796068615731886,0.5772501326782319,0.0013589998265975689,0.6215506159348863,-0.024210490435436723,0.0010113350937007168,0.039718058949387666,-1.0805979911919084,-0.0007977757262400818,-1.0473838810613614,1
2020-08-27,-0.6897933486956506,0.0030967608683780015,-0.6151919442015591,-0.5362959174990015,0.0012504562629102771,-0.48287566332209186,0.348553691316478,0.0006743169875860637,0.37005426269457464,1.6574388587556033,0.0005528466582813725,1.7032825243918042,0.713977702719166,0.0018226749590520119,0.7606966097220937,1.2804228237552677,0.0022310158795832303,1.3438318414865327,0.9091098271304675,0.005740823791374804,0.9784464032721393,0.17498062448973115,0.001364522544763705,0.21928110774638548,3.297473407910275,0.001117712360241278,3.361401957295099,-0.3653465210831366,-0.0008120462636558215,-0.3321324109525896,1
2020-08-28,-0.15796028864936926,0.0030854770788843492,-0.08335888415527773,0.287301916053753,0.0012634917794678774,0.34072217023066265,0.33605346672060876,0.0006830249235541714,0.3575540380987054,0.16659509106312156,0.0005613405910034312,0.21243875669932236,1.4775299611088857,0.0018863225078233085,1.5242488681118134,0.4994165627978208,0.002250279969754954,0.5628255805290858,-0.3480871304444097,0.005700000530055946,-0.27875055430273793,1.2836885674584408,0.0014143138515292518,1.327989050715095,1.9261663435132417,0.0011793000918137425,1.990094892898066,1.1432956794110267,-0.000752913445213242,1.1765097895415737,1
2020-08-31,1.6705378675410971,0.0031590493138803836,1.7451392720351888,-0.3605372291037061,0.0012460644611923387,-0.30711697492679646,-0.14555343273865426,0.0006778224359472787,-0.12405286136055756,-1.34555317296428,0.0005000862424775427,-1.299709507328079,-1.2080874081044115,0.0018301269754380978,-1.1613685011014838,-0.8715479124354439,0.0022096694362095316,-0.8081388947041789,3.0248051898723562,0.005986370588243275,3.094141766014028,-1.0769836932744976,0.0013697791889247118,-1.0326832100178434,-0.8296353794980855,0.001151819284717012,-0.7657068301132611,-0.9403491375465803,-0.0007951070958277014,-0.9071350274160334,1
2020-09-01,1.975199528628685,0.0032463671742215174,2.0498009331227767,0.7440137239387639,0.0012804290705942562,0.7974339781156735,-1.0425748041235636,0.0006468746560165307,-1.021074232745467,-0.0716804291104738,0.0004977073612069061,-0.02583676347427301,-0.23983202349770968,0.0018171943554332716,-0.19311311649478197,0.35885163688541316,0.0022227776969983484,0.42226065461667817,-1.2188945359361405,0.005860934210540681,-1.1495579597944687,0.33987182597156124,0.001381793144253233,0.3841723092282156,4.599548830766001,0.0012989470233669038,4.663477380150825,-0.6616441453555878,-0.0008236164921655432,-0.6284300352250407,1
2020-09-02,-1.1407811982801006,0.003189443661439786,-1.0661797937860091,1.8613205488452946,0.001366812284694697,1.9147408030222044,1.2420168700505747,0.0006815508592345132,1.2635174414286714,0.7348272079239634,0.0005323419364291933,0.7806708735601642,0.52418027188261,0.0018381685030326822,0.5708991788855377,0.9913860227176996,0.002263275128886858,1.0547950404489645,-1.5037344029367823,0.00570860998381532,-1.4343978267951105,0.8341834071646853,0.0014133579967577782,0.8784838904213397,-0.018750099160607676,0.0012973100896068012,0.04517845022421672,-0.3327785960740595,-0.0008361182178528736,-0.2995644859435125,0
2020-09-03,-4.194568481642382,0.0029921680929795792,-4.11996707714829,-2.655926093873563,0.0012423159415363937,-2.6025058396966534,-2.3274010976918014,0.0006140047358885712,-2.3059005263137045,-0.20882757814835254,0.0005236205640784191,-0.16298391251215172,-2.5530166975015973,0.0017230481204519794,-2.506297790498669,-3.4538505424621495,0.0021111183776332744,-3.3904415247308846,-2.2907765201418995,0.0054812471828272254,-2.2214399440002275,-2.1244069532731085,0.0013276922740893184,-2.080106470016454,-1.639182878198154,0.001243851873011801,-1.5752543288133298,-0.13366930811078234,-0.0008389737352458998,-0.10045519798023533,0
2020-09-04,-0.04053384466845912,0.002986659455485556,0.034067559825632414,-1.5609293468740204,0.0011693063412473595,-1.5075090926971106,-0.5535061403618475,0.000597377868550639,-0.5320055689837508,1.0730824019989251,0.0005734757204053005,1.118926067635126,-1.4236758790512225,0.0016582646829207339,-1.3769569720482948,-0.8316037817869604,0.002072946199438844,-0.7681947640556953,0.6153541481550786,0.005534041509286891,0.6846907242967503,-1.2765309504903275,0.0012759054609462635,-1.232230467233673,-0.9404449025009561,0.001212942497471595,-0.8765163531161317,-0.07095880995261755,-0.0008388034275384462,-0.03774469982207053,0
2020-09-08,-3.537629941076304,0.002820900933061843,-3.4630285365822124,-1.9064436849040476,0.0010806186586272363,-1.8530234307271378,-0.7633091052968065,0.0005748589697771149,-0.7418085339187098,-1.8462778801061508,0.0004901046431478883,-1.80043421446995,-0.8677962490860812,0.001618237758853796,-0.8210773420831535,-3.0241463235829906,0.001940472898700686,-2.9607373058517252,-5.2544630365419005,0.005024224800057658,-5.1851264604002285,-1.3726400980605205,0.0012205775160875308,-1.3283396148038662,-2.335878788575679,0.0011377569307571985,-2.271950239190855,-1.1666194301874255,-0.0008911402903268775,-1.1334053200568786,1
2020-09-09,1.977971590343031,0.002908113915496681,2.0525729948371225,0.7353818156623865,0.001114568918842235,0.7888020698392961,1.351696567431716,0.0006124921192895104,1.3731971388098128,0.446381429097276,0.0005113219436185148,0.49222509473347675,1.5396844135228351,0.001684045517834964,1.5864033205257628,2.267247899926615,0.002036103580902295,2.3306569176578797,2.6197115459895968,0.0052694230813240105,2.6890481221312683,1.1346457259764697,0.0012640309518795645,1.1789462092331242,0.7066602806008737,0.0011595529216664189,0.7705888299856981,-0.3296939580030883,-0.0009032179986454339,-0.29647984787254134,0
2020-09-10,-1.7545653596764927,0.002824654186242768,-1.679963955182401,-0.7496366813927056,0.0010798186299965935,-0.6962164272157959,-1.5661033752285953,0.0005673052313800997,-1.5446028038504986,-0.5796147482434558,0.00048591994600203286,-0.533771082607255,-1.1139212889743308,0.0016333707614346591,-1.0672023819714032,-1.596896993567334,0.001965553075699145,-1.5334879758360689,0.27074297171786726,0.005289482141198299,0.34007954785953903,-0.7837835499263955,0.001232074785962099,-0.7394830666697412,-1.6951349825286288,0.001105147226910737,-1.6312064331438045,-1.2652193958955362,-0.0009598608751537991,-1.2320052857649892,0
2020-09-11,-0.7502166473060516,0.002787292407548406,-0.6756152428119601,-0.3963606140122053,0.0010614984074980018,-0.34294035983529564,0.46930431094798586,0.0005798455801074208,0.49080488232608255,0.597212233032835,0.0005138704708259492,0.6430558986690358,-0.486451773374139,0.001610339332507494,-0.4397328663712113,-0.420527854112014,0.0019456690390760372,-0.3571188363807489,0.022148286574059987,0.005285797788275772,0.09148486271573172,-0.29983686329960163,0.0012191953769914601,-0.25553638004294726,-0.12351465404616654,0.0011006755336549975,-0.05958610466134215,-0.16622830174341027,-0.0009639424934868719,-0.13301419161286326,1
2020-09-14,1.46920009682611,0.0028508729569335207,1.5438015013202016,-0.28595633122921865,0.0010483357010381744,-0.232536077052309,0.2981678126603034,0.0005875027336043119,0.3196683840384001,0.6713008071153821,0.0005450339378732872,0.7171444727515828,1.3256201744504439,0.0016663764414632642,1.3723390814533716,0.3067781385760506,0.001956926126101453,0.3701871563073156,3.0283184871609596,0.0055674472577946135,3.097655063302631,1.2387764925410967,0.0012664104846695353,1.2830769757977512,0.2721025578087211,0.0011087010419812777,0.3360311071935455,-0.3532984448612443,-0.000976886051401358,-0.32008433473069725,1
2020-09-15,0.00568859676717565,0.00284786445908871,0.08029000126126719,0.8327644674832229,0.0010865079336405724,0.8861847216601325,0.28018349708006607,0.0005946183663205604,0.30168406845816276,-1.6575639953894463,0.0004711974889471242,-1.6117203297532454,0.03879868084074388,0.0016662098509847624,0.0855175878436716,0.8345440017075322,0.0019906081877024465,0.8979530194387972,1.698856056100135,0.005721898083307128,1.7681926322418067,0.07548063937425138,0.0012681212601573044,0.11978112263090575,-0.04235345237822016,0.0011067954701378631,0.021575097006604226,-0.5567947744011157,-0.0009994075802174814,-0.5235806642705687,0
2020-09-16,-1.5933804509346965,0.002772605422662156,-1.5187790464406048,-0.8164072381021983,0.0010490930284512312,-0.7629869839252885,-0.29426664573104405,0.0005855816127073796,-0.27276607435294736,0.17317350085131392,0.00047993976049313285,0.2190171664875147,0.3817461727655006,0.0016809184428775601,0.4284650797684283,-1.0412278409218108,0.0019444305839992366,-0.9778188231905458,-0.5072141870169616,0.0056672255332005815,-0.4378776108752899,-0.12009685558328055,0.0012622284384109774,-0.0757963723266262,-0.6572440707201903,0.001085597574613694,-0.5933155213353659,2.056430748838182,-0.0008983404937617579,2.089644858968729,0
2020-09-17,-0.8960849388644894,0.002729134421137936,-0.8214835343703979,-0.8959867575735001,0.001008221352858889,-0.8425665033965904,-0.7084075452987915,0.0005649928039676447,-0.6869069739206949,-0.63783370263642,0.0004522961798925577,-0.5919900370002192,-0.42630406571580076,0.0016605931324690153,-0.37958515871287307,-0.634616154301404,0.0019157044219237467,-0.5712071365701389,-1.090790748903831,0.00555780476739403,-1.0214541727621593,-0.0034442576411879743,0.0012608828852320297,0.040856225615466396,0.16987516252225254,0.0010904007700443211,0.2338037119070769,-0.04623561830252327,-0.0008968700603335833,-0.013021508171976254,0
2020-09-18,-1.7069435104444106,0.002649390304545523,-1.632342105950319,-1.2829773056125087,0.0009499253930459493,-1.229557051435599,1.1103985675009764,0.0005952994282282068,1.1318991388790731,-0.15615459085494884,0.00044631705777839226,-0.11031092521874805,-0.7054372021197468,0.0016283113351949759,-0.6587182951168191,-0.7431388105321141,0.0018825213874721464,-0.679729792800849,1.0190103946409974,0.005647278410142922,1.0883469707826692,-0.8202622885585604,0.0012279676768454104,-0.7759618053019061,-0.822744827359741,0.00106416800765306,-0.7588162779749166,-0.8274272595236659,-0.0009321495193306972,-0.7942131493931189,0
2020-09-21,1.4859743770733387,0.0027133079529408125,1.5605757815674302,-0.7876812505083032,0.0009143895630358899,-0.7342609963313935,-2.2881631531535103,0.0005307618555099357,-2.266662581775414,-1.6461204135246497,0.00037390115959920153,-1.6002767478884488,-1.2318323408032659,0.001573505881178982,-1.1851134338003382,0.523802077498152,0.0019029519481258872,0.587211095229417,0.3337618518660557,0.005672052620901722,0.4030984280077275,-1.5693230977849222,0.0011663147948167102,-1.525022614528268,0.9108465501104753,0.0010920961768680207,0.9747750994952997,-1.038959349596823,-0.0009771923873904576,-1.005745239466276,1
2020-09-22,0.7341432017719222,0.0027432677233118446,0.8087446062660137,1.0020622847106413,0.0009601005744917298,1.055482538887551,-0.5298572609942194,0.0005154056908283377,-0.5083566896161227,-0.6107863793995701,0.00034789673917034846,-0.5649427137633694,1.1733576384600362,0.0016223100491611598,1.2200765454629638,1.2552970997803772,0.0019540836830447034,1.3187061175116421,-1.4475914340636482,0.00552998119361056,-1.3782548579219764,0.8988593179031394,0.0011999193171924815,0.9431598011597938,0.6062994716434323,0.0011104241329064392,0.6702280210282567,-1.2490565089311179,-0.0010318639950483758,-1.2158423988005709,0
2020-09-23,-2.233163779913447,0.0026405336677281124,-2.158562375419355,-1.810373633454466,0.0008784788828518981,-1.7569533792775562,0.11069509087957427,0.000517887673442119,0.132195662257671,-0.8861179995730221,0.000309786355712814,-0.8402743339368213,-1.770538718238221,0.0015446740198520965,-1.7238198112352932,-1.8656268449232085,0.0018738941021466927,-1.8022178271919436,-2.6150475597158773,0.005279542369292284,-2.5457109835742058,-1.593856862670925,0.0011376725101563021,-1.5495563794142708,-1.3066776847471688,0.0010693103869095987,-1.2427491353623445,-1.6123109772204458,-0.0011032519587699545,-1.5790968670898988,1
2020-09-24,0.4538271618992828,0.0026580293130243943,0.5284285663933743,0.4326586303938185,0.0008983844717885611,0.4860788845707282,0.11046401676393816,0.0005203518760163733,0.13196458814203488,-0.09050929467648551,0.00030709710171210493,-0.044665629040284725,0.5612783554064475,0.001567138511559594,0.6079972624093752,0.646013457243079,0.0018993252681511305,0.7094224749743441,0.4115439449662364,0.005312236415221874,0.4808805211079082,0.001664361853151236,0.0011368237394219975,0.045964845109805606,0.32288919976642655,0.001078832812160626,0.38681774915125094,-0.13339817215448968,-0.0011053904573811674,-0.10018406202394267,1
2020-09-25,1.8560101987120712,0.0027377967882357326,1.930611603206163,0.5256554513076247,0.0009223831924366064,0.5790757054845344,0.5456431045059192,0.0005348204879428162,0.5671436758840159,0.4067577577764295,0.0003263992037581414,0.45260142341263027,0.5365203169738747,0.0015884435795373033,0.5832392239768024,1.1837317582577422,0.0019471221258498322,1.2471407759890074,1.171722979419052,0.005415443771740282,1.2410595555607238,0.4855442320202169,0.0011544702652495015,0.5298447152768713,0.24500467754115685,0.001085906051473018,0.30893322692598124,0.42568402005112865,-0.0010815237991629889,0.4588981301816757,1
2020-09-28,1.1536901398927006,0.0027860407499304424,1.2282915443867921,0.639270060383831,0.0009513725537910136,0.6926903145607407,0.8035376259748983,0.0005563274762136426,0.825038197352995,1.444117017843103,0.0003913594407714065,1.489960683479304,1.0215095714057858,0.0016303022414118698,1.0682284784087135,0.36322867016943,0.0019604737006616705,0.42663768790069506,0.7682861723695634,0.0054807637495212155,0.8376227485112352,0.8876913085767241,0.0011873691295519928,0.9319917918333784,-0.07473334991256918,0.0010830938499389307,-0.010804800527744787,0.9186911646034273,-0.001034895346323133,0.9519052747339743,0
2020-09-29,-0.4640370729720921,0.002762455988552538,-0.3894356684780006,0.20320457366960698,0.0009606992099156766,0.25662482784651663,-0.04967617903082534,0.0005542858057139042,-0.02817560765272863,-0.4819378614323611,0.00037128054854442444,-0.4360941957961604,-0.38896154370709524,0.001612049048063656,-0.34224263670416755,-0.6330975901284354,0.0019322976796300546,-0.5696885723971703,-0.1938249461286523,0.005456759915432218,-0.12448836998698054,-0.3073576809772312,0.0011746575147404987,-0.26305719772057684,-0.12331698354898041,0.0010788007028366257,-0.05938843416415601,-1.4688289815709121,-0.0010989849270201532,-1.4356148714403651,1
2020-09-30,0.7012013170148585,0.0027904406531890475,0.7758027215089501,-0.0679892415737687,0.0009578647653289976,-0.014568987396859055,1.0041961209808707,0.0005811533824444777,1.0256966923589674,0.453683155176561,0.0003923651202646801,0.4995268208127618,0.2626757211467154,0.0016214994637064576,0.30939462814964314,0.7472974497035735,0.001961570743529969,0.8107064674348385,0.5145672559759982,0.005498265279975046,0.5839038321176699,0.1148150172899607,0.0011780269601109413,0.15911550054661505,1.4325150695521387,0.0011222541254540914,1.496443618936963,0.038577044996915805,-0.0010931719553320613,0.07179115512746283,1
2020-10-01,0.3608686695314338,0.0028033018500184846,0.43547007402552534,0.7204317411805436,0.0009901950717158502,0.7738519953574533,-0.8899279775647425,0.0005560749983779473,-0.8684274061866458,0.3306188408035543,0.00040796400312491404,0.37646250643975515,0.7777482731948299,0.0016526896505112232,0.8244671801977576,0.4908543510815541,0.001980086377005241,0.5542633688128191,1.0295301700816901,0.005587016943214321,1.098866746223362,0.9678502647116748,0.0012136840863881959,1.0121507479683292,1.6147233637482228,0.0011710872686574005,1.678651913133047,-1.7535289248178774,-0.0011699562185218061,-1.7203148146873304,0
2020-10-02,-1.7357489602982594,0.002723927676248007,-1.6611475558041677,-1.157499193938458,0.0009388406162794692,-1.1040789397615485,-0.6290721293546614,0.0005382310805857612,-0.6075715579765647,0.44533317206410566,0.0004285052836212078,0.49117683770030646,-0.755658647863536,0.0016190370113857951,-0.7089397408606083,-1.6786161659295404,0.0019088384316972642,-1.6152071481982755,-1.8858739163483116,0.005407429366829182,-1.8165373402066398,-0.6008515950854719,0.001189910254141159,-0.5565511118288176,-1.3998650003423485,0.0011276416982841718,-1.3359364509575242,-0.2560419833458151,-0.0011775527740597548,-0.22282787321526812,1
2020-10-05,1.509922669750898,0.0027872847353325506,1.5845240742449895,0.8980032752511341,0.0009789492228010172,0.9514235294280439,1.106302253920099,0.0005677340093237689,1.1278028252981958,1.0484359488805595,0.00047524973886625785,1.0942796145167601,0.652726644746124,0.0016448285972231662,0.6994455517490515,1.0487942603203286,0.0019504011088470005,1.1122032780515938,0.5587164410731712,0.005452813345210511,0.628053017214843,0.5739419349061081,0.0012105302955968168,0.6182424181627625,0.6215870159338546,0.0011459828532054265,0.685515565318679,1.1009103099030566,-0.001122876030498499,1.1341244200336038,0
2020-10-06,-1.5499530842447955,0.002716435843440002,-1.4753516797507038,-1.144457552109277,0.0009284289574478058,-1.0910372979323673,-1.1229741757828682,0.0005365221285034822,-1.1014736044047715,-0.5790493440399671,0.000450983392360026,-0.5332056784037664,-0.9558560159293902,0.0016029360281580056,-0.9091371089264625,-1.2262971988538909,0.001898154327027183,-1.1628881811226257,-0.7459563827040026,0.005378628194631379,-0.6766198065623308,-0.9533656803436124,0.0011736117568370362,-0.909065197086958,-0.6752427150296043,0.0011248179435915792,-0.6113141656447799,-0.543745765093982,-0.0011437107228452344,-0.5105316549634349,1
2020-10-07,0.7985314098432967,0.002748459730706922,0.8731328143373883,0.2311891611972882,0.0009389179023324442,0.28460941537419787,0.8964438457825897,0.0005602060888269787,0.9179444171606864,0.8573633269198515,0.0004891737239295493,0.9032069925560524,0.9813739717867199,0.0016424215779346394,1.0280928787896475,0.9785243273955764,0.0019366690365029448,1.0419333451268413,0.6038098031817735,0.005427989248724768,0.6731463793234452,0.5591323461238302,0.001193619977423803,0.6034328293804846,0.07304133231915652,0.0011264447715164454,0.13696988170398092,0.12891559837887337,-0.0011337376440642094,0.16212970850942038,1
2020-10-08,-0.12379021651342847,0.002740154088604907,-0.04918881201933695,0.793231244970062,0.0009741376348664989,0.8466514991469717,0.544566960548962,0.0005742642603170892,0.5660675319270587,1.0183575649200567,0.000534165099098255,1.0642012305562576,0.2108538392150829,0.0016495097585414677,0.25757274621801063,0.13222469155110642,0.0019403411468290378,0.19563370928237142,-0.033449700774700684,0.005419087441124436,0.035886875366971056,0.10654677182000512,0.0011965919832539345,0.1508472550766595,0.18323965727116914,0.0011313992957937282,0.24716820665599354,2.5524361214475166,-0.0010133979635293907,2.5856502315780636,1
2020-10-09,0.8205972730787796,0.002772940899026906,0.8951986775728711,0.8729601676864707,0.0010127067990910212,0.9263804218633804,1.1362900464588288,0.0006042320363402006,1.1577906178369255,-0.34086792658770854,0.0005202218409314678,-0.29502426095150774,1.0780091366456048,0.001692746332707992,1.1247280436485325,1.29591314943923,0.001991562357116768,1.3593221671704951,0.3976751986363606,0.00544940441649995,0.46701177477803235,1.0354139202850217,0.0012342531335491269,1.0797144035416761,0.6802919206699504,0.0011513405615548393,0.7442204700547748,-0.7590344121748405,-0.0010441239722436537,-0.7258203020442934,1
2020-10-12,3.194193974174477,0.0029085382133787955,3.268795378668569,1.769561127348649,0.001090454289051845,1.8229813815255587,0.45611998217872896,0.0006157470373730408,0.47762055355682564,0.5885295047026131,0.0005464112673162796,0.6343731703388138,-0.09995900178742217,0.0016867515159532918,-0.05324009478449445,1.3542655326024347,0.002044934719151055,1.4176745503336996,0.40145692189714693,0.005479928949418361,0.4707934980388187,-0.11384704024841191,0.0012289056471375692,-0.06954655699175755,0.6988408418306759,0.0011717516537936917,0.7627693912155002,-0.1890537367844409,-0.0010488614216915893,-0.1558396266538939,0
2020-10-13,-1.439716076095564,0.0028429792113860907,-1.3651146716014724,0.027190486325395516,0.0010915556687893918,0.08061074050230517,-1.9209674382043849,0.0005633313441743254,-1.8994668668262882,-0.884802139857475,0.0005091036611799616,-0.8389584742212742,-0.9910445396805665,0.0016437704645792615,-0.9443256326776388,0.2975218673780926,0.00205506756083672,0.3609308851093576,0.17277421564384066,0.005489628290030503,0.2421107917855124,-0.6477412330931227,0.0012037245606432813,-0.6034407498364683,0.9530109604734832,0.0011997125210823907,1.0169395098583076,-0.6158803506513199,-0.0010728933120712758,-0.5826662405207728,0
2020-10-14,-0.03634418769982849,0.002838313545407566,0.03825721679426305,-0.17123475486386203,0.0010839822636999161,-0.11781450068695237,-0.16674328483528023,0.0005581850670084375,-0.1452427134571835,-0.33352594464475266,0.0004956241886294421,-0.2876822790085518,-0.5335411288474179,0.001619941487466761,-0.48682222184449025,-0.5545970104957549,0.0020305573823962398,-0.4911879927644899,0.7381082551492064,0.005550317378533486,0.8074448312908782,-0.6656310525584199,0.0011779914828540894,-0.6213305693017656,-1.22414849838944,0.001162246238959827,-1.1602199490046157,-0.13388889358341144,-0.0010750549009538352,-0.10067478345286444,0
2020-10-15,-0.2784304264568164,0.0028232377127406275,-0.20382902196272493,-0.31268213735446143,0.0010702758184334767,-0.2592618831775518,-0.530747521858834,0.0005433231145937354,-0.5092469504807373,0.7290440183337225,0.0005277118505165679,0.7748876839699232,-0.6929089340604782,0.0015896278917183317,-0.6461900270575505,-0.3607755879559594,0.002014008042637165,-0.2973665702246943,-0.7321340372550182,0.005478312445476163,-0.6627974611133465,-0.829079877945057,0.001146320237818576,-0.7847793946884026,0.23974439572948011,0.0011687575278553715,0.30367294511430454,0.3991201971357755,-0.0010531931615806933,0.43233430726632255,0
2020-10-16,-0.7950750228545531,0.002786016985076447,-0.7204736183604615,0.34646994791863045,0.0010853032347610681,0.3998902020955401,0.4908948210148035,0.0005557992680114733,0.5123953923929001,-0.1527404702137179,0.0005219763377188383,-0.10689680457751709,0.08473212904690086,0.0015915348459813658,0.13145103604982858,-0.06340901773126502,0.0020095522726313307,0.0,-0.5744291804882115,0.005420799186814559,-0.5050926043465398,0.16875361083680643,0.001151655774407088,0.2130540940934608,0.028341387854659842,0.0011689271287010936,0.09226993723948423,-0.533223971729006,-0.0010733402726976515,-0.500009861598459,0
2020-10-19,-1.3889882209407476,0.002723483416161321,-1.3143868164466561,-1.2781215779025181,0.0010297503365780882,-1.2247013237256086,-2.1368236520838964,0.0004982292639821796,-2.1153230807058,-0.9179796271884608,0.0004836374588415008,-0.8721359615522599,-1.2679184058272803,0.0015377445749176007,-1.2211994988243526,-1.418878458269944,0.0019504454710484202,-1.355469440538679,-0.5642950176276955,0.005364448605068455,-0.49495844148602375,-1.0280608950175547,0.001112847033672953,-0.9837604117609005,-0.9649942588609234,0.0011394986584735939,-0.901065709476099,-1.0146320486025464,-0.0011149916310192502,-0.9814179384719993,1
2020-10-20,0.604251805219655,0.0027465412649862945,0.6788532097137465,0.648996583248845,0.0010579027962137905,0.7024168374257547,0.11060974130819642,0.0005006429402794671,0.13211031268629314,0.24985095363826718,0.0004951523971458529,0.295694619274468,-0.03864022383153975,0.0015346893402121006,0.008078683171387968,0.046476552281482834,0.0019505716330842058,0.10988557001274785,-0.5773071324629168,0.005307182005619716,-0.507970556321245,0.1776392931090048,0.0011185596455168666,0.22193977636565917,0.42842702696696117,0.001151626610268856,0.49235557635178556,0.3791319961261342,-0.0010940809670316385,0.41234610625668117,1
2020-10-21,-0.35485800870775247,0.002728535551657553,-0.28025660421366094,1.0912747189320666,0.0011050438217285376,1.1446949731089764,-0.37699163507630357,0.0004901154998678661,-0.3554910636982069,-0.5616543711807688,0.0004721674036844912,-0.515810705544568,0.2280526263684049,0.0015425790531751063,0.27477153337133264,-0.025171501597228377,0.0019478201327358434,0.038237516134036635,-0.028495454593221434,0.005299164094774258,0.0408411215484503,0.17679564198378103,0.0011242161823807257,0.22109612524043537,0.19349824191574844,0.001156732108376522,0.25742679130057283,-0.8218207586213903,-0.0011268932682050258,-0.7886066484908432,1
2020-10-22,-0.5677698701683536,0.002701535590682822,-0.493168465674262,0.6094215769259341,0.0011312012707602047,0.6628418311028438,0.6406706034588119,0.0005065620309821577,0.6621711748369086,1.782889612300397,0.0005485934946868965,1.828733277936598,-0.017759872967340856,0.001540380608003211,0.028959034035586858,-0.04046783520035468,0.00194446780598939,0.02294118253091034,0.1141387378029279,0.005303887561039331,0.18347531394459962,-0.1770674819156339,0.001116888523991138,-0.13276699865897953,-0.5000533384133109,0.0011412861793930519,-0.4361247890284865,2.4898727878332663,-0.0010119953945372689,2.5230868979638132,0
2020-10-23,-0.3902591780773979,0.0026822018411057163,-0.3156577735833063,0.7797544547967978,0.0011645726838645108,0.8331747089737075,0.06993217043784047,0.0005078676374552839,0.09143274181593719,0.42216243232131,0.0005671735112014259,0.4680060979575108,-0.6880170751969549,0.0015108387321047486,-0.6412981681940272,0.2778683882896579,0.001953857353990554,0.3412774060209229,-0.36766420027176,0.005265764061440546,-0.2983276241300883,-0.03826577160544441,0.0011146650898056236,0.006034711651209965,0.09092580413160915,0.0011433624738199223,0.15485435351643353,-1.0214686998644664,-0.001053720392211676,-0.9882545897339194,0
2020-10-26,-0.070132937537573,0.002676535096987833,0.004468466956518529,-1.5698845693257149,0.0010969277147605697,-1.516464315148805,-0.7462300932135352,0.0004876658293754609,-0.7247295218354385,-1.3275653206850364,0.0005118810115327093,-1.2817216550488355,-1.9256099842074121,0.0014310302351017033,-1.8788910772044844,-1.6200609533600885,0.0018874916367481757,-1.5566519356288233,-0.08982073335905462,0.0052524499484764954,-0.020484157217382882,-1.538217485923224,0.0010577591190191226,-1.4939170026665698,-0.9343386677015,0.001115214532095608,-0.8704101183166756,-1.2002019269135344,-0.0011031926077925737,-1.1669878167829875,0
2020-10-27,0.6187037262524883,0.0027000558969638025,0.6933051307465797,0.4149591481779061,0.0011146017442528763,0.46837940235481573,-0.4935329081830049,0.0004741948247890266,-0.4720323368049082,-1.022577459280919,0.0004696636880462808,-0.9767337936447181,-0.20687245549421474,0.0014214051689526068,-0.16015354849128702,0.7624623101583617,0.0019162542333639664,0.8258713278896268,0.18838725421742664,0.005263815329468391,0.2577238303590984,-0.977840503329178,0.0010214894301069455,-0.9335400200725237,0.3061005376185772,0.0011236660955727994,0.3700290870034016,-0.8153484006915963,-0.0011354125941117918,-0.7821342905610492,0
2020-10-28,-2.457858868809563,0.002593507055466198,-2.383257464315471,-2.8551908048952304,0.0009924208694762542,-2.8017705507183206,-2.794715578491705,0.0004004215469375135,-2.7732150071136084,-1.5000451484996857,0.000407581191685972,-1.4542014828634848,-4.397320337719306,0.0012419259671306265,-4.350601430716379,-2.7762677863599485,0.0018043346893339468,-2.7128587686286836,-1.1510013113068152,0.005156852741381368,-1.0816647351651434,-2.939726198263868,0.0009141528671168986,-2.8954257150072134,-1.5315049759443862,0.0010781610158236358,-1.4675764265595619,-1.9076417027526613,-0.0012157409266304014,-1.8744275926221143,1
2020-10-29,1.8320309867469182,0.002668250949821879,1.90663239124101,1.4978173156833523,0.0010564297986839619,1.551237569860262,-0.7223261043614784,0.00038120992581737776,-0.7008255329833817,0.2920066402321003,0.00042085252888017055,0.33785030586830117,0.2845079701594261,0.0012526319952617514,0.33122687716235377,0.48748334672365967,0.001822254512934892,0.5508923644549247,0.2222987895077452,0.00517136434360462,0.29163536564941694,1.2799759256932972,0.0009601423142905677,1.3242764089499515,-0.1273836443863944,0.001073964380989504,-0.06345509500157002,2.1492729064338545,-0.0011169087402739723,2.1824870165644015,0
2020-10-30,-2.9573042020805307,0.0025412247952906817,-2.8827027975864388,1.8814594205096344,0.0011364888988025686,1.934879674686544,-0.06981640934156731,0.0003791229407592799,-0.0483158379634706,0.41769717953141794,0.0004393212755885832,0.4635408451676187,-0.8770153621052871,0.0012164031635874563,-0.8302964551023594,-0.6649297125866201,0.0017945214829539124,-0.6015206948553551,-1.4349406678420213,0.005040099372753755,-1.3656040917003496,-1.0678288406028564,0.0009210666282744868,-1.023528357346202,-0.6834434313614527,0.0010535403747387573,-0.6195148819766283,-0.5556726364343604,-0.001137469156899629,-0.5224585263038134,1
2020-11-02,-0.1171564550765653,0.0025339501267387186,-0.04255505058247377,0.2049544857709451,0.0011450065933661213,0.25837473994785476,0.933554973327594,0.0004031932281631137,0.9550555447056907,1.1212042880356403,0.0004870588939849654,1.1670479536718412,0.20034824038650995,0.0012237280378766284,0.24706714738943766,-0.10125408450101055,0.001789152174094996,-0.037845066769745535,0.7217649523807048,0.005098621461929987,0.7911015285223766,0.9541979823843567,0.0009550920304882659,0.998498465641011,0.8171025090615163,0.001076949037846044,0.8810310584463407,2.0337671088282123,-0.0010443019714997746,2.0669812189587593,1
2020-11-03,0.7155011412018082,0.002561578657338853,0.7901025456958997,0.614757104972973,0.0011708530190071582,0.6681773591498826,-0.13504235225746594,0.0003993717102942833,-0.11354178087936923,1.5860935359426114,0.0005539430275223312,1.631937201578812,0.9554918932779276,0.0012613736737098439,1.0022108002808552,1.0456529384764515,0.0018289680297745355,1.1090619562077166,1.3683366435665258,0.005213496452337883,1.4376732197081976,1.1225947724455625,0.0009950315691481587,1.1668952557022167,1.1919737059826239,0.0011111616264083675,1.255902255367448,-0.873011171652407,-0.0010788267833570138,-0.8397970615218601,1
2020-11-04,2.02685966161962,0.0026438901677540306,2.1014610661137114,3.042970290142983,0.0012992628807839788,3.0963905443198927,0.5170385518769293,0.000412487026573165,0.538539123255026,-1.6279120209420095,0.00048703547917175883,-1.5820683553058086,2.0970460447629913,0.0013446424821306152,2.143764951765919,2.57731525659323,0.0019287955483985846,2.6407242743244947,-0.23891337765116008,0.005187470686626233,-0.1695768015094883,1.7456744377590636,0.0010571764650155514,1.7899749210157179,-0.48941351222494706,0.0010964214938026105,-0.42548496284012266,-0.29836588992497237,-0.0010880929883915304,-0.26515177979442534,1
2020-11-05,1.7519292449894088,0.0027143836938013717,1.8265306494835005,0.43162768097857757,0.0013169405249510223,0.4850479351554872,0.19253499123350704,0.0004171438042744979,0.21403556261160375,2.0715370473518657,0.0005737537852904873,2.1173807129880666,1.5817423128680064,0.0014069306273513384,1.628461219870934,1.6818110316893042,0.0019930834885229184,1.7452200494205692,0.9311971124195638,0.005263556158422876,1.0005336885612357,1.0886671280063716,0.0010955096691384041,1.1329676112630258,0.7241101971696235,0.0011168939455390501,0.7880387465544479,-0.12207559858248433,-0.0010896326478049283,-0.08886148845193732,0
2020-11-06,-0.13306680616634867,0.002706138497362702,-0.05846540167225713,-0.13335720395133802,0.001310754944228029,-0.07993694977442835,1.455065945082785,0.00045440088118690257,1.4765665164608814,-0.7354850426083768,0.0005440014113850311,-0.689641376972176,-0.5362782662347011,0.0013843669278410082,-0.48955935923177346,0.041989435993866515,0.0019929392814361916,0.10539845372513153,-0.5267446050022828,0.0052124978889085925,-0.457408028860611,0.20718141779969468,0.0011021568078283931,0.25148190105634904,1.1238056165802544,0.0011488309791901439,1.1877341659650789,-0.6118729464338446,-0.001112476590443456,-0.5786588363032976,1
2020-11-09,-1.1021557722658022,0.0026576898104085753,-1.0275543677717107,-0.004577282778057155,0.0013100062237969994,0.0488429713988525,2.209963764964017,0.00051096149637578,2.231464336342114,6.963760837812205,0.0008321389235803495,7.009604503448406,5.239268377749799,0.0015920585384854896,5.285987284752727,-1.3673520339310659,0.001937774052693315,-1.303943016199801,-0.5668957015030665,0.0051581727687623246,-0.4975591253613947,4.243012070166005,0.0012527883214778943,4.28731255342266,-1.1973417116486418,0.0011136875609124286,-1.1334131622638175,6.197500698972914,-0.0008395829816641277,6.2307148091034605,0
2020-11-10,-0.22944802715970505,0.002645607227795608,-0.15484662266561353,-0.7377348010033963,0.001278524251980364,-0.6843145468264866,1.226642141010692,0.0005419829969819097,1.2481427123887887,-0.21413749709773902,0.0008234336387143152,-0.1682938314615382,-1.568632392124049,0.0015281441380073934,-1.5219134851211213,-1.9129397490224636,0.0018615893751644768,-1.8495307312911986,-0.706306291659668,0.005092004505862996,-0.6369697155179963,0.13308863142267136,0.001256433508569148,0.1773891146793257,0.9786876893257832,0.0011413188320509415,1.0426162387106077,1.0586406103485262,-0.0007904892701966363,1.0918547204790734,1
2020-11-11,1.487360407158108,0.002704558416566366,1.5619618116521994,0.22491285786709314,0.0012874478266223228,0.2783331120440028,-0.28978910685997106,0.0005339422674912304,-0.26828853548187437,-0.8189608698777151,0.0007899093917862552,-0.7731172042415142,-0.4294988349682883,0.0015097036759730582,-0.38277992796536064,1.373550183918707,0.001913489676657827,1.436959201649972,0.33679491757980945,0.0051162719850321205,0.40613149372148116,-0.21555989289920674,0.0012476751062408973,-0.17125940964255237,1.167831769785392,0.0011742643949542119,1.2317603191702162,-0.5405904660610487,-0.0008107422015225596,-0.5073763559305017,0
2020-11-12,-0.19519299999623027,0.0026938409166121693,-0.12059159550213874,-0.18178743316205057,0.0012793556569467293,-0.1283671789851409,0.2588648579795816,0.0005399909659312828,0.2803654293576783,-0.6818264965805272,0.0007621512489589757,-0.6359828309443264,-0.7081227030716218,0.0014803089164176348,-0.6614037960686943,-0.34395445086703846,0.001898544145977659,-0.2805454331357734,-0.38625513752266893,0.005078076618254387,-0.3169185613809972,-1.2059297323941807,0.0012038390738112925,-1.1616292491375264,0.061232934866354234,0.0011753580418029227,0.12516148425117862,-1.719590364568671,-0.0008817712739144556,-1.6863762544381238,1
2020-11-13,-0.05300317239031993,0.0026890228330495214,0.0215982321037716,0.8057033579475142,0.0013124336028751155,0.859123612124424,0.8726740403699713,0.0005617051351801083,0.894174611748068,0.27837979480615543,0.0007738044487066847,0.3242234604423562,1.0541224845491535,0.0015206700641411822,1.1008413915520812,0.20841878020260104,0.0019050442114747445,0.2718277979338661,-0.2642363866287757,0.005050544366344611,-0.19489981048710392,0.5940149622035241,0.0012238729025414443,0.6383154454601785,1.0906242186261004,0.0012058840235692697,1.1545527680109247,1.1542126278206422,-0.000828785968172199,1.1874267379511891,1
2020-11-16,0.374149775982492,0.002701773973405694,0.4487511804765835,-0.0026253916059272167,0.0013117703859509915,0.05079486257098244,0.5037334894458934,0.0005739160236322438,0.52523406082399,1.4154729130684365,0.000831842313694167,1.4613165787046372,0.020508926671882494,0.0015201058650701918,0.06722783367481021,0.11860210126948155,0.0019080473556906594,0.18201111900074657,-0.09404554196462542,0.005037744656793944,-0.024708965822953677,0.5872778909392716,0.0012435841602434492,0.631578374195926,0.8711411979781727,0.0012300177586659798,0.9350697473629971,2.804016279674887,-0.0007051529945124853,2.837230389805434,1
2020-11-17,-0.4638809885518733,0.002680114879790581,-0.3892795840577818,-0.40806021693518735,0.0012942920628688669,-0.3546399627582777,-0.8455958843757951,0.0005517273726505478,-0.8240953129976984,-0.5710631019281301,0.0008086849422725405,-0.5252194362919295,0.12112256528617077,0.001523502805134822,0.1678414722890985,-0.7613040573337264,0.0018771205378278557,-0.6978950396024614,1.9527095651917576,0.005200405095285475,2.0220461413334294,-0.6045295219582605,0.001221222651909519,-0.5602290387016061,-1.5559716162534298,0.0011849356325300813,-1.4920430668686055,0.6245301753438341,-0.0006754697834546786,0.6577442854743812,0
2020-11-18,-0.6607936980212289,0.0026504912214331206,-0.5861922935271373,-0.6602620745281397,0.0012664477330324028,-0.60684182035123,-1.1202638164203995,0.0005226550245484318,-1.0987632450423028,-0.4293241967700124,0.000791388705642607,-0.3834805311338116,-0.13596776203375668,0.0015167912254904496,-0.08924885503082895,-0.7849783865691424,0.0018454132971243726,-0.7215693688378774,2.440847791820714,0.005404125839634742,2.510184367962386,-0.8627584021694837,0.001189876566059033,-0.8184579189128294,-0.20281352652879234,0.0011784944934168675,-0.13888497714396794,-1.8913523641660215,-0.0007535329268688026,-1.8581382540354745,1
2020-11-19,0.19135536373680556,0.0026557804797363825,0.2659567682308971,0.4704620726772914,0.0012854270644318843,0.5238823268542011,-0.15083642590175644,0.0005182785186353179,-0.12933585452365975,0.09342758815743256,0.0007953775128727595,0.13927125379363334,-0.37549724596176093,0.0015007228835817324,-0.3287783389588332,0.28402825316239244,0.0018548725934451624,0.3474372708936575,0.5695723971181472,0.005447296832250039,0.638908973259819,-0.11921331141098589,0.0011847485964066053,-0.07491282815433153,1.441792743485138,0.001218715161337526,1.5057212928699624,0.2180738551766963,-0.000741223165177786,0.25128796530724334,0
2020-11-20,-0.6384821330680875,0.00262724099110791,-0.5638807285739961,-0.6951643741638348,0.0012562793851188115,-0.6417441199869252,-0.4608465702053572,0.0005060784942943156,-0.4393459988272605,-0.4893805629985551,0.0007757498199991789,-0.4435368973623543,-1.793990014412725,0.0014292607160055378,-1.747271107409797,-0.586434265070392,0.0018309499835794157,-0.523025247339127,-0.5456409289894567,0.005395314543250022,-0.476304352847785,-1.1087946958471542,0.0011449966067964717,-1.0644942125904997,-0.9795539365603527,0.001190251000187447,-0.9156253871755283,-0.638513291421941,-0.0007654534275938384,-0.605299181291394,1
2020-11-23,-1.605158497357057,0.002559522083369386,-1.5305570928629655,-0.3117633464212517,0.0012430244926343447,-0.25834309224434204,-0.865376520145521,0.0004837181271834769,-0.8438759487674243,1.4453801266823914,0.000834385030198902,1.4912237923185923,1.453944909678221,0.0014848218598013082,1.5006638166811488,-0.136254935235858,0.0018243350876550007,-0.07284591750459299,1.5516788582753043,0.0055217851718543,1.621015434416976,1.2127431551783219,0.001186518595581087,1.2570436384349764,0.27631590857185995,0.0011973685984403776,0.3402444579566843,3.19093273084141,-0.000626799014793075,3.224146840971957,1
2020-11-24,0.5220358425258365,0.0025783834012520867,0.5966372470199279,1.0164354768031671,0.0012843450577910073,1.069855730980077,-0.02150057137809671,0.0004827082772311106,0.0,2.3479779895937365,0.0009291719001499469,2.3938216552299374,1.6246477049945074,0.0015467974024428015,1.671366611997435,0.9134347173321726,0.0018577873015344585,0.9768437350634377,1.5123870615960089,0.005644395596408229,1.5817236377376807,0.39295575947148104,0.0011992860661223148,0.4372562427281354,0.14714397806712623,0.0012008165966653696,0.21107252745195063,3.242816713989358,-0.0004865226385686794,3.2760308241199043,1
2020-11-25,0.30966193946539394,0.0025885683500380375,0.38426334395948547,-0.046797788361417826,0.0012819406126027655,0.0066224658154918304,-0.13097753310064728,0.00047895066602737904,-0.10947696172255056,-0.5874115979422526,0.0009054433602612839,-0.5415679323060518,-0.21428568846258986,0.001537064215245836,-0.16756678145966214,-0.06086638035762488,0.0018540136959376125,0.002542637373640135,0.7560018817359851,0.005702483493578955,0.8253384578776569,0.301264517748501,0.0012088102662172133,0.34556500100515536,0.1661362896129221,0.0012047842896326054,0.2300648389977465,-1.4048619732784127,-0.0005435725440983812,-1.3716478631478657,1
2020-11-27,0.17375991213539277,0.0025932205079976945,0.2483613166294843,0.6064988801445098,0.001306251285590805,0.6599191343214195,0.1630931688640322,0.00048258549096450413,0.1845937402421289,-0.3895010436498688,0.0008897608735120498,-0.343657378013668,-0.40017964841513154,0.0015201637322762133,-0.3534607414122038,0.2846422477983264,0.0018633801054324737,0.3480512655295914,0.43502034568061165,0.0057332221887122815,0.5043569218222834,-0.01308296042733839,0.0012073809925109633,0.031217522829315978,-0.17617775593306562,0.0011991296693129822,-0.11224920654824122,-0.780908852065895,-0.0005740274661160654,-0.7476947419353479,0
2020-11-30,1.011195685130427,0.002631615575070336,1.0857970896245186,-0.9818016410232081,0.0012656700647679024,-0.9283813868462983,0.3698740311816225,0.0004913816039338101,0.3913746025597192,-1.47234368750537,0.0008307505322334005,-1.426500021869169,-0.4515457884052028,0.001501345860890429,-0.40482688140227513,-0.35839879499201815,0.001848332079523234,-0.2949897772607531,-0.8325370268363601,0.005657007122666434,-0.7632004506946883,-0.22875762360305718,0.001198485147272012,-0.18445714034640284,0.517651624424429,0.001212927950683818,0.5815801738092534,-2.5558203100996963,-0.0006791783838922317,-2.5226061999691494,1
2020-12-01,1.5117844616316494,0.002689991700037768,1.5863858661257408,1.1339887908860833,0.0013113869307944872,1.187409045062993,1.5652488441947403,0.0005300033017273085,1.586749415572837,0.7710589990262343,0.00086169864731651,0.8169026646624351,0.3309111334801557,0.0015128189072415163,0.3776300404830834,0.48373058015081816,0.0018652026268576234,0.5471395978820832,0.6749115397468122,0.005707888195040001,0.7442481158884838,0.1976684704529818,0.0012043699774769803,0.24196895370963617,-0.13664934622283126,0.001208384514309741,-0.07272079683800686,0.444349799631421,-0.0006576819303556513,0.47756390976196805,1
2020-12-02,0.07636129797405071,0.002690494955918091,0.15096270246814225,0.785380503043977,0.0013427529842385988,0.8388007572208867,0.36632903918636267,0.0005385767209296816,0.3878296105644593,0.9486244946405457,0.0008996050848860505,0.9944681602767466,0.16530218121488205,0.001517863100513307,0.21202108821780977,-0.2760560501432847,0.0018533214618125526,-0.21264703241201968,-0.7403831235468623,0.005639774792386367,-0.6710465474051905,-0.33350364433012,0.0011919029634053203,-0.2892031610734656,-1.0929464838717609,0.0011771911370522519,-1.0290179344869363,1.8075536310740603,-0.0005790451662303752,1.8407677412046073,1
2020-12-03,-0.1331368556530621,0.0026826022152405915,-0.05853545115897058,-0.14065121467774594,0.0013364480481860628,-0.0872309605008363,0.45962691048486626,0.0005494358760833039,0.48112748186296295,-0.38523085087401615,0.0008842340375605021,-0.33938718523781536,-0.8473314280166313,0.0014839469276345882,-0.8006125210137036,-0.3505717997575134,0.0018386821163588177,-0.28716278202624834,0.9935720256800867,0.005717171278682037,1.0629086018217584,-0.6511380651328941,0.0011685503202735642,-0.6068375818762397,-0.6644134549095212,0.0011580524570777623,-0.6004849055246968,0.29948183121967825,-0.0005639130314791551,0.3326959413502253,1
2020-12-04,-0.36341153472470017,0.002665534569047899,-0.28881013023060864,0.00019091318944603752,0.0013358670982344693,0.05361116736635569,0.6849074625492969,0.0005658434031818284,0.7064080339273936,0.42388453882904364,0.0009010831938259716,0.46972820446524444,1.42678568130874,0.0015374387362195338,1.4735045883116678,-0.03274744913056874,0.001836051532942861,0.030661568600696274,0.16547754469709464,0.0057250341572869946,0.23481412083876638,1.288300286197508,0.0012119366447789653,1.3326007694541622,-0.25745543736384907,0.0011502948660369917,-0.19352688797902465,1.7660052284086203,-0.00048752989562829424,1.7992193385391673,1
2020-12-07,0.5568097917207637,0.002685255924394058,0.6314111962148552,-0.24111289501996575,0.001325546169276716,-0.1876926408430561,-0.7384790294221351,0.0005469175719537207,-0.7169784580440384,-0.24051483256958037,0.0008915119247210225,-0.19467116693337957,-0.5745683733422152,0.0015140673419386898,-0.5278494663392875,-0.08128831692616562,0.0018316106195455709,-0.017879299194900607,1.6862342380345294,0.005859714031070235,1.7555708141762012,-0.052737005317308495,0.0012091587685004246,-0.008436522060654124,-0.4619746425820608,0.0011369007434945647,-0.3980460931972364,-0.954228150986882,-0.0005249560362248633,-0.9210140408563349,1
2020-12-08,0.187375431151647,0.002690185396954216,0.26197683564573854,-0.21296027742852358,0.0013164018397347477,-0.15954002325161393,1.4138498143594496,0.0005812863604634745,1.4353503857375463,0.005139113220399592,0.0008917029777463071,0.05098277885660039,-0.0734499370427082,0.0015099431555392077,-0.026731030039780484,0.37590701648025543,0.0018443055944966107,0.4393160342115205,0.24214034604399057,0.005873634079287125,0.3114769221856623,-0.010513848961841472,0.001207837200381845,0.0337866342948129,0.6063681433237893,0.001153110692782999,0.6702966927086137,1.579227277148351,-0.000456742694647988,1.612441387278898,0
2020-12-09,-1.1503114051497074,0.0026419362928822624,-1.075710000655616,-0.9932145654321206,0.0012759218792507633,-0.9397943112552108,0.8261336642985029,0.0006010128184992862,0.8476342356765996,-0.448993903397539,0.0008739552149678694,-0.4031502377613382,-0.666629218413271,0.0014832124504772703,-0.6199103114103434,-1.1301256173755896,0.0018006771255082315,-1.0667165996443244,-1.789086809561609,0.0057187615297889585,-1.7197502334199373,-0.9420745937618672,0.0011747071838998401,-0.8977741105052128,-0.6488948377186684,0.001134606160682938,-0.584966288333844,0.6192490973216249,-0.0004286974479109392,0.652463207452172,1
2020-12-10,0.5423447474147757,0.0026610114108614456,0.6169461519088671,-0.3454889666116611,0.001261598212903998,-0.29206871243475147,-0.48161170709477,0.0005884562933793288,-0.4601111357166734,-0.37943797177770133,0.0008590217106871666,-0.33359430614150054,-0.8951533679183757,0.0014478929080411873,-0.8484344609154482,-0.39417023588859484,0.0017846689076770317,-0.3307612181573298,0.8506404343591697,0.005783357848459989,0.9199770105008415,-0.6071725829171556,0.001153126333213201,-0.5628720996605013,-0.4099703676551891,0.0011227585704282038,-0.34604181827036473,1.3581449887819053,-0.00037012665846584703,1.3913590989124525,0
2020-12-11,-0.4211744992183027,0.0026418754470153402,-0.3465730947242111,0.15229551771895514,0.0012672666428509487,0.2057157718958648,0.35955660483464,0.0005966220081489438,0.3810571762127367,-0.3514813666161634,0.0008452488096656249,-0.30563770097996257,-0.7098279198298248,0.0014197566078434194,-0.6631090128268972,0.6489405927695665,0.001807542014329679,0.7123496105008316,-0.7398604631311048,0.005716105047595777,-0.670523886989433,-0.43944278979966217,0.0011373382178265922,-0.3951423065430078,-0.08407841112135266,0.0011199179754741875,-0.020149861736528264,-0.2680515144853921,-0.0003790910748793294,-0.23483740435484513,0
2020-12-14,-0.3394493592335019,0.0026260451488160563,-0.26484795473941036,-0.6993272711292007,0.001238878159577888,-0.645907016952291,-2.123935189837561,0.0005438485877396215,-2.102434618459464,-0.5914492443340642,0.000822111077430797,-0.5456055786978634,0.5641176797847138,0.0014400256919879122,0.6108365867876415,0.17783733269411228,0.0018128271329583463,0.24124635042537731,1.134919970034829,0.005803915511535068,1.2042565461765007,0.24895179323958422,0.001144980385410982,0.2932522764962386,-0.7443139411469087,0.0010989760108718637,-0.6803853917620843,-1.8085467047313466,-0.0004516395419275147,-1.7753325946007996,1
2020-12-15,2.5030694160667633,0.0027223215870565993,2.5776708205608547,0.2025771022596374,0.0012465750339145103,0.2559973564365471,0.8124538784074039,0.0005631561251543249,0.8339544497855006,0.8381812208983791,0.0008550787497097617,0.8840248865345799,0.3580742339143967,0.0014524179745867515,0.4047931409173244,-0.08129758959651166,0.0018084870318512973,-0.017888571865246655,-0.32250303404869496,0.005771282758030704,-0.2531664579070232,0.27641025989592755,0.001153521679574752,0.3207107431525819,-0.09953357806397334,0.0010957720427439315,-0.03560502867914895,0.922636250237854,-0.0004113281054587009,0.955850360368401,1
2020-12-16,-0.10277371753158343,0.0027157026048111703,-0.02817231303749189,-0.1657645607341896,0.0012395801020699884,-0.11234430655727996,-0.5168962490921887,0.0005499160793326876,-0.495395677714092,0.10475464598114798,0.0008592361733991993,0.15059831161734877,-0.29580367014783365,0.0014400741150480429,-0.24908476314490594,1.252918927237003,0.0018535117002694594,1.3163279449682679,-0.4767437434539059,0.005726098907012843,-0.40740716731223414,-0.07017589403507064,0.001150311884962915,-0.025875410778416277,-0.14027960443866028,0.0010914677443351994,-0.0763510550538359,0.7214801439300995,-0.0003794537308735305,0.7546942540606466,1
2020-12-17,0.28373956644119985,0.0027242838619924493,0.3583409709352914,-0.5361978967025253,0.0012178993212243292,-0.4827776425256156,2.1657568940993754,0.0006021210372905195,2.1872574654774724,-0.4748808852353935,0.0008407589954872449,-0.4290372195991928,0.728242857767706,0.0014663630406907434,0.7749617647706337,-0.028448746670848714,0.001851057657070808,0.0349602710604163,1.2402571064398769,0.005822001370966868,1.3095936825815486,0.7923614517585154,0.001176214635571541,0.8366619350151697,0.27739950864399515,0.0010985700092955688,0.34132805802881955,-0.28097414813532606,-0.0003888573188411795,-0.24776003800477908,1
2020-12-18,-0.8902831309606877,0.002686834392139269,-0.8156817264665961,-0.470983932993294,0.0011988911268585088,-0.41756367881638434,0.45865821382712013,0.0006125876858267204,0.4801587852052168,-0.3010894780216042,0.0008291241182970179,-0.2552458123854034,0.4991747571342702,0.0014839327842726246,0.5458936641371979,-0.27046291187226046,0.0018396984907603402,-0.20705389414099543,1.398176958185065,0.005930450519351183,1.4675135343267367,-0.007422475572018019,0.0011750848866357243,0.03687800768463635,-0.13998915709486653,0.0010942853297471638,-0.07606060771004214,-0.8821424652222624,-0.00042285025406539747,-0.8489283550917153,0
2020-12-21,0.5632596860546798,0.0027063682697127294,0.6378610905487714,0.19229248152680825,0.0012061996362698,0.2457127357037179,-0.8207420041874964,0.0005919514560500496,-0.7992414328093997,1.897579085329686,0.0009029844767679623,1.9434227509658868,-0.9857072169850726,0.0014457111909416999,-0.938988309982145,0.938145607174228,0.001872816681031481,1.001554624905493,-1.668230955448433,0.0057878345587613934,-1.5988943793067614,-0.6960757902913633,0.0011508199580477281,-0.6517753070347091,-0.05378461989587982,0.0010923590375094344,0.010143929488944568,-0.9315906594978343,-0.00045872799955976094,-0.8983765493672872,0
2020-12-22,1.3902080542629347,0.0027580919531366836,1.4648094587570264,-0.4738832794991402,0.0011871768011972588,-0.42046302532223057,-0.18395327995957383,0.0005868267572116387,-0.16245270858147715,-0.8336407658694364,0.0008706160170257978,-0.7877971002332355,-0.38827697581256465,0.001430016826304694,-0.3415580688096369,0.2685210865907904,0.0018812341302084537,0.3319301043220554,-0.4299639606685294,0.005746796198148696,-0.3606273845268576,-0.9524945855986672,0.0011180537458514229,-0.9081941023420128,-0.9622892762917594,0.00106581683206133,-0.898360726906935,-0.8661770628814354,-0.0004917927075821447,-0.8329629527508883,1
2020-12-23,-0.43361205855130674,0.0027385838761574167,-0.35901065405721516,0.1834005240888797,0.0011941291243215179,0.23682077826578934,-0.4448210351290853,0.0005754147405447781,-0.4233204637509886,1.4009137449764135,0.0009248722983977077,1.4467574106126142,-0.5324920652177079,0.0014089953414336152,-0.4857731582147802,-0.7770544943420535,0.0018513337790688276,-0.7136454766107885,0.14748815421692008,0.005752930418340983,0.21682473035859182,-0.2013889374949706,0.001110555918704752,-0.15708845423831624,-0.5674302818231544,0.0010500616190630664,-0.50350173243833,0.5992800703095069,-0.00046505237586604904,0.632494180440054,1
2020-12-24,0.3222843858656868,0.0027485315948847146,0.39688579035977833,0.12108546588881465,0.0011986031524381156,0.1745057200657243,0.26761327178523747,0.0005812407856247226,0.28911384316333416,-0.2735191482386777,0.0009142273299812107,-0.22767548260247686,1.0558446471665226,0.0014473031289464445,1.1025635541694503,0.3649822449208895,0.0018632854145469503,0.4283912626521545,0.5323995052232786,0.005790311547882746,0.6017360813649504,0.9473972644112842,0.0011414573199083754,0.9916977476679386,0.08090798696686395,0.0010518713695268152,0.14483653635168833,-0.23352097682057316,-0.0004722623311540264,-0.20030686669002615,1
2020-12-28,1.7659208983838397,0.002814434255782031,1.8405223028779314,1.113837900729749,0.001242020527783771,1.1672581549066587,0.3698715331774656,0.0005895063365542965,0.39137210455556226,0.2950882592105222,0.0009255466165888178,0.34093192484672297,1.304936274954981,0.0014947305992708555,1.3516551819579088,0.47961979617055905,0.0018793700707380983,0.5430288139018241,0.002086161673495096,0.005784545072545881,0.07142273781516684,1.0833003388606361,0.0011767654384840644,1.1276008221172904,0.8240928329384657,0.0010736961842884734,0.88802138232329,0.1324252000185459,-0.00046460188570413794,0.16563931014909292,0
2020-12-29,-0.7597768770887653,0.002782304698458092,-0.6851754725946737,-0.5178727604518988,0.001221354956299356,-0.46445250627498913,0.4924662159339239,0.000600685616470015,0.5139667873120206,-0.18214233867366125,0.0009184585859442293,-0.13629867303746046,0.29417935146175445,0.0015044179424758732,0.34089825846468214,-0.26048290318636774,0.001868453509341395,-0.1970738854551027,0.015975725008531567,0.005779925508626918,0.0853123011502033,0.44570552885729886,0.001190722186683005,0.4900060121139532,-0.5332901753142733,0.0010589373731195047,-0.46936162592944886,-0.5874029612534434,-0.0004861077561846111,-0.5541888511228963,1
2020-12-30,-0.5133933873200511,0.0027598214264652706,-0.43879198282595955,-0.6757859963736343,0.0011945987893824403,-0.6223657421967247,1.0054423841948763,0.0006241257184939051,1.0269429555729728,0.0991046291513583,0.0009221986573224064,0.14494829478755908,1.328305036961235,0.00155240974545966,1.3750239439641627,-0.6665176614976259,0.0018428314967829907,-0.6031086437663609,0.9948470913979234,0.005854376682332321,1.0641836675395953,1.0702470710608476,0.0012253585966814616,1.1145475543175019,-0.12553226689692126,0.0010551790511010425,-0.06160371751209687,0.36032247796878203,-0.00046924420257662877,0.39353658809932907,1
2020-12-31,-0.4709886497686051,0.002739062345633924,-0.3963872452745136,0.4266842318763746,0.0012109584081227958,0.48010448605328426,0.6848541634065665,0.0006397977923469296,0.7063547347846632,0.6603701037729061,0.0009474337888618138,0.7062137694091067,0.16291194706055323,0.0015570867705935756,0.20963085406348098,0.11928795823886064,0.0018457982254439728,0.18269697597012566,0.31651659045263425,0.005873860024611865,0.385853166594306,0.057158111060983736,0.0012262891326350596,0.10145859431763811,-0.07934071550818148,0.0010526726912398216,-0.015412166123357088,-0.4827705471731543,-0.0004864372211504611,-0.4495564370426073,0
2021-01-04,-1.3466484978960425,0.0026846900888703967,-1.272047093401951,-0.8227065390555556,0.0011786084735007755,-0.7692862848786458,-0.4849062510614482,0.0006274587148574747,-0.4634056796833515,-0.5347655264095796,0.0009268573763903152,-0.4889218607733789,-0.8654135999655058,0.0015237683521467616,-0.8186946929625781,-1.2273300084874572,0.001800032208127158,-1.1639209907561923,0.7713972684955775,0.005929856285569645,0.8407338446372493,-0.3098553081379052,0.0012150791741450174,-0.2655548248812508,1.1592898248385866,0.0010832821278084802,1.2232183742234106,0.3010958881904656,-0.00047202281839617505,0.33430999832101266,1
2021-01-05,0.5616198129443309,0.0027038177860795776,0.6362212174384225,0.35671799922409475,0.0011922162944449073,0.4101382534010044,0.952937312586983,0.0006494549083464829,0.9744378839650797,0.23585748470621185,0.0009357788675656396,0.28170115034241267,-0.6675811988419292,0.0014978733037773184,-0.6208622918390017,-0.010607679298101856,0.0017983814232761853,0.05280133843316316,0.11079825553405906,0.005932598405373127,0.1801348316757308,-0.9379990379174663,0.0011831824179299219,-0.8936985546608119,-0.45831161377379753,0.001070621094084374,-0.39438306438897314,2.338597473897815,-0.0003758473228046641,2.371811584028362,1
2021-01-06,-1.8068378600973893,0.0026320912996011976,-1.7322364556032976,-0.5552842519577461,0.0011704018962017428,-0.5018639977808365,0.7583896641708221,0.0006667343417814234,0.7798902355489188,2.3851990438279533,0.0010265489885413934,2.4310427094641542,-0.026658767501379625,0.0014956568338204148,0.02006013950154809,-1.4825637787376071,0.0017436914687358558,-1.419154761006342,0.629559760203147,0.005976893679262916,0.6988963363448187,-0.5718969244218649,0.001163470402183092,-0.5275964411652105,0.39864428502652377,0.0010808241985176901,0.4625728344113481,1.2226168405030087,-0.0003247762305375357,1.2558309506335557,1
2021-01-07,1.6813990847615403,0.002694081873921789,1.756000489255632,1.465690510684617,0.0012268949197085308,1.5191107648615267,0.2584956066845226,0.0006720723132736842,0.27999617806261934,1.6543208760263166,0.0010891721714344645,1.7001645416625175,0.3780757732052405,0.0015083080037355799,0.42479468020816824,1.494089012800156,0.001796276918939392,1.5574980305314212,1.8864338034076953,0.006121519013769448,1.955770379549367,0.2908528608611603,0.0011721978786514917,0.33515334411781467,-0.0689914905929712,0.0010785620696854485,-0.005062941208146806,0.35291209936706613,-0.0003086926387089964,0.3861262094976131,1
2021-01-08,0.3695653986619049,0.002705746205741003,0.4441668031559965,0.6198970766029268,0.0012504939681139073,0.6733173307798365,-0.1920480213693034,0.0006667090682073042,-0.17054744999120672,0.011304962341128112,0.0010892009899596221,0.05714862797732891,0.5647825409781602,0.0015277505139752287,0.6115014479810879,0.2700535765445243,0.0018047178415896159,0.33346259427578934,1.860743816848493,0.00626352584223881,1.9300803929901649,0.4150043840328687,0.001184964379643543,0.4593048672895231,-0.07402406071157815,0.0010761753768932462,-0.010095511326753752,0.5141132744378112,-0.0002862371897012062,0.5473273845683583,0
2021-01-11,-1.270993243492331,0.0026548550088846073,-1.1963918389982393,-1.228571608896996,0.0012027363234210977,-1.1751513547200862,-0.3684558254216773,0.0006571932667533442,-0.34695525404358063,0.7268297373260286,0.0011163288120947595,0.7726734029622294,-0.9028615907174017,0.0014934468418901822,-0.856142683714474,-0.5942141371915283,0.0017821627896961846,-0.5308051194602632,-1.9947672903682236,0.006097883404871659,-1.9254307142265519,-0.7558060330016397,0.0011593427359562992,-0.7115055497449854,0.2695483334853242,0.0010828909493972795,0.3334768828701486,1.4607649093369202,-0.00022615413466326896,1.4939790194674674,1
2021-01-12,-0.14641145246953852,0.0026469287925435458,-0.07181004797544698,-0.5995689507380152,0.0011793681264376527,-0.5461486965611055,-0.6663472963904984,0.0006406807603670039,-0.6448467250124017,0.7679642788202247,0.0011449053012717425,0.8138079444564253,-0.8597872755135717,0.0014608495228417818,-0.813068368510644,-0.7076405991223275,0.0017556404018150278,-0.6442315813910624,1.0914479161036335,0.006178225997026521,1.1607844922453052,-1.1778441276574771,0.0011200288181090615,-1.1335436444008227,0.7811146700562228,0.0011030927364234437,0.8450432194410472,1.0595433083058339,-0.00018226007648794023,1.0927574184363809,1
2021-01-13,0.7604212708666511,0.0026734513812906894,0.8350226753607426,0.23403495483001754,0.0011881036645042952,0.28745520900692717,-0.14730396523983674,0.0006364647056666404,-0.12580339386174003,0.0021522925293281352,0.0011444798115676305,0.047995958165528936,0.48647387717184165,0.001477418339277892,0.5331927841747693,0.2956406663191429,0.0017650243251448004,0.3590496840504079,0.07469880969612064,0.006177586787833099,0.14403538583779238,0.09618636661776454,0.001122423521222727,0.14048684987441892,-0.8198683263412022,0.0010810098855764281,-0.7559397769563778,0.5218298953805321,-0.00015987690304422098,0.5550440055110791,0
2021-01-14,-0.8530563075968516,0.002638752164795129,-0.7784549031027601,-0.5287547050807972,0.0011675692365360638,-0.47533445090388754,1.427232503508653,0.000669298812308323,1.4487330748867497,0.2566370448290018,0.0011536377351077207,0.30248071046520264,-3.050252256820007,0.0013653451813644523,-3.0035333498170793,-0.9033271038735362,0.0017316691660561256,-0.8399180861422711,-0.3404612338631501,0.006144075852267542,-0.2711246577214783,-2.1866750748399975,0.0010504939459763706,-2.142374591583343,-0.30509776730717064,0.001072557252246649,-0.24116921792234627,1.8878208135645302,-8.347663870732952e-05,1.9210349236950772,0
2021-01-15,-0.7811682701034438,0.0026069057800074667,-0.7065668656093522,-0.15038908726317124,0.001161588347543336,-0.09696883308626159,-0.20204401660633908,0.0006637584824280364,-0.1805434452282424,-0.9736814756627162,0.0011165267051419243,-0.9278378100265153,-0.6486121266817773,0.0013408496623908402,-0.6018932196788496,-0.15846088159877372,0.0017249213741391107,-0.09505186386750872,-0.6182032578214136,0.006088745248548083,-0.5488666816797418,-0.12440747430116764,0.00104584750054324,-0.08010699104451328,-1.2385080633449035,0.0010396263369167413,-1.1745795139600792,-2.4005573199272545,-0.00017689786153278944,-2.367343209796707,1
2021-01-19,0.2046711685512985,0.002612381567255597,0.27927257304539005,1.6201965585552411,0.0012232294694373852,1.673616812732151,1.2607108262978617,0.0006925106345351092,1.2822113976759584,-0.2699100891656441,0.0011059549989507179,-0.22406642352944323,0.3978094495718709,0.0013543441011542546,0.44452835657479867,0.9120444237184641,0.0017561788927007885,0.9754534414497291,0.47863833226728436,0.006120145023179034,0.5479749084089561,-0.02348827738352927,0.0010444916060299615,0.0208122058731251,-0.7041860474884563,0.0010208272551274495,-0.6402574981036319,0.943074436503003,-0.00013803557129119277,0.97628854663355,1
2021-01-20,1.616196367506329,0.0026709937305038284,1.6907977720004206,2.671277850512708,0.001324682894971908,2.724698104689618,-0.22516827479876855,0.0006864060650542366,-0.20366770342067186,-0.8221929395036082,0.0010747508406319468,-0.7763492738674073,1.428890366224216,0.0014050531599195317,1.4756092732271437,1.934280436823494,0.0018235115941591096,1.9976894545547592,0.1026407515242834,0.006121823032568041,0.17197732766595514,1.247372370777882,0.001084271296326056,1.2916728540345366,1.0314462867570149,0.0010475017468240242,1.0953748361418394,0.6620963980799283,-0.0001103882229929381,0.6953105082104752,0
2021-01-21,1.8118475650916819,0.002736733065725805,1.8864489695857736,0.056948444769304156,0.0013263180862153018,0.1103686989462138,-0.35321804895331216,0.0006773366312572256,-0.3317174775752155,-0.47993499865066613,0.0010564542463081964,-0.4340913330144654,-0.1219618438527417,0.0013996211689898887,-0.07524293684981397,0.0902799904943348,0.0018254159376209376,0.1536890082255998,-0.22738433657187476,0.006097563884993462,-0.158047760430203,-0.29717192006440224,0.0010740059194471125,-0.2528714368077479,-0.39997221078046874,0.0010367023961567823,-0.33604366139564434,-1.4441938134891117,-0.0001656285938036629,-1.4109797033585647,0
2021-01-22,0.752565715459341,0.0027624803801549053,0.8271671199534325,0.17359579168038997,0.0013323746241442073,0.22701604585729962,0.9111101111178083,0.0006977526746426374,0.932610682495905,-0.4451844936373733,0.0010395240773614632,-0.3993408280011725,-0.9204927469543522,0.0013654598451626609,-0.8737738399514245,0.17501059639834166,0.0018303015689834301,0.2384196141296067,-0.021267531774856255,0.006089562106285139,0.04806904436681548,-0.9550329952186978,0.0010425712653343118,-0.9107325119620434,0.693051693993724,0.0010544256939127347,0.7569802433785484,-0.7288209924564363,-0.00019259459684373083,-0.6956068823258893,1
2021-01-25,1.350008156138072,0.002810497917252963,1.4246095606321636,-0.007202783230883673,0.0013315583551503864,0.04621747094602598,1.2098915329500806,0.000725036259168394,1.2313921043281773,-0.6920777506174097,0.001013470694646933,-0.6462340849812089,-0.014120551818455137,0.001364000311076337,0.03259835518447258,0.8037712737010165,0.0018573034560940413,0.8671802914322815,0.9239227983924317,0.006155570283565137,0.9932593745341035,-0.35257429777867666,0.0010306431070152217,-0.3082738145220223,-0.12975201933378638,0.0010506821860693666,-0.06582346994896199,-0.5831576860915519,-0.0002137539313993092,-0.549943575961005,1
2021-01-26,0.011804598062854579,0.002808322105800779,0.08640600255694611,0.3136072653577368,0.0013428755885595168,0.36702751953464646,2.2254382703892617,0.0007757794271661693,2.2469388417673586,-0.25744355024128834,0.0010036618904251768,-0.21159988460508752,-0.2894106190925754,0.0013526729685966294,-0.2426917120896477,0.6042408685045348,0.001877190668817247,0.6676498862357999,-0.005333251291694863,0.006148732492290491,0.06400332484997687,0.2625769185332753,0.0010385165297798773,0.30687740178992967,0.5999329632966952,0.0010658933682125256,0.6638615126815196,-1.1140645633809552,-0.00025557704360178266,-1.0808504532504082,0
2021-01-27,-0.470005055964314,0.0027881839794465183,-0.3954036514702225,-2.426115872377496,0.0012507547131002154,-2.372695618200586,-1.285474160821611,0.0007450177390595108,-1.2639735894435142,-1.5095525611775733,0.0009474707489511229,-1.4637088955413724,-2.044546418733858,0.001278561070574506,-1.9978275117309297,0.07087628760953807,0.0018782968891075257,0.13428530534080307,-0.5970379359447309,0.006095786585835729,-0.5277013598030591,-2.131126095907931,0.0009696330316386356,-2.0868256126512765,-1.9072136356219105,0.0010160935479032582,-1.8432850862370862,-0.5911315698979991,-0.0002768452457619957,-0.557917459767452,1
2021-01-28,-1.8749455814505605,0.002715821544026506,-1.8003441769564688,0.9045191091061736,0.0012844411371517386,0.9579393632830834,0.610410910526145,0.0007581970562575611,0.6319114819042417,0.8652195045119679,0.0009793672131870174,0.9110631701481687,1.4471742334871742,0.0013294856927677438,1.493893140490102,1.3536327791808487,0.001924297890256578,1.4170417969121138,-0.8877736331624854,0.006020418718532095,-0.8184370570208136,0.953862341284615,0.0009997088738756005,0.9981628245412694,-0.11027434965501667,0.0010129486287242054,-0.046345800270192285,0.7372943839745926,-0.0002463226646931217,0.7705084941051396,0
2021-01-29,-2.000283483290218,0.0026390788192910282,-1.9256820787961264,-0.7625767577669882,0.001255324647826882,-0.7091565035900785,-2.9758092001449894,0.0006885894478476753,-2.9543086287668925,-0.6188398454632948,0.0009563329123499436,-0.572996179827094,-1.3678364534853558,0.0012798328775291989,-1.321117546482428,-1.660015873224802,0.001864840993983953,-1.596606855493537,-1.303992736374305,0.005913011159005191,-1.2346561602326331,-1.5456829720599365,0.000949856768137367,-1.5013824888032823,-1.7441075083123463,0.000967649909283362,-1.6801789589275222,-1.336791671874522,-0.00029649672959278765,-1.303577561743975,1
2021-02-01,0.775528760703787,0.0026655692585848506,0.8501301651978784,1.7754385644089803,0.0013215533123607558,1.82885881858589,-0.23487702564923654,0.0006823620010812557,-0.21337645427113983,0.33640602106215506,0.0009685980277319186,0.3822496866983559,0.8466586136303484,0.0013091873083345357,0.8933775206332761,1.7510697007914924,0.001924550082116592,1.8144787185227573,1.3663932414783773,0.006013027688983492,1.4357298176200488,1.539085429756271,0.0009985066439317735,1.5833859130129255,-0.7072947405118083,0.0009492309963056729,-0.6433661911269839,0.05459180093920761,-0.0002925260754797621,0.08780591106975463,1
2021-02-02,0.2514910664450461,0.0026725620012806573,0.3260924709391376,0.6464335394240671,0.0013452466818066311,0.6998537936009768,-0.7651735048969185,0.0006639705858596766,-0.7436729335188218,1.5478265807455822,0.00102538576584527,1.5936702463817831,2.089321671208824,0.0013825742076909186,2.1360405782117518,-0.09538675180608838,0.001919771384282229,-0.03197773407482337,0.8974078649711665,0.006076375686779172,0.9667444411128383,1.2386837793899672,0.0010374156087291342,1.2829842626466217,0.7340113660226151,0.0009679376523495457,0.7979399154074395,0.7446806802022943,-0.00026186217051060365,0.7778947903328413,1
2021-02-03,-0.47488043679199554,0.0026526932863109288,-0.400279032297904,3.650423727632927,0.0014811401843353637,3.703843981809837,-0.4069815104038126,0.0006538657003181592,-0.3854809390257159,0.5470198900196855,0.0010452069254563046,0.5928635556558863,-0.29527605141994184,0.001371132795679063,-0.24855714441701413,0.7341072554455389,0.0019438240000951863,0.797516273176804,-0.5798544898731359,0.006025397662027571,-0.5105179137314642,-0.4137331552101618,0.0010237142674401649,-0.36943267195350743,0.16239520371633828,0.0009719050974340152,0.22632375310116268,1.897423312298395,-0.00018678530017872012,1.930637422428942,1
2021-02-04,1.2509088900062275,0.0026965360800807418,1.325510294500319,-0.18311186256831874,0.001473490952276894,-0.12969160839140909,0.7479033803413218,0.000670240908732381,0.7694039517194184,1.1455936124792148,0.0010868913996361033,1.1914372781154154,1.243732716469664,0.0014141989858595964,1.2904516234725918,-0.2863869926829159,0.0019324049066187202,-0.22297797495165084,-0.20471078430443657,0.006003529507429972,-0.1353742081627648,2.3020237226981726,0.0010961235144179636,2.3463242059548275,0.6339194333412306,0.0009879341781178694,0.697847982726055,0.9112362809334705,-0.00015001670766016736,0.9444503910640176,1
2021-02-05,-0.23402894059093896,0.0026855614670976175,-0.15942753609684743,0.8183239938608339,0.0015031629276053558,0.8717442480377436,1.2370983602631298,0.0006977332737684719,1.2585989316412265,-0.14694428260725184,0.0010811344366748914,-0.10110061697105104,-0.3739338331281937,0.0013999626586856987,-0.32721492612526604,-0.020443674790104522,0.001930231831532411,0.04296534294116049,-0.004461034997053036,0.005997150378932411,0.0648755411446187,-0.18165208045184567,0.0010897032835276992,-0.13735159719519133,0.8873146270465807,0.0010103802160756677,0.9512431764314051,1.6164575250067588,-8.624842773618931e-05,1.6496716351373057,1
2021-02-08,-0.01815279111622818,0.002682558386833132,0.05644861337786335,-0.15836213412416175,0.0014964208912803117,-0.10494187994725208,0.21537315409998004,0.0007018171615134662,0.23687372547807675,0.7646258348750667,0.0011086832030658257,0.8104695005112675,-0.318973470414687,0.0013877178009779419,-0.2722545634117593,-0.0023900681876235313,0.0019286905224543416,0.06101894954364148,0.2538976236401535,0.00601063458849652,0.3232341997818252,-0.583527314319622,0.0010706206006614507,-0.5392268310629676,0.2799293940340527,0.0010172438378361296,0.3438579434188771,2.085143874154344,-4.71892060812173e-06,2.118357984284891,0
2021-02-09,-0.41289250069841343,0.002665093545096539,-0.3382910962043219,-0.27617390197208774,0.0014853336873787391,-0.2227536477951781,0.6568902442035782,0.0007159372032700488,0.6783908155816749,-0.2527309398164665,0.0010990515702503424,-0.20688727418026565,-0.6178724526103488,0.001365001249556605,-0.5711535456074212,0.23003550792354782,0.0019351675875770588,0.2934445256548128,-0.46735913521040084,0.005968787501266994,-0.3980225590687291,-0.15138854164671056,0.0010652262972203636,-0.1070880583900562,0.3447543200667422,0.0010257324591200945,0.4086828694515666,-0.6096169779281135,-2.6807969615548828e-05,-0.5764028677975664,0
2021-02-10,-0.3091757237651581,0.0026514900885372945,-0.2345743192710666,0.21834809239685998,0.0014925995890490767,0.27176834657376964,0.24766857273069587,0.000720705278698545,0.2691691441087926,-0.016153539053119583,0.0010980617793732324,0.029690126583081212,0.07710070952144349,0.0013667794858078293,0.1238196165243712,-0.2767133749274477,0.0019241836726122561,-0.21330435719618268,-1.363005875590231,0.005858580850032972,-1.2936692994485592,-0.06750423301624821,0.001062490465440433,-0.023203749759593842,-0.9276153664191445,0.0010018466224509554,-0.8636868170343202,0.44309291911629467,-8.53136298398316e-06,0.4763070292468417,1
2021-02-11,-0.17343096564493427,0.002642896130633836,-0.09882956115084272,0.0019090818657410593,0.0014918388550838844,0.055329336042650716,-0.3941240927531092,0.0007108993250394557,-0.3726235213750126,-0.19040563526779528,0.0010907491585153267,-0.14456196963159448,1.342660826491639,0.0014129171772710328,1.3893797334945668,0.31301363251272946,0.0019334946642248006,0.37642265024399446,0.13988180437508207,0.005863543648833166,0.20921838051675382,1.2746230618867331,0.0011018953625092668,1.3189235451433874,-0.12048472446852153,0.0009985285475975854,-0.05655617508369714,-1.2655052298549594,-5.5580911632516905e-05,-1.2322911197244124,1
2021-02-12,0.016798665353743882,0.0026412699140152263,0.09140006984783541,0.09949684731034353,0.0014946809328696027,0.15291710148725318,0.23802446757547585,0.0007154406393044563,0.2595250389535726,0.6901824114509031,0.0011153754031104502,0.7360260770871039,-0.33916106220765113,0.0014000335294737324,-0.2924421552047234,0.04851434992472028,0.0019337037843786705,0.11192336765598529,0.06593377335262894,0.005862852011412114,0.13527034949430067,-0.2432748114148521,0.0010935937726250628,-0.19897432815819774,0.16757411731571165,0.0010025176429247146,0.23150266670053601,0.6382464582764498,-2.9879277945746584e-05,0.6714605684069967,1
2021-02-16,-0.903319928017325,0.002606166432090149,-0.8287185235232334,0.32698657268874765,0.0015058886175773423,0.3804068268656573,-0.7727841340378381,0.0006971252812365078,-0.7512835626597414,1.2003609810344127,0.0011583630352507942,1.2462046466706136,-0.013708042144186985,0.0013985646558029433,0.03301086485874073,-0.3516013460974352,0.0019202219945953882,-0.28819232836617015,-0.6695996890796996,0.005806210601608586,-0.6002631129380278,-0.6318172033278643,0.0010731723003335112,-0.5875167200712099,0.5463323832441717,0.0010160654019477984,0.6102609326289961,1.4475246322322215,2.6519544734242446e-05,1.4807387423627687,1
2021-02-17,-0.9825642115551009,0.0025683158480845525,-0.9079628070610094,0.13741122377418463,0.00151008722077836,0.19083147795109429,0.27474069461112327,0.0007025034330643878,0.29624126598921996,0.11522709271699418,0.0011620130559683547,0.16107075835319495,-0.6564128655476448,0.0013746966173649436,-0.6096939585447171,0.17519693119067123,0.0019247815376200737,0.23860594892193623,-0.009667189427755116,0.005799888464460287,0.05966938671391662,-0.15661997625675989,0.0010676603433695427,-0.11231949300010552,0.7193721670858694,0.0010339281437299784,0.7833007164706938,0.732818464602762,5.5563425926829643e-05,0.7660325747333091,0
2021-02-18,-0.5190488207934597,0.0025474110055384762,-0.4444474162993681,-0.36093298158248577,0.0014959894164676022,-0.3075127274055761,0.01854261200171866,0.0007020942095269576,0.04004318337981537,0.12899068284966386,0.001166145441101818,0.17483434848586465,0.13287709456164404,0.0013783809114872488,0.17959600156457176,-0.15529541867331334,0.0019180583265477837,-0.09188640094204834,-0.4015165982664462,0.005763892980300241,-0.33218002212477443,0.4866617996981512,0.0010822113852629383,0.5309622829548055,-4.865529257373327,0.0009110853774684971,-4.801600707988502,-0.8061228195927896,2.6159927024600013e-05,-0.7729087094622427,0
2021-02-19,-0.011131221263526054,0.0025449640166227247,0.06347018323056548,-0.4640030183848637,0.0014781702446072195,-0.41058276420795403,-1.4016518782361624,0.0006697758660171559,-1.3801513068580658,0.8182628350493062,0.0011950547506013253,0.864106500685507,-0.8847577561066062,0.0013467089089708425,-0.8380388491036785,-0.6965078996377309,0.0018929457943162853,-0.6330988819064658,-0.2594282882954237,0.005738779895544126,-0.19009171215375192,-1.3657610988123652,0.0010391006293561321,-1.321460615555711,0.3020458976102013,0.0009185875546147409,0.3659744469950257,0.29791243567024944,3.8640358595725416e-05,0.3311265458007965,0
2021-02-22,-1.6080632858472592,0.002484845414513106,-1.5334618813531675,-0.8946538499020488,0.001444678494279449,-0.841233595725139,-0.0726828210160577,0.00066738304248987,-0.051182249637960996,0.4403490507658365,0.0012102887387357689,0.4861927164020373,1.15868373506878,0.0013859916906238498,1.2054026420717077,-1.5306681175544412,0.0018395976765565845,-1.4672590998231763,-2.1740890681941965,0.005569193950467651,-2.1047524920525245,1.005717930561896,0.0010697625352634322,1.0500184138185502,-0.4120544409509121,0.0009081462340197582,-0.3481258915660877,1.7805007724527167,0.00010706821215752629,1.8137148825832636,1
2021-02-23,-0.13178145631466626,0.002478173817062759,-0.057180051820574715,0.09165947595144515,0.0014472905330527432,0.14507973012835482,-0.7536418575033662,0.0006497552621778987,-0.7321412861252695,0.3699680101692742,0.0012229440695199372,0.41581167580547507,1.4894787870291135,0.001436574631463106,1.5361976940320412,-0.3528016761314519,0.001826374854835149,-0.2893926584001869,-0.608887405376859,0.005518198359780481,-0.5395508292351873,1.0451126253731184,0.001101531238542388,1.0894131086297727,-1.25843804080378,0.0008765486735065004,-1.194509491418956,0.6465687367965572,0.000132495710844497,0.6797828469271043,1
2021-02-24,-0.2831206525651323,0.002466080848262771,-0.20851924807104077,0.5314312710860337,0.001465905531975242,0.5848515252629434,1.089110322987442,0.0006733679214857349,1.1106108943655386,0.8650956970765487,0.0012532627540335402,0.9109393627127496,2.5392229518151526,0.0015232254201330557,2.5859418588180803,0.23690331075983947,0.0018331538215849252,0.3003123284911045,1.451727102847861,0.005622401830714077,1.5210636789895329,2.0222084566493086,0.001163399698343114,2.066508939905963,-1.2999305061690538,0.0008440310184310135,-1.2360019567842295,1.4418944454577218,0.00018775533436956676,1.4751085555882688,0
2021-02-25,-1.8645340323433592,0.002397229153667116,-1.7899326278492675,-1.709671049260128,0.0014030012438973345,-1.6562507950832182,0.06517745733112554,0.0006740564354776047,0.08667802870922225,-0.748487174753511,0.0012258597832583572,-0.7026435091173102,-1.907879972172341,0.0014562494269286083,-1.861161065169413,-1.3608093448202478,0.001785948646180723,-1.297400327088983,-2.053275731743829,0.00546304281631266,-1.983939155602157,-1.5943277407968623,0.0011134020919455671,-1.5500272575402079,-0.7646834471335364,0.0008249875843529988,-0.700754897748712,-0.8491330714065395,0.00015676385283696238,-0.8159189612759925,0
2021-02-26,0.04023241842846761,0.002396923374278028,0.11483382292255914,0.09693311744745885,0.0014058670314292634,0.15035337162436851,-2.211087314942,0.0006240683696290194,-2.189586743563903,-1.4190921079204606,0.0011746595708572703,-1.3732484422842597,-0.15560280587219585,0.0014498159547441168,-0.10888389886926815,0.7468474964506492,0.0018099676056604766,0.8102565141819142,-0.3118220286689799,0.005434789688955957,-0.24248545252730813,-0.4252931378010529,0.001099608839928961,-0.3809926545443985,-1.2037429648799922,0.0007950804302448606,-1.139814415495168,-1.2600550876894712,0.00011048172405506715,-1.2268409775589242,1
2021-03-01,2.6966184954761414,0.0024916830959425353,2.7712198999702333,1.147700650597426,0.0014467706278018418,1.2011209047743356,0.42828733944646,0.0006329137774719351,0.44978791082455666,1.1255991390220232,0.0012141661394144336,1.1714428046582241,1.3246477108825674,0.0014942473902796218,1.371366617885495,1.010587493591275,0.0018427725037308787,1.07399651132254,1.4951729024916838,0.005541821220803047,1.5645094786333555,1.1511093876461875,0.0011343484724264678,1.195409870902842,0.7629377957479125,0.0008141698973038075,0.8268663451327369,1.804315104272893,0.00017903831086960517,1.83752921440344,0
2021-03-02,-1.1498014843602269,0.002448695227182109,-1.0752000798661354,-0.1807113452620323,0.001439510376688137,-0.12729109108512265,-0.17756452075774454,0.0006282888219514262,-0.15606394937964782,-0.21440493732581847,0.0012059492800459669,-0.16856127168961765,-0.05854820692315115,0.0014910950655013782,-0.011829299920223427,-0.7725648316791928,0.0018155670206224002,-0.7091558139479278,-1.1654926407499333,0.0054497817764879684,-1.0961560646082615,-0.2820171058156014,0.0011249657645412722,-0.23771662255894707,-0.7745052135320111,0.0007950426796683686,-0.7105766641471867,-0.32118066943589113,0.0001679533414810384,-0.28796655930534415,0
2021-03-03,-1.3331550045727096,0.0023993274994866458,-1.258553600078618,-1.3608274791336883,0.001389701497787352,-1.3074072249567785,-1.4808116971792564,0.0005948277492570951,-1.4593111258011597,0.9550251969034753,0.0012392081725246887,1.0008688625396762,-0.4265367293988628,0.0014753616258627966,-0.37981782239593515,-1.5400991155107935,0.0017627299148066454,-1.4766900977795285,-1.2614051542581768,0.005350931244267999,-1.192068578116505,-0.29963182601467486,0.0011150777379243838,-0.2553313427580205,-1.4989072276178153,0.0007580450211776283,-1.434978678232991,0.3617776244199177,0.00018237145790320742,0.39499173455046466,0
2021-03-04,-0.8882826571440136,0.0023659738242517597,-0.813681252649922,0.5160078823018603,0.0014076619973253698,0.56942813647877,-1.692605494917844,0.0005568088482929668,-1.6711049235397473,-0.841497423758947,0.001208791560686382,-0.7956537581227461,-1.6467230058365963,0.0014180071342156252,-1.6000040988336686,-0.26303464369069757,0.0017528213129680437,-0.1996256259594325,-1.2662898324573588,0.005252079388818557,-1.196953256315687,-0.9779634806833029,0.001084478544628559,-0.9336629974266485,-0.09874658004555437,0.0007557959318724226,-0.03481803066072998,1.8737357709216034,0.00025300313121525347,1.9069498810521506,1
2021-03-05,0.47800184036450105,0.0023812799178581944,0.5526032448585926,1.5254152797593807,0.0014618402573971015,1.5788355339362905,1.6190415576354042,0.0005919787088859186,1.640542129013501,0.07450063519857125,0.001210831213895296,0.12034430083477204,1.6991657163514315,0.0014749410755123453,1.7458846233543592,1.1121854822720865,0.0017888843957764354,1.1755945000033516,-0.9998586077301841,0.005173374831377786,-0.9305220315885123,1.062713363575718,0.0011162930705600866,1.1070138468323725,0.8597760429630991,0.0007772071625218416,0.9237045923479235,1.8277640405538123,0.0003216688781259851,1.8609781506843592,0
2021-03-08,-2.2191434277823943,0.0023008878060159894,-2.1445420232883023,-2.2257179368210367,0.0013812313100953271,-2.172297682644127,0.6687016065920431,0.0006060954535197059,0.6902021779701398,0.6402895561023908,0.0012328056895748126,0.6861332217385916,1.5059149936816465,0.0015250903312722366,1.5526339006845742,-1.0583201143596337,0.0017524483751244814,-0.9949110966283685,-1.5082174240990698,0.005057274379443624,-1.438880847957398,1.3066941961585448,0.0011554266243512972,1.350994679415199,-0.7754212619345356,0.0007582644470870418,-0.7114927125497112,-0.08168036727163741,0.0003192848388965797,-0.048466257141090395,1
2021-03-09,2.0172552409353517,0.002370740094275627,2.091856645429443,0.7790828475492626,0.0014085309468212766,0.8325031017261721,0.13647638625538308,0.0006084634842323923,0.15797695763347977,-0.41149835751820135,0.0012176954484699998,-0.3656546918820006,0.7027100051791031,0.001547771228268622,0.7494289121820308,1.4746259575596683,0.0018004429864982528,1.5380349752909332,4.765824356420787,0.005405825930814006,4.835160932562459,-0.01982328094698102,0.0011540665884461163,0.02447720230967335,0.5212279139777436,0.0007712697439030642,0.585156463362568,-0.7932259254711183,0.00029057455625906294,-0.7600118153405713,1
2021-03-10,-0.5463220462045445,0.0023497629959790467,-0.471720641710453,-0.15736703228555107,0.001402253965955801,-0.1039467781086414,0.7405323889168919,0.0006240747550174028,0.7620329602949886,1.0794320819884946,0.001254999633894012,1.1252757476246955,0.6909528385943731,0.0015699709729173443,0.7376717455973008,-0.3818104310403004,0.0017865921389017153,-0.3184014133090354,-0.2710781328865349,0.005381097030742842,-0.20174155674486313,0.7192822343430637,0.0011751532993213487,0.7635827175997181,1.827194953267279,0.0008162774605898771,1.8911235026521034,1.4778009237952598,0.00034586855745639565,1.511015033925807,1
2021-03-11,0.7746335799783937,0.0023754488589623163,0.8492349844724851,1.5538891573277622,0.0014570648036741805,1.607309411504672,-0.02672789211162093,0.0006228276635113498,-0.005227320733524221,-0.3161716998053785,0.0012432456287928318,-0.2703280341691777,0.329754619068618,0.0015798644161099105,0.3764735260715457,1.045742647238081,0.0018201289014105606,1.109151664969346,1.0928854355209272,0.005457013991422645,1.162222011662599,0.7552832805579894,0.0011972546028823996,0.7995837638146438,-0.09196127752614994,0.000814109311202956,-0.02803272814132554,-0.3997172967906044,0.0003317254770850155,-0.3665031866600573,0
2021-03-12,-0.46701444736599057,0.002357331149029965,-0.39241304287189904,-1.2771178815326103,0.001410837467260414,-1.2236976273557005,0.2180693957931454,0.0006269360239879724,0.23956996717124213,0.5680916246813844,0.0012624758392949255,0.6139352903175852,-0.2796699718843529,0.0015691317740306084,-0.23295106488142514,-0.381935745741471,0.001806288427276086,-0.318526728010206,-0.27588918863067663,0.005431927911741491,-0.20655261248900486,-0.5182683790195406,0.0011807465002654683,-0.4739678957628863,1.051909495943871,0.0008399190188676236,1.1158380453286953,0.4965843250178803,0.00035062626542079243,0.5297984351484273,1
2021-03-15,1.183959572654786,0.0023972941301728073,1.2585609771488777,0.056736587565293824,0.0014122028809131785,0.11015684174220347,0.4043252240156016,0.0006350934611985816,0.4258257953936983,-0.3044641082372421,0.0012511597492378568,-0.25862044260104133,-0.17981303010536648,0.0015618056498287614,-0.13309412310243876,-0.28163534089210623,0.0017958119189655749,-0.21822632316084117,0.4349136378153693,0.005459145874299323,0.5042502139570411,-0.33519999394414857,0.001169826536055625,-0.2908995106874942,-0.4451057063239026,0.0008290964642567777,-0.3811771569390783,-1.288007019650238,0.00030388715006522606,-1.254792909519691,0
2021-03-16,0.5811449964823189,0.0024159681949988774,0.6557464009764105,0.6756342729507957,0.0014355287223814094,0.7290545271277054,0.4693100569296363,0.000644636800562402,0.490810628307733,-0.6656276633956281,0.001227292509346499,-0.6197839977594273,0.04034166316656429,0.0015619173469533607,0.08706057016949201,0.6125452981874376,0.0018148634941894414,0.6759543159187027,-1.1493961751957251,0.005370097286151844,-1.0800595990540534,0.33922194367372294,0.0011792759239965941,0.3835224269303773,-0.08612689150927082,0.0008270590645078149,-0.02219834212444643,-1.076349548485668,0.00026507969696231315,-1.043135438355121,1
2021-03-17,-0.40655054826448117,0.002399992453422006,-0.33194914377038964,-0.0941807856567578,0.0014314981547622733,-0.04076053147984814,-0.3296813354741976,0.0006367752962986099,-0.30818076409610096,0.487024527701495,0.001243626197612479,0.5328681933376959,-0.5655360226705499,0.0015416688899446492,-0.5188171156676222,-0.21767157250822866,0.001806515025816626,-0.15426255477696363,0.8373417266300537,0.005426783133582413,0.9066783027717255,-0.49200572117675284,0.0011636796895489417,-0.4477052379200985,-0.6804638005035485,0.0008105747980455362,-0.6165352511187241,0.18325737150866772,0.0002725272622128576,0.21647148163921473,0
2021-03-18,-1.8193643855650217,0.0023346958279556506,-1.74476298107093,-1.5404421473384644,0.0013763373230304397,-1.4870218931615546,-0.1761387459191337,0.0006322741560579128,-0.154638174541037,0.8087467769599231,0.0012710776603399314,0.8545904425961239,-1.7005517062476945,0.001483421104308236,-1.6538327992447666,-1.5226653045052507,0.0017553124414401904,-1.4592562867739856,-1.7758348769885415,0.005292345164566056,-1.7064983008468697,-0.6779671021498967,0.001142554058308443,-0.6336666188932424,-1.031273925998225,0.0007856335082996637,-0.9673453766134007,-2.1553510290692333,0.0001944837870684876,-2.1221369189386863,0
2021-03-19,-0.30515895874327004,0.002322460671163626,-0.23055755424917848,0.08798761175317385,0.0013788580297264782,0.1414078659300835,-0.24356843498184985,0.0006263284881088205,-0.22206786360375316,-0.8701485667050385,0.0012402109746604917,-0.8243049010688376,-1.5793124693736322,0.0014294419290942694,-1.5325935623707045,-0.15118266339317238,0.0017492818709820964,-0.08777364566190736,-0.004888014461757458,0.00528754383583725,0.06444856167991428,-3.77836288508482,0.0010285486091089512,-3.7340624018281656,0.9219368236498968,0.000808113083116722,0.9858653730347212,-0.31042682734118227,0.00018402209625077546,-0.27721271721063523,1
2021-03-22,1.3835678462490615,0.002369079428813617,1.458169250743153,0.04016281127298766,0.001379684514467418,0.09358306544989732,0.21668544926049632,0.0006303564728923054,0.23818602063859304,-1.437423403062246,0.0011898186088783991,-1.391579737426045,0.23751989501869256,0.001436380337779476,0.2842388020216203,1.2766625133653045,0.001790025977146192,1.3400715310965696,0.49942039585653586,0.005319472664624977,0.5687569719982076,0.2740675550449531,0.0010362334959449623,0.3183680383016075,0.2903660506307027,0.000815234932986791,0.3542946000155271,-0.5385207300443254,0.00016529210668575053,-0.5053066199137783,0
2021-03-23,-0.42909795881468,0.0023525180726440254,-0.35449655432058846,0.2130684253530565,0.0013865897627536752,0.2664886795299662,-0.0989588544542678,0.000627556892671797,-0.07745828307617109,-0.5636676282122086,0.0011697976342335866,-0.5178239625760078,-0.5149809197170635,0.0014181880294667068,-0.46826201271413576,0.30535116007403024,0.0017988767891952751,0.3687601778052953,-0.35739658467399205,0.00528902376081767,-0.2880600085323203,-0.0011123140404006742,0.001035669998190129,0.043188169216253694,0.8148027578069696,0.000834994280889004,0.878731307191794,-0.6405914356661433,0.00014291898288749713,-0.6073773255355962,0
2021-03-24,-1.1034751355933774,0.0023126144950277776,-1.0288737310992857,-0.27267140756403396,0.0013764156187195129,-0.2192511533871243,0.7847899368834806,0.0006438088846584686,0.8062905082615773,0.35596366243237654,0.0011815676641126498,0.4018073280685774,0.6143324656363117,0.0014376710068292311,0.6610513726392394,-0.5517962185970685,0.001779729974621515,-0.4883872008658035,-1.2549265599234325,0.005193578026819599,-1.1855899837817607,-0.06732335313642678,0.001033134016583691,-0.02302286987977241,-0.5230279279374062,0.0008224376626470801,-0.45909937855258176,0.9650068173984739,0.00017888310093672002,0.998220927529021,1
2021-03-25,0.13965302504436333,0.002315913716377982,0.21425442953845486,-0.05517292088025322,0.0013739006870455406,-0.0017526667033435613,0.009220161601029507,0.0006433220154598567,0.030720732979126218,0.6175573722238787,0.0012023024200904038,0.6634010378600795,-0.23903686346923134,0.0014287148309967035,-0.19231795646630362,-0.7886390131319643,0.0017529377603523757,-0.7252299954006992,0.3259363575266107,0.005212941751195247,0.3952729336682825,-0.07307530255732263,0.0010304358513122155,-0.028774819300668254,0.4369943737599897,0.0008330237396728742,0.5009229231448141,-0.1729868515099937,0.00017350177865255317,-0.1397727413794467,1
2021-03-26,0.18998164090026684,0.00232094142051753,0.26458304539435834,-0.24685583996917002,0.0013646885088242668,-0.19343558579226036,1.493096134692745,0.0006746952318533678,1.5145967060708416,0.8161897899180469,0.0012297901439508206,0.8620334555542478,1.1173532984061014,0.001464802580123364,1.1640722054090291,0.9118306004040411,0.0017815244131991848,0.9752396181353061,-0.9027445341360163,0.00514342693951026,-0.8334079579943445,1.5565870615320077,0.0010761729178458445,1.600887544788662,0.5552525943759453,0.0008464123484317287,0.6191811437607697,1.3071042748172312,0.00022165194352912835,1.3403183849477782,0
2021-03-29,0.00181774583023685,0.0023194566355070963,0.07641915032432839,0.4755963704223973,0.001380739791021948,0.5290166245993069,0.5362930405033732,0.0006854512221171734,0.5577936118814699,-0.8503561151120513,0.0012000047798446758,-0.8045124494758505,-0.5197412466366637,0.0014465313491704218,-0.473022339633736,-0.35038719961059445,0.0017690467708176498,-0.2869781818793294,-0.3645652413769409,0.005112989827679668,-0.29522866523526914,0.23052035554865685,0.0010824132527016068,0.2748208388053112,0.7804185783646467,0.0008651515957609057,0.8443471277494711,-0.2975791096423335,0.00021171716999481965,-0.2643649995117865,0
2021-03-30,-0.7062500634752854,0.0022935809161285857,-0.6316486589811938,-0.03651235967011532,0.0013788811108194818,0.016907894506794335,-0.5356406760571683,0.0006732365992137909,-0.5141401046790716,0.564518495172994,0.0012187801364201836,0.6103621608091948,-0.742594233538423,0.0014209557180869558,-0.6958753265354954,-0.8521417522834082,0.0017403588102929894,-0.7887327345521431,0.9104637771476412,0.005174493531622102,0.9798003532893128,-0.7728721660447073,0.0010589212492873852,-0.728571682788053,-0.56806124962674,0.0008515528323520398,-0.5041327002419156,-0.6419738405707486,0.00018941027227164335,-0.6087597304402016,1
2021-03-31,0.8910847773952955,0.00232273493166089,0.965686181889387,0.3454474310313122,0.0013903212561150653,0.39886768520822186,-0.35297352207064076,0.000664966196816264,-0.33147295069254407,-0.7999152839499554,0.001190844079702268,-0.7540716183137546,-0.3685745608284279,0.0014078166266381642,-0.32185565382550013,0.8619612519840638,0.0017672032585531133,0.9253702697153289,1.1820217897030454,0.005255303641450099,1.2513583658447172,-0.09234202364458971,0.0010556270717127277,-0.04804154038793534,-0.014807481212902925,0.0008512191345094965,0.04912106817192147,-0.7798260711024313,0.0001622247867696742,-0.7466119609718843,1
2021-04-01,0.28350040919520786,0.002330925819609181,0.3581018136892994,1.6051416076803509,0.0014454810324615536,1.6585618618572606,-0.787999618945626,0.0006474511504170831,-0.7664990475675293,0.4574906069949117,0.0012059168534838986,0.5033342726311124,1.045105519383316,0.001441305649554078,1.0918244263862438,1.4640641585744367,0.001813389321746851,1.5274731763057017,-0.297108280927778,0.005229671557413756,-0.22777170478610625,1.406550732667002,0.0010965695593155198,1.4508512159236564,-0.17847733978285343,0.0008469835409721255,-0.11454879039802904,1.3419578577134352,0.00021130580920397128,1.3751719678439822,1
2021-04-05,1.1386919533804154,0.0023683972048624677,1.213293357874507,2.0761986770923455,0.0015167812606042823,2.1296189312692553,0.2838629802566642,0.0006528075076141391,0.30536355163476087,0.22860224357349618,0.0012131392135620533,0.27444590920969697,0.6941723458424242,0.0014631334611516485,0.7408912528453518,1.454223668417762,0.0018590953707235726,1.5176326861490272,1.0206393988699776,0.005298537376938104,1.0899759750116493,0.5576458151739743,0.0011123647540870725,0.6019462984306286,2.0173991490904615,0.0008950361318032412,2.0813276984752855,-0.7964394290322852,0.00018358224441795813,-0.7632253189017381,0
2021-04-06,0.052100912647358874,0.0023685622274702374,0.12670231714145042,-0.27574706233997226,0.0015064147361541823,-0.2223268081630626,-0.04178161685220213,0.0006512273705081778,-0.020281045474105416,-0.409828314763075,0.0011986258357893924,-0.3639846491268742,0.1352421010138694,0.0014665321448579097,0.18196100801679715,-0.3293008986729466,0.0018472692878231023,-0.2658918809416816,-0.049032706245942206,0.005290661036684337,0.020303869895729527,-0.15092492731097243,0.0011072714747514885,-0.10662444405431809,0.2921171327022775,0.0009019211748983202,0.3560456820871019,-0.1725748549790286,0.00017827370639315047,-0.1393607448484816,1
2021-04-07,0.6144838954237793,0.0023879330862047565,0.6890852999178709,0.6319186342887789,0.001527449471648252,0.6853388884656886,0.09009489234015192,0.0006524493028443528,0.11159546371824862,0.7653274517143887,0.0012240552873460315,0.8111711173505894,0.17236321290416706,0.0014711355983757772,0.21908211990709478,0.3870428985605227,0.0018584871317474485,0.45045191629178777,-0.8043497856273186,0.00522888935083967,-0.7350132094856469,0.1254942617008499,0.0011103088813460462,0.16979474495750427,-0.22259791490571826,0.0008965721991828889,-0.15866936552089386,0.18516454563048942,0.00018575869150044393,0.21837865576103643,1
2021-04-08,0.9151701460263861,0.0024174869513124116,0.9897715505204777,0.20552830827496898,0.0015337021287476808,0.25894856245187864,-0.3456939827251974,0.0006444420126739684,-0.3241934113471007,0.017667701027753134,0.0012240599952177756,0.06351136666395393,0.9804045944272186,0.0015021615477149657,1.0271235014301463,0.6702935460339793,0.001878745057514272,0.7337025637652443,0.40138801697661375,0.005253262520635327,0.4707245931182855,0.346227009124385,0.0011198026751879167,0.39052749238103934,-0.11160361519932112,0.000893870325013141,-0.04767506581449672,-0.5463249241840166,0.00016714177221888678,-0.5131108140534695,1
2021-04-09,0.967560132204185,0.002448720247964268,1.0421615366982766,0.4040038996769364,0.001546767281622501,0.45742415385384605,-0.896208750984556,0.0006248296841436996,-0.8747081796064593,0.3412995110787383,0.0012350122061210445,0.3871431767149391,0.2854336870365165,0.0015103796003836055,0.3321525940394442,0.49848821810066335,0.0018934345473494837,0.5618972358319284,-0.3134222484538003,0.005226697865199828,-0.24408567231212852,0.4495104406786313,0.001132283922155985,0.49381092393528564,-0.026808191548892087,0.0008931823445685361,0.0371203578359323,-0.1474648933478715,0.00016278345266035595,-0.1142507832173245,1
2021-04-12,-0.7555846934693712,0.002421304409534424,-0.6809832889752797,-0.6368990964564993,0.001524006499371003,-0.5834788422795897,0.17896517419310032,0.0006279660177532779,0.200465745571197,-0.1551757256049753,0.0012291611751080393,-0.10933205996877453,-0.08055811918492092,0.0015066357484142944,-0.033839212181993206,-0.050570362719006834,0.0018905344441338809,0.012838655012258178,0.8382444402601201,0.005282013799528665,0.9075810164017919,-0.3268650131440897,0.0011220547538757408,-0.28256452988743536,-0.05334844392124522,0.0008918704967458349,0.010580105463579167,-0.35914542339495353,0.0001509209118588592,-0.32593131326440655,1
2021-04-13,1.176222132202537,0.0024594984728457704,1.2508235366966285,0.16885191353435794,0.001528973905624843,0.2222721677112676,-1.1290041152066896,0.0006035488028739832,-1.107503543828593,-0.663333153916676,0.0012062010821398256,-0.6174894882804752,-0.2881010518239258,0.001496149832177617,-0.24138214482099812,0.4883805294566423,0.0019048297868596372,0.5517895471879073,2.0467016568081835,0.0054228076736095015,2.116038232949855,-0.1659761700787502,0.0011165503438205103,-0.12167568682209585,-0.2917901830285662,0.0008849465144304965,-0.22786163364374182,0.15299772433043096,0.00015726072427483525,0.18621183446097794,0
2021-04-14,-0.9933255402928818,0.0024241108196696613,-0.9187241357987903,-0.33586854655351256,0.0015166350707968286,-0.2824482923766029,0.20718071376684508,0.0006073043976409681,0.2286812851449418,-1.0134721557611595,0.0011715387124267415,-0.9676284901249587,-0.019787300314740366,0.0014944183453442742,0.026931606688187348,-0.6774431986716777,0.0018819659027821266,-0.6140341809404126,-1.0410276567184118,0.005344594303017019,-0.97169108057674,0.21578765256380922,0.0011221721145211287,0.2600881358204636,-0.09050870499211147,0.0008827797666760103,-0.026580155607287083,1.3890889755649491,0.0002073347290123965,1.4223030856954961,1
2021-04-15,0.8881178476854582,0.002452430531510981,0.9627192521795498,0.929784084252602,0.001547618017987407,0.9832043384295117,0.22206632390659847,0.0006113592933635451,0.2435668952846952,0.28283635013043057,0.0011805421947872143,0.3286800157666314,1.1112093001048098,0.0015293766505396409,1.1579282071077375,0.7738634037358847,0.0019052978460067185,0.8372724214671496,0.15322793374097754,0.005351022715053479,0.22256450988264928,1.1156534841326518,0.0011539094136695338,1.159953967389306,0.38276921115716217,0.0008917302724857863,0.44669776054198657,-0.32514119269683733,0.00019665821851716338,-0.2919270825662903,1
2021-04-16,-0.2046943236529635,0.002443783920207885,-0.13009291915887197,-0.10906583572143082,0.0015430316895536542,-0.05564558154452117,0.9344244883551919,0.0006303224847742442,0.9559250597332886,0.3386154758015318,0.0011913848812072103,0.38445914143773263,-0.09109972917382328,0.0015252844940180747,-0.044380822170895555,0.19812840687108807,0.0019102861471333651,0.2615374246023531,-0.03835054268249127,0.005343917993178725,0.03098603345918046,-0.009886377416652953,0.0011529038630221592,0.034414105840001416,0.17394449371368836,0.0008957562629209859,0.23787304309851276,-0.30959974449276323,0.00018656701931229051,-0.2763856343622162,0
2021-04-19,0.18623182583716247,0.002448333021799194,0.260833230331254,0.1027651899809652,0.0015456796912838343,0.15618544415787486,0.20839111219232048,0.000634037462830423,0.2298916835704172,-0.2653634808081181,0.001181971591906238,-0.2195198151719173,-0.6035052655154038,0.001504644303584723,-0.5567863585124763,-0.4832366433704857,0.0018936813444325332,-0.41982762563922066,-0.9062451888653875,0.0052757368793494575,-0.8369086127237158,-0.2082756412437188,0.0011461598887583136,-0.16397515798706444,-0.5381455932927742,0.0008831106485695916,-0.47421704390794983,-0.18956636555865058,0.00018073775685999413,-0.15635225542810358,0
2021-04-20,-0.7348380897834774,0.0024218999490235593,-0.6602366852893858,-0.29218873846311566,0.0015348832178270688,-0.23876848428620603,1.9091813276506373,0.0006732442123234821,1.930681899028734,-1.1922026630012859,0.0011416183089563079,-1.1463589973650852,-0.822612400168587,0.0014770056990640694,-0.7758934931656594,-0.164930598799333,0.0018871959021322265,-0.10152158106806798,0.08085480174757818,0.00527716470009024,0.1501913778892499,-0.7099701561089097,0.001124944008003352,-0.6656696728522553,0.508787398402207,0.0008949569208910598,0.5727159477870314,-1.070140620432945,0.00014397301537551828,-1.0369265103023977,1
2021-04-21,0.07617611544057065,0.0024227774430755746,0.15077751993466218,-0.06815472971666897,0.0015317319337769387,-0.014734475539759316,0.03327470902055608,0.0006732229210624406,0.054775280398652794,0.3946437292997396,0.001154341127153801,0.44048739493594047,0.8743724289474528,0.00150412385719385,0.9210913359503805,0.42823890186642233,0.0018994510319668744,0.49164791959768733,0.791086823146672,0.005328416217775567,0.8604233992883438,1.074027506233807,0.001155256659661114,1.1183279894904614,0.15181366946958724,0.0008984405688545295,0.21574221885441164,0.5987774206860138,0.00016590297475157053,0.6319915308165609,0
2021-04-22,-0.675937463938992,0.0023984529948125693,-0.6013360594449004,-0.6300216964326297,0.0015095441610199433,-0.5766014422557201,-0.7230068744438357,0.0006574684851004619,-0.701506303065739,-1.1360283414477326,0.00111604535945596,-1.0901846758115317,-0.010314245824603687,0.00150270114284218,0.03640466117832403,-0.7796259754600812,0.0018736140048280338,-0.7162169577288161,-0.8775440222585392,0.005262624643663897,-0.8082074461168675,-0.012698631032236365,0.0011541747479673133,0.031601852224418005,-0.8667221213371535,0.0008782092267709542,-0.8027935719523291,-0.6747705404313284,0.0001431414723154261,-0.6415564303007814,1
2021-04-23,0.8536692390936139,0.0024253722254644595,0.9282706435877055,1.0170394499216815,0.001543172227115739,1.0704597040985913,0.14912848998315872,0.0006598804225536156,0.1706290613612554,0.9448406784366059,0.0011470596170549052,0.9906843440728067,0.4707920908400884,0.001516726815749663,0.517510997843016,0.7836153031840623,0.0018970260470704914,0.8470243209153273,0.26279955724064996,0.005276788642923427,0.33213613338232173,0.5951001649523822,0.0011705667518700277,0.6394006482090365,0.058072371398866215,0.0008795319513907599,0.1220009207836906,0.23390859970882366,0.0001522370281303417,0.26712270983937064,1
2021-04-26,0.07864464509891027,0.0024263216519837204,0.1532460495930018,0.16772098135957955,0.0015479916800218642,0.2211412355364892,-0.7224979107792704,0.0006442136025843982,-0.7009973394011737,0.08170467338994339,0.001149321765068508,0.12754833902614418,0.010073756817672561,0.0015159406652756312,0.056792663820600275,0.020426036725102056,0.0018963984304399854,0.08383505445636708,0.22766572546500746,0.005288451746640098,0.29700230160667923,0.04422542118215154,0.0011710956303831324,0.08852590443880591,-1.1177762348641462,0.0008535802631241696,-1.0538476854793217,0.06421944299179375,0.00015537708449841922,0.09743355312234077,0
2021-04-27,-0.20065446770806564,0.002417958298405067,-0.1260530632139741,-0.4706551364956079,0.0015312649356900724,-0.41723488231869826,-0.49619501198109855,0.0006332841690895453,-0.4746944406030019,0.19140826857326712,0.0011552107218948237,0.2372519342094679,0.17467618273964644,0.0015204228155055017,0.22139508974257416,0.024482993585674444,0.001895900110605061,0.08789201131693945,-1.1851580938391142,0.0052016336834834545,-1.1158215176974424,-0.1560863155976697,0.0011658848101012218,-0.11178583234101533,0.18855557647802543,0.0008579616253279734,0.25248412586284985,0.6120212225398785,0.00017759859886441658,0.6452353326704255,1
2021-04-28,-0.38477067585932917,0.002403497182828658,-0.31016927136523764,1.4575008869594082,0.001579512483584764,1.510921141136318,-0.6309717776196928,0.0006196075562080196,-0.6094712062415961,0.2896195375512232,0.0011643277585375277,0.335463203187424,0.8601104623339941,0.0015467789965738197,0.9068293693369218,-1.611521964506225,0.001844219416950773,-1.54811294677496,-0.43052586039493523,0.005167603327340112,-0.36118928425326347,0.877700150997508,0.001190253708481175,0.9220006342541623,-0.3262423012735692,0.0008504298585171854,-0.2623137518887448,1.4499598143730854,0.00022889821159892466,1.4831739245036324,1
2021-04-29,-0.11313572890694612,0.0023981086160426214,-0.038534324412854586,0.6735572069921163,0.0016012464445427364,0.726977461169026,1.1143678922541114,0.000641976343658756,1.135868463632208,0.9608276718450827,0.001195575270083031,1.0066713374812835,-0.9547161513180095,0.0015151875563895448,-0.9079972443150819,-0.5041739835982437,0.0018273006967921461,-0.44076496586697866,-0.6861891524086339,0.005115936395635688,-0.6168525762669621,0.8303700869453347,0.0012131881704660452,0.874670570201989,0.8709532899654544,0.0008705463962436763,0.9348818393502788,0.6697285090418124,0.0002529224416901119,0.7029426191723595,0
2021-04-30,-0.8533495528483036,0.002368192142056518,-0.778748148354212,-0.887908947381717,0.0015705143299520686,-0.8344886932048073,-0.7634476055563759,0.0006256038475934733,-0.7419470341782792,-0.5062027042615265,0.0011783610527675255,-0.46035903862532573,-0.9965483306626457,0.0014823725833475493,-0.949829423659718,-0.13493144667533077,0.0018219524212631374,-0.07152242894406576,1.110262812113956,0.005188976162154368,1.1795993882556277,-0.8785749486706458,0.0011873426225221008,-0.8342744654139914,0.08462496249320067,0.0008724825062747007,0.14855351187802507,-1.4527112868280223,0.00020327116405649738,-1.4194971766974753,1
2021-05-03,0.3481566255871348,0.0023781529781661363,0.4227580300812263,-0.27859972278057843,0.0015602962581324964,-0.2251794686036688,1.2415580114480966,0.000650500637698626,1.2630585828261933,-0.19733071563960852,0.0011713689346737348,-0.15148705000340773,-0.4200332404933006,0.001467986362584505,-0.3733143334903729,-0.13286334093572555,0.0018166867402524816,-0.06945432320446054,-0.9208691257424207,0.005121208515010492,-0.851532549600749,-0.28785801064959454,0.0011783907830233947,-0.24355752739294018,1.106363245604414,0.000897905976573602,1.1702917949892384,1.3252638752464025,0.00024994851963490395,1.3584779853769495,0
2021-05-04,-1.895560658351278,0.0023139288953458667,-1.8209592538571864,-0.8402633451217754,0.0015313315337556184,-0.7868430909448656,1.2627141204864682,0.0006757468755486738,1.284214691864565,0.6698441949920865,0.0011928865036968986,0.7156878606282872,-0.539943571193135,0.0014498457816218646,-0.4932246641902072,-0.9478543756997436,0.0017861146002097726,-0.8844453579684787,-0.47549320878915424,0.005084439893557614,-0.4061566326474825,-0.19361429990015938,0.0011721460260725668,-0.14931381664350502,-0.793759131362926,0.000879625665371549,-0.7298305819781016,0.27637473371426213,0.0002602216134353086,0.30958884384480917,1
2021-05-05,0.02602991594600431,0.0023133203709436497,0.10063132044009584,0.12163104761169247,0.001534575233099125,0.17505130178860212,-0.36726810799013626,0.0006675163736932311,-0.34576753661203957,0.6334517157392843,0.0012131375778820655,0.6792953813754851,-1.0123674225419828,0.00141680798939409,-0.965648515539055,-0.3549623428858653,0.0017740380374793613,-0.29155332515460025,-0.16654980788695337,0.005069103053194403,-0.09721323174528163,-0.772049650013581,0.0011495221096705578,-0.7277491667569266,-0.12710119854529336,0.0008766845771131042,-0.06317264916046897,1.4468125985377784,0.00031083689802885006,1.4800267086683256,1
2021-05-06,0.5842192870886507,0.0023310985853778146,0.6588206915827423,0.4426977510576794,0.0015485076573204192,0.49611800523458904,0.310855906401783,0.0006731819414693307,0.3323564777798797,0.9960613165932443,0.0012451910212085855,1.041904982229445,0.8741823209226417,0.0014435165753916511,0.9209012279255694,0.6605059738266134,0.0017934492878393135,0.7239149915578784,-0.34085056749880194,0.005041817559001218,-0.27151399135713017,0.5069116913176063,0.0011631757841130755,0.5512121745742606,0.46506959125121883,0.0008873006595712077,0.5289981406360432,0.4349594474486497,0.00032643345642584644,0.46817355757919676,1
2021-05-07,0.19953383863822396,0.0023361679711309613,0.27413524313231546,0.26382636259026904,0.0015564420340015324,0.3172466167671787,0.3539904322196481,0.000679708978803177,0.37549100359774473,0.13135496301528016,0.0012488753649655747,0.17719862865148095,-0.05814282096976591,0.001440713574736036,-0.011423913966838187,0.5349047284181117,0.0018089118289224793,0.5983137461493766,0.2582589393539763,0.005055803419228662,0.3275955154956481,0.1627977364974206,0.0011670596156968121,0.20709821975407494,-0.5103926867982793,0.0008756027442928753,-0.4464641374134549,0.6704306330025477,0.0003500728909385927,0.7036447431330947,0
2021-05-10,-1.4025001296701514,0.0022886334668856295,-1.32789872517606,-1.3547766001993669,0.001510591024085257,-1.3013563460224573,0.8490998891746147,0.000696305135911744,0.8706004605527113,-0.05228243250778427,0.001246555699690436,-0.006438766871583477,-1.3407685990769815,0.0013975128436006174,-1.2940496920740538,-1.2080773317956925,0.001770528068737726,-1.1446683140644276,-1.6557757535048974,0.004938405556361991,-1.5864391773632256,-1.6308248146982096,0.0011203334964662779,-1.5865243314415551,0.2637010914278844,0.0008815936078567415,0.3276296408127088,0.08504031669920566,0.0003535403499509254,0.11825442682975267,0
2021-05-11,-0.45593407075734976,0.0022722779151393333,-0.38133266626325824,-0.5347753430495391,0.0014920833898606455,-0.4813550888726294,-0.6980906278254133,0.000681364129953614,-0.6765900564473166,-0.9064670403197432,0.001216421259815324,-0.8606233746835423,0.13915004392087835,0.0014010018088236658,0.18586895092380606,-0.2737602120873013,0.0017610611851163413,-0.21035119435603622,-0.5326927442471041,0.004898336948738635,-0.46335616810543234,-0.1741546324420815,0.0011147873156313556,-0.12985414918542715,-0.7320905030959856,0.0008648986063719952,-0.6681619537111612,-1.5982151051610758,0.00029931985263936724,-1.5650009950305288,0
2021-05-12,-1.3579519682810792,0.0022264683885610402,-1.2833505637869878,-1.6174698132644845,0.0014377996679475896,-1.5640495590875747,-0.3551951858742188,0.0006734386898841618,-0.3336946144961221,-0.4017984619791491,0.0012027987313645437,-0.35595479634294824,-1.6496850360296917,0.001348314208323418,-1.602966129026764,-1.6704769511514435,0.0017086641232297625,-1.6070679334201785,-1.1586139502606894,0.004815598649284774,-1.0892773741190176,-1.3323096014229099,0.0010766990747565876,-1.2880091181662554,-1.9805062535315934,0.000819891903316931,-1.916577704146769,0.23049745943822772,0.00030783673593501174,0.26371156956877473,1
2021-05-13,0.8475639386499284,0.002252843879279735,0.9221653431440199,0.6120759270162295,0.0014573748459675642,0.6654961811931391,0.8457151933051835,0.000689893069174938,0.8672157646832802,1.285895239389098,0.0012440089649143806,1.331738905025299,0.4644692983677871,0.0013620711534699675,0.5111882053707147,0.8594733408379165,0.0017341319404461874,0.9228823585691815,-0.8288632280095228,0.004755651081839092,-0.7595266518678511,0.8879792565709342,0.0011010558519980195,0.9322797398275886,1.1896055452330137,0.0008469502795934119,1.253534094617838,-0.6398036445275246,0.00028660461202779176,-0.6065895343969775,1
2021-05-14,0.9466109232827079,0.0022823602585800244,1.0212123277767995,1.072346856668126,0.0014920686943920311,1.1257671108450358,0.10527420996049082,0.0006913020740466853,0.12677478133858752,0.758776893446483,0.0012679979733848895,0.8046205590826838,0.5326332322901022,0.001377914924706784,0.5793521392930298,1.0896344299984693,0.0017665701361101638,1.1530434477297342,0.707910417605203,0.004800646689079485,0.7772469937468747,0.8121315614235893,0.001123205644790809,0.8564320446802437,0.6220444194748246,0.0008610643683033223,0.685972968859649,1.1867905805664671,0.00032771642243013626,1.2200046906970141,0
2021-05-17,-0.5510466011398856,0.002263028878904222,-0.47644519664579404,0.18186049461681916,0.0014973183379145562,0.23528074879372882,0.06125774218526001,0.0006918167420105506,0.08275831356335672,0.16248710604586022,0.0012726143314253915,0.20833077168206102,-0.1365968617048798,0.0013727991035937456,-0.08987795470195209,-0.7184698953432662,0.0017435630841871983,-0.6550608776120012,-0.6082363608773088,0.004755937091699386,-0.538899784735637,-0.17622075671292634,0.0011176340175562559,-0.13192027345627197,-0.3984731001218965,0.0008520583505289231,-0.3345445507370721,1.1167865132617045,0.00036630790712811206,1.1500006233922517,0
2021-05-18,-0.6533091412047276,0.0022404390648228475,-0.578707736710636,-0.64113350059366,0.00147549061944875,-0.5877132464167504,0.007691242992679992,0.0006912488668350287,0.029191814370776704,-0.7752368164502746,0.00124692698169086,-0.7293931508140739,-0.08066261730164218,0.0013694448364917344,-0.03394371029871446,-0.532192837719453,0.0017263244079180676,-0.468783819988188,-0.024952679199449476,0.004750998979257,0.04438389694222226,-0.27437948128970785,0.0011093398184870112,-0.2300789980330535,1.5470181006553716,0.0008869943998161341,1.6109466500401959,-1.4260235932219791,0.00031837016865694014,-1.392809483091432,0
2021-05-19,-0.14055949268216886,0.0022345589930604258,-0.06595808818807732,0.14957071970432595,0.0014796905051514657,0.2029909738812356,-0.2014104111219892,0.0006864708458802629,-0.1799098397438925,-0.44126963289649984,0.0012320944546733055,-0.39542596726029905,-0.35538032786799856,0.0013575483383295973,-0.30866142086507087,0.07200567944130884,0.0017275728923741621,0.13541469717257384,-0.6832063110021709,0.004701437405225039,-0.6138697348604991,-0.30445362635926615,0.0011002348566175784,-0.26015314310261184,-0.058700068679665415,0.000885631423562916,0.0052284807051589735,-1.2141114015079701,0.0002777808672382342,-1.180897291377423,1
2021-05-20,1.0066808397638585,0.002265854575668829,1.08128224425795,0.7403120114062659,0.001503235049459022,0.7937322655831756,0.4609217044687891,0.0006950282109842778,0.48242227584688574,-0.13582999715448818,0.0012271441144268995,-0.08998633151828737,0.9514498920579001,0.0013863122901870612,0.9981687990608278,0.6930008969261107,0.0017477275902356422,0.7564099146573757,0.9495082348372843,0.004762580222921937,1.018844810978956,0.44896209476629756,0.0011121301941402599,0.4932625780229519,0.19708859126360342,0.0008900271864085021,0.2610171406484278,-0.15003141922983096,0.00027336188601214767,-0.11681730909928395,0
2021-05-21,-0.8345143964848497,0.0022375138311894376,-0.7599129919907582,-0.3360494395293975,0.0014914874470215015,-0.2826291853524878,-0.07479759459423858,0.00069280174145861,-0.05329702321614188,0.5432463070832434,0.0012440347697655824,0.5890899727194441,-0.06129405895097242,0.0013835533219410249,-0.014575151948044696,-0.3543043749645103,0.0017359760316937453,-0.2908953572332452,-0.31686281511736647,0.004737925485231675,-0.2475262389756947,0.04296508315006607,0.0011127045640721323,0.08726556640672044,-0.41246194795061814,0.0008807187497135526,-0.34853339856579374,0.03369691194605363,0.0002751692095280619,0.06691102207660064,1
2021-05-24,0.6105543416831429,0.0022559136756379783,0.6851557461772345,1.4299362564453586,0.0015374581577251043,1.4833565106222684,0.2955573358966697,0.0006980057408209864,0.3170579072747664,0.23425268672952881,0.0012509552017352839,0.28009635236572966,0.6505125763993991,0.0014028554210813397,0.6972314834023267,1.1889632134975296,0.0017711025435703256,1.2523722312287946,1.0138852414876731,0.004803148576459989,1.0832218176293449,0.6290335604749053,0.0011295349774879488,0.6733340437315596,-0.05870691898153987,0.0008793728367770173,0.0052216304032845235,0.5431419779806248,0.0002941655470193975,0.5763560881111718,0
2021-05-25,-0.15557602498494488,0.0022495630208261503,-0.08097462049085334,-0.014008962004716345,0.0015361935628903968,0.03941129217219331,-0.24986166852014077,0.0006922787050615088,-0.22836109714204408,-0.5808610223411308,0.001231743002141306,-0.53501735670493,-0.7897134297081229,0.0013775490257584737,-0.7429945227051952,0.1417376407489233,0.0017743813812500732,0.20514665848018832,-0.14037432141675155,0.0047903976362287685,-0.0710377452750798,-0.12261959225408152,0.001125492761025618,-0.07831910899742715,0.2392043034599741,0.0008846998264576222,0.30313285284479846,-1.1478057253961018,0.0002561199025450693,-1.1145916152655546,1
2021-05-26,-0.09487696384155407,0.0022451862562724396,-0.02027555934746253,0.32196452333524916,0.0015458701309903804,0.3753847775121588,-0.5136918644303796,0.0006813001599866866,-0.49219129305228293,-0.052247040610641386,0.001229498919564744,-0.006403374974440593,-0.714008399443908,0.0013546640162246165,-0.6672894924409803,-0.11340482459464557,0.001769931287722222,-0.04999580686338056,0.5185266544824901,0.0048220028677926,0.5878632306241619,-0.5541718540626717,0.0011095320071097424,-0.5098713708060173,-0.15241085800971477,0.0008812577846194554,-0.08848230862489039,0.5412090849697544,0.00027501985299854614,0.5744231951003015,0
2021-05-27,-0.7115169757314279,0.002221017687522996,-0.6369155712373364,-0.43011355957477254,0.0015310727108426086,-0.3766933053978629,-0.14895324338144508,0.0006776321607516227,-0.12745267200334837,0.7603691916121982,0.001253205886097324,0.806212857248399,-0.14282317948945367,0.001349462337600238,-0.09610427248652596,-0.5378553470978197,0.001752677475298416,-0.4744463293665546,0.396667477169896,0.0048453216071090485,0.46600405331156775,-0.09967335968768265,0.0011061696043151688,-0.05537287643102828,-0.31406154981930084,0.0008742206973392256,-0.25013300043447645,-0.3505108925545236,0.0002639088365836833,-0.3172967824239766,0
2021-05-28,-0.34981615762429724,0.002208527422304235,-0.2752147531302057,-0.1789186682306812,0.00152447430993046,-0.12549841405377155,0.19452143526344468,0.000680815133750282,0.2160220066415414,-0.08049636324142227,0.0012500333912674592,-0.03465269760522148,-0.25705586834393,0.0013407622357821645,-0.21033696134100233,0.017831552151136357,0.001752234689449878,0.08124056988240137,-0.2890354096125661,0.004822599091582202,-0.2196988334708943,0.07183681400221763,0.0011075447066800797,0.116137297258872,0.11384787346692712,0.0008767377329305139,0.17777642285175152,-0.19289389415460653,0.0002581193345715859,-0.15967978402405952,1
2021-06-01,-0.21088967487569302,0.0022005258810497575,-0.1362882703816015,0.4716071505652122,0.0015389696143251177,0.5250274047421218,-1.843079713160521,0.0006434841224803947,-1.8215791417824243,0.5247216590523037,0.0012661299087734128,0.5705653246885045,-0.16418584649111276,0.001334944230751,-0.11746693948818504,-0.5632067867791041,0.0017343037883857727,-0.499797769047839,-0.12131058738727864,0.004811175915814153,-0.051974011245606896,-0.2208086151694119,0.001100863959650562,-0.17650813191275755,-0.2569261449450909,0.0008710017685542217,-0.19299759556026652,1.7289810079728287,0.00031668255942233505,1.762195118103376,1
2021-06-02,0.24837901888525973,0.0022072294316111793,0.3229804233793513,-0.2796120893542128,0.0015291236132363125,-0.22619183517730312,0.3139521951451011,0.000649082933250514,0.33545276652319783,-0.042736517853331595,0.0012641461677684602,0.0031071477828692033,1.0054319651200427,0.001365022758289438,1.0521508721229704,-0.08553353834040793,0.0017307864501182857,-0.022124520609142922,-0.8103447243163212,0.004753754652239182,-0.7410081481746494,0.7562936227655438,0.0011210432034318254,0.8005941060221982,-0.2260741542927446,0.0008659695835974688,-0.1621456049079202,0.3575173528033378,0.0003292196973892017,0.39073146293388483,0
2021-06-03,-0.7000497279711447,0.00218364783698237,-0.6254483234770533,-0.5470839780676292,0.0015106743966642954,-0.4936637238907195,-0.10130353675453173,0.0006464359994963085,-0.07980296537643501,-0.011558645723529666,0.0012631577901355614,0.03428501991267113,-0.7819164918947916,0.0013402665837913379,-0.7351975848918639,-0.41529948616595785,0.0017173871244670132,-0.35189046843469285,-1.3825476857007042,0.004658354785301464,-1.3132111095590324,-0.4484375292016811,0.0011081202267429044,-0.40413704594502675,0.0671095019687995,0.0008674518851950016,0.1310380513536239,0.16060537375790626,0.0003351457948602642,0.19381948388845327,1
2021-06-04,0.9042742976319477,0.0022112515351488263,0.9788757021260392,0.9429375674415139,0.0015403133802350789,0.9963578216184237,-0.05644363639410584,0.0006446850851177526,-0.03494306501600913,0.03830847634231453,0.001263751663898694,0.08415214197851534,0.5757028516712582,0.0013570992783928932,0.6224217586741859,1.0681549371127947,0.0017484649226263901,1.1315639548440597,1.0570209932610029,0.004725725466924766,1.1263575694026746,0.48859116091883786,0.0011208925525090757,0.5328916441754922,0.06687814531157289,0.0008689242075322337,0.13080669469639727,0.18397930655410225,0.0003418310433776165,0.21719341668464925,1
2021-06-07,-0.07050607979607572,0.002207762714282253,0.004095324698015818,0.13207084849096357,0.0015437615392081803,0.18549110266787322,-0.5857454873660315,0.0006324873043651055,-0.5642449159879348,-0.28848802189840844,0.0012540127255830284,-0.24264435626220762,-0.33092030004237216,0.0013462032463574746,-0.28420139303944447,0.5956607579135897,0.00176531176657621,0.6590697756448548,0.18051636882147304,0.004734602236534227,0.24985294496314478,0.26272020217453007,0.001127449546314452,0.30702068543118444,-0.5600988195130583,0.000856541225600206,-0.4961702701282339,-0.35357421197501093,0.00033061791796176694,-0.32036010184446395,1
2021-06-08,0.2687322535361746,0.0022150568876405144,0.34333365803026616,-0.13514218954646093,0.0015386135265962626,-0.08172193536955129,-0.7505536871485725,0.0006170800885201838,-0.7290531157704758,-0.25209396764797853,0.0012454542425282436,-0.20625030201177771,0.12705762334907333,0.0013492992291458173,0.17377653035200105,-0.33079705358768136,0.0017544444989596904,-0.2673880358564163,-0.13198601414077418,0.004722707589510677,-0.06264943799910246,0.14467268975046854,0.0011307638995419467,0.1889731730071229,-0.626558641383782,0.0008427329526583001,-0.5626300919989576,0.8374280834604856,0.0003589838300408275,0.8706421935910326,1
2021-06-09,0.08376224858984925,0.002216463623183133,0.1583636530839408,0.14803555394618576,0.001542565278792977,0.2014558081230954,1.0944391115305305,0.0006380389925522629,1.1159396829086272,-0.6922375583216548,0.0012230550214484648,-0.6463938926854541,-0.3300333644127883,0.001338478455717591,-0.28331445740986055,0.15761069243460324,0.0017581701339346968,0.22101971016586827,-0.2655124333990604,0.0047020033660828305,-0.19617585725738862,0.022784334606915264,0.0011307468458287618,0.06708481786356964,-0.4613159420771899,0.0008326081811594601,-0.3973873926923655,0.37868964795457094,0.00037205149387167715,0.4119037580851179,1
2021-06-10,-0.4874896704382774,0.0021997863050043664,-0.4128882659441859,0.5208764587616385,0.001558443609809158,0.5742967129385481,0.7242396618720409,0.0006516546863018369,0.7457402332501376,-0.8528860954079067,0.0011956750668800642,-0.8070424297717058,0.09642924265087677,0.0013406466068050995,0.14314814965380449,0.7243625667052433,0.0017787486870687054,0.7877715844365084,0.39688070317480684,0.004725189845519594,0.4662172793164786,0.37843416700785876,0.0011404030037255577,0.4227346502645131,0.3622241874178492,0.0008406202416797465,0.42615273680267357,0.04534096668249111,0.0003740451535961984,0.07855507681303812,1
2021-06-11,0.43140030690532594,0.002212197753956905,0.5060017113994174,-0.15638257028087527,0.0015526177633360266,-0.1029623161039656,-1.0730943017144547,0.0006299633903888023,-1.051593730336358,-0.08137216770348554,0.001192615038519856,-0.035528502067284744,0.1299032630579151,0.0013438228173579415,0.17662217006084283,0.07488243028247327,0.001779964913286224,0.13829144801373827,-0.0786177918987222,0.004716893572549293,-0.009281215757050463,0.2142130061267449,0.0011455684464555889,0.25851348938339924,0.39687225389191294,0.0008493666754034862,0.4608008032767373,-0.48811250771877485,0.00035840757005975167,-0.4548983975882278,1
2021-06-14,1.1901830980993509,0.00224850554616452,1.2647845025934423,0.338136672543913,0.0015625953620622159,0.39155692672082265,0.18447437809231465,0.0006329752783359395,0.20597494947041137,-0.9243693620654722,0.0011631319699415075,-0.8785256964292713,0.10292465202964439,0.0013461719086814863,0.1496435590325721,0.3610657275926349,0.0017896656077372208,0.42447474532389995,0.24550122342683905,0.004729998001569543,0.3148377995685108,-0.2685676695160281,0.0011376288218167834,-0.22426718625937378,-0.163921455864501,0.0008457968298403993,-0.0999929064796766,-0.11237569638432562,0.0003552145671630708,-0.07916158625377862,0
2021-06-15,-0.4058836729439797,0.002234427564092113,-0.3312822684498882,-0.4795832233605333,0.0015464821687546605,-0.4261629691836236,-0.46251431765355167,0.0006233249844115335,-0.441013746275455,-0.831131676024257,0.001136663288071836,-0.7852880103880561,0.1873493468839251,0.0013510652924056236,0.23406825388685282,-0.38563257274558965,0.001777223106469626,-0.32222355501432465,-0.7998609044920361,0.0046742361205627525,-0.7305243283503643,-0.32569440934537075,0.0011281687242711079,-0.2813939260887164,-0.35910471474978656,0.000837968711944863,-0.29517616536496216,1.7587338468397133,0.0004136510816066758,1.7919479569702603,0
2021-06-16,0.12784258519425587,0.002237177636782718,0.2024439896883474,-0.32443360587695735,0.0015353573064841228,-0.2710133517000477,-0.051720093935824406,0.000621726355509189,-0.030219522557727693,0.3178241874342741,0.0011461902736284262,0.36366785307047494,-0.6730331624547599,0.0013299781226219839,-0.6263142554518322,-0.2710112933105241,0.0017682096251823423,-0.20760227557925906,0.1569753077756877,0.004681548288058117,0.2263118839173594,-0.9130277264742961,0.001102868028951055,-0.8687272432176417,-1.5721346207071092,0.0008036725314746858,-1.508206071322285,-0.2091737569274659,0.0004071964366664678,-0.1759596467969189,1
2021-06-17,0.5738319125834374,0.002253919862370809,0.6484333170775288,0.35548666206491186,0.0015458655422367286,0.4089069162418215,0.37668395715626457,0.0006284836316152573,0.3981845285343612,-1.5400133344823024,0.0010977145531921,-1.4941696688461015,0.4646633247840431,0.0013432371485580595,0.5113822317869707,0.6851156576221414,0.0017874472835104655,0.7485246753534065,0.4080597953076991,0.004705314146375936,0.47739637144937086,0.6207342533543085,0.0011190282030783681,0.6650347366109629,0.24396366467583994,0.0008090879026347374,0.30789221406066436,-1.6532381552236515,0.00035336053534648523,-1.6200240450931045,0
2021-06-18,-0.5939326085772846,0.0022340073280154213,-0.519331204083193,-0.7354094740658607,0.0015217442787430267,-0.681989219888951,-1.646752343191547,0.0005958405456124912,-1.6252517718134503,-1.3558642494539466,0.001055132122300835,-1.3100205838177457,-0.027735358367997266,0.0013416416766071735,0.01898354863493045,-0.37177738981251945,0.00177547686990854,-0.3083683720812544,0.1985563087688758,0.004715276935343409,0.2678928849105476,-0.4931037465988256,0.0011051346557946046,-0.44880326334217124,-1.4357134174818826,0.0007779188572146275,-1.3717848680970584,-1.2955459559941844,0.000311420779679956,-1.2623318458636374,1
2021-06-21,0.6511989221419177,0.002253121715433715,0.7258003266360092,0.6670505549659188,0.0015421053111686635,0.7204708091428285,0.9301444993554777,0.0006133714229172881,0.9516450707335744,0.8326769746827399,0.0010807580891661155,0.8785206403189408,0.7807250739145922,0.0013643312864529218,0.8274439809175199,0.6116785550918417,0.0017924802055448042,0.6750875728231067,-0.16728442915729494,0.004701276810508107,-0.09794785301562321,0.9718594187724524,0.0011306815760487806,1.0161599020291068,0.6102453715122146,0.0007913194533162979,0.674173920897039,1.751243705977,0.000369306337202675,1.7844578161075473,1
2021-06-22,0.5788606685450486,0.0022699146645579647,0.6534620730391402,0.1628574273643552,0.0015464628047091203,0.21627768154126487,-0.1327569557428559,0.0006102270708700698,-0.11125638436475918,-0.12156820369995405,0.001076669025684439,-0.07572453806375326,0.6646762547034538,0.0013834683271776247,0.7113951617063815,0.5367668989763726,0.001807228364137839,0.6001759167076377,0.04486328792845179,0.004701176660692135,0.11419986407012353,0.3671248817801387,0.0011399100041008014,0.41142536503679306,0.27826165377150497,0.0007974728396252993,0.3421902031563293,0.9103539116884342,0.00039953628540545944,0.9435680218189813,1
2021-06-23,-0.18214811536018521,0.0022629165821878953,-0.10754671086609369,-0.1380238429412474,0.0015413104062396337,-0.08460358876433773,-0.5229651794476414,0.00059953544795195,-0.5014646080695447,0.26780857560852334,0.0010846651839849625,0.31365224124472413,-0.4580381606436454,0.0013689344558948332,-0.4113192536407177,-0.11287625771869308,0.0018028767654057205,-0.04946723998742807,1.227627074294408,0.004778196868591627,1.2969636504360798,-0.3615644740781841,0.0011295758339860136,-0.31726399082152973,-0.6424550849827709,0.0007836587825984666,-0.5785265355979465,0.3294057239807951,0.00041072172152460787,0.3626198341113421,1
2021-06-24,-0.1861993201811785,0.002255814768302032,-0.11159791568708696,0.10191378645776221,0.0015437348900992482,0.15533404063467185,0.3556007792117608,0.000605866467097739,0.3771013505898575,0.43035177144763154,0.0010976670671578963,0.47619543708383233,-0.10245533653431418,0.001365074803890405,-0.05573642953138646,0.22957874777483123,0.0018085663692385344,0.2929877655060963,0.8023987681190472,0.004827288384802465,0.871735344260719,0.35375834556668145,0.0011384187316266746,0.3980588288233358,0.45376325061262657,0.0007936009407185771,0.517691799997451,0.16590060012870667,0.00041654717809958886,0.19911471025925367,1
2021-06-25,-0.19033652993606467,0.0022486070467600734,-0.11573512544197315,-0.04988906396476891,0.0015413760030734932,0.003531190212140745,0.4046602960184644,0.0006131243475795743,0.42616086739656106,0.47694572354469983,0.0011120673034347645,0.5227893891809006,0.648633382028604,0.0013836400760362892,0.6953522890315317,-0.40614075517004283,0.0017956533616366184,-0.3427317374387778,-0.3572205075720205,0.004800853824144681,-0.28788393143034874,0.22944961303720193,0.0011439118218884007,0.27375009629385627,0.8127047597664485,0.0008112630073721214,0.8766333091512729,0.07357969957240487,0.0004193526076460095,0.1067938097029519,0
2021-06-28,0.5710231303072336,0.002265056610417759,0.6456245348013252,-0.04200299925548059,0.0015392723462518314,0.011417254921429068,-0.11740171569532101,0.0006102964496220991,-0.0959011443172243,0.04826669255618936,0.001113194618212879,0.09411035819239015,-1.731808089214521,0.001331226859140901,-1.685089182211593,0.7007037533013907,0.0018150870316075835,0.7641127710326557,0.5480505418295841,0.004833247453292057,0.6173871179712559,-0.8592914629639582,0.0011203428404197586,-0.8149909797073038,-0.2938864338435748,0.0008050088083222647,-0.22995788445875043,-1.2890947818816971,0.0003779188067732109,-1.2558806717511501,1
2021-06-29,0.5172107278827751,0.002279785913740437,0.5918121323768666,-0.16278789541112224,0.0015333877110841705,-0.1093676412342126,-0.01646878079732789,0.0006094199216402381,0.005031790580768823,-0.10957859936866286,0.0011094557798567981,-0.06373493373246207,-4.92632629136786e-05,0.0013304918756203482,0.04666964374001404,0.48245271185229677,0.0018280987882817788,0.5458617295835618,-0.35385702549618603,0.00480710562014271,-0.2845204493545143,0.43149689534099084,0.0011312286895229992,0.4757973785976452,-0.49311190485651646,0.0007944857970882555,-0.42918335547169206,-0.33782568285581555,0.0003674446226607886,-0.30461157272526856,1
2021-06-30,0.1632089685954498,0.002283514321805361,0.23781037308954134,-0.12953492394237193,0.0015285629348777336,-0.07611466976546229,0.3372256812764072,0.0006153418296011879,0.35872625265450386,0.42436900438894803,0.0011221513623131773,0.4702126700251488,-0.47070905980677114,0.0013157817824153396,-0.42399015280384345,-0.16424279615108603,0.0018222541446073436,-0.10083377841982101,-0.10766787947889177,0.004796971567107204,-0.038331303337220034,-0.58487173287054,0.0011150523896789248,-0.5405712496138856,1.9434026885045796,0.0008363640560141747,2.007331237889404,0.32832603550879236,0.00037855717075468075,0.3615401456393394,1
2021-07-01,0.041862902078140134,0.0022834819952754055,0.11646430657223167,0.09446172827283701,0.001530755466724264,0.14788198244974665,0.5922839638625439,0.0006261376330946591,0.6137845352406406,0.46674994006249043,0.0011361080064064093,0.5125936056986912,0.7786568890340061,0.0013381626024670762,0.8253757960369338,0.07801497513489308,0.0018234651279160096,0.1414239928661581,-0.13380527525817465,0.004785181750501399,-0.06446869911650292,0.29632450938634525,0.0011223232196628484,0.3406249926429996,-0.9570594945074763,0.0008158689301856284,-0.893130945122652,0.1072082314682596,0.00038249148035675594,0.1404223415988066,1
2021-07-02,0.9338460258141417,0.0023109630609255785,1.0084474303082331,1.1150062226739799,0.0015647918545947162,1.1684264768508894,1.486625378794243,0.0006540278808510377,1.5081259501723396,-0.09555377923791884,0.0011327805906240543,-0.04971011360171805,0.5781329004369716,0.0013545362028979597,0.6248518074398993,1.1557595356235653,0.0018559286287273854,1.2191685533548302,-0.03374870429289536,0.004779880885899506,0.035587871848776376,0.8418784229352834,0.0011440323924382617,0.8861789061919377,0.3561838130226449,0.0008235746670415797,0.4201123624074693,-0.10322908844973608,0.0003796262041572658,-0.07001497831918907,0
2021-07-06,0.6828327338448769,0.0023306267688828226,0.7574341383389684,0.3252124658975744,0.001574110254127811,0.37863272007448406,-0.5168615683081235,0.0006435191075792679,-0.4953609969300268,-0.9151895012510586,0.0011043742128633305,-0.8693458356148578,0.10911078657424658,0.0013569953133911656,0.1558296935771743,-0.06145328384065224,0.0018530440085254257,0.0019557338906127744,-0.7698947742333818,0.004727206257259494,-0.7005581980917102,0.1990985821814956,0.0011486610904912781,0.24339906543814996,-0.15383849021385163,0.0008203462397314193,-0.08990994082902724,-1.4355729189706765,0.0003338669039915527,-1.4023588088401295,0
2021-07-07,0.8493737974670218,0.002355348965871588,0.9239752019611133,0.0610354483925085,0.0015751803893386995,0.11445570256941814,0.6890278321826968,0.00065606608728,0.7105284035607934,0.014889046285492733,0.0011044829060804346,0.06073271192169353,-0.36035095766229897,0.0013455930104212446,-0.3136320506593713,0.3840619509416394,0.001863048301999495,0.4474709686729044,-0.6265676239253715,0.004683910632530605,-0.5572310477836997,0.05566969038166771,0.0011494851904047937,0.09997017363832209,-0.1856827419823682,0.0008164479355428047,-0.12175419259754379,-0.8030709639977337,0.000308587523746113,-0.7698568538671867,0
2021-07-08,-0.548020770130725,0.0023370945848025316,-0.47341936563663345,-0.6284685410177232,0.001554829965312496,-0.5750482868408135,-0.1829711316802136,0.0006519517680275775,-0.16147056030211687,-0.9390962362155504,0.0010754814976054257,-0.8932525705793495,-0.5190436657548493,0.0013295511723114585,-0.47232475875192165,-0.5541795906516745,0.0018459394009773347,-0.4907705729204095,0.24227179647597996,0.004696507989020404,0.31160837261765173,-0.8901269937800581,0.001125354532977143,-0.8458265105234037,-0.12757419802405912,0.0008138010041313045,-0.0636456486392347,-0.2531870877966555,0.0003010390044071646,-0.2199729776661085,1
2021-07-09,0.5971921741583575,0.0023539991062957338,0.6717935786524489,0.1395706988557138,0.0015583627273138042,0.19299095303262345,0.30690912620683697,0.0006571735785718014,0.32840969758493366,1.6108441348989053,0.0011242573330867772,1.6566878005351062,0.3515934048288874,0.0013391710491493165,0.39831231183181515,0.0392016077053786,0.0018459849260109996,0.10261062543664362,0.08678316710207427,0.004699103145314661,0.15611974324374603,0.42643748684507127,0.0011359790188799441,0.47073797010172563,0.3129129789997994,0.0008205401718911025,0.3768415283846238,0.8587770925376115,0.00032915147612117544,0.8919912026681586,1
2021-07-12,-0.29092270568218953,0.0023436721125092317,-0.216321301188098,0.5369525402071266,0.0015741888482397786,0.5903727943840362,-0.15331320851219538,0.0006536340192978371,-0.13181263713409866,0.6953392132871076,0.0011450319554178853,0.7411828789233084,0.32997335012762624,0.0013481256420198008,0.37669225713055393,-0.1855085831409585,0.0018395646578346536,-0.1220995654096935,1.0079916559040394,0.004760620808713061,1.0773282320457112,-0.1949722703820638,0.0011302275491181823,-0.15067178712540943,-0.1959408265349323,0.0008164419339707485,-0.1320122771501079,-0.08144317660726948,0.000327089875137297,-0.048229066476722454,1
2021-07-13,0.33140245779437394,0.002352392170911457,0.40600386228846547,0.0931768802438711,0.001576245788255356,0.14659713442078073,-0.12417623667720049,0.0006506583669067708,-0.10267566529910377,-0.8158890140984836,0.001119845382038208,-0.7700453484622827,1.1168517851742354,0.0013801265082785067,1.1635706921771631,0.6589211050792059,0.0018574233903826622,0.7223301228104709,-0.6854007815443126,0.004713787243263679,-0.6160642054026408,1.0834824599968151,0.0011580634588392188,1.1277829432534696,0.2164416912235869,0.0008211083906146068,0.28037024060841126,-0.2665253350793796,0.000319121738984898,-0.2333112249488326,1
2021-07-14,1.1656137305681227,0.0023865334013938064,1.2402151350622141,0.30423856634093366,0.0015848110409251324,0.3576588205178433,0.5415384023298917,0.0006603019300644933,0.5630389737079884,-0.22211823918528062,0.0011127423440539788,-0.17627457354907983,0.9440358909342601,0.0014069672010471278,0.9907547979371878,0.2346196279971763,0.0018630558366352547,0.29802864572844134,-0.6275679277777169,0.004670788734976572,-0.5582313516360452,0.8550845107792743,0.0011798241794039304,0.8993849940359286,0.4472799827563316,0.0008306514815028752,0.5112085321411559,-1.1245508729678781,0.00028380939193982846,-1.0913367628373312,0
2021-07-15,-0.30575992686422976,0.0023757520563166623,-0.23115852237013823,-0.5420416677192461,0.001567268536104625,-0.48862141354233646,-1.0184139544803816,0.0006404131790954284,-0.9969133831022848,0.06763982558364538,0.0011144339132973169,0.11348349121984617,-0.12491877288435033,0.0014024759780227431,-0.07819986588142261,-0.35013922420394333,0.0018519243110599528,-0.2867302064726783,-0.17407873304549584,0.004656798789895765,-0.1047421569038241,0.5788684798135298,0.00119428662025551,0.6231689630701842,-0.00635200609785167,0.0008305676103085644,0.05757654328697272,-0.5127218462370771,0.0002680932248188157,-0.4795077361065301,0
2021-07-16,-0.7989570006710368,0.0023500060165801665,-0.7243555961769452,-0.06743236447265637,0.001564384693241742,-0.014012110295746715,-0.15441945138336394,0.0006369011170823331,-0.13291888000526722,-1.228108020975952,0.0010769531913689865,-1.1822643553397512,-0.4740601751742065,0.0013878086522382481,-0.4273412681712788,-0.11794447301277679,0.0018474668095055367,-0.054535455281511776,-0.31074290789679865,0.0046341648065379775,-0.2414063317551269,-0.14789872675032203,0.0011897101456515126,-0.10359824349366768,-0.11621629638771215,0.0008281633481273409,-0.052287747002887755,-1.394038382337865,0.00022440207262078055,-1.360824272207318,0
2021-07-19,-1.459636977246856,0.002304280125005507,-1.3850355727527643,-1.011565775230443,0.0015325042147274308,-0.9581455210535332,-0.6229819172715716,0.0006245661897356098,-0.6014813458934749,-1.7294525886257084,0.0010244589680023738,-1.6836089229895075,-3.0481691579064116,0.0012981757297711952,-3.001450250903484,-0.7924928489723999,0.0018237658991816653,-0.7290838312411348,0.007087799900041335,0.004631774677243039,0.07642437604171308,-1.9050067381253173,0.0011392987007592973,-1.8607062548686626,-0.23665232859031265,0.0008232266147566017,-0.17272377920548826,-1.724667421922169,0.00017035051329706373,-1.691453311791622,1
2021-07-20,1.262039504303234,0.002341206583697949,1.3366409087973257,0.6126464364713667,0.001550544376615591,0.6660666906482764,0.7581962919284337,0.0006382685738971891,0.7796968633065304,0.9193741763130587,0.0010519456729333515,0.9652178419492596,1.2649634377578893,0.0013343142535787963,1.311682344760817,0.39299049899400146,0.0018339299013564103,0.45639951672526646,0.4746541053916942,0.004659022740817351,0.5439906815333659,0.5260830231090812,0.0011523814631893411,0.5703835063657355,0.27180614364576383,0.0008290118965361858,0.3357346930305882,0.5091903602360814,0.00018727836326149823,0.5424044703666285,1
2021-07-21,-0.3386871611394618,0.002329566355484775,-0.2640857566453702,0.48636620056816976,0.0015646608456698205,0.5397864547450794,0.490186454363776,0.0006468912043627097,0.5116870257418726,1.043493941318,0.0010830810266819293,1.089337606954201,0.7653195076851135,0.001355825562341802,0.8120384146880412,0.34414176799508894,0.0018426720268157584,0.40755078572635395,-0.2635193686461294,0.004639479060768975,-0.1941827925044576,0.1925586711552202,0.0011567477303525253,0.23685915441187458,-0.42949019239055264,0.0008200349579638465,-0.36556164300572824,1.5498231930134796,0.0002370889792560093,1.5830373031440268,1
2021-07-22,0.42090298370944135,0.0023409182573155027,0.49550438820353293,0.29447688292731056,0.001572865691733033,0.3478971371042202,0.218096157623592,0.0006503812111271458,0.2395967290016887,-0.6995333170714932,0.0010617602353789573,-0.6536896514352925,0.24955791200433672,0.0013623104119380263,0.29627681900726444,0.8585227587068329,0.0018660032479997737,0.9219317764380979,-0.2958663788669469,0.004617952642559417,-0.22652980272527515,0.07365859568573979,0.0011580123609669969,0.11795907894239416,-0.011459305138266583,0.0008198610399727431,0.05246924424655781,-0.58705048241047,0.00021921887686455446,-0.5538363722799229,1
2021-07-23,0.5423620843709732,0.0023558998764832448,0.6169634888650648,1.7657726361082386,0.0016259654231627135,1.8191928902851484,0.8609935287689303,0.0006659056847381193,0.882494100147027,-0.14531143725339035,0.0010571282377994436,-0.09946777161718955,1.5106602301576242,0.0014052963153844036,1.5573791371605519,0.6117911014995447,0.0018822619458123838,0.6752001192308097,-0.2922824999494426,0.004596719137095837,-0.22294592380777084,1.1526221731359565,0.0011872522372038746,1.196922656392611,0.5444208461308856,0.0008313383053047988,0.60834939551571,-0.09353923290716937,0.00021697514475402452,-0.06032512277662235,1
2021-07-26,0.07433229566969803,0.002356734355996791,0.14893370016378957,0.33657792854983704,0.001635333182893651,0.3899981827267467,0.01710253576541756,0.0006655954181085927,0.038603107143514274,0.30126693501814855,0.0010658839035872086,0.34711060065434934,-0.10943776801123366,0.0014013040556070237,-0.06271886100830593,-0.18057026613976104,0.00187602486185622,-0.11716124840849604,0.4755227683791024,0.0046239072778557575,0.5448593445207741,0.25147160142493463,0.0011930694666383752,0.295772084681589,0.040119694341389865,0.0008322267657083304,0.10404824372621425,1.2092308392137852,0.00025577860444313754,1.2424449493443324,0
2021-07-27,-0.8413597556616406,0.0023300212151813353,-0.766758351167549,-0.863550785643893,0.001608144058935117,-0.8101305314669832,0.3594556477411992,0.0006716805708678447,0.3809562191192959,-0.11412926481846752,0.0010621922035309879,-0.06828559918226673,-0.39207232048684526,0.0013891644737132692,-0.3453534134839175,-0.5386650702365725,0.0018596789724291305,-0.47525605250530745,-0.5499906612424008,0.004586525148637912,-0.480654085100729,0.11841206353915035,0.0011954289315543793,0.1627125467958047,-0.05873279956703738,0.0008310470491015028,0.005195749817787013,-0.5802240923754756,0.00023817727283147126,-0.5470099822449285,0
2021-07-28,-0.7022290979297233,0.0023075693862783376,-0.6276276934356319,1.5637564044359038,0.0016548038610446735,1.6171766586128136,-0.2519099342468582,0.0006663454986979271,-0.23040936286876149,0.03961571927066947,0.0010631017527173374,0.08545938490687026,-0.985096082923021,0.0013599682358756055,-0.9383771759200933,-0.12451245790339123,0.0018550791238466783,-0.06110344017212621,0.014658974389475238,0.004584709863153617,0.08399555053114698,-0.9964483974317778,0.0011690051184849077,-0.9521479141751235,-0.3651722047223885,0.0008234781230650876,-0.3012436553375641,0.29869014923267023,0.00024823256919863596,0.33190425936321727,1
2021-07-29,0.15967755832669447,0.0023110339434034037,0.234278962820786,-0.1716938843962071,0.001648661410553615,-0.11827363021929746,-0.02150057137809671,0.0006653171877431462,0.0,0.39782224768161545,0.0010746857376128108,0.44366591331781624,0.7042110322959214,0.001379482014902513,0.7509299392988491,-0.00988679108288477,0.0018537254623082573,0.053522226648380244,1.0862349306228976,0.004650074798664538,1.1555715067645693,0.19333151424387626,0.0011733252207508644,0.23763199750053063,0.029919292157081872,0.0008241621304917746,0.09384784154190626,0.56696108973694,0.00026666885272180925,0.6001751998674871,0
2021-07-30,0.0031284493696235047,0.0023098004204928674,0.07772985386371503,-0.4471027060915425,0.001634194119015447,-0.39368245191463286,-0.011863201650441859,0.000664471220054927,0.009637369727654853,-0.45865376797288493,0.0010607439478024336,-0.41281010233668414,-0.4425067759233883,0.0013659828561017908,-0.3957878689204606,-0.36713430319887025,0.0018423185276140851,-0.30372528546760524,0.28864836048481907,0.004665316483887833,0.35798493662649084,-0.4138320142378486,0.0011620086320509794,-0.36953153098119423,0.0975622909871877,0.0008262508313308523,0.16149084037201208,-1.1690065618020684,0.00023069842719359652,-1.1357924516715214,0
2021-08-02,-0.19456876871641202,0.002302660337153276,-0.11996736422232047,-0.005099455201812211,0.0016331416462065872,0.048320798975097445,0.012175583666823414,0.000664074087841105,0.03367615504492012,-0.2539283675190081,0.0010529286327741467,-0.2080847018828073,-1.5305044538299284,0.001321307949382981,-1.4837855468270007,-0.08070870852192916,0.001838997909500193,-0.017299690790664145,0.7356024602735185,0.004708443579552627,0.8049390364151903,-1.650747783402926,0.001118947827047466,-1.6064473001462716,-0.23545913953929526,0.0008214177671396365,-0.17153059015447086,-0.02466229454766844,0.00023061083594965752,0.008551815582878578,1
2021-08-03,0.5760990360059206,0.0023185466821406056,0.6507004405000121,0.23905094906360105,0.0016394664492568175,0.29247120324051074,0.9983947408129171,0.0006819572617795449,1.019895312191014,0.5432227384194204,0.0010687889155779136,0.5890664040556212,-1.1412213131777922,0.0012879226098116883,-1.0945024061748645,0.37855085345608586,0.0018485771201340168,0.4419598711873509,-0.0669086520633409,0.004701362446884085,0.002427924078330837,-0.7160778229295549,0.0010999961151271203,-0.6717773396729007,0.7695784272812466,0.0008374375451145134,0.833506976666071,0.49671041136374167,0.00024679656828094755,0.5299245214942887,0
2021-08-04,-0.21779436956594814,0.002310722863755561,-0.1431929650718566,-0.24259311436322148,0.00163124713035261,-0.18917286018631183,-0.5109762272649083,0.0006718530393852204,-0.4894756558868117,-0.6045796023236191,0.001050597319430388,-0.5587359366874183,0.013097006259254612,0.0012876582669408946,0.05981591326218233,-0.17968322873657697,0.0018424835200801899,-0.11627421100531195,-0.02840889328118204,0.004696701689805688,0.04092768286048969,-0.15037785465616368,0.0010955920078215976,-0.10607737139950932,-0.5687607040670297,0.0008257022239093049,-0.5048321546822053,-1.1832604498444768,0.000210577920636538,-1.1500463397139296,1
2021-08-05,-0.036085673112581006,0.002308330413856685,0.03851573138151052,0.370373303570534,0.0016415096269094683,0.42379355774744365,0.13624893708701444,0.0006737390223589985,0.15774950846511113,0.607999357702213,0.0010683286408398845,0.6538430233384138,0.5258819722910754,0.0013020401797465633,0.5726008792940029,0.5115762175015637,0.0018557501227161463,0.5749852352328286,0.05913300069487633,0.004697500986593592,0.12846957683654806,0.8513726023737349,0.001116820280316528,0.8956730856303893,1.3105728623394735,0.0008528487548257985,1.3745014117242977,0.27849407152668454,0.00021995466263283477,0.3117081816572315,1
2021-08-06,-0.31990214756560104,0.0022975121990946533,-0.2453007430715095,-0.24490792282294882,0.0016332427262634043,-0.19148766864603917,-0.29825290296808027,0.0006676029019510336,-0.2767523315899836,1.424673721607176,0.0011101254328691025,1.470517387243377,0.3266494186558423,0.0013106966106068278,0.37336832565877,-0.07474047521481786,0.0018525960132776593,-0.011331457483552847,-0.6043108685449486,0.004657089634803543,-0.5349742924032769,0.2523449773445584,0.0011226874519305499,0.2966454606012128,-0.19632519776645718,0.0008488122445380495,-0.1323966483816328,0.5346476696469795,0.00023726110618994334,0.5678617797775266,1
2021-08-09,-0.09221978102747293,0.0022934818486661282,-0.0176183765333814,0.3866632229149292,0.0016439598379327485,0.44008347709183887,0.26574779034004103,0.0006718751546933814,0.2872483617181377,-0.10172515036754771,0.0011067826984750835,-0.05588148473134692,-0.5978943433933328,0.001293001713052659,-0.5511754363904051,-0.27706775796105787,0.0018438076740156346,-0.21365874022979284,0.44688554000854047,0.0046819945044950595,0.5162221161502122,-0.39156944717697867,0.0011121194434121245,-0.3472689639203243,0.11460480671230124,0.0008511953724119398,0.17853335609712562,-0.5945984306084997,0.00021948398477320653,-0.5613843204779526,1
2021-08-10,-0.24720059915296907,0.0022848728572711315,-0.17259919465887755,-0.09279766569651202,0.0016402735556969807,-0.039377411519602355,0.007140133312222321,0.0006713777500633234,0.028640704690319034,0.5892680828162488,0.0011237957594409948,0.6351117484524494,-0.4575360931531556,0.0012793511465885308,-0.4108171861502279,-0.4221640531738884,0.0018310048793726305,-0.3587550354426234,-0.19936323025445113,0.0046668056508362595,-0.13002665411277936,-0.5258497581961491,0.0010981652577651004,-0.4815492749394948,1.5137056274667782,0.0008823584578290913,1.5776341768516025,0.8099931208782836,0.00024526694488553506,0.8432072310088305,0
2021-08-11,0.01729760091855765,0.0022841132611232944,0.09189900541264918,-0.24971016744871052,0.0016319025678620906,-0.19628991327180087,-0.007210295559654661,0.0006706183104991374,0.01429027581844205,0.5718182440271791,0.0011402440192593499,0.6176619096633797,-0.5714734624035984,0.0012625078267789313,-0.5247545554006707,0.034026026937943064,0.0018309276102378453,0.09743504466920808,-0.14457623800875483,0.004655050456470774,-0.0752396618670831,-0.8013875564500564,0.0010772498145475583,-0.7570870731934021,0.5988106706672892,0.0008946308935273231,0.6627392200521136,0.11058816378206698,0.00024934099012517057,0.143802273912614,1
2021-08-12,0.9944016153476783,0.0023122123196375782,1.06900301984177,0.2880499334755569,0.0016396261350123751,0.34147018765246656,0.6461238363749455,0.0006818415838891231,0.6676244077530422,0.15653490202726678,0.001144451848007133,0.20237856766346757,-0.3794167737239489,0.0012511592753765373,-0.3326978667210212,0.4820788266564126,0.001843291895324161,0.5454878443876776,0.4325274008512963,0.004678958477649477,0.501863976992968,-0.796833885096493,0.001056513515338899,-0.7525334018398386,-0.2622087313582208,0.0008892039551457611,-0.1982801819733964,-0.1445333932657432,0.0002455245241497518,-0.11131928313519618,1
2021-08-13,-0.0020206466890169642,0.0023108438916604594,0.07258075780507457,0.14434760077368752,0.0016430387278884258,0.19776785495059718,0.47519149042932574,0.0006899011090042997,0.49669206180742237,-0.6250450646882573,0.0011257388291661286,-0.5792013990520565,0.06733901675411014,0.0012524886064170407,0.11405792375703785,0.5107282261826503,0.0018564129719060032,0.5741372439139154,-0.24248468849826157,0.004661185312979031,-0.1731481123565898,0.1778736067015715,0.0010605404839425653,0.22217408995822588,0.16966015276190946,0.0008926389608322012,0.23358870214673386,-0.5309303101111669,0.0002298058487934891,-0.4977161999806198,0
2021-08-16,0.6225897515087274,0.002327870032856822,0.697191156002819,0.16151096436313045,0.0016469522935240706,0.2149312185400401,0.7261601734179807,0.0007025243615336026,0.7476607447960774,-0.385649763098851,0.0011140885517462445,-0.3398060974626502,0.07302094423545308,0.0012539744672932973,0.1197398512383808,0.26364756782215415,0.0018626542585271273,0.3270565855534192,-1.1334373191540101,0.004588629733181023,-1.0641007430123384,0.6532212307923312,0.001076582915325256,0.6975217140489856,0.5405394151920875,0.0009036483414171929,0.6044679645769119,-0.7527659688973442,0.0002073053012608964,-0.7195518587667972,0
2021-08-17,-0.39129335597879217,0.0023150380289883496,-0.31669195148470064,-0.6594415996095927,0.0016264340111185513,-0.606021345432683,0.73811238484567,0.0007153275965895394,0.7596129562237667,-0.6712944277478177,0.0010941266232314924,-0.625450762111617,-0.09539637456235148,0.0012507039488109958,-0.04867746755942375,-0.3458159029929858,0.0018520301735223629,-0.2824068852617208,-0.8033705412900128,0.004536577873196861,-0.7340339651483411,-0.2554819973677021,0.0010696187794909688,-0.21118151411104777,-0.0884895422543577,0.0009017797161380339,-0.024560992869533314,-0.36753301360232077,0.00019671479836444884,-0.3343189034717738,0
2021-08-18,-1.3868952959575942,0.0022730198156831567,-1.3122938914635027,-0.5046477536004501,0.0016105752507016415,-0.45122749942354046,-1.0743658263094849,0.0006950569590260297,-1.0528652549313882,-0.5173722411909772,0.001078716011075039,-0.4715285755547765,-0.3832884035660228,0.0012393327265781998,-0.33656949656309504,-0.3983208829850883,0.0018399890611335516,-0.33491186525382327,0.7915388894002996,0.004582550047261561,0.8608754655419714,-0.7847249729165072,0.0010493247671323873,-0.7404244896598529,-0.8505233598528179,0.0008843796041516992,-0.7865948104679935,-1.0696017943164815,0.00016460747325014222,-1.0363876841859345,0
2021-08-19,0.04494763000426988,0.0022730953885100554,0.11954903449836142,0.033307112966219694,0.0016107180320955087,0.08672736714312936,0.6239693112429535,0.0007057555405268376,0.6454698826210502,-0.47844497266006314,0.001064485959504327,-0.43260130702386235,-0.5874344599660685,0.0012222532146018074,-0.5407155529631408,1.0736552313262446,0.0018685491682310087,1.1370642490575098,-0.6238611765184169,0.004541662809950604,-0.5545246003767451,-0.05982378438892185,0.0010473510681950821,-0.015523301132267483,0.4379450339252894,0.0008932629809887579,0.5018735833101138,-1.5352741514177173,0.00011832553294050652,-1.50206004128717,1
2021-08-20,0.44806119133776434,0.0022849681189089375,0.5226625958318559,0.6023906019770675,0.00162771182584044,0.6558108561539772,0.3822831247370444,0.0007120300647440097,0.4037836961151411,0.10182140476115951,0.0010671782844532567,0.14766507039736032,-0.3948742503198158,0.0012106336735565808,-0.3481553433168881,1.3363776192148733,0.0019042524825359755,1.3997866369461383,0.17885776487172292,0.0045500067763766675,0.24819434101339466,-0.09859704032392896,0.0010444081490347304,-0.0542965570672746,0.5974206128083289,0.0009053613595578954,0.6613491621931533,-0.023873231445677993,0.00011843317079948311,0.009340878684869026,1
2021-08-23,0.4532330592054621,0.0022969562723782594,0.5278344636995537,0.9132209965841028,0.0016538448383786502,0.9666412507610126,-0.3792389378268219,0.0007044684280729256,-0.3577383664487252,0.6166869525311911,0.001084817043998476,0.6625306181673919,0.8625740182756783,0.0012343144921735086,0.909292925278606,-0.011278060106430881,0.0019028212555286896,0.052130957624834134,0.8730068448583721,0.004600727845186023,0.9423434210000439,0.6752229781668336,0.0010609067416689722,0.719523461423488,-0.553103885689806,0.0008940710968242748,-0.4891753363049816,1.9917578099270152,0.0001801277853251306,2.0249719200575624,0
2021-08-24,-0.10553246316383982,0.0022926048895526617,-0.030931058669748285,0.3896390756274099,0.0016644418615725078,0.44305932980431956,-1.0574521160138042,0.0006846422678992654,-1.0359515446357077,0.2746400934088193,0.0010924828265336957,0.3204837590450201,0.06764546365519424,0.0012356637251997927,0.11436437065812195,-0.42808110819852574,0.001889959757655532,-0.3646720904672607,0.006993397494028446,0.0045984754719635154,0.07632997363570018,-0.01872454485681182,0.0010599551034666164,0.02557593839984255,-0.8272144164094656,0.0008772594569835089,-0.7632858670246412,0.37010536429581115,0.00019216218492933935,0.4033194744263582,1
2021-08-25,-0.5079665524178137,0.0022765420266147827,-0.4333651479237222,0.24092220126108635,0.0016706231797983839,0.294342455437996,-0.5696033677718801,0.0006737006922087717,-0.5481027963937836,1.0213351024716564,0.001121748727800035,1.0671787681078573,-0.4439247034298104,0.001222704834313262,-0.3972057964268827,-0.17372930378490817,0.001884104247153718,-0.11032028605364315,0.02482623066654433,0.004597315907348774,0.09416280680821607,-0.4661030806159276,0.0010478051518856414,-0.4218025973592732,-0.03408554724720499,0.0008765481341036695,0.029843002137619395,0.05568882419356577,0.00019458235618526954,0.0889029343241128,0
2021-08-26,-0.3590435159623023,0.002264859489525941,-0.28444211146821075,-0.28198685217951197,0.0016613945645685077,-0.2285665980026023,-0.46391683991363836,0.0006647008725252278,-0.44241626853554167,0.22118869335996508,0.001127790721235814,0.2670323589961659,-0.978449986679653,0.0011948611874995517,-0.9317310796767253,-0.5925998332627489,0.0018668093850750982,-0.529190815531484,-0.4168602732039703,0.004569300500306023,-0.3475236970622985,-0.5772285221072257,0.0010329134574491915,-0.5329280388505714,-0.8646744227517875,0.0008590561474547794,-0.8007458733669631,-0.6987697945408777,0.00017404644149201332,-0.6655556844103308,1
2021-08-27,0.29513946225683513,0.0022722138882552818,0.36974086675092666,0.8683611648195386,0.001686002537028232,0.9217814189964484,-0.1984198873690647,0.0006605164136237909,-0.176919315990968,0.370244838955223,0.0011381181776350313,0.4160885045914238,0.3894068821719929,0.001205233259181788,0.4361257891749206,0.05187233569128126,0.0018671673823767226,0.11528135342254628,0.3084428289158446,0.004585409187014113,0.3777794050575164,0.519390698999152,0.0010454406245572131,0.5636911822558064,-0.48125517175170895,0.0008493522032678877,-0.41732662236688456,0.9203337287336709,0.0002027475884592582,0.9535478388642179,1
2021-08-30,1.4906484637662636,0.002314220376152941,1.565249868260355,0.1537197411572312,0.0016895649220382033,0.20713999533414085,0.3283590426417831,0.0006658311556583854,0.3498596140198798,-0.8745650408655301,0.001112528491362898,-0.8287213752293292,-0.4506895456169202,0.0011921895061285839,-0.4039706386139925,0.643302458954719,0.0018836527291746087,0.7067114766859841,0.5873174870052421,0.00461837775933938,0.6566540631469139,-0.4200148861784947,0.0010345154979396697,-0.37571440292184033,0.5327262976901143,0.0008601044720479031,0.5966548470749385,-0.5715259294703455,0.00018611969075913747,-0.5383118193397984,0
2021-08-31,-0.5081311804860424,0.002298216286459113,-0.4335297759919509,-0.015787154788091323,0.0016881496904502457,0.03763309938881833,-0.27445999551675326,0.0006602901265814048,-0.2529594241386566,-0.20396553497318617,0.0011063188132071525,-0.15812186933698535,-1.082486595464953,0.0011616241843195178,-1.0357676884620253,-0.37170109145191405,0.0018724508397127864,-0.30829207372064904,0.09266665940269382,0.004621302433431927,0.16200323554436555,-0.5959008133744335,0.001019245471577896,-0.5516003301177792,0.13673268417037007,0.0008628590598674988,0.20066123355519447,-0.6042269094003567,0.00016855111561318493,-0.5710127992698097,1
2021-09-01,0.1558880030075925,0.0023014614441435174,0.23048940750168406,0.12865961071331578,0.0016909650428850182,0.18207986489022543,0.2705202934421658,0.0006645508753510009,0.2920208648202625,-0.12030247679518492,0.0011025323394554844,-0.07445881115898413,0.47052500436567657,0.0011742506898789386,0.5172439113686043,-0.07247770031808135,0.0018694178857668411,-0.009068682586816333,-0.12387707186058051,0.004611128585525272,-0.054540495718908774,0.2222907694887929,0.001024353808896945,0.26659125274544726,-0.2240178487576371,0.0008583595499268561,-0.16008929937281274,-0.7102488838014649,0.0001478290872040234,-0.6770347736709178,0
2021-09-02,0.31005158462299787,0.002309148322471506,0.3846529891170894,-0.7288494034015377,0.0016687194287439194,-0.675429149224628,0.5461406105092849,0.0006737404552947534,0.5676411818873816,0.19403671749070844,0.0011077787294086132,0.23988038312690924,-1.3182743193761013,0.0011372687433366343,-1.2715554123731736,-0.18670253498779632,0.0018632928961872556,-0.1232935172565313,-0.12634533346197974,0.004600835990082059,-0.057008757320308,-1.5899651318313965,0.0009844774284755058,-1.5456646485747423,0.32709871479479824,0.0008649264835691068,0.39102726417962264,1.165818601508225,0.00018381019482220396,1.1990327116387722,1
2021-09-03,0.14309614086298572,0.002311998822994032,0.21769754535707725,0.10719131555853002,0.001670928977760772,0.16061156973543966,0.030619920580950234,0.0006736739026754988,0.052120491959046944,-0.35882314025177636,0.0010971658811716857,-0.31297947461557557,-0.21169285871225876,0.0011310164514445646,-0.16497395170933105,-0.06523753327009696,0.0018604787986107121,-0.0018285155388319504,-0.02967462925921892,0.004596400228352364,0.039661946882452816,0.20410813881727383,0.0009891716755778342,0.2484086220739282,0.28019393475604787,0.0008705346145670293,0.3441224841408722,-0.22085005733245405,0.0001778808474471051,-0.18763594720190704,1
2021-09-07,0.7224897611568531,0.0023315208898936272,0.7970911656509447,0.138010787627999,0.001674029720008333,0.19143104180490866,-1.3093596881539769,0.0006496547383840893,-1.2878591167758802,-0.13672280625454497,0.001092939924997981,-0.09087914061834416,0.659307669038437,0.0011488481990880725,0.7060265760413647,-0.23787945538466723,0.001852999933165472,-0.17447043765340217,0.5800180723972524,0.004628669025924281,0.6493546485389242,0.2642637082333197,0.0009953402985318938,0.30856419148997405,-1.0468061821348595,0.0008495909639687146,-0.9828776327500353,-0.3202375367640483,0.0001689772883423594,-0.2870234266335013,1
2021-09-08,-0.5934992921451696,0.002313155576358364,-0.518897887651078,-0.2612268383599856,0.0016655091035461824,-0.20780658418307593,-0.2235004025091762,0.0006450882036671551,-0.2019998311310795,-0.2767362024978668,0.0010847258864104847,-0.230892536861666,0.9379060230113503,0.0011743134019399505,0.984624930014278,-0.0579404657198706,0.0018504066138888865,0.005468552011394417,-0.0382755260544526,0.004623688376791623,0.031061050087219134,0.7019958725683106,0.0010123044060772984,0.746296355824965,0.031660010164274784,0.0008502427677873766,0.09558855954909917,-0.4843211053617381,0.0001551681040173929,-0.451106995231191,0
2021-09-09,-0.4196388037103512,0.002299834955730163,-0.3450373992162597,-0.10651813583926784,0.001661506853594501,-0.05309788166235819,-1.8680657192841148,0.0006112245741751962,-1.8465651479060181,0.1795367702337131,0.0010895538872839699,0.22538043586991388,0.009792311696220555,0.0011741355952431852,0.05651121869914827,-0.6030577804487784,0.0018331092021480165,-0.5396487627175134,-0.03700819911755766,0.00461879848419234,0.032328377024114084,-0.4625030354345429,0.001000493111246277,-0.41820255217788854,-0.586447982164812,0.0008385692531923128,-0.5225194327799876,0.0032163584454847948,0.00015603230141832944,0.03643046857603181,0
2021-09-10,-1.7780366887454722,0.0022476201033024344,-1.7034352842513805,-0.9976794530325785,0.0016316726432548851,-0.9442591988556689,-0.5639189439360113,0.0006006699646805795,-0.5424183725579146,-0.6410006461256564,0.0010709916930166864,-0.5951569804894558,-0.6601049973747029,0.0011555311261779008,-0.6133860903717752,-0.3469535705300745,0.0018227644211826284,-0.2835445527988094,-0.6755910191885838,0.004575663031610737,-0.606254443046912,-0.7234294140502782,0.0009822897475215047,-0.6791289307936238,-0.33210817480147614,0.0008319935388793051,-0.26817962541665175,-0.13330633039154097,0.00015280250270994895,-0.10009222026099396,1
2021-09-13,0.12574021830477897,0.002250043517662172,0.2003416227988705,0.472423974401755,0.0016444966666412488,0.5258442285786646,-0.6022348404776894,0.0005894655628194454,-0.5807342690995928,0.7766766683647678,0.0010928123192128134,0.8225203340009686,0.019648051262096893,0.0011556522121712086,0.0663669582650246,0.17349572028061375,0.001826454745495551,0.23690473801187878,0.15568306065098925,0.004582386153006653,0.22501963679266096,-0.11884525596730433,0.000979009658794424,-0.07454477271064998,-0.4854316162868522,0.0008223893448042314,-0.4215030669020278,1.2340970143500294,0.00019050155912826488,1.2673111244805766,0
2021-09-14,-0.5666662800411134,0.0022326728635941877,-0.4920648755470219,0.02232486989018572,0.0016442684446524075,0.07574512406709537,-0.5213640648513708,0.0005797290913804104,-0.4998634934732741,-0.9494233763559176,0.001065539242140011,-0.9035797107197167,-0.35810633204781933,0.0011454124328364858,-0.3113874250448916,0.45260013813380273,0.0018376335194925974,0.5160091558650678,-0.019970012302233983,0.004578596393750267,0.04936656383943775,-0.4708190298466202,0.0009670952056236758,-0.42651854658996585,-0.4520707320020751,0.0008134755893130465,-0.3881421826172507,-0.735397465166442,0.00016923957838442625,-0.702183355035895,1
2021-09-15,0.2415647270248964,0.0022384161730170404,0.3161661315189879,0.6191376292577672,0.0016612722769706308,0.6725578834346768,0.2902942865464591,0.0005844021846274018,0.3117948579245558,0.3134472355162896,0.0010741651733306742,0.3592909011524904,-0.20952673980503156,0.0011392717718198952,-0.1628078328021038,0.8548978576071449,0.0018595729953160534,0.9183068753384099,0.3056336621633925,0.004594240009912416,0.3749702383050642,0.16511827477635319,0.0009708105915405831,0.20941875803300752,0.06442173266770577,0.0008148249834323351,0.12835028205253016,1.625906917731818,0.0002184942002332955,1.659121027862365,0
2021-09-16,-0.157482160557085,0.002232772495396985,-0.08288075606299347,-0.3420057004105954,0.0016505164724343326,-0.28858544623368576,-0.12170992370703024,0.0005817723830994683,-0.10020935232893352,-0.0687686521650946,0.0010719408810639006,-0.022924986528893812,0.19589728452371205,0.0011442359031141082,0.24261619152663977,0.008417899646264129,0.0018587706186101128,0.07182691737752914,-0.031554684122872614,0.004589753971346076,0.037781892018799126,0.09482687144531624,0.0009727938800784205,0.1391273547019706,0.18206858834047712,0.0008184987826504595,0.2459971377253015,-0.5565825634232535,0.00020258099758753875,-0.5233684532927064,0
2021-09-17,-1.0187962459089062,0.0022026396346750544,-0.9441948414148146,-1.0485708881276574,0.0016194517066329924,-0.9951506339507477,-0.25726362002824055,0.0005767555736014751,-0.23576304865014386,-0.1801133503194137,0.0010665742702240513,-0.1342696846832129,-0.5529951715860995,0.0011287361601758428,-0.5062762645831719,-1.0227524096301306,0.0018303856013602252,-0.9593433918988656,0.011963314204298794,0.004587869314511367,0.08129989034597053,-0.7329875649022819,0.0009545306274144558,-0.6886870816456275,-0.21716872716109475,0.000814272041633581,-0.15324017777627036,-0.6151229720917208,0.00018497283939649287,-0.5819088619611739,0
2021-09-20,-1.1738447018153972,0.0021681899642779765,-1.0992432973213058,-0.8049308114698535,0.0015954813809991564,-0.7515105572929437,-0.4943455009281409,0.0005675712379810525,-0.4728449295500442,-1.5956008704625477,0.0010212518391650607,-1.5497572048263468,-0.5703498626893676,0.0011128085418812411,-0.5236309556864399,-1.0800353072386466,0.0018005534382607483,-1.0166262895073814,-1.0196886822049671,0.004524722073838189,-0.9503521060632955,-0.5033549392110144,0.0009419272711777164,-0.45905445595436006,-1.0826160806365916,0.0007929795751195127,-1.0186875312517671,-1.3447850733784366,0.00014574074997531378,-1.3115709632478896,1
2021-09-21,0.10179571736086264,0.002170028839286406,0.17639712185495418,0.06151426034228188,0.0015964512623993167,0.11493451451919152,0.3427580473093184,0.0005731589171250152,0.3642586186874151,-0.03907183227353608,0.001019951909100458,0.006771833362664713,-0.4113555231701961,0.0011012562681614296,-0.36463661616726833,0.0295722019338222,0.001800404985165087,0.09298121966508721,0.24117616810065318,0.004536530554153289,0.31051274424232495,-0.011645901865172916,0.0009413482946542181,0.03265458139148145,0.0814057156018163,0.0007946856705759529,0.14533426498664068,-0.07904615054292663,0.00014416848605079458,-0.04583204041237961,1
2021-09-22,0.7936767556273543,0.0021914613454929732,0.8682781601214458,0.4040254321227195,0.0016072353389740474,0.4574456862996292,-0.3237548340353156,0.0005670070978410631,-0.3022542626572189,0.9457519725443255,0.0010463848230961473,0.9915956381805263,0.9116144216682754,0.001125704852438969,0.9583333286712031,0.6383622881466177,0.001816471578052507,0.7017713058778827,0.3488441998118248,0.004554680190509487,0.41818077595349656,0.6573903647461272,0.0009570579463100058,0.7016908480027816,-0.2348856351824095,0.0007901635340367369,-0.17095708579758512,1.407276613303674,0.00018662493662840668,1.440490723434221,1
2021-09-23,0.2711703664135711,0.0021980519042230167,0.34577177090766265,0.2846537225557053,0.0016145715804393743,0.33807397673261497,0.4487048519428099,0.0005744401032344655,0.4702054233209066,1.7041313926591555,0.0010940629079907499,1.7499750582953564,1.6177015187522696,0.0011692504929960257,1.6644204257551973,0.11623418276232154,0.0018186051959956367,0.17964320049358656,-0.013681125990727861,0.0045513412304308545,0.05565545015094388,1.4503615253191098,0.0009919977616095212,1.4946620085757643,-0.022380904869403893,0.0007898296583938618,0.04154764451542049,1.6337307418275242,0.00023565548131451467,1.6669448519580712,1
2021-09-24,-0.04307461400199378,0.0021957475281823512,0.03152679049209776,0.3063723666667411,0.0016225071837587238,0.35979262084365077,-0.2728661395003072,0.0005691967775824304,-0.25136556812221045,0.5516188751740415,0.001109246168779645,0.5974625408102423,0.5726791412611283,0.001184341433958899,0.619398048264056,-0.10177970864842863,0.0018149428741764137,-0.03837069091716361,0.6084566548993656,0.004584744891312006,0.6777932310410374,0.8159677383016714,0.0010114372941355664,0.8602682215583257,0.14364909275644236,0.0007927540155708379,0.20757764214126675,0.40651549932343206,0.00024829966594826935,0.4397296094539791,1
2021-09-27,-0.6174992330827797,0.002177248899693606,-0.5428978285886881,-0.4621818869811153,0.0016084874365186624,-0.40876163280420563,-0.621554593917125,0.0005578623405288595,-0.6000540225390283,1.20527350548047,0.0011427097558634944,1.2511171711166709,-0.2548302080982089,0.001176989282906017,-0.20811130109528114,-1.010478505867343,0.0017871941338008695,-0.9470694881360778,0.47013138566044604,0.00460989629672438,0.5394679618021178,-0.5588338385415316,0.000997498114761937,-0.5145333552848772,-0.5400112607379138,0.0007822769485850792,-0.47608271135308944,1.4281118588088832,0.0002910345639575851,1.4613259689394302,0
2021-09-28,-1.2994363825778796,0.00213959856413873,-1.2248349780837882,-1.9432619888101783,0.001552303838708164,-1.8898417346332685,-0.20434872129518242,0.000553856396223137,-0.1828481499170857,-0.3248990540861339,0.0011332420195168354,-0.27905538844993305,-0.8868436684642493,0.0011525756943012307,-0.8401247614613216,-2.0448970122744963,0.0017321346706922036,-1.9814879945432313,-0.49862412269658246,0.004577942307710027,-0.4292875465549107,-1.0979591747830335,0.0009705510185183609,-1.0536586915263793,-0.9753917583710106,0.000763313488451921,-0.9114632089861862,0.4813404878253287,0.00030576526967154133,0.5145545979558758,1
2021-09-29,0.25902208786901026,0.0021458843910950333,0.3336234923631018,-0.6062809029276165,0.0015343259993038844,-0.5528606487507068,0.5944423793867664,0.0005638102156083892,0.615942950764863,-0.08636447470904826,0.001130469353643012,-0.040520809072847476,0.26016783079125344,0.0011591905769382767,0.3068867377941812,0.029253761772908178,0.001732078100744143,0.09266277950417319,0.049387852551112894,0.004578296629660365,0.11872442869278463,0.2530319590844435,0.0009763323094387884,0.29733244234109785,-0.09554935703547049,0.0007615911779099841,-0.03162080765064611,-0.06606828780736432,0.0003043566901458368,-0.0328541776768173,0
2021-09-30,-0.5537921267719378,0.0021293270067743284,-0.4791907222778463,-0.30987895769497836,0.0015248219035753814,-0.2564587035180687,-1.294839873782588,0.0005407930528204132,-1.2733393024044912,-0.7509142130994015,0.0011091556359062364,-0.7050705474632007,-0.8832097581347063,0.001134971205921033,-0.8364908511317786,-0.4642547830332272,0.0017189914751836839,-0.4008457653019622,-0.2530271637621461,0.004560897632395865,-0.18369058762047438,-1.082456888110476,0.0009498677951123587,-1.0381564048538214,-0.6231261955272673,0.0007495833984017635,-0.5591976461424429,-0.9044221314594656,0.00027833586667821053,-0.8712080213289185,1
2021-10-01,0.3436306028309516,0.0021379820204095656,0.4182320073250431,1.0373661463978623,0.0015535698018867255,1.090786400574772,-0.5500568922475197,0.00053080988587002,-0.5285563208694231,1.0421894598106574,0.00113788073076877,1.0880331254468583,1.8810296307737433,0.0011852131638163163,1.9277485377766712,1.3305021351172985,0.0017532616154711097,1.3939111528485635,-0.07759052516615957,0.00455383242832158,-0.008253949024487832,2.028331861428024,0.0009984433968492834,2.0726323446846786,-1.3024368075986363,0.0007243793617958973,-1.238508258213812,1.732243477159674,0.00032969798930294273,1.765457587290221,0
2021-10-04,-1.3408236623055245,0.0020994464025305207,-1.266222257811433,-1.1274561879889886,0.0015209021701385048,-1.0740359338120788,-0.6671016017339348,0.0005188205360086306,-0.6456010303558382,-0.10161214278152078,0.0011346889965401026,-0.05576847714531998,-2.425618221992729,0.0011195764845151614,-2.378899314989801,-1.1974325383651045,0.001720879707072787,-1.1340235206338394,0.13104000036622096,0.004558999271217555,0.2003765765078927,-1.5331223849101936,0.0009611788071765495,-1.4888219016535393,-0.777525204182907,0.0007094569146764967,-0.7135966547980828,0.6048934966493931,0.0003479054732991926,0.6381076067799402,1
2021-10-05,0.6539917166626764,0.0021167972891652457,0.728593121156768,0.8459257700986791,0.0015441569898980451,0.8993460242755887,0.16591103549852562,0.0005213277032067602,0.18741160687662234,0.7996185272865944,0.0011565532209012088,0.8454621929227951,-0.20092595899463583,0.0011138274931093073,-0.15420705199170812,1.0288761452635684,0.0017471189878433921,1.0922851629948334,-0.09894765680325082,0.004550708840462685,-0.02961108066157908,-0.16421557678097193,0.0009569144197275304,-0.11991509352431758,0.4218647065198031,0.0007178706652956089,0.4857932559046275,-0.11295955006183152,0.00034507345747861954,-0.07974543993128451,1
2021-10-06,0.24997480341570216,0.0021228181185557102,0.3245762079097937,0.5231415932286121,0.0015582263013330737,0.5765618474055217,0.14985592914071738,0.0005235493320817701,0.17135650051881407,0.06465789567113682,0.0011579581254109574,0.11050156130733761,0.8094055532816979,0.0011351679455346231,0.8561244602846255,0.7610831221686656,0.00176625290351046,0.8244921398999305,-0.0012166339670675727,0.004548146245132335,0.06811994217460417,0.5510932515118553,0.0009698254878242615,0.5953937347685097,0.478386085797944,0.0007273563585017159,0.5423146351827683,-0.9357200056321144,0.0003182299699799766,-0.9025058955015675,1
2021-10-07,0.39287779496373443,0.0021328058150405275,0.46747919945782596,0.5602973946202104,0.0015733033907284833,0.6137176487971201,0.719662972263212,0.0005356286770598865,0.7411635436413087,0.2819170313622596,0.0011653796836034358,0.3277606969984604,0.8247352214634648,0.0011568573484657103,0.8714541284663925,0.26150644090570324,0.0017722361009777261,0.3249154586369683,0.27221208619164644,0.0045615266097727425,0.3415486623333182,1.0237153142915694,0.0009940233860856274,1.0680157975482236,0.808197202998851,0.0007432016889404104,0.8721257523836754,0.1050994535424545,0.00032180552196935444,0.13831356367300152,1
2021-10-08,-0.2146469443682491,0.0021258513355332694,-0.14004553987415758,0.1513374659978551,0.0015768172254689897,0.20475772017476476,-0.23214438411145846,0.0005312200103265663,-0.21064381273336175,-0.006284962497846373,0.0011648047653887868,0.039558703138354426,0.11236189895276856,0.0011594504875114097,0.15908080595569626,-0.06340901773126502,0.0017696970807757522,0.0,-0.32121806702527433,0.0045403326826493244,-0.25188149088360257,-0.11702986858199732,0.0009908592068730094,-0.07272938532534297,0.15955585049985702,0.0007464585482470418,0.2234843998846814,1.1999922472775137,0.0003572434623887652,1.233206357408061,0
2021-10-11,-0.107017756112497,0.0021219088765476084,-0.03241635161840546,-0.37051879846121116,0.001565641789002282,-0.3170985442843015,-0.37166988461385736,0.0005244155033068533,-0.35016931323576067,-1.1346888971351234,0.0011330506349405574,-1.0888452314989225,-1.2264743763110886,0.001126314615808307,-1.1797554693081609,-0.17850410753769033,0.0017641568755802006,-0.11509508980642533,0.13281017017326013,0.004545584751151364,0.20214674631493187,-1.3861279513277314,0.0009573838875428998,-1.3418274680710771,-0.13290822702481936,0.0007440586706181475,-0.06897967763999498,-0.5239360410443451,0.00034246776907463915,-0.49072193091379807,0
2021-10-12,-0.5430507531179121,0.0021058731568744608,-0.4684493486238206,-0.955901323121458,0.001538055667358339,-0.9024810689445483,-1.3454646481679355,0.0005008450480894224,-1.3239640767898389,-0.44352205706040887,0.001120458758508105,-0.3976783914242081,-0.3262861300765766,0.0011172570967941098,-0.27956722307364884,-0.3145293220053486,0.0017550820404285655,-0.25112030427408355,0.35901332148031706,0.004563948583368807,0.42834989762198883,-0.32626278988759655,0.0009492894201835871,-0.2819623066309422,-0.14356884548642,0.0007414600896148448,-0.07964029610159559,-0.2890418327887015,0.00033455259104779643,-0.2558277226581545,0
2021-10-13,-0.29279721967165817,0.0020968204587150517,-0.21819581517756664,0.3688849812772238,0.001547706649129779,0.42230523545413345,0.7720869087362429,0.0005137902022610318,0.7935874801143395,-1.4109232239447413,0.001081247160860186,-1.3650795583085404,-0.510955078356763,0.0011033123109500142,-0.4642361713538354,0.5775788748693826,0.001769285221352261,0.6409878926006477,0.09442791226955405,0.004566927799401548,0.1637644884112258,-0.46924278348312326,0.0009378118385065538,-0.4249423002264689,-0.6008015165992051,0.0007300650481045099,-0.5368729672143807,-0.169837403156174,0.00033011521910449097,-0.136623293025627,1
2021-10-14,0.9662348291362711,0.0021226454231909973,1.0408362336303627,1.2659158206941177,0.0015824547514416245,1.3193360748710274,0.4522408432112563,0.0005212009668548981,0.473741414589353,0.7484288130803227,0.0011015610283171787,0.7942724787165235,0.30254704958211287,0.0011110196083080166,0.3492659565850406,1.1261084308104228,0.0017977245789878732,1.1895174485416877,0.15041021940667965,0.00457313797504272,0.2197467955483514,0.6878499769775589,0.0009538930779250867,0.7321504602342133,0.7392159851769998,0.0007444673414423332,0.8031445345618242,0.7162568062393777,0.0003513379610670083,0.7494709163699248,1
2021-10-15,0.31199503922777005,0.002130312352240793,0.3865964437218616,0.024772712335597247,0.0015823907124733097,0.0781929665125069,0.5944995690443905,0.0005310323106286376,0.6160001404224871,0.9486166726962026,0.0011273173616311786,0.9944603383324035,1.7303115586052265,0.001156582518122511,1.7770304656081544,0.20054261797728334,0.0018020274877364635,0.26395163570854835,0.6740113891358912,0.004609585857726749,0.743347965277563,1.5007076053526869,0.0009892381599291447,1.5450080886093414,0.29627577294164475,0.0007503242471019388,0.36020432232646915,0.43512833871572176,0.00036437480329809963,0.4683424488462688,1
2021-10-18,0.5329320170713266,0.0021440559883400654,0.6075334215654182,0.45384613459947626,0.0015943104782073817,0.507266388776386,-0.6278336871982702,0.0005198859669103454,-0.6063331158201735,-0.06447919052170654,0.0011252047658458473,-0.018635524885505753,0.3207742295654159,0.0011646751186164526,0.3674931365683436,0.4907112586332575,0.00181384896951393,0.5541202763645225,0.7214306051907947,0.00464866633937264,0.7907671813324665,-0.13243303483175375,0.0009857423598558111,-0.0881325515750994,0.5317263308232657,0.0007606787228783975,0.5956548802080901,-0.056811594260046824,0.00036317615064155126,-0.023597484129499805,1
2021-10-19,0.7014353809126224,0.0021624052094229725,0.7760367854067138,0.11008893326245302,0.0015966092273445576,0.16350918743936269,1.9195006534262289,0.000552368470907871,1.9410012248043256,0.5820828106981422,0.0011408123693960675,0.627926476334343,0.5007731399194233,0.0011775064529311828,0.547492046922351,0.10403089635291324,0.0018156155673424053,0.16743991408417824,-0.2345653492397479,0.00463255211670648,-0.16522877309807613,0.7007887369455282,0.0010019936727510743,0.7450892202021826,1.5100573560228312,0.0007897344079787592,1.5739859054076555,0.7062690558860104,0.0003839738287780394,0.7394831660165575,0
2021-10-20,0.09837125893203612,0.002164103323716627,0.17297266342612766,-0.574668989831302,0.0015798309881667036,-0.5212487356543923,-0.06701955594923052,0.0005508081325098044,-0.04551898457113381,0.6513377111431763,0.001158270484893608,0.6971813767793771,-0.8359638088537967,0.00115498948368382,-0.789244901850869,-0.20902968982604928,0.0018092752615578957,-0.14562067209478427,-0.025755990564763027,0.004628497955126338,0.043580585576908706,-0.5827968670555244,0.0009878366880106079,-0.53849638379887,0.606835646939464,0.0008014396937248325,0.6707641963242883,0.23805361809093623,0.00039123715468853884,0.2712677282214832,1
2021-10-21,0.0012375933471371198,0.00216312684617928,0.07583899784122865,-0.011454011914958654,0.001578763537083833,0.041966242261951,-0.21378371166419377,0.0005467474682680468,-0.19228314028609705,-0.451935141804337,0.0011455377631110466,-0.4060914761681363,-0.13088250756317948,0.0011511356694684741,-0.08416360056025177,0.5330365797358593,0.0018221301452884483,0.5964455974671243,0.7324780666967484,0.004668020604034922,0.8018146428384202,-0.34962491516129723,0.0009792274586107703,-0.30532443190464287,0.34711791784324914,0.0008081535214173993,0.41104646722807353,-0.9273311976624738,0.000364987113634663,-0.8941170875319268,1
2021-10-22,-0.34655923758065516,0.002152607185007315,-0.2719578330865636,-1.6017402274037278,0.0015335348156284003,-1.548319973226818,0.14082005996478672,0.0005487415465985247,0.16232063134288344,0.6505734066900547,0.001162919036282996,0.6964170723262554,0.32357729780586636,0.001159264080512881,0.3702962048087941,-0.3452081905320743,0.0018122842518709323,-0.2817991728008093,0.36243121204894935,0.004686200105384465,0.4317677881906211,0.21318284791764328,0.000983917740081922,0.2574833311742976,0.7081929747380529,0.0008217320343343625,0.7721215241228773,0.3043564513471212,0.0003741595717620538,0.33757056147766823,1
2021-10-25,-0.09191222110737085,0.002149096609704981,-0.017310816613279323,-0.09760757689833187,0.0015301464532570294,-0.04418732272142221,0.16070678458883625,0.0005510684378354229,0.18220735596693294,-0.2990079683200401,0.0011543818653111328,-0.2531643026838393,0.28068050663687083,0.0011662411727368287,0.3273994136397985,-0.24573155013075682,0.001805029660160904,-0.18232253239949178,3.0476237945160634,0.004858174412183386,3.116960370657735,0.6419545107104294,0.000998694149560344,0.6862549939670837,0.7951099585523617,0.0008369269201493667,0.8590385079371861,0.9258175303409257,0.0004011163833462473,0.9590316404714727,1
2021-10-26,0.16082916327836785,0.0021525133480727555,0.23543056777245938,0.6353940413927143,0.0015470666877173203,0.6888142955696239,0.8220318978316379,0.000564627542250642,0.8435324692097345,0.09347729601895291,0.0011565461458777821,0.1393209616551537,-0.5727246026990983,0.0011507816164030267,-0.5260056956961706,0.2882708176184334,0.0018115374414665285,0.3516798353496984,-0.22378758522394981,0.004842495222317626,-0.15445100908227807,-0.5717253949478656,0.000984881981687613,-0.5274249116912112,-0.7107069730419392,0.0008234524917633469,-0.6467784236571148,1.1063562858436993,0.00043316396768972563,1.1395703959742463,0
2021-10-27,-0.2365772746772935,0.002145058927300402,-0.16197587018320195,2.4689329650366436,0.001614644200566481,2.5223532192135534,-1.0264966849359949,0.0005467782107924953,-1.0049961135578982,-1.1241863907252414,0.0011256248802147346,-1.0783427250890405,-3.2879893768091915,0.0010641420839582205,-3.2412704698062638,2.2415637726945405,0.0018682219700451987,2.3049727904258055,0.4003255943719409,0.0048625176464855485,0.46966217051361264,-4.187545362095779,0.0008861806160917114,-4.143244878839125,-0.6715661338382466,0.0008107590111617348,-0.6076375844534223,-1.3114337022054703,0.00039602574736896705,-1.278219592074923,1
2021-10-28,1.2114849402138972,0.002177146967655608,1.2860863447079889,-0.1815928997697932,0.001608836920562926,-0.12817264559288355,-0.47200565318676757,0.0005383757439406101,-0.4505050818086709,0.7346157071185982,0.0011452163878773976,0.780459372754799,-0.47634332942124047,0.0010513939543625216,-0.42962442241831283,0.1364178347647671,0.0018707259325957707,0.19982685249603213,0.8599899147473264,0.0049087089822767195,0.9293264908889982,-1.6926847688900568,0.0008462732581703761,-1.6483842856334023,0.39809047128195935,0.0008183789000771781,0.46201902066678374,0.1049188382574629,0.00039941155360762487,0.1381329483880099,1
2021-10-29,-1.008904812422195,0.002148629570659739,-0.9343034079281035,0.7127111890743993,0.0016277077353561537,0.766131443251309,-0.006235504558438187,0.0005378789865854529,0.015265066819658524,-0.18868433807231363,0.0011397406212627587,-0.14284067243611284,0.35417311891818265,0.0010604055546224336,0.40089202592111034,1.1633563193776828,0.0018995387598105956,1.2267653371089478,0.7754424677872191,0.004949953842556547,0.8447790439288909,0.5064427430486509,0.0008579858603889264,0.5507432263053053,0.420162575859836,0.0008263952536806769,0.4840911252446604,0.08922822684663548,0.00040234071364984966,0.1224423369771825,1
2021-11-01,-0.3631715035957335,0.002137766490793809,-0.288570099101642,-1.616182883807323,0.0015823928173330844,-1.5627626296304131,0.049755862243950094,0.000538329824947241,0.07125643362204681,-0.0732703603807548,0.001137402393736594,-0.027426694744553996,-0.2816420652489919,0.0010527840710811095,-0.2349231582460642,-0.4347550377466488,0.0018873757140339877,-0.37134602001538375,2.0209351847690615,0.005061943021740284,2.0902717609107335,0.15082491181745683,0.0008613480303818498,0.19512539507411117,0.11952612893511858,0.0008287058860177738,0.18345467831994297,0.8523044377946315,0.0004269772509802301,0.8855185479251786,0
2021-11-02,0.29160394970119496,0.002144729403040232,0.3662053541952865,0.6325749009421829,0.0015990441319819533,0.6859951551190926,1.2850529031806304,0.0005596256258154587,1.306553474558727,0.15843523710418933,0.0011413300838262026,0.20427890274039012,-0.9407602232181315,0.00102799145775851,-0.8940413162152038,0.5613937479805043,0.0019007021715765553,0.6248027657117694,-0.8146292149130042,0.00501252073039235,-0.7452926387713324,-0.9800306358277284,0.000838287958881064,-0.9357301525710741,-0.09855955907106338,0.0008268931037764912,-0.03463100968623899,-0.6406174509168189,0.0004091188034967047,-0.6074033407862718,1
2021-11-03,0.42963688353234963,0.0021554191103869903,0.5042382880264412,0.3541741426753811,0.0016080037748046041,0.40759439685229076,-0.2867617550024767,0.0005543738694323189,-0.26526118362437995,-0.027619670547820413,0.0011402276692745249,0.018223995088380383,0.1083505930239172,0.0010305949016164698,0.15506950002684491,0.07952426547566341,0.0019016949603614622,0.14293328320692844,0.8099177943466267,0.005055403715433331,0.8792543704882985,-0.3420777251326804,0.0008301718428019437,-0.29777724187602606,0.16370497036301535,0.0008300294156338611,0.22763351974783974,-0.7089522111591224,0.0003893710050035332,-0.6757381010285755,1
2021-11-04,-0.25464079595275674,0.0021475334527949162,-0.18003939145866518,0.5257768942908859,0.0016216442342749935,0.5791971484677956,-0.2524689770257202,0.0005497138549516277,-0.23096840564762347,-0.7258902075960114,0.0011203176194383242,-0.6800465419598106,0.9298595407343863,0.0010545595640372553,0.976578447737314,0.33642327565717595,0.0019092314382505643,0.399832293388441,0.2561624431748864,0.005066794083863247,0.32549901931655817,0.15137570255756877,0.0008335715660162397,0.1956761858142231,0.4787279104143999,0.0008390872922200938,0.5426564597992243,0.33631018187266964,0.0003992998522603577,0.3695242920032167,1
2021-11-05,0.10973594385021361,0.0021495314800172444,0.18433734834430515,0.14707686174437523,0.0016248761890361046,0.20049711592128489,-0.6106228315292755,0.0005390480583587367,-0.5891222601511789,-0.11967861975209311,0.0011167710188752906,-0.07383495411589232,2.088897667598198,0.0011085635225452663,2.135616574601126,-0.12523256283378809,0.0019049991101716516,-0.06182354510252307,-0.2258583923155518,0.005050881877710427,-0.15652181617388006,2.218624661119365,0.0008850437938607894,2.2629251443760197,-0.5781404561601091,0.0008282520794819122,-0.5142119067752847,0.43287440213185696,0.0004119337527037819,0.46608851226240405,0
2021-11-08,-0.3603355143654859,0.002138819336960372,-0.28573410987139436,0.007740846030383668,0.001624288814166878,0.061161100207293324,-0.3054785529017367,0.000533532736778473,-0.28397798152363996,0.2653224201587684,0.0011235769769848026,0.3111660857949692,0.08856340655068934,0.001110530784430349,0.13528231355361706,0.08805265986246046,0.0019061985015750528,0.15146167759372547,-1.2608377532332078,0.004976540304119921,-1.191501177091536,1.0114433912991572,0.0009083341650074731,1.0557438745558114,-0.5373631420616837,0.0008182125048907822,-0.47343459267685933,0.49662796471510756,0.0004263341888645666,0.5298420748456546,0
2021-11-09,0.05196281728493442,0.0021392646524949024,0.12656422177902596,-0.09181279512374982,0.0016209844175952375,-0.03839254094684017,-0.2046944068962613,0.0005297217048378005,-0.1831938355181646,-0.4378452809626423,0.0011115003222357362,-0.39200161532644157,-0.8164954738869992,0.0010890489527895346,-0.7697765668840715,-0.2322983528945511,0.0018992651941269502,-0.16888933516328608,-3.0210413298207244,0.004803096452942535,-2.9517047536790524,-1.9725148994647699,0.0008623489865090608,-1.9282144162081154,0.194154149709281,0.0008219142672319339,0.25808269909410536,0.44605417720500506,0.0004392673912104634,0.4792682873355521,1
2021-11-10,-1.0607501222200064,0.002109718882015255,-0.9861487177259147,-1.0865328945372883,0.001590562622164006,-1.0331126403603785,0.8760631697280425,0.0005440077662248091,0.8975637411061392,-0.09521306779168064,0.001108636128993857,-0.049369402155479844,2.020889243695981,0.0011410212008518066,2.0676081506989092,-0.9024394749700454,0.001875368911764679,-0.8390304572387803,0.9997850047802884,0.004856669761509361,1.06912158092196,0.6711134874632427,0.0008777234596946408,0.715413970719897,-0.7316379803704761,0.000808274394005126,-0.6677094309856517,-1.0027802793147635,0.00041133416348318274,-0.9695661691842165,0
2021-11-11,-0.09199326578688288,0.0021063287373075633,-0.017391861292791345,-0.09769366089731511,0.0015871539388991798,-0.04427340672040546,-0.631978101292734,0.0005330520767714075,-0.6104775299146373,-0.048938834740707066,0.0011070178185569749,-0.0030951691045062704,-0.5860073309262914,0.0011255104129625866,-0.5392884239233637,0.2062810147828618,0.0018795962621292312,0.2696900325141268,-0.17168425938872764,0.00484418472191641,-0.1023476832470559,-1.4721497143437128,0.0008434815378229307,-1.4278492310870585,-0.03396880528597149,0.0008077149874003377,0.0299597440988529,0.05879500972183159,0.0004133538265748653,0.0920091198523786,1
2021-11-12,0.6631920939548156,0.0021232454306458473,0.7377934984489071,0.962425187054153,0.0016125847374067646,1.015845441231063,0.9696197284184795,0.0005488553547460541,0.9911202997965762,-0.27749614802371836,0.0010992979755048494,-0.2316524823875175,1.3393709483647052,0.0011597084274425832,1.3860898553676329,0.6428914871646996,0.0018948455630906386,0.7063005048959645,-0.7658400919019069,0.004798351683551392,-0.6965035157602352,0.43095531695087863,0.0008532923875927332,0.475255800207533,-0.4331472812630518,0.0007997049467982285,-0.3692187318782274,-0.4082030112036703,0.0004022435311883781,-0.37498890107312327,0
2021-11-15,-0.071174250728534,0.002120404757152095,0.0034271537655575254,-0.1307141427381479,0.0016082582976787406,-0.07729388856123826,-0.7698347623561098,0.0005356257568032223,-0.7483341909780131,-0.13894032664303557,0.001095295925087832,-0.09309666100683477,-0.36237719987140204,0.0011499753360709264,-0.31565829286847435,-0.16904175383973294,0.0018895626004889685,-0.10563273610846792,-0.5464776626688217,0.004764953070039072,-0.47714108652714987,0.014976980547493296,0.0008534811106972865,0.05927746380414767,-0.4901216679307709,0.0007906548593098543,-0.4261931185459465,0.3909234687532293,0.0004135913169813466,0.42413757888377634,1
2021-11-16,0.26847132403578594,0.0021266755455191153,0.34307272852987747,-0.2507569088663458,0.001600688222024221,-0.19733665468943612,-0.45233000028569487,0.0005277167937396463,-0.43082942890759823,-0.41882633701971106,0.0010838482637690557,-0.37298267138351027,1.1700121367425966,0.0011796886403512058,1.2167310437455243,0.4968044985027125,0.001901074487184351,0.5602135162339775,0.9349012452812901,0.004814647987771471,1.004237821422962,0.768030054503364,0.0008710154008261755,0.8123305377600184,-1.9500208142338107,0.0007544503635158455,-1.8860922648489864,0.4637530723693941,0.0004269489334667497,0.4969671824999412,0
2021-11-17,0.7739721878155614,0.002146459492512914,0.848573592309653,0.005380761428134948,0.0016000759097572162,0.0588010156050446,0.2892978181842242,0.0005321553136394529,0.31079838956232086,-0.3245081007149668,0.0010749414797197859,-0.2786644350787659,-1.5541904712621724,0.0011393385837813812,-1.5074715642592447,-0.026258390688629712,0.0018993908864947675,0.037150627042635304,0.7307597096572671,0.004852783745756175,0.8000962857989388,-2.86050151274334,0.0008050356482690846,-2.8162010294866855,-0.7004308453832625,0.0007415775464912658,-0.6365022959984381,-0.5706287612425691,0.0004113199207034183,-0.5374146511120221,0
2021-11-18,1.3938853798395507,0.0021827590281141215,1.4684867843336422,0.562034637981794,0.001614520255693632,0.6154548921587036,-0.46818815870501795,0.000524009685373085,-0.44668758732692126,-0.49283400972138897,0.0010615870399666384,-0.44699034408518823,-1.6814041069929626,0.0010958360605174363,-1.6346851999900347,0.2835789976973296,0.0019054987807138133,0.34698801542859464,0.09726460962029257,0.004855417619926662,0.1666011857619643,-0.5494918201479084,0.0007923235682987052,-0.5051913368912541,0.5728749085585585,0.0007523804380938036,0.6368034579433829,-0.5689091298808536,0.00039578196594625674,-0.5356950197503065,0
2021-11-19,0.7989972240802197,0.0022030795755556827,0.8735986285743113,-0.36298617117084553,0.0016039416484175334,-0.3095659169939359,0.22857617751612008,0.000527434695556232,0.25007674889421677,-0.7221793067245137,0.0010421843090936069,-0.6763356410883129,-1.3555572487979894,0.0010608006694565067,-1.3088383417950618,0.23167758272059913,0.0019102872953593733,0.29508660045186413,0.8440666034489955,0.0048997150105712746,0.9134031795906673,-0.7717250738057182,0.0007745485079804165,-0.7274245905490638,-0.46243616486235056,0.0007439583877292912,-0.39850761547752617,-2.307896689456919,0.0003317503750205102,-2.274682579326372,0
2021-11-22,0.07604029372409382,0.0022040730599009882,0.15064169821818535,-0.9496960266699478,0.001577567744364337,-0.896275772493038,-1.1123382716731067,0.0005086563096409414,-1.09083770029501,1.0577011231096003,0.001069993738350819,1.1035447887458012,-2.9540071733989124,0.0009849681116317417,-2.9072882663959847,-0.5866164830966496,0.0018945536480072325,-0.5232074653653846,0.3595513299700855,0.0049168925236986955,0.42888790611175726,-1.6183752311553439,0.0007374271847498655,-1.5740747478986896,1.179631581629752,0.0007659625625355065,1.2435601310145763,0.6481958350573278,0.0003502878243986984,0.6814099451878749,1
2021-11-23,0.05004650874904355,0.00220437187495422,0.1246479132431351,-0.2341935322285536,0.001570537683990571,-0.18077327805164395,0.49226962227830007,0.0005164514828636728,0.5137701936563968,1.1921499238248308,0.0011012843938236086,1.2379935894610317,1.2382671488740011,0.0010164477194164593,1.2849860558769288,-0.40967211959051386,0.001883291814156617,-0.3462631018592488,-1.0873395867438829,0.004853509201437064,-1.018003010602211,0.8466565856804615,0.0007567990611051696,0.8909570689371159,0.46314467840274554,0.0007746587667518237,0.5270732277875699,1.2629730147509122,0.0003858863239716166,1.2961871248814592,1
2021-11-24,0.09436065339659677,0.0022058478890947535,0.1689620578906883,0.06449614432383467,0.001571560861089257,0.11791639850074433,-0.2536010210846258,0.000511913908035805,-0.23210044970652907,-0.45194162860161136,0.0010890474943661547,-0.40609796296541056,1.7460263912109086,0.0010607957088007173,1.7927452982138365,-0.026150946857408507,0.0018816467412186301,0.037258070873856505,0.08537838330901552,0.004855467153944538,0.15471495945068725,1.3916884515325945,0.0007885693447379353,1.435988934789249,0.3070134047615447,0.0007804482946062315,0.37094195414636905,0.23963465707238185,0.0003929425766222379,0.2728487672029289,0
2021-11-26,-1.7047897227386704,0.0021595578363997913,-1.6301883182445787,-1.4237522378878362,0.0015326057786901651,-1.3703319837109265,-0.5594127562187852,0.0005023478655883339,-0.5379121848406885,-1.6055899114567211,0.001046402744330459,-1.5597462458205202,-2.543160230135652,0.0009957416038363766,-2.4964413231327245,-1.3964083037117554,0.0018458039507574155,-1.3329992859804904,-0.8210937461398118,0.004807115976096141,-0.75175716999814,-1.694138042149899,0.0007498525454324829,-1.6498375588932448,-0.8930996223752753,0.000764092806228028,-0.8291710729904509,-1.7621028913873142,0.0003444149962908371,-1.7288887812567673,1
2021-11-29,1.0510419072851098,0.002186453324406142,1.1256433117792013,1.1439890224395575,0.0015626343404924095,1.1974092766164672,0.264874999339856,0.0005063765825291806,0.2863755707179527,-0.26965153276412585,0.001039077627491894,-0.22380786712792503,-0.23859452845059984,0.000989501173196078,-0.19187562144767212,1.0903866935168363,0.0018720457478080003,1.1537957112481012,1.1836963244383722,0.004869998802732064,1.253032900580044,-0.4563280878652543,0.0007394423493718145,-0.41202760460859994,-1.2245701388294445,0.0007416782109364369,-1.1606415894446203,0.23998507234762814,0.00035151828700592314,0.27319918247817515,0
2021-11-30,1.5503906882791934,0.002226495616272473,1.6249920927732848,-1.3230615955561984,0.0015264948205651859,-1.2696413413792886,-2.003316667345909,0.00047310832824870905,-1.9818160959678124,-0.8165133179508636,0.0010173817624579953,-0.7706696523146627,-1.389632520333764,0.0009540312330667597,-1.3429136133308364,-1.045442085944356,0.0018450500996220673,-0.9820330682130909,0.09889460699698113,0.004872674313087707,0.16823118313865287,-0.8130558802093767,0.0007209442796656049,-0.7687553969527223,-1.1028101494595026,0.0007215637374980065,-1.0388816000746783,-1.431598173519652,0.00031232857619139045,-1.3983840633891047,0
2021-12-01,-0.23961159355978168,0.0022191037257498587,-0.16501018906569015,-0.3566454292632964,0.0015163063463218844,-0.30322517508638674,1.1212229282248392,0.0004912239098884821,1.1427234996029358,-0.3522468051328344,0.0010079455187846722,-0.30640313949663356,-1.5177947983923963,0.0009154057884929097,-1.4710758913894686,-0.14783124321977015,0.0018404412132412586,-0.08442222548850514,-1.1393981154195434,0.004806905185366569,-1.0700615392778716,-1.1598917921640157,0.000694616101031149,-1.1155913089073612,-1.9025592026185074,0.0006868174063990577,-1.8386306532336831,-0.07433292182200298,0.00031076691545317076,-0.04111881169145597,1
2021-12-02,-0.3900311100185742,0.0022077604380023466,-0.3154297055244827,0.6368916181910529,0.0015326876670138465,0.6903118723679625,-0.5405358516821209,0.0004820474356777367,-0.5190352803040242,1.0428011859636548,0.00103514594882355,1.0886448515998557,2.3901970238181955,0.0009759129223448727,2.4369159308211237,-0.16124655741062588,0.0018355118188509642,-0.09783753967936086,-0.3031465251007392,0.004787469527246608,-0.23380994895906745,2.515790608997774,0.000751761016330705,2.5600910922544284,-0.9661184393392864,0.0006693389268324603,-0.902189889954462,1.1932420672818005,0.00034420382345224244,1.2264561774123477,0
2021-12-03,-0.6779519752388865,0.00218885635418162,-0.603350570744795,-0.3965252901168786,0.001521454502947984,-0.34310503593996894,1.1866536301013701,0.0005011729416533712,1.2081542014794668,-0.9836205254933027,0.0010091641944391782,-0.9377768598571018,0.27312220986746283,0.0009826824566324184,0.3198411168703906,-1.1397810539031217,0.0018063368631208432,-1.0763720361718567,-1.6497452057577917,0.004693865415579608,-1.58040862961612,-0.6391937814167532,0.0007372611227236509,-0.594893298160099,1.0517289466509794,0.0006888630680048875,1.1156574960358037,-0.3464178286771915,0.0003351018125392585,-0.3132037185466445,1
2021-12-06,1.0319477474329952,0.0022150271520789606,1.1065491519270867,0.359710599631508,0.0015303996954661265,0.41313085380841763,1.8297112300711256,0.0005307603161466295,1.8512118014492223,0.5657981894897336,0.00102380492523424,0.6116418551259343,1.820975434588775,0.0010285495982572462,1.867694341591703,0.47541458987577845,0.001817229177259202,0.5388236076070435,-0.21389226188672728,0.004679548407813561,-0.1445556857450555,1.8955891550274921,0.000780159101465079,1.9398896382841468,0.738849833642205,0.0007026119430164011,0.8027783830270294,0.5244792856104001,0.0003500024301617526,0.5576933957409471,1
2021-12-07,1.749483020663426,0.002259995095442062,1.8240844251575177,1.4083473577799863,0.0015672210394719293,1.461767611956896,0.19214044979848552,0.000533530308834611,0.21364102117658224,0.7332029726298424,0.001042781496373714,0.779046638266043,0.9473903400362147,0.0010522460243995526,0.9941092470391424,1.4013920455180238,0.0018509858775463764,1.464801063249289,0.9734177529373261,0.004730534636506474,1.042754329078998,1.3413256586745463,0.0008104157503459152,1.3856261419312006,-0.30375396355165035,0.000697280867358042,-0.23982541416682598,0.5182411341530418,0.00036469120194848766,0.5514552442835889,1
2021-12-08,1.097815975571892,0.00228772872764675,1.1724173800659834,0.2632683787656733,0.0015735177045002658,0.316688632942583,0.4756547673507369,0.0005409156172247503,0.49715533872883355,-0.6381803104018865,0.0010259113344885718,-0.5923366447656857,0.40021767685504067,0.0010620881233348552,0.4469365838579684,-0.055244716064863766,0.0018486861266807859,0.008164301666401244,0.333483278925688,0.004746254448597991,0.4028198550673598,0.4235045553216926,0.0008198777546325202,0.467805038578347,-0.8125755178347764,0.000682683336554383,-0.748646968449952,0.10904266870737889,0.0003681044730175558,0.1422567788379259,0
2021-12-09,-0.2274351594162342,0.0022806333763477496,-0.15283375492214266,-0.24148937912450313,0.0015664038779625755,-0.18806912494759348,0.7652334272998983,0.0005529963036532602,0.786733998677995,-0.12638934586705453,0.0010224272962137575,-0.08054568023085375,0.2947342276746933,0.0010692487673913862,0.34145313467762106,-0.36894232892702583,0.001838657657340359,-0.30553331119576077,-1.5699277378043521,0.004657586836900757,-1.5005911616626804,0.6433531171386055,0.0008342689434284724,0.6876536003952599,0.9665733272518308,0.0007005329402107153,1.0305018766366552,0.09288166218401485,0.00037106538023535894,0.12609577231456187,1
2021-12-10,1.3669640779710441,0.0023153132186723995,1.4415654824651356,0.07162021973172161,0.001567606236876432,0.12504047390863127,-0.22632994486451638,0.0005489202117520868,-0.20482937348641966,-0.25232995545621295,0.0010156742445064425,-0.20648628982001213,0.7937044852087749,0.0010889316616930656,0.8404233922117026,1.4876688517255685,0.0018743734788101995,1.5510778694568335,0.25511938147353225,0.0046690724705738176,0.324455957615204,0.5250748591790629,0.0008459592995400827,0.5693753424357172,1.289433319871423,0.0007242074983853007,1.3533618692562472,0.2812109408667662,0.00037917552721853114,0.31442505099731316,0
2021-12-13,-1.1384947591186063,0.0022843720155414325,-1.0638933546245146,-0.8008391615612325,0.0015457173984260838,-0.7474189073843227,1.4608807281599814,0.0005722545852043604,1.482381299538078,-0.6613351286058733,0.000998306742548054,-0.6154914629696725,-0.7531241276735287,0.0010697345694697727,-0.706405220670601,-0.5651284203402226,0.0018595130400911304,-0.5017194026089575,-1.2946059936845042,0.004595799923227514,-1.2252694175428325,-0.71213390606212,0.0008298102915963377,-0.6678334228054656,1.2704265472537406,0.0007474730474374593,1.3343550966385649,-1.1110907011447795,0.00034918828364599445,-1.0778765910142325,0
2021-12-14,-0.4874919943335303,0.0022705174094755963,-0.41289058983943877,-0.7228625187157308,0.0015259481294154595,-0.6694422645388212,0.8837693990379062,0.0005861668170143264,0.9052699704160029,0.3508473887499694,0.001007263577830717,0.39669105438617025,-0.7858467377068304,0.0010497688148382448,-0.7391278307039028,-1.8469379978214773,0.0018132140717061185,-1.7835289800902123,-0.2705736992863983,0.00457863543650587,-0.20123712314472653,-0.3394259475771949,0.0008220705375418604,-0.29512546432054054,0.6430451258612364,0.0007592941925509161,0.7069736752460608,-0.10507758190939502,0.0003467563208777863,-0.07186347177884801,1
2021-12-15,1.3924877063756818,0.0023057369320473742,1.4670891108697732,0.8421270648143023,0.0015475351943487381,0.895547318991212,0.39220186914408534,0.0005920803096567574,0.413702440522182,-0.43300888704209867,0.0009958736962228957,-0.38716522140589793,0.8664898844211997,0.0010712206811771714,0.9132087914241273,0.9884116215127641,0.0018365760006503742,1.0518206392440292,0.37960213119482406,0.004596968299186475,0.4489387073364958,0.6201534042159902,0.0008358614706314654,0.6644538874726446,0.36032499195196427,0.0007659614203126626,0.42425354133678866,-0.24914473622578442,0.0003404016294655087,-0.21593062609523742,0
2021-12-16,-2.095131202548334,0.0022500137695831437,-2.020529798054242,-0.746630381526273,0.0015271900478957072,-0.6932101273493634,0.8840636940825378,0.0006059334272112269,0.9055642654606344,0.7638115702688986,0.0010155021552388924,0.8096552359050994,0.9704073071087164,0.001095212981334581,1.017126214111644,-1.6580019466933655,0.0017950593272724382,-1.5945929289621004,-1.3070304752046322,0.0045234105229271645,-1.2376938990629605,0.5367035102043205,0.0008477473272743796,0.5810039934609749,-1.298970067921749,0.0007425887890331477,-1.2350415185369248,0.04711130273082013,0.0003421331688052284,0.08032541286136714,0
2021-12-17,-0.40917822575275203,0.0022382980477243823,-0.3345768212586605,-1.0111363362795331,0.0014999372126261869,-0.9577160821026235,-2.3112705054300045,0.0005681366193514489,-2.289769934051908,-1.2239012458593659,0.0009836815466916094,-1.178057580223165,-0.5951997969082042,0.0010800531141536558,-0.5484808899052765,-0.24871245994587915,0.0017881239257948784,-0.18530344221461412,0.08071773628418225,0.004525514992703945,0.150054312425854,-0.7398339039066358,0.0008310631395685777,-0.6955334206499815,-2.4363452938166392,0.0006987275076571805,-2.372416744431815,-1.1078171710399858,0.0003124451301936678,-1.0746030609094388,0
2021-12-20,-0.49256394115646013,0.002224447361839164,-0.4179625366623686,-0.09577517302648116,0.0014968185996978964,-0.0423549188495715,-0.25797309426866605,0.0005635625476747575,-0.23647252289056933,-0.9771799857069321,0.0009583169907331639,-0.9313363200707312,-1.9332353925832173,0.0010315722045002788,-1.8865164855802896,-0.7209268853632455,0.001769672514649164,-0.6575178676319805,-0.9306825820694101,0.004472687738412412,-0.8613460059277384,-0.9317197093805796,0.0008101395053029271,-0.8874192261239252,0.17634792662249965,0.0007021291302317822,0.24027647600732405,-0.7464695690909384,0.0002926522635240962,-0.7132554589603913,1
2021-12-21,0.9076177792615716,0.002246960617149547,0.9822191837556632,0.6165851895493949,0.0015124085508497946,0.6700054437263046,-0.28828375040412135,0.0005585124023687337,-0.26678317902602466,0.677228218333555,0.0009756841561338949,0.7230718839697557,2.136101930897044,0.0010845470942907071,2.1828208378999716,1.199178488353189,0.0017981092400237346,1.2625875060844542,0.9862727694989616,0.0045239666106252074,1.0556093456406335,1.8604987264329362,0.0008515277872297504,1.9047992096895905,0.1596255915497196,0.0007052203207355248,0.22355414093454398,1.0815246692059333,0.0003225023249799172,1.1147387793364802,1
2021-12-22,0.7137175183033255,0.002264389907329954,0.7883189227974171,0.9896636724547364,0.0015377375876998182,1.043083926631646,0.33533327172040356,0.0005635084449991322,0.35683384309850025,0.15648637127338613,0.0009795939878603935,0.20233003690958692,0.983669808693504,0.0011087234624332274,1.0303887156964315,0.9249120258563842,0.0018197886248175136,0.9883210435876493,1.77566746191175,0.004617864062127263,1.8450040380534218,0.6729997693895625,0.000866364210018962,0.7173002526462169,0.031572871224543816,0.0007059987392200308,0.0955014206093682,0.36538979899366986,0.00033287128517711043,0.3986039091242169,1
2021-12-23,0.11289697453150206,0.0022662263301024875,0.1874983790255936,0.12079137505870519,0.001540251067275419,0.17421162923561484,0.1364665632788924,0.000565296084607791,0.1579671346569891,0.13916145382824974,0.0009830478209093864,0.18500511946445053,0.41823737956732515,0.0011187936948137127,0.46495628657025284,0.18133249917208266,0.0018233197727029265,0.24474151690334767,1.3490918686943523,0.00468843796225134,1.418428444836024,-0.41243356219326033,0.0008570244616281036,-0.36813307893660596,-0.22821713775078045,0.0007021059423785454,-0.16428858836595606,-0.009005857189996169,0.0003330830236289579,0.02420825294055085,1
2021-12-27,1.107701036404963,0.00229376455756012,1.1823024408990546,0.2892945215909875,0.0015471636069835973,0.34271477576789716,0.67798110371819,0.0005757676600914153,0.6994816750962867,0.2504618483508595,0.000989351240085416,0.2963055139870603,-0.08687618848932421,0.0011163100114825605,-0.04015728148639649,1.2055748149931098,0.0018517271231708687,1.2689838327243748,0.5522139854210374,0.0047157783259971055,0.6215505615627092,0.23489750022656575,0.0008620850399166712,0.2791979834832201,0.6106244471755009,0.0007132797451480414,0.6745529965603252,0.6684728825375826,0.00035159961505049916,0.7016869926681297,0
2021-12-28,-0.37139216329760943,0.00228305921738114,-0.29679075880351785,-0.47276623828019115,0.001534159128235384,-0.4193459841032815,0.310655383753302,0.0005803254478768113,0.33215595513139873,0.111284399970932,0.0009920678652252228,0.1571280656071328,0.023237593481121217,0.0011165601890697067,0.06995650048404893,-0.25520071523409016,0.0018446142947040312,-0.19179169750282513,-0.19243051451776091,0.0047028752002749395,-0.12309393837608915,0.07125822248476091,0.000863503013588815,0.11555870574141527,0.9992826438148906,0.0007313905754118792,1.063211193199715,-0.1922626615163738,0.0003468409125296195,-0.1590485513858268,0
2021-12-29,-0.048757359234219054,0.0022806973507964894,0.02584404525987248,-0.0645061256603399,0.0015318353480264387,-0.011085871483430246,0.5623191679193624,0.0005888984221793201,0.5838197392974591,-0.07194495781690585,0.000990083486978473,-0.026101292180705067,0.029081309182088497,0.0011169542464451346,0.07580021618501621,0.04886755705800857,0.001844888558458983,0.11227657478927358,-0.12090296398548638,0.004693859834921546,-0.051566387843814634,-0.011347923357007312,0.0008630876310308229,0.03295255989964706,-0.10025858260352377,0.0007297702085300183,-0.03633003321869938,-0.46400407343055494,0.0003347718793944248,-0.4307899633000079,0
2021-12-30,-0.41311875256625363,0.0022689637061593442,-0.3385173480721621,-0.21103731100337272,0.0015257016890856587,-0.15761705682646307,0.3456297305836773,0.0005939856839766581,0.36713030196177393,-0.07196934829097294,0.0009881037413781647,-0.026125682654772154,-0.09125145061745839,0.0011143747903284503,-0.04453254361453067,-0.4843613029781171,0.0018322579329435637,-0.420952285246852,-0.42856075122087317,0.004668315294234701,-0.3592241750792014,-0.12663440605536633,0.0008601233182060476,-0.08233392279871196,0.17487762503847581,0.0007330728913530911,0.2388061744233002,-0.32295663186781304,0.0003265307633011587,-0.28974252173726606,0
2021-12-31,-0.2565306063564783,0.0022612860809740785,-0.18192920186238676,-0.5225254137365086,0.001511483066297701,-0.46910515955959897,-0.6179100765622808,0.0005836811318332915,-0.5964095051841841,-0.08830599805105303,0.0009857118433948746,-0.042462332414852234,-0.2947659027404427,0.0011067815773766845,-0.24804699573751496,-0.5472983599139689,0.0018181396567873438,-0.48388934218270385,-0.3812109040056773,0.004645382548046745,-0.31187432786400554,-0.3631354235960708,0.0008519425827553782,-0.31883494033941645,0.7226377835075408,0.0007461464854671974,0.7865663328923652,0.2906317816644958,0.0003348028340655007,0.3238458917950428,1
2022-01-03,1.2121148294487212,0.0022913292749483114,1.2867162339428126,-0.0044504290218443255,0.001510758317187105,0.04896982515506533,0.20620585591804255,0.0005865395419619428,0.22770642729613924,1.0494339506904302,0.001012356313383761,1.095277616326631,1.6887600796783602,0.0011480761950495835,1.735478986681288,-0.3189082035042705,0.0018095711309193481,-0.2554991857730055,3.261812699251339,0.0048179998553673845,3.331149275393011,1.259913684162248,0.0008795889604795965,1.3042141674189025,-0.08440744261358207,0.0007447956781316893,-0.02047889322875768,1.8568864106859517,0.00038509358775027036,1.8901005208164987,0
2022-01-04,-0.7277144195555145,0.0022715629394448964,-0.653113015061423,-0.26107182129377793,0.0015033788747469594,-0.20765156711686827,-0.24374762433005887,0.0005822279792629872,-0.22224705295196215,1.9168417401588,0.0010610336606347425,1.9626854057950007,0.5950614764225497,0.001162352149971853,0.6417803834254774,-1.0018896856531538,0.0017845624452393063,-0.9384806679218888,-1.0991501470829679,0.004756455400629264,-1.029813570941296,0.2342516277619873,0.0008845654833904515,0.27855211101864163,-1.4212287462649658,0.0007196439518572543,-1.3573001968801415,1.8179608006586416,0.0004342082069150663,1.8511749107891886,0
2022-01-05,-1.4434408365773401,0.0022335242073571924,-1.3688394320832487,-2.3866569343777484,0.001440955113070244,-2.3332366802008386,0.5307709608274647,0.0005902404437629205,0.5522715322055614,-0.992352808872623,0.0010355486711137874,-0.9465091432364221,-0.25955636225796525,0.0011555909037210504,-0.2128374552550375,-2.1644367712278703,0.0017316342332360955,-2.101027753496605,-1.3856605443241818,0.004679739104084513,-1.31632396818251,-0.7064810501004877,0.0008688304149610122,-0.6621805668438333,0.937825050164813,0.0007365103085006975,1.0017535995496374,0.5788956203747455,0.0004500227438099854,0.6121097305052926,0
2022-01-06,-0.9336409022979341,0.0022086206245582243,-0.8590394978038426,-0.06357523339756901,0.0014387963986015368,-0.010154979220659366,-0.3054411805805023,0.0005849558941990735,-0.2839406092024056,0.5041920249287136,0.0010481651652667298,0.5500356905649144,-0.5363581996618838,0.001142054852784439,-0.4896392926589561,-0.49588548063421417,0.0017189586719388785,-0.43247646290294917,-0.5991867684513843,0.004645261323906962,-0.5298501923097125,-0.11234208608885002,0.0008661921010073199,-0.06804160283219564,-0.26983807048750463,0.000731884279322711,-0.20590952110268027,1.124364460896618,0.00048037904139474003,1.157578571027165,0
2022-01-07,-0.02375322125510686,0.0022070167895867606,0.05084818323898467,-0.323129436029042,0.0014299372179997763,-0.26970918185213233,1.0988095348186202,0.0006019501987153759,1.120310106196717,0.46713464061689414,0.0010598079325784473,0.5129783062530949,-0.09743853896370891,0.001139311121359532,-0.05071963196078119,-0.0355065811757261,0.0017173697727373212,0.027902436555538913,-0.9419400410356346,0.004592578237473817,-0.8726034648939629,-0.8045603931139291,0.0008483702099393278,-0.7602599098572748,0.6432852004567634,0.0007434660942357602,0.7072137498415878,0.37017452970671644,0.0004905184162311665,0.4033886398372635,0
2022-01-10,-0.06861611468792743,0.0022042730779767024,0.005985289806164105,0.5599691722329264,0.0014438880931458673,0.6133894264098361,-0.43125032372638816,0.0005946720149353863,-0.40974975234829153,0.0036993365884395125,0.0010596729302210168,0.04954300222464031,-0.8793348157461234,0.0011174375553020242,-0.8326159087431957,-0.02332971037492582,0.0017160770176621442,0.040079307356339196,0.6776043996410862,0.00462637006841388,0.746940975782758,-1.421537298648794,0.0008170735014194849,-1.3772368153921395,-0.20708911783998699,0.0007399545699542444,-0.1431605684551626,-0.3261532831355518,0.0004820633744184294,-0.2929391730050048,1
2022-01-11,0.7890925529038938,0.002223381037295494,0.8636939573979854,0.3377373897219948,0.0014520756157669341,0.39115764389890445,-0.9024947548325999,0.0005799607222873933,-0.8809941834545032,0.006760649541854086,0.001059615778545991,0.05260431517805488,0.30395378607014173,0.0011245445451277419,0.3506726930730695,0.06023336173517846,0.0017167886784184845,0.12364237946644348,0.07676848995552112,0.004628085212043218,0.14610506609719284,0.6365184500552119,0.000830903824973109,0.6808189333118662,-0.2739967067306729,0.0007352686488623423,-0.2100681573458485,2.0368681772174897,0.000536558636327792,2.0700822873480367,1
2022-01-12,0.05766642747094441,0.002223835095301168,0.13226783196503594,0.563313019362332,0.0014660470495500327,0.6167332735392417,-0.7281114405938549,0.0005680420021675229,-0.7066108692157583,0.24779714322611218,0.001065652602867253,0.29364080886231303,0.10257058817734398,0.0011267169472368775,0.14928949518027168,0.5082696697662387,0.0017282132495118844,0.5716786874975037,0.8978761476132906,0.004673453881833531,0.9672127237549624,0.32721026702762557,0.0008379369267944906,0.3715107502842799,-0.4543932487994673,0.0007274079403545371,-0.3904646994146429,-0.17805747517790754,0.0005320041504542699,-0.14484336504736053,0
2022-01-13,-1.0537897492979214,0.002196054946005427,-0.9791883448038298,-1.0759580023276847,0.0014378493333443495,-1.022537748150775,-0.5242636071563457,0.0005593696325053897,-0.502763035778249,-0.11038721954286164,0.0010626299514351618,-0.06454355390666085,0.2759106949469926,0.0011331095592513698,0.32262960194992035,-2.37978826734932,0.0016706304281795044,-2.316379249618055,-1.7307934860030116,0.004579121166544391,-1.6614569098613399,-0.24142093766225559,0.0008325384569119965,-0.19712045440560122,0.9845696669111119,0.0007449566174898628,1.0484982162959364,-0.3860342634138515,0.0005219375521824242,-0.35282015328330446,1
2022-01-14,0.18838953863708796,0.0021998597634069325,0.2629909431311795,0.274482304816667,0.0014443890106209942,0.3279025589935767,-0.4733084016013306,0.0005515225479936623,-0.45180783022323395,-3.2279584328285544,0.0009810033003121862,-3.1821147671923535,0.3334560010102935,0.0011408865561842176,0.38017490801322124,0.9062423973669811,0.0016915780835083218,0.969651415098246,0.36141330623474127,0.004595986228435402,0.43074988237641304,-0.1361956872446409,0.0008294481442746904,-0.09189520398798655,-0.2727363486090223,0.0007403047270103646,-0.2088077992241979,0.8308155521175193,0.0005441754878294413,0.8640296622480664,0
2022-01-18,-1.0468984040282703,0.0021723579074683706,-0.9722969995341787,-1.323257848097344,0.0014099535203636944,-1.2698375939204343,-0.38688775442669926,0.0005450554408010085,-0.3653871830486026,-2.216558205920727,0.0009250594589149399,-2.1707145402845263,-0.8881519230880127,0.0011189391344725754,-0.841433016085085,-1.3955296333110854,0.0016576396223052742,-1.3321206155798204,-0.517305925293665,0.004566268852345486,-0.44796934915199327,0.24581143530250216,0.0008346833370401336,0.2901119185591565,-1.3612067459505648,0.0007165102442817154,-1.2972781965657405,0.7953768977253282,0.0005654166138687484,0.8285910078558753,0
2022-01-19,-1.1565417450382152,0.0021421534089585757,-1.0819403405441235,-0.3830919445169966,0.001399677504182814,-0.3296716903400869,-0.2794021745079474,0.0005402938692507997,-0.25790160312985067,-0.846713120223035,0.0009037130215438738,-0.8008694545868342,-0.8620747143724035,0.0010976821250656208,-0.8153558073694758,0.059577983824092434,0.00165840714850326,0.12298700155535745,-0.9020925292090504,0.0045162764489979365,-0.8327559530673787,-0.3302432767763397,0.0008273787792962899,-0.2859427935196853,0.6742484030786888,0.0007285506898938714,0.7381769524635132,-0.013016755393601465,0.0005652147556815854,0.020197354736945554,0
2022-01-20,-0.6070773172066494,0.002125912267116557,-0.5324759127125578,-0.7343330381686229,0.0013804475557131547,-0.6809127839917133,-0.6832227965172041,0.0005292085499448755,-0.6617222251391074,-0.4873291252542255,0.0008914488850691719,-0.44148545961802477,0.4393420504465659,0.0011080428395982577,0.48606095744949357,-0.37556331636961193,0.0016488339507233674,-0.31215429863834687,-0.054007205630885555,0.004511213285712997,0.015329370510786184,-0.13635026971192873,0.000824303875115768,-0.09204978645527438,-1.4639423269567873,0.0007030301544392502,-1.4000137775719632,0.07448992508918217,0.0005673255758864705,0.10770403521972918,0
2022-01-21,-0.7314893493765801,0.0021065735382228192,-0.6568879448824885,-1.1811922972015405,0.0013498569360069592,-1.1277720430246307,-0.21207705740689536,0.0005255349166887818,-0.19057648602879865,-0.9504511812495718,0.0008675992989684213,-0.9046075156133709,-1.3606890205525566,0.0010747783209210037,-1.313970113549629,-1.0742093185025146,0.0016227077155694708,-1.0108003007712496,-1.3633781606100963,0.004437086947517171,-1.2940415844684245,-2.396496226927729,0.0007722184914636553,-2.3521957436710745,-0.6042872395441304,0.0006926450338597245,-0.540358690159306,-0.7720680428362608,0.0005470917064871744,-0.7388539327057139,0
2022-01-24,-0.3249286533615704,0.0020975319913388727,-0.25032724886747887,0.12313569897407117,0.0013526086844728078,0.17655595315098083,-0.9766227913253684,0.0005099058564728274,-0.9551222199472718,-0.09222594086075088,0.0008653120289804437,-0.04638227522455009,-0.9013985537558897,0.001052710078604003,-0.854679646752962,-0.0005374373688132419,0.001622092956938055,0.06287158036245177,-0.4318560773165045,0.004412231932186805,-0.3625195011748327,-1.2306876306705867,0.0007455196987691241,-1.1863871474139323,-0.05863169300686065,0.0006918393911795871,0.005296856377963742,0.38958059568315895,0.0005575244729408586,0.42279470581370604,0
2022-01-25,-0.6604568993604826,0.0020800681182492216,-0.585855494866391,-1.557773881414507,0.001312542219846507,-1.5043536272375975,2.3483274688439404,0.0005462845539214189,2.3698280402220373,0.5184867255852954,0.000878310575750363,0.5643303912214962,-1.6825109282986632,0.0010118287985467764,-1.6357920212957353,-1.5186488644883218,0.0015855504306032072,-1.4552398467570566,-0.37639287913736713,0.00439035970838541,-0.30705630299569536,0.00020194288119540062,0.000745516676121155,0.04450242613784977,-1.6756953311843938,0.0006627633225576085,-1.6117667817995696,1.4136883902109425,0.0005948846411244574,1.4469025003414897,1
2022-01-26,-0.10358103463742797,0.002076648697978885,-0.02897963014333644,0.8673309085180729,0.0013342645082704608,0.9207511626949827,0.3493097672882937,0.0005513659248352227,0.3708103386663904,0.4452765839901304,0.000889446159700148,0.49112024962633116,0.8871334964412091,0.0010330507717403023,0.9338524034441368,1.4960835059777995,0.0016203602510366983,1.5594925237090644,0.4402209438720584,0.004411457629309506,0.5095575200137302,1.1029111454483764,0.0007693366070713274,1.147211628705031,-0.8201992798048077,0.0006487005058988642,-0.7562707304199833,-0.5324017371344819,0.000580993483214745,-0.4991876270039348,0
2022-01-27,-0.2260694541702761,0.0020701628628975763,-0.15146804967618457,-0.14314382070690507,0.001330261387732234,-0.08972356652999543,1.0662620016063336,0.000567610806406055,1.0877625729844302,-0.9593565785426751,0.0008655001795110536,-0.9135129129064742,0.8664796924481316,0.0010537202399374236,0.9131985994510593,0.5139362515185805,0.0016318955676428376,0.5773452692498455,-2.9136778915883506,0.004256479317618273,-2.8443413154466786,0.037142468956557685,0.0007700998536113192,0.08144295221321206,-0.014809939464606216,0.0006487189553369354,0.04911860992021817,0.597162861407353,0.0005967914416422151,0.6303769715379001,1
2022-01-28,3.5161915505219534,0.002157527456977557,3.5907929550160453,1.6599540970698905,0.0013720139298309079,1.7133743512468,0.5615064870868497,0.0005759552341321627,0.5830070584649464,0.4173362585248223,0.0008759272015037722,0.46317992416102305,4.845122287576839,0.0011700808434390389,4.891841194579767,1.4735580765220517,0.0016660247072047153,1.536967094253317,0.4428461513571214,0.00427783314142376,0.5121827274987931,6.302501970063362,0.0009058687408158247,6.346802453320017,0.8523402965974056,0.0006638398016111115,0.91626884598223,0.07160514366372943,0.0005987695426135252,0.10481925379427644,1
2022-01-31,1.2698350950700283,0.002188414183426157,1.3444364995641198,0.6912446663126051,0.0013891139784477872,0.7446649204895147,0.21972842103669762,0.0005789638747915259,0.2412289924147943,0.6568934887791797,0.0008922901216293296,0.7027371544153805,0.4957632661086151,0.001181610805375094,0.5424821731115428,0.41952407622451265,0.0016752484990728298,0.48293309395577766,2.559217148588054,0.004409918554694231,2.6285537247297257,-0.5249307591885337,0.0008943579832291467,-0.4806302759318794,1.169791541879153,0.0006844433398791004,1.233720091263977,0.4113515295742954,0.0006096385479482425,0.4445656397048424,1
2022-02-01,-0.12464082384103563,0.002184346229537305,-0.0500394193469441,0.8263591791050664,0.0014095890985236384,0.8797794332819762,-0.6997741979465635,0.0005676858964532297,-0.6782736265684668,0.8425764010067778,0.0009132267721450218,0.8884200666429787,0.7415308651509929,0.001199010166752637,0.7882497721539204,-0.4541119747219971,0.0016639051326814665,-0.3907029569907321,-0.21309072621768588,0.004396727505540959,-0.14375415007601414,1.594560524978946,0.0009284306504475814,1.6388610082356005,0.5189879749646797,0.0006936885076966032,0.5829165243495041,3.1220988739046516,0.0006913670987752466,3.1553129840351986,1
2022-02-02,0.28789236338128943,0.002190592730166159,0.36249376787538096,3.7731161202551915,0.0015044837334510926,3.8265363744321013,0.8951752153605572,0.000581172903299958,0.9166757867386538,-0.46029103674888094,0.0009017635499096923,-0.4144473711126802,0.5946861177613457,0.0012128446646877458,0.6414050247642734,0.7696922883666606,0.0016813315048300956,0.8331013060979257,-0.7458037075320354,0.004355755887154771,-0.6764671313903636,0.744274751049073,0.0009441641974043777,0.7885752343057274,-0.09547728878697086,0.0006922495374399168,-0.031548739402146475,-0.1610778864951485,0.0006871390424146541,-0.1278637763646015,0
2022-02-03,-0.9350113031239518,0.002166317477757468,-0.8604098986298602,-1.7407213897310185,0.0014599647194197792,-1.6873011355541088,-0.026326573680287492,0.0005803521032045874,-0.004826002302190779,-0.47401306767772383,0.0008899895212598303,-0.42816940204152304,-0.9494861823494471,0.001189674550591717,-0.9027672753465195,-2.1953163840825356,0.001629170420824566,-2.1319073663512706,-0.4640154326673681,0.0043295835496553695,-0.3946788565256964,-1.0312056247738348,0.0009217952825667715,-0.9869051415171805,0.009701679414106554,0.000692636671424831,0.07363022879893094,-0.6070475823646473,0.0006712894320741358,-0.5738334722341003,1
2022-02-04,-0.16102864852486648,0.0021613869569719803,-0.08642724403077494,0.018744901470609695,0.0014599120930292896,0.07216515564751935,-0.5635754020688337,0.0005712226062782927,-0.542074830690737,1.2980857056431878,0.0009221284446426312,1.3439293712793885,-1.1285364127783724,0.0011622826937161543,-1.0818175057754447,0.7886885885432864,0.0016470416186430863,0.8520976062745514,0.8196262119909843,0.004370329095981725,0.8889627881326561,-0.8589461348471958,0.0009031718224207707,-0.8146456515905415,-0.9362203932365205,0.0006766540686404406,-0.8722918438516961,1.03532620821684,0.0006982642442963944,1.068540318347387,0
2022-02-07,-0.29251505074426093,0.002153197492195392,-0.21791364625016937,-1.5058027702042052,0.0014214783483140682,-1.4523825160272954,-0.29673469763787697,0.0005662390112468328,-0.2752341262597803,0.12722011145913495,0.0009252278607631624,0.17306377709533574,-0.8982849366854425,0.0011404593262151635,-0.8515660296825148,-0.956103904920966,0.0016240486600565263,-0.8926948871897009,-0.49539506147727874,0.0043425729941669764,-0.426058485335607,-0.3667818510914497,0.000895119864044842,-0.3224813678347953,-0.7924164051675244,0.0006631976696914077,-0.7284878557827,0.5592325507809618,0.0007127836349054554,0.5924466609115088,1
2022-02-08,0.8757099050496554,0.0021740589135992076,0.9503113095437469,0.018921828124418744,0.001421479520347659,0.0723420823013284,0.19651266095924624,0.0005688787821479152,0.21801323233734296,0.928243465104224,0.0009481044868717571,0.9740871307404249,-0.29761430457805627,0.001133017284750585,-0.2508953975751286,0.5931116981445764,0.0016373111459351128,0.6565207158758415,0.32841196334346956,0.004357681200726114,0.39774853948514133,0.16131164451947216,0.0008983661336019807,0.20561212777612653,-0.04780712378978913,0.0006626278511580343,0.016121425595035255,-1.305546407857745,0.0006788127007182576,-1.272332297727198,1
2022-02-09,0.3521884298310365,0.0021818743563267093,0.426789834325128,0.7466828336787911,0.0014397556392551146,0.8001030878557007,-0.031156431128235195,0.0005680034487632587,-0.009655859750138484,0.16995985748026723,0.0009522171272277764,0.21580352311646803,0.9558553329820619,0.0011554503166231256,1.0025742399849895,1.1316255190097793,0.0016631057896696884,1.1950345367410444,0.1976621327631064,0.004365967585434219,0.26699870890477817,0.7254173718333732,0.0009136354153890025,0.7697178550900275,-0.22499724708248525,0.0006590050428070172,-0.16106869769766088,-0.26881491274181857,0.0006718318842590731,-0.2356008026112716,0
2022-02-10,-1.2889960268051774,0.0021489910963457762,-1.214394622311086,-1.120957419217602,0.0014111462731291149,-1.0675371650406922,-1.0219038466111598,0.0005518824876019525,-1.0004032752330632,-0.26075138848627183,0.0009457079226425872,-0.214907722850071,-1.0280786557985793,0.0011306315924133627,-0.9813597487956516,-1.6162967247404674,0.0016247946027029784,-1.5528877070092022,-0.7943881647215553,0.004322831439257047,-0.7250515885798836,-1.3185838174241122,0.0008853266859075798,-1.2742833341674578,-0.9302392935781907,0.0006432498535020163,-0.8663107441933663,-0.5066658118157744,0.0006587044802929146,-0.4734517016852274,0
2022-02-11,-1.1150513916481044,0.0021204975537708268,-1.040449987154013,-1.6448224355632963,0.0013694884351731107,-1.5914021813863866,-0.8579823441266583,0.000538322179819561,-0.8364817727485616,-0.7197439827304732,0.0009279215913892095,-0.6739003170942724,-0.7083874910354168,0.0011134713402076342,-0.6616685840324891,-1.3919679236819387,0.0015918023222665503,-1.3285589059506735,-1.2817704520337658,0.00425458448239651,-1.212433875892094,-0.28318337407716826,0.0008791169433977012,-0.23888289082051392,-0.4722488807079232,0.0006354096374521066,-0.4083203313230988,1.2059635069531034,0.0006899402934453054,1.2391776170836504,0
2022-02-14,-0.0013678139142019824,0.002119610285114646,0.07323359057988955,0.41754378154142635,0.0013795274148820905,0.470964035718336,-1.0642181191863385,0.0005216304307363013,-1.0427175478082418,-0.526838278812872,0.0009149210071328641,-0.48099461317667125,0.589864584699323,0.0011271594525279955,0.6365834917022507,-0.0708197764489463,0.0015896048610068807,-0.007410758717681287,0.38179422092043835,0.004272486619660809,0.4511307970621101,0.12892944038687057,0.0008816790375906292,0.17322992364352494,-0.8194222885754053,0.000621627555871447,-0.7554937391905809,-0.7879198549846046,0.0006695525240888251,-0.7547057448540575,1
2022-02-15,1.116840727148084,0.0021463357860232665,1.1914421316421755,0.35281253202009194,0.0013879236650701562,0.4062327861970016,0.8342940891656606,0.0005340883180342936,0.8557946605437573,0.711265560633117,0.0009323401216179369,0.7571092262693178,1.010882581682873,0.0011507899276361362,1.0576014886858007,0.9514381576872286,0.0016111457794857449,1.0148471754184936,1.2425451913477483,0.0043347715976317204,1.31188176748942,0.6147144998535466,0.0008945428336193746,0.659014983110201,0.16838074815093915,0.0006248219349470985,0.23230929753576354,-0.6501123216395607,0.0006527745174111292,-0.6168982115090137,1
2022-02-16,-0.14607145813098665,0.0021418495291430618,-0.07147005363689511,0.3670966598462496,0.0013966550205625936,0.42051691402315927,-0.07102619928552677,0.0005326521977662631,-0.04952562790743005,0.04784761813969053,0.0009334534867197,0.09369128377589132,0.1486134169264548,0.001153952582301415,0.19533232392938252,-0.12729626456235904,0.001607619850720171,-0.06388724683109401,-0.04371590397416471,0.004330591371290741,0.025620672167507026,0.21854844958091801,0.0008989781241468631,0.2628489328375724,-0.5270948384394007,0.0006160955045484549,-0.4631662890545763,0.19395856428958436,0.0006578038843548828,0.22717267442013137,0
2022-02-17,-1.1691328578760134,0.0021121775113836314,-1.094531453381922,-1.9731358392270446,0.0013470450944211032,-1.9197155850501348,-0.5270431238868898,0.0005242459740191314,-0.5055425525087931,-1.2382881930714824,0.000903078539202812,-1.1924445274352815,-1.3391166083627064,0.0011219408432712177,-1.2923977013597787,-1.6660618499197521,0.0015684693501377554,-1.602652832188487,-1.3234150062975245,0.004260536503891563,-1.2540784301558527,-1.1460461796166388,0.0008745192841599249,-1.1017456963599845,2.904447065224735,0.0006660950878242176,2.9683756146095592,-0.10856825599273408,0.0006550295842075323,-0.07535414586218707,0
2022-02-18,-0.5560516584987186,0.002097661168100788,-0.4814502540046271,-0.8730728791849488,0.0013249398918500023,-0.819652625008039,-0.9098693974589966,0.000510013983609765,-0.8883688260809,0.19691127832130467,0.0009078706874790534,0.24275494395750546,-0.5847829026414264,0.001107818219444129,-0.5380639956384987,-0.5905338448567632,0.0015542926599780562,-0.5271248271254981,-0.6134565451870224,0.00422716489401737,-0.5441199690453506,-0.5561646662788031,0.000862591940286898,-0.5118641830221488,-0.5386977902952195,0.0006571402630059447,-0.4747692409103951,-0.580556590575332,0.0006401226636718556,-0.547342480444785,0
2022-02-22,-0.991235305337849,0.0020724904255753564,-0.9166339008437575,-0.28333565102430336,0.0013175498136464108,-0.22991539684739373,-1.147797216065751,0.0004921886119614568,-1.1262966446876543,-0.137716544515677,0.0009044795123339272,-0.09187287887947622,-0.2873186678849884,0.0011007448680430431,-0.2405997608820607,-0.10331867797499623,0.0015514058288311643,-0.039909660243731215,-1.0876672326336114,0.004169524682729701,-1.0183306564919397,-0.41268547485480006,0.0008537239432086448,-0.3683849915981457,-0.8907647620504576,0.0006422004468338864,-0.8268362126656332,-0.6057736777264169,0.0006246056653895855,-0.5725595675958699,0
2022-02-23,-1.4055772593997886,0.0020372170101941134,-1.3309758549056971,-0.9253474580028498,0.0012942399133581018,-0.87192720382594,0.01963876182684228,0.0004921939113422461,0.04113933320493899,-1.1299207326609542,0.0008768990658975165,-1.0840770670247533,-1.0745810536247076,0.0010751508688317053,-1.0278621466217799,-1.4805833067302965,0.001516753497915472,-1.4171742889990315,-1.7920441846308264,0.004075902585914046,-1.7227076084891546,-1.4972147075231936,0.0008220102424030884,-1.4529142242665394,-0.8240920870282152,0.0006284346163790569,-0.7601635376433908,0.16632171806058288,0.0006289361674643827,0.1995358281911299,1
2022-02-24,0.7837694004466464,0.0020556823158722924,0.858370804940738,1.9807417648699988,0.001343043936384366,2.0341620190469083,-1.6048138702714982,0.00046748218941449783,-1.5833132988934016,-1.487348449848044,0.0008406822391318421,-1.4415047842118434,1.1630235177430577,0.0011022462431400854,1.2097424247459854,2.7330219152378983,0.0015792716976837965,2.7964309329691632,1.114108434771093,0.004131384997536636,1.1834450109127648,0.3300390799287307,0.0008288569312758476,0.3743395631853851,-0.3492107358328458,0.0006227863917155337,-0.28528218644802145,-0.6550657926941489,0.0006122094028384329,-0.6218516825636018,1
2022-02-25,0.5926180084398132,0.00206942285980168,0.6672194129339046,0.6244386097886313,0.0013581384736035527,0.677858863965541,4.097773553331368,0.000529491675456926,4.119274124709465,1.1790758125952212,0.0008694214835809586,1.224919478231422,-0.08881727781372738,0.0010998691853718178,-0.04209837081079966,0.44193662814205203,0.0015889113903883088,0.5053456458733171,0.21041669256952783,0.004140494123893428,0.2797532687111996,0.49856305171200477,0.0008392308753880814,0.5428635349686591,0.9549112154441833,0.0006393217109107163,1.0188397648290077,1.2913021685926789,0.0006453335872850912,1.3245162787232259,0
2022-02-28,0.009668346223531566,0.0020688796404345236,0.0842697507176231,0.17259253411976688,0.0013620199077447833,0.22601278829667654,-0.735440920608879,0.0005179899517233465,-0.7139403492307823,-2.204635713266279,0.0008158780138334324,-2.158792047630078,-1.24813021991818,0.0010703015425421478,-1.2014113129152524,0.20904774518009717,0.0015931744790813724,0.27245676291136217,1.7714926727634164,0.004229345664031408,1.8408292489050881,-0.9045257238830469,0.0008201052033912157,-0.8602252406263925,-0.7266989177434747,0.0006272649928629532,-0.6627703683586503,0.33351307294098614,0.0006538948281871715,0.3667271830715332,0
2022-03-01,-0.6729741968326713,0.002051672732394794,-0.5983727923385799,-0.4283102849428315,0.0013510486353084919,-0.37489003076592187,-0.30858603625619957,0.0005129874983408434,-0.2870854648781029,-1.9991811254884728,0.0007674545144545522,-1.953337459852272,-2.47491207722523,0.0010120650127212957,-2.428193170222302,-0.7668143981551343,0.0015750273453912459,-0.7034053804238694,-0.2407266667251423,0.004215286004471621,-0.17139009058347057,-2.025360752273121,0.0007775127157145425,-1.9810602690164667,0.39104343177630047,0.000634191798431996,0.4549719811611248,0.4374713064759988,0.0006650882326122752,0.47068541660654584,1
2022-03-02,0.9848690990011724,0.0020749304254501335,1.0594705034952638,0.14005666508081763,0.0013541265619576445,0.19347691925772728,1.009436566328637,0.0005279514419980188,1.0309371377067338,1.0279207878960954,0.0007925142242477599,1.0737644535322963,-0.10740355152034284,0.0010093751281908272,-0.06068464451741512,0.9089251308217584,0.0015953416783649418,0.9723341485530234,0.37267673013035224,0.004232525667094011,0.44201330627202395,-0.1847181659563213,0.0007735949309681332,-0.14041768269966695,0.028694640134805067,0.0006349646884548904,0.09262318951962946,0.8122097948169559,0.0006858072515909631,0.8454239049475029,0
2022-03-03,-0.1765430611182577,0.0020698478422118915,-0.10194165662416618,-0.30738649673720436,0.001346172141065282,-0.2539662425602947,1.1963963681653027,0.0005457047620812071,1.2178969395433992,-0.41383998678732564,0.000782613898323865,-0.3679963211511249,-0.5298049575744098,0.0009968200348287606,-0.4830860505714822,-0.8419207781039494,0.0015755176722595447,-0.7785117603726843,-1.2052366970433033,0.004169399564142443,-1.1359001209016315,-0.4033310408848896,0.0007651120104962567,-0.35903055762823527,1.6391717797699634,0.0006629755895167082,1.7031003291547877,0.27846173120733914,0.0006928838506768263,0.3116758413378862,0
2022-03-04,-1.0219053393980853,0.002044218009462577,-0.9473039349039938,-0.8104361771589949,0.0013258584113559771,-0.7570159229820851,0.47040969380372943,0.0005524502775828674,0.4919102651818261,-1.5021593952461059,0.0007464289974868682,-1.4563157296099052,-1.6553254041330274,0.0009580247329621022,-1.6086064971300997,-1.1842355499563113,0.0015479154471589602,-1.1208265322250461,-0.09866872956001357,0.004162690028234148,-0.02933215341834184,-2.049654875176204,0.0007222405004815489,-2.0053543919195493,1.813648726454649,0.0006938638218101738,1.8775772758394733,1.8190340243491863,0.0007391202685344886,1.8522481344797335,0
2022-03-07,-1.295122279657697,0.002012015675373648,-1.2205208751636056,-2.1848506659880695,0.0012718156785400197,-2.1314304118111598,1.3135132858093699,0.0005718950014903379,1.3350138571874666,-2.0450887315679984,0.0006972260299975512,-1.9992450659317977,-2.938730306346871,0.0008894069278930651,-2.892011399343943,-2.13097015741709,0.0014987599518358546,-2.067561139685825,-1.059272570947208,0.004107220659396352,-0.9899359948055363,-2.9114236953065813,0.0006614868492536004,-2.8671232120499264,-0.6604873676029412,0.0006829313968671573,-0.5965588182181168,1.740150794161893,0.0007832375624667404,1.77336490429244,0
2022-03-08,-0.675438701317454,0.0019949273781572725,-0.6008372968233624,0.23874913764503056,0.0012773997466011854,0.2921693918219402,-1.7010720748758552,0.0005458805887196848,-1.6795715034977585,-0.4104760279115714,0.0006875628637786253,-0.3646323622753706,0.1948752291966909,0.000893921710641721,0.24159413619961861,-0.6638940377829274,0.001483191609214012,-0.6004850200516625,0.5370878191839916,0.004132847028240092,0.6064243953256634,0.27285085869494685,0.0006672732536267841,0.3171513419516012,-1.5961811603414797,0.000656259023170771,-1.5322526109566554,0.33961505668018516,0.0007917172985354368,0.3728291668107322,1
2022-03-09,1.7263636426223126,0.0020360771848014587,1.8009650471164043,2.4736500935442782,0.0013377613763695775,2.527070347721188,0.29283645834944766,0.0005499290909114801,0.31433702972754435,2.028288037313044,0.0007366586708200661,2.074131702949245,2.3072939013235474,0.000947548375769345,2.3540128083264755,2.4464648866970187,0.0015385217849802635,2.509873904428284,0.962960360544941,0.0041799801057346275,1.0322969366866128,2.4701180061387924,0.0007187985310023657,2.514418489395447,0.32054532925541823,0.000661911382632987,0.38447387864024263,-2.8309163453784203,0.000719849273191319,-2.7977022352478733,0
2022-03-10,-1.4736055731197344,0.001999686045185446,-1.3990041686256427,-0.43098530715569466,0.0013268504538362796,-0.377565052978785,0.1253116312974636,0.0005514502636266488,0.1468122026755603,-0.6588609497918194,0.0007209958452086428,-0.6130172841556187,-0.6251617651387771,0.0009329337443524034,-0.5784428581358495,-0.6154624964188117,0.0015240446867081652,-0.5520534786875467,-0.6617244373372784,0.004144807334332531,-0.5923878611956066,-0.580875935910518,0.0007067442885109686,-0.5365754526538637,1.6201058443326102,0.000689393834860946,1.6840343937174345,1.494550945874191,0.0007576111277430245,1.5277650560047382,0
2022-03-11,-1.304949913879951,0.0019674617792384895,-1.2303485093858595,-1.0362143839668796,0.001301165609794728,-0.9827941297899699,-0.17291103077052267,0.0005484921001369301,-0.15141045939242595,-1.2119525443553871,0.0006920845318276908,-1.1661088787191862,-0.01369639798916959,0.0009325393891400196,0.033022509013758125,-1.1212799846172448,0.0014981088141128088,-1.0578709668859798,-1.330600512080292,0.004075927491999962,-1.2612639359386202,-0.4254099639060406,0.0006979492191400409,-0.38110948064938627,-0.3548116769414464,0.0006836530384682198,-0.290883127556622,-0.286910271532693,0.0007502573257036214,-0.253696161402146,0
2022-03-14,-1.441530000643801,0.0019320205812669439,-1.3669285961497095,-1.5883549092651232,0.0012620585863918083,-1.5349346550882135,1.1236546205562081,0.0005649752174610964,1.1451551919343048,0.46829606385290895,0.0007035611277945805,0.5141397294891097,0.5806279709360032,0.0009459151962554745,0.6273468779389308,-0.7727823153669611,0.0014801472081831866,-0.709373297635696,-0.9663170817966201,0.004025601119502214,-0.8969805056549484,1.0576503969198834,0.0007199424166012944,1.1019508801765376,0.9686226050372473,0.0007001166991079807,1.0325511544220716,-1.7950393571531431,0.0007048551657734355,-1.7618252470225961,1
2022-03-15,1.4526040940707747,0.001966443964402464,1.5272054985648662,1.257732857757233,0.0012924778443559033,1.3111531119341429,2.1265861657619856,0.0005964314984106029,2.148086737140082,0.8729168770632928,0.0007247057192714986,0.9187605426994937,0.9992558699597075,0.0009689444632054135,1.045974776962635,2.05703978569854,0.001526378778815203,2.120448803429805,1.0716409161610188,0.004078110740379077,1.1409774923026905,1.692372136032415,0.0007550321466815447,1.7366726192890694,0.8258369777377222,0.0007141483722210034,0.8897655271225466,-2.8341698646524396,0.0006333695548964931,-2.8009557545218926,1
2022-03-16,1.4185592050326201,0.001999962241402322,1.4931606095267118,1.553666489742458,0.0013300319578619965,1.6070867439193677,-0.7837314443496036,0.0005842958330801594,-0.7622308729715069,2.267660274884706,0.000779180604283175,2.313503940520907,1.50263522078893,0.00100354994123495,1.5493541277918577,1.3165480767884385,0.0015557305320185568,1.3799570945197035,1.1076730791818836,0.004132303961797788,1.1770096553235554,1.620178620958418,0.0007885409546018369,1.6644791042150724,-0.28245521670964796,0.0007096084457441746,-0.2185266673248236,-0.21803303840221475,0.0006279312642441513,-0.18481892827166774,1
2022-03-17,0.2575131419033766,0.0020054743952497137,0.3321145463974682,0.15970629793149257,0.001333572151694947,0.21312655210840223,1.0612476192333926,0.0005997415076709965,1.0827481906114893,0.6088007333603008,0.0007938655651463489,0.6546443989965016,0.22707408974219043,0.001008627551407127,0.27379299674511814,0.0908985572637886,0.0015572944286604627,0.15430757499505363,0.8497555063709225,0.004173396420346333,0.9190920825125942,0.40225154719969086,0.0007967944630011963,0.44655203045634523,0.048644330403547195,0.0007106107334058852,0.11257287978837159,1.2782413893249271,0.0006601336144355471,1.3114554994554741,1
2022-03-18,1.0018972824218417,0.0020288532310537718,1.0764986869159332,0.8154587502749486,0.0013530411073961566,0.8688790044518584,-0.9402959566926912,0.0005852966452094285,-0.9187953853145945,-0.06431829537361909,0.00079244318207561,-0.018474629737418296,0.5181989434209289,0.0010204039800103591,0.5649178504238566,0.9024853400098051,0.0015771839152574818,0.9658943577410701,0.8850269643634489,0.004216158346002894,0.9543635405051206,1.543538675384497,0.0008285867571827904,1.5878391586411513,0.1557622435604801,0.0007133977227662839,0.21969079294530447,-0.22637793199475734,0.000654466093678975,-0.19316382186421033,1
2022-03-21,0.3647689405177699,0.0020368892395080155,0.43937034501186145,-0.06239268238990811,0.0013511528881452362,-0.008972428212998457,0.44776927779040493,0.0005915644187324809,0.4692698491685016,-0.21213364589817557,0.0007874995055978481,-0.16628998026197478,-0.7374595304462009,0.001003240071390347,-0.6907406234432732,-0.2947813990050071,0.0015700177465360486,-0.23137238127374204,0.3594489659683005,0.004232456871364312,0.4287855421099723,-0.6100252378499528,0.0008159001701811199,-0.5657247545932985,-0.6803092177355639,0.0007022458461516826,-0.6163806683507395,2.1751072926953174,0.000709054191349612,2.208321402825865,1
2022-03-22,0.9957906988406114,0.0020600253649696765,1.070392103334703,1.3540843993780243,0.0013836107156382082,1.407504653554934,-0.41269934427141824,0.0005850147827196043,-0.39119877289332156,1.0552231754885841,0.0008127521523562712,1.101066841124785,0.5661493623651235,0.001016096787741636,0.6128682693680512,0.8330523407059753,0.0015882782380488036,0.8964613584372403,1.876731437655939,0.004324713321315516,1.9460680137976107,0.3502374139098695,0.0008230183509126495,0.3945378971665239,-0.28481364557294936,0.0006977037362538352,-0.220885096188125,-0.24875180124825483,0.00070277976602653,-0.21553769111770782,0
2022-03-23,0.3491170558959797,0.002067628617480637,0.4237184603900712,-0.6324981034564338,0.001367884757187391,-0.5790778492795241,-0.33408282437214987,0.000579649485852586,-0.3125822529940532,-1.076792819883693,0.0007872277600041116,-1.0309491542474922,-1.1742328779720332,0.0009889486190933728,-1.1275139709691056,-0.8860175221236473,0.0015678124910525949,-0.8226085043923823,0.057717339953171035,0.004325743398577247,0.12705391609484276,-1.0831024270589362,0.0008006403824478719,-1.0388019438022817,-1.017063614613496,0.0006810009261557993,-0.9531350652286716,0.7425385705062469,0.0007213262177457969,0.775752680636794,1
2022-03-24,1.092407309431822,0.002092979356654262,1.1670087139259135,1.159073387001424,0.0013955258969305482,1.2124936411783338,0.4063467867227486,0.0005852863141660535,0.4278473581008453,0.2911998491487824,0.000794266943885965,0.3370435147849832,1.076803797076518,0.0010135056057142362,1.1235227040794458,0.7790605689548781,0.0015848173844728037,0.8424695866861431,0.2955707801939469,0.00433865531127289,0.36490735633561866,0.6892878359717733,0.0008147242860568228,0.7335883192284277,0.39537197038481997,0.0006877886579146282,0.45930051976964437,0.11479858842965601,0.0007241381980146756,0.14801269856020302,1
2022-03-25,0.11754551697892555,0.002094995199881345,0.1921469214730171,-0.01714711639074315,0.0013946876647109678,0.036273137786166504,0.7730433530246286,0.0005963448549900852,0.7945439244027253,0.40678923216517626,0.000804031632691926,0.452632897801377,-0.09736644028000062,0.0010111000949996427,-0.050647533277072894,-0.138989759197947,0.0015811739499327659,-0.07558074146668199,-0.1489724419892463,0.004329351142610002,-0.07963586584757458,0.26432410800669026,0.0008200550926340806,0.3086245912633446,0.2576649779305048,0.000692276290146376,0.3215935273153292,1.0410283032606755,0.0007500637084427636,1.0742424133912225,1
2022-03-28,0.18459594689698455,0.0020986048088204737,0.2591973513910761,-0.1314853803661021,0.001391093051930099,-0.07806512618919247,0.40477407700472207,0.0006019240817269702,0.42627464838281875,-0.4288725547110799,0.0007939674173492025,-0.3830288890748791,0.1791105207794453,0.0010150272543563354,0.22582942778237303,1.201787762297431,0.0016075976063798765,1.2651967800286958,1.908552929256651,0.004422621973553036,1.9778895053983228,0.5971756462855262,0.0008321931714812474,0.6414761295421805,1.2530750874303227,0.0007132382927745736,1.317003636815147,-1.4137723761936238,0.0007147243326800761,-1.3805582660630769,1
2022-03-29,0.9100590735522551,0.002119481905617636,0.9846604780463467,0.324083432761085,0.00139848448548736,0.37750368693799463,-0.06344563611377724,0.0006005661997035928,-0.04194506473568053,0.068060840158889,0.000795690613564103,0.11390450579508979,2.563181845067621,0.0010734338822125232,2.609900752070549,0.7662795568022148,0.0016242050462352091,0.8296885745334799,0.1049513493081057,0.004425878390369687,0.17428792544977742,1.9492798529240438,0.00087197308046055,1.9935803361806983,0.560233075463164,0.0007226885474423523,0.6241616248479884,-0.2947067703735404,0.0007073370938295933,-0.2614926602429934,0
2022-03-30,-0.4167805370103667,0.002108748927020183,-0.3421791325162752,-0.2557719495426461,0.0013919029223248434,-0.2023516953657364,0.8411311967523444,0.0006125709950890345,0.8626317681304411,-0.28052109893923577,0.0007891685241573526,-0.23467743330303495,-0.8213618649655448,0.0010544368437539688,-0.7746429579626172,-0.3323711814351923,0.0016162020817246828,-0.2689621637039273,-0.1942639913723838,0.0044142497091756595,-0.12492741523071203,-1.1389036302238984,0.0008485315384512405,-1.094603146967244,1.264558318410353,0.0007437517239991192,1.328486867795177,0.8092340597510879,0.0007274231958875001,0.8424481698816348,0
2022-03-31,-0.9893530912613506,0.002084440162765134,-0.9147516867672592,-1.0821497631866825,0.001365474008403341,-1.0287295090097728,-1.1106266755132783,0.000595756902700532,-1.0891261041351816,-1.6004211579084107,0.0007514958564069503,-1.5545774922722098,-0.766097433321982,0.001036746259668811,-0.7193785263190543,-1.0312215357470098,0.0015926090035586272,-0.9678125180157449,-0.4381503428401496,0.004390538140897523,-0.3688137666984778,-0.6271839398822052,0.0008355943392851512,-0.5828834566255509,-0.5335719735647444,0.0007350930658945816,-0.46964342417992,-0.732256825140354,0.0007091698291888689,-0.699042715009807,1
2022-04-01,-0.16301811220483714,0.0020797971970133193,-0.08841670771074561,0.34264186053352835,0.0013733151877427221,0.396062114710438,0.42746588865445556,0.0006016439067662042,0.44896646003255225,-0.42942921186291155,0.0007415318128080122,-0.3835855462267108,0.9419946190529513,0.0010579951383937467,0.9887135260558789,0.1336232609754188,0.0015950600103333706,0.1970322787066838,0.09034684290429516,0.004393097434215441,0.1596834190459669,1.1950531892006573,0.000859845245493681,1.2393536724573118,0.9758519561873774,0.0007513316315103513,1.0397805055722018,0.28261690998995037,0.0007161395391554672,0.31583102012049735,1
2022-04-04,1.1446726373145868,0.0021061552739654976,1.2192740418086785,0.9703057592260674,0.0013961874492198112,1.023726013402977,-0.8214958890647626,0.0005891385911956154,-0.7999953176866659,0.18372306266730035,0.0007460349957419873,0.22956672830350114,0.38640670294412965,0.0010665559047930953,0.43312560994705734,0.9182912314197005,0.001614988814067253,0.9817002491509655,1.3120315539796812,0.004456170989768339,1.381368130121353,0.3207558226650271,0.0008662312939986792,0.3650563059216815,-0.04920972563569937,0.000750657651353588,0.01471882374912502,-0.009523593436313522,0.0007158532311725673,0.023690516694233495,0
2022-04-05,-1.0493759065085306,0.0020805178040100417,-0.9747745020144392,-0.9002411961736336,0.0013742064045688643,-0.8468209419967239,0.5139116053585411,0.0005962897794587595,0.5354121767366378,-0.6483417719795631,0.0007309516283838965,-0.6024981063433623,-0.5713594057058802,0.0010533389270737945,-0.5246404987029525,-0.7741190941928124,0.0015972051391521737,-0.7107100764615474,-1.2339619674795383,0.004393119659032688,-1.1646253913378666,-0.4781516915349638,0.0008563512641172248,-0.4338512082783094,0.14697372249484392,0.0007532106404712115,0.2109022718796683,-0.28769550958967777,0.0007086831286454207,-0.25448139945913073,0
2022-04-06,-1.024083740119827,0.002055540628971565,-0.9494823356257355,-1.5159902118807296,0.0013375502548167218,-1.4625699577038198,2.1343081846160232,0.0006272090270090358,2.1558087559941197,-0.7641401294179005,0.0007131839434622182,-0.7182964637816998,-1.488574780842957,0.0010193437275119851,-1.4418558738400293,-2.0668865483529486,0.0015507296986149882,-2.0034775306216837,-1.0957578023778152,0.004337051515537067,-1.0264212262361434,-1.919454040547622,0.0008172135093686328,-1.8751535572909674,1.6578102323447985,0.0007805659036617845,1.7217387817296228,0.5140685635992857,0.0007213492348488812,0.5472826737298327,1
2022-04-07,0.01824754997104322,0.0020552353280586574,0.09284895446513475,-0.2990717384122544,0.0013300562496786853,-0.24565148423534472,-0.23526238193297164,0.0006233129742995731,-0.21376181055487492,-0.20334419413886723,0.00070862094451599,-0.1575005285026664,-0.5797869721190406,0.001006025256981872,-0.5330680651161129,0.2783200886141668,0.0015564320249528943,0.3417291063454318,0.20137679686070092,0.00434514357457677,0.2707133730023727,-0.8262654518808749,0.0008003532992904742,-0.7819649686242206,0.6769830823634826,0.0007917687202013395,0.740911631748307,0.790482768911125,0.0007408089265243535,0.8236968790416721,0
2022-04-08,-0.6874499716527489,0.0020382882970794935,-0.6128485671586573,-1.0268982761380292,0.00130521323212077,-0.9734780219611194,0.14263621545105545,0.000624960007817802,0.16413678682915214,0.9020062916002627,0.0007299793797305509,0.9478499572364636,0.37051071617909065,0.0010142477533889658,0.4172296231820184,-0.8624818397665294,0.0015368248415977158,-0.7990728220352643,-0.8090768189308211,0.00430340256542629,-0.7397402427891493,0.18564120371350026,0.0008040421957044121,0.22994168697015463,0.34782702960871237,0.0007975526017743212,0.41175557899353676,1.0025716058341059,0.0007654512737623807,1.0357857159646529,0
2022-04-11,-1.3876571540156415,0.002004889373193086,-1.3130557495215498,-1.7567776453834567,0.001263035364720081,-1.703357391206547,-1.0590572931179338,0.0006090277868906855,-1.0375567217398372,-0.23588376913991382,0.0007246452536333659,-0.190040103503713,-0.7925472556958891,0.0009961580566989865,-0.7458283486929614,-2.22155272853113,0.0014871662441063877,-2.158143710799865,-1.2590499501415318,0.004239606821621162,-1.18971337399986,-0.6597299984697315,0.000790609885877309,-0.6154295152130771,-1.5324088761976455,0.0007725605731439364,-1.4684803268128213,-1.7277255450233773,0.0007227892312264329,-1.6945114348928303,0
2022-04-12,0.5183899944602488,0.0020164128070911625,0.5929913989543404,-0.49125128673412505,0.0012510841558596014,-0.4378310325572154,0.006147619974937289,0.0006086943417334115,0.027648191353034,-0.6141691267981833,0.0007104781819419832,-0.5683254611619825,-0.2890664534834835,0.0009894801425078732,-0.24234754648055573,-0.6773926072886105,0.001471784547301503,-0.6139835895573454,0.20863887681257015,0.004248144602183968,0.2779754529542419,-0.978411318348094,0.0007707670644085636,-0.9341108350914397,-0.572906950807072,0.0007633081317608648,-0.5089784014222476,0.9939261844063847,0.0007471810565606578,1.0271402945369317,1
2022-04-13,0.7664027789285972,0.0020337360434615945,0.8410041834226887,0.8145074330749479,0.001270206487534891,0.8679276872518575,0.328627466917042,0.0006130666972748428,0.35012803829513867,-1.7146580384206163,0.0006706425503681971,-1.6688143727844154,1.4015304342797725,0.0010209438348839845,1.4482493412827002,1.0154615508695146,0.0014938405288964618,1.0788705686007796,0.8141425891948011,0.004286403624473846,0.8834791653364729,0.48539771096680845,0.0007805314435793067,0.5296981942234628,1.8652372326818603,0.0007938712308586066,1.9291657820666845,0.662455085025839,0.0007633698150186773,0.6956691951563861,0
2022-04-14,-1.6178063251825368,0.0019950622383955795,-1.543204920688445,-1.2922575654709292,0.0012392544236868328,-1.2388373112940194,-0.3701556700558211,0.000607245529841167,-0.34865509867772443,-0.525740755919594,0.000658637742106451,-0.4798970902833932,0.35791164258558805,0.0010288248069110705,0.4046305495885158,-1.5457548716641614,0.0014593262382039723,-1.4823458539328962,-0.9691607999002488,0.004237081495931688,-0.8998242237585771,-0.17907625554662146,0.000776870484868795,-0.1347757722899671,-0.12988816708405973,0.0007918372166469246,-0.06595961769923533,0.5450581805565353,0.0007766385708576219,0.5782722906870824,1
2022-04-18,-0.14309761370825158,0.0019910500454630616,-0.06849620921416005,0.32642574532842494,0.0012467686614647678,0.3798459995053346,-1.0534322391356088,0.0005914934235843075,-1.0319316677575123,0.9147322607259878,0.0006802241585896078,0.9605759263621886,-0.19956971905321763,0.001024145068216726,-0.1528508120502899,0.07154050983836757,0.001460540160072578,0.13494952756963258,0.41276465046849264,0.004255593741933174,0.4821012266101644,0.06263473581820225,0.0007780875383506487,0.10693521907485662,-0.6299191138750583,0.0007816667496490595,-0.5659905644902339,0.37023874042828686,0.0007855904519396977,0.40345285055883384,1
2022-04-19,0.6517827173666744,0.002005657679693609,0.7263841218607658,0.8757225557335486,0.0012672772152490881,0.9291428099104584,2.5069054115422866,0.0006275369930328152,2.528405982920383,1.026196751369508,0.0007043524945431949,1.072040417005709,1.0157467396603614,0.0010467847250702131,1.0624656466632891,0.8691867651630732,0.001479309978768247,0.9325957828943382,0.5155266743786588,0.004279090729527531,0.5848632505203306,0.6663809662752948,0.000791449253975476,0.7106814495319491,0.777328326569097,0.0007944055822392405,0.8412568759539214,-0.472291548370895,0.0007738950380706224,-0.4390774382403479,0
2022-04-20,-0.12686183657717856,0.002002022056017652,-0.052260432083087026,-0.8236952292957406,0.0012475269439071862,-0.7702749751188308,0.34517182422095116,0.0006321058486337278,0.36667239559904785,0.13578804268436798,0.0007077266362861603,0.18163170832056877,0.1625303753341261,0.0010502212224804536,0.2092492823370538,0.1399438458786451,0.0014820009019906513,0.20335286360991014,-1.2892543241217698,0.004214308386033874,-1.219917747980098,0.5359130558168559,0.0008021569083201343,0.5802135390735103,0.8665810736686929,0.0008085634458790674,0.9305096230535173,0.07895595248330109,0.0007757064526912618,0.11217006261384811,0
2022-04-21,-0.32385589380867236,0.0019937941294874803,-0.2492544893145808,-1.3346363114874418,0.0012157494402152925,-1.281216057310532,-0.2603564904267357,0.0006278821313066144,-0.23885591904863898,-0.44718698391766365,0.0006975586332434321,-0.40134331828146286,-0.17148905123487007,0.0010461620958805398,-0.12477014423194234,-1.1241637086493284,0.001456925076986944,-1.0607546909180632,0.7262210522491896,0.00424808546809688,0.7955576283908614,-0.4127250044431104,0.0007937977607273037,-0.368424521186456,0.047446728350827104,0.0008093984563955057,0.11137527773565149,-0.5535638117441194,0.0007620662140855771,-0.5203497016135723,0
2022-04-22,-1.5063058279339554,0.0019580015166758206,-1.431704423439864,-2.163752040470621,0.0011644778499507841,-2.1103317862937114,-0.8441531943043561,0.0006152122882979124,-0.8226526229262594,-1.5328695142832287,0.000662240680613093,-1.4870258486470278,-1.9976250653895138,0.0010012272802707646,-1.9509061583865859,-1.384865788098646,0.0014261912147384844,-1.3214567703673807,-0.16036141854533006,0.004238546858084285,-0.09102484240365832,-2.3349521983365604,0.0007469220584828738,-2.2906517150799055,-1.4588327353711599,0.000785824419639758,-1.3949041859863356,-1.1076705185476767,0.0007349426629932178,-1.0744564084171295,1
2022-04-25,0.27210055876554173,0.0019637320317187046,0.34670196325963326,1.408352797337949,0.0011975437996135626,1.4617730515148588,2.0191863383923154,0.000643998430867025,2.0406869097704123,-0.062188833246637626,0.0006610680764190034,-0.01634516761043683,0.47546404155344646,0.0010117039253985582,0.5221829485563741,1.2727783987240053,0.001453753966661013,1.3361874164552705,-0.2415267835431231,0.004225077802633472,-0.17219020740145136,0.4677315292926075,0.0007562793283317076,0.5120320125492618,-0.026140262815616128,0.0007854937535316939,0.03778828656920826,-1.692400014346398,0.0006936382290107256,-1.659185904215851,0
2022-04-26,-1.9955195868526023,0.0019166760058677748,-1.9209181823585106,-1.8816031911956232,0.0011530606865184198,-1.8281829370187135,-0.6140999494872036,0.0006346639622318143,-0.5925993781091069,-1.577323383064146,0.0006248501097511435,-1.531479717427945,-1.6329321073697418,0.0009750635739055112,-1.5862132003668141,-2.1105807460645205,0.0014072178000253935,-2.0471717283332556,-3.0687544987264417,0.0040741002018884155,-2.99941792258477,-2.5684559009030252,0.0007048907884542047,-2.5241554176463703,-0.8381280485620812,0.0007720383260224058,-0.7741994991772568,-0.01526705805968308,0.0006932442499157708,0.017947052070863938,1
2022-04-27,-0.1500805069169627,0.0019126288574477664,-0.07547910242287117,-1.9204049404082755,0.0011077714055146447,-1.8669846862313657,-1.1792928979772865,0.0006171944111280535,-1.1577923265991898,-0.719193323591113,0.0006085453536569988,-0.6733496579549122,2.6739145528243653,0.0010345910199893297,2.7206334598272934,2.569663027480695,0.0014630811161117513,2.63307204521196,0.07363355384984537,0.004076173860104427,0.1429701299915171,3.8296187448327825,0.0007814328767750465,3.8739192280894374,-0.5696312373115011,0.0007629500721187695,-0.5057026879266768,1.3722505927659352,0.000726574819929078,1.4054647028964822,1
2022-04-28,2.2491114289492344,0.0019642927610062483,2.323712833443326,1.8279677093209088,0.0011506438129598512,1.8813879634978186,0.5974636322435078,0.0006253798418438295,0.6189642036216045,0.7728256173444396,0.0006267105477571332,0.8186692829806403,2.5128342410394433,0.0010903870273381738,2.5595531480423714,1.175315462279656,0.0014883734656130803,1.2387244800109212,-0.18104316856647384,0.004065882490034378,-0.11170659242480209,1.787562413691197,0.0008170487673599287,1.8318628969478512,0.8823401388773067,0.0007772981590934765,0.9462686882621311,1.4553250540464602,0.0007618424588554943,1.4885391641770074,0
2022-04-29,-1.9582941233241191,0.0019182677464055027,-1.8836927188300274,-1.9470861984230472,0.0011048394803443201,-1.8936659442461374,-1.376749320332776,0.0006051199817901301,-1.3552487489546794,-1.7164602839305958,0.0005874562392559126,-1.670616618294395,-2.2334804458026696,0.0010404184759797777,-2.1867615387997414,-2.3518563503500736,0.0014367020175013673,-2.288447332618808,-0.2586992843996791,0.0040518513412233685,-0.18936270825800733,-2.0877141475767886,0.0007753520377315427,-2.043413664320134,-1.591100366507039,0.0007517726699786263,-1.5271718171222146,-1.1337800231993174,0.0007342479330185748,-1.1005659130687704,1
2022-05-02,0.026588763154345923,0.0019183250765822065,0.10119016764843745,1.0490416789510688,0.001129358957171305,1.1024619331279786,-0.8573416459335991,0.0005923782076996571,-0.8358410745555025,0.42693505702276124,0.0005976402551148589,0.47277872265896204,-0.6871124806378758,0.0010249431429638237,-0.6403935736349481,1.3072456272004698,0.001464838580337513,1.3706546449317347,0.8404322508473251,0.004091069974564382,0.9097688269889969,-0.4938333839559169,0.000765480156892547,-0.44953290069926255,-0.5530393568572728,0.0007430079917333091,-0.4891108074724484,0.6364672763447838,0.0007495911877968287,0.6696813864753308,1
2022-05-03,0.4205757503043396,0.001927496689946252,0.49517715479843116,0.27420393527241355,0.0011356832546110867,0.3276241894493232,-0.18387438105109274,0.0005893406186737365,-0.16237380967299603,1.063111925455333,0.000622428503989679,1.1089555910915336,-0.23338908508542236,0.0010195784342642827,-0.18667017808249464,-0.5809598799421769,0.0014518373562737252,-0.5175508622109118,0.10269692589611847,0.004094519033835094,0.1720335020377902,-0.8850539991370904,0.0007478539871329637,-0.840753515880436,0.19444047025598166,0.0007462750608066863,0.25836901964080605,0.9805760656454013,0.000773221646193568,1.0137901757759484,1
2022-05-04,2.035721399978683,0.0019739665343584214,2.1103228044727746,2.0822211300459723,0.001184262851530282,2.135641384222882,0.8663343482082511,0.0006013777693682178,0.8878349195863477,1.666859490884815,0.0006610240854909226,1.7127031565210158,1.5612980034635513,0.001054025582764813,1.608016910466479,1.529322803545053,0.0014847137184858224,1.5927318212763182,1.104881593832313,0.004146366984763573,1.1742181699739849,1.6669049967119944,0.0007809444890465894,1.7112054799686487,0.9610881831128787,0.0007618385906950932,1.025016732497703,1.925570165279154,0.0008196274311546434,1.9587842754097011,0
2022-05-05,-2.941783119289248,0.0019054508727239137,-2.8671817147951564,-2.44764627596616,0.0011269472985398095,-2.39422602178925,-1.6036289593398012,0.0005779914484016481,-1.5821283879617045,-1.3411745787111824,0.0006305244633702143,-1.2953309130749817,-2.251016828917093,0.0010039491701848027,-2.2042979219141654,-2.447229578164496,0.0014312225292916147,-2.383820560433231,-2.119627790872348,0.004042527887186086,-2.050291214730676,-2.6347056539591103,0.0007286399042125886,-2.5904051707024554,-0.6987300394301091,0.0007507577157643109,-0.6348014900452847,-0.7792130913567201,0.0008006517050881719,-0.7459989812261731,0
2022-05-06,0.16866750382039936,0.0019087982603194565,0.24326890831449088,-0.384760219073437,0.0011178823211597225,-0.33133996489652734,-0.2043574099973055,0.0005746885592956102,-0.18285683861920882,-0.12940816097731686,0.0006278618362059846,-0.08356449534111605,-0.9950980058620278,0.0009817768248049665,-0.9483790988591001,-0.5804334411916822,0.00141831885956209,-0.5170244234604172,-0.28442352810198746,0.004027368090524904,-0.2150869519603157,-0.7503541176557825,0.0007137885787727145,-0.7060536343991282,-1.6064023311386881,0.0007251701021167461,-1.5424737817538638,0.7188192175094048,0.000817828328978708,0.7520333276399519,0
2022-05-09,-1.7825395855113337,0.001867212791907709,-1.707938181017242,-1.4751015644034342,0.0010834379186937622,-1.4216813102265244,0.4296306499898082,0.000580457095558594,0.4511312213679049,-0.8241831590785742,0.0006093053265555106,-0.7783394934423733,-3.0016869161105424,0.0009153169416066487,-2.9549680091076147,-2.0854843498547173,0.001372864206820484,-2.0220753321234524,-2.3028635817666308,0.003915096933933646,-2.233527005624959,-2.943563225315622,0.0006555762611128405,-2.8992627420589674,0.8029765897464695,0.0007381747420921847,0.8669051391312939,-3.9139587697245823,0.0007234319092667963,-3.8807446595940354,1
2022-05-10,0.754530057853114,0.0018840705446109879,0.8291314623472055,0.7982167647322418,0.0011019722456973983,0.8516370189091516,-0.1336586896965927,0.000578168630546035,-0.112158118318496,-1.307652719517078,0.000579741445457709,-1.261809053880877,-0.4815626348881969,0.0009046362510151373,-0.4348437278852692,0.9543543485339799,0.00139324613027667,1.017763366265245,0.3350582628917603,0.00392990412571168,0.40439483903343204,0.13565095892766343,0.0006583568474179306,0.1799514421843178,-1.106874758430352,0.0007206417453412353,-1.0429462090455277,0.29309352653196324,0.0007304222104287813,0.3263076366625102,0
2022-05-11,-2.742378604835364,0.0018205653638583969,-2.6677772003412725,-0.40576259903153167,0.0010924808141569596,-0.352342344854622,-0.47078939547726417,0.0005710772930799376,-0.4492888240991675,-0.3724407407112258,0.0005715995424233008,-0.32659707507502495,0.04226954878015375,0.0009055286916893013,0.08898845578308147,-1.8810202558545275,0.0013523443765186313,-1.8176112381232625,-2.1014028969303515,0.00382768694774221,-2.03206632078868,0.9270080345075713,0.0006767521210641417,0.9713085177642257,-0.8386709206400044,0.0007074292661458367,-0.77474237125518,0.9913952115278982,0.0007541675862854124,1.0246093216584453,0
2022-05-12,-1.4585919066762407,0.0017866635672512995,-1.3839905021821493,-0.3929929920001206,0.0010833082252774003,-0.33957273782321096,0.7972264382598603,0.000582066258242244,0.818727009637957,-0.08967382219513563,0.0005699251734032273,-0.04383015655893484,-0.8085415287627885,0.0008876850375647191,-0.7618226217598609,-1.155724626382449,0.0013271848954173357,-1.0923156086511838,-0.2705689863620219,0.0038135168489242762,-0.20123241022035013,-0.7686197261097744,0.0006616720579494482,-0.72431924285312,-0.1341945505099132,0.0007054743105586201,-0.07026600112508881,0.19019423697058457,0.0007586366073170706,0.22340834710113158,1
2022-05-13,1.5678375631615888,0.0018221940703527528,1.6424389676556805,1.3917568933754505,0.0011155391944585626,1.4451771475523603,-0.4967577225756462,0.0005746175530193144,-0.4752571511975495,0.4146922539211277,0.0005797429179848158,0.4605359195573285,1.8827949097605905,0.0009290740535659885,1.9295138167635184,1.1733247940526288,0.0013522665241738822,1.236733811783894,1.3370350046699635,0.0038763889914272633,1.4063715808116353,1.5795142662777522,0.0006928700264496684,1.6238147495344064,0.22241784792023905,0.000709200133034059,0.28634639730506345,1.4267039809611266,0.0007927231652812699,1.4599180910916736,0
2022-05-16,-0.6237981665484352,0.0018074774567337492,-0.5491967620543436,-0.7570320251567132,0.0010979302414910691,-0.7036117709798035,0.5549467954841016,0.0005821331899299116,0.5764473668621983,-0.4066722477271842,0.0005708509957076949,-0.3608285820909834,-0.5413445589743168,0.0009171142445915745,-0.49462565197138914,0.016239492669651714,0.0013523878364863407,0.07964851040091672,-1.515821472887127,0.0038026140201554144,-1.4464848967454553,-0.4710986960042894,0.0006836587674136702,-0.426798212747635,0.016137920193541804,0.0007096377068761541,0.08006646957836619,1.1243228340981932,0.0008194925880481798,1.1575369442287402,1
2022-05-17,1.2336420980689837,0.0018352596131420013,1.3082435025630754,0.8478341949241935,0.0011174862358893764,0.9012544491011033,0.32286915621290935,0.0005863367424167055,0.34436972759100604,1.6702699881225997,0.0006091760971232309,1.7161136537588007,1.437965475462596,0.0009486111335509174,1.4846843824655236,1.0500530636023155,0.0013747310320283118,1.1134620813335807,1.1962499811763097,0.0038586229187076186,1.2655865573179814,1.829530328497144,0.0007196695140597978,1.8738308117537983,-8.491939613110533,0.0005749705906284875,-8.428011063725709,0.594502078424258,0.000833533830798448,0.6277161885548049,0
2022-05-18,-2.9779483065535017,0.0017668057276631925,-2.9033469020594103,-2.0505044985765117,0.0010700311351668113,-1.9970842443996022,-1.5602187641725636,0.0005638309194246729,-1.5387181927944669,-0.9314544925310313,0.0005883594314783021,-0.8856108268948304,-0.5150897877686867,0.000937231860296447,-0.4683708807657591,-2.5553137894891083,0.001319614217734878,-2.4919047717578433,-1.7436616284755595,0.003774166489750196,-1.674325052333888,-1.221359899906841,0.0006957253918647106,-1.1770594166501867,-5.095224240133553,0.0004944945833019709,-5.031295690748729,-0.8133192562846286,0.000813928108087956,-0.7801051461540816,0
2022-05-19,-1.3426484624667265,0.0017358104192581726,-1.268047057972635,-0.7422229826446655,0.0010528793550939272,-0.6888027284677558,-0.7581872595030291,0.0005527362408766951,-0.7366866881249324,-0.8132307355942828,0.0005702718225626802,-0.767387069958082,-0.634153048454415,0.0009232730333141985,-0.5874341414514874,-0.26589549545481617,0.0013137230773264928,-0.20248647772355113,-0.08286295521654609,0.0037690918067250744,-0.013526379074874353,-0.8287881920134843,0.0006795322060746089,-0.7844877087568299,-2.0972061858017375,0.0004617026355069243,-2.0332776364169134,0.23282506975733525,0.0008193174450313382,0.2660391798878822,0
2022-05-20,0.015300378300005782,0.0017358235458010114,0.08990178279409732,-0.7334830879588118,0.0010359692490611067,-0.6800628337819021,1.4269666827597873,0.0005725772933835349,1.448467254137884,-0.47031927289714875,0.0005599914826191093,-0.42447560726094796,0.5924082275329445,0.0009361645851446405,0.6391271345358722,-0.18880482417628283,0.0013094970114685702,-0.1253958064450178,-1.6489155094316208,0.003689450365965234,-1.5795789332899492,0.45934566359700374,0.0006885958751952008,0.503646146853658,0.016943276163310133,0.00046244105052846115,0.08087182554813452,0.35558304917682626,0.0008276183148239717,0.38879715930737324,1
2022-05-23,1.9899643354456946,0.0017807692632906774,2.0645657399397863,1.1514143203713119,0.0010624956765049867,1.2048345745482216,1.670461768371191,0.0005958121642512204,1.6919623397492876,3.157406835255299,0.0006317849669154886,3.2032505008915,1.9070925597822839,0.000977736668202283,1.9538114667852118,1.689735065522232,0.0013454715535411888,1.7531440832534972,0.33854261849190925,0.0037045314711103097,0.407879194633581,2.522039296841337,0.0007379741308968962,2.5663397800979917,2.049312746482622,0.000495299500796347,2.1132412958674465,1.0543799114970793,0.0008525260154709334,1.0875940216276265,0
2022-05-24,-1.0634626130666784,0.001756211701498358,-0.988861208572587,-2.5706541472341566,0.0010033652467208623,-2.517233893057247,0.8837552222179788,0.0006078904938776135,0.9052557935960754,0.6854478885704174,0.0006475666090259242,0.7312915542066182,-1.2378056765157028,0.0009506120014654985,-1.1910867695127751,-0.2796741539123495,0.001339276396456853,-0.2162651361810845,-1.7742081390001574,0.0036191990987405015,-1.7048715628584856,-1.4665885204092304,0.0007093308012343686,-1.422288037152576,0.860672432820217,0.0005093165050696703,0.9246009822050414,0.23412749900237476,0.0008578822507859843,0.26734160913292176,1
2022-05-25,-0.01594836250025502,0.001755491558558233,0.058653041993836516,-0.13261497305634354,0.0010003740117609046,-0.07919471887943387,-0.8347291916997326,0.0005957172720192044,-0.813228620321636,0.31471448101784394,0.0006549459419167833,0.3605581466540448,0.5938244442465038,0.0009634572903511955,0.6405433512494315,0.5479473989727678,0.0013507610200019014,0.6113564167040328,1.1314372388336076,0.0036719539819405215,1.2007738149752794,0.31327776769519594,0.0007154782211213441,0.3575782509518503,-0.5175691227957455,0.0005015684349734424,-0.4536405734109211,0.9573396059392689,0.0008803929435070568,0.990553716069816,1
2022-05-26,1.119240568118747,0.0017805134052445268,1.1938419726128384,0.9019540733322909,0.0010211257738970258,0.9553743275092007,-0.09532478031595631,0.0005939827591441188,-0.0738242089378596,0.8493089252942931,0.0006743568661993716,0.8951525909304939,0.7511415183238646,0.0009796961429463296,0.7978604253267921,0.6412667597034049,0.0013642083880133452,0.7046757774346699,1.759034303310642,0.003754333719847584,1.8283708794523137,1.3393228088869369,0.0007416052888056385,1.3836232921435914,1.5154816011770622,0.0005258584959374518,1.5794101505618865,0.14053842094318086,0.0008834852191440476,0.17375253107372787,1
2022-05-27,2.022766868220748,0.0018259404271544284,2.0973682727148395,2.081119068455251,0.001068851099865299,2.1345393226321607,0.7312555639697758,0.0006038764022900031,0.7527561353478724,0.6861035977297365,0.0006900484714444142,0.7319472633659372,1.1623849560753214,0.001004836209766472,1.209103863078249,1.447422117188679,0.0013947914175316584,1.5108311349199441,1.7359351063310489,0.0038354278093785613,1.8052716824727204,1.198960689017389,0.0007649394800695944,1.2432611722740434,1.3943138684078706,0.0005481857989005502,1.458242417792695,0.4505851593727035,0.0008939127477777382,0.4837992695032506,0
2022-05-31,-0.3497171765409949,0.0018175910674079262,-0.2751157720469033,0.6011324733808228,0.0010825891773623261,0.6545527275577324,-0.7354653374063945,0.000593144679697182,-0.7139647660282978,0.33278784739711137,0.0006977589707736271,0.3786315130333122,-0.03323815266232013,0.0010039591210846406,0.013480754340607585,-0.3378358643911666,0.0013873305865806159,-0.2744268466599016,-0.11373567528122527,0.003828863209613213,-0.04439909913955354,-0.2440185036360536,0.0007601662424513828,-0.19971802037939923,0.022555514156562165,0.0005489065628740292,0.08648406354138656,-0.8350529080439398,0.0008739052338673581,-0.8018387979133927,0
2022-06-01,-0.11954256037460004,0.0018144621074508206,-0.0449411558805085,0.004699981039022815,0.001082659148047331,0.058120235215932466,-0.8616671825401006,0.0005806672786162034,-0.8401666111620039,-0.9542046261212052,0.0006765461915183587,-0.9083609604850044,-0.16807149262773205,0.0010001600588550846,-0.12135258562480435,0.04731873897326879,0.0013880698657326783,0.1107277567045338,-0.6501477174670988,0.003796976752159857,-0.5808111413254271,-0.6764969664545594,0.0007470060257087981,-0.632196483197905,-1.8955256018383488,0.0005195217258046181,-1.8315970524535246,0.9100724638772874,0.0008951758270705037,0.9432865740078343,1
2022-06-02,0.7905031411579009,0.001831879755587018,0.8651045456519925,1.61246182155556,0.0011194443118763735,1.6658820757324697,-0.2826743820550898,0.0005763328057619815,-0.26117381067699313,0.7870742127334555,0.0006944457060323811,0.8329178783696563,0.8572973438160959,0.0010185802767866806,0.9040162508190235,0.37054712624982594,0.0013956665646767785,0.43395614398109095,1.0821186981745843,0.0038468919708434584,1.151455274316256,1.4161311189295749,0.0007744648649116452,1.4604316021862291,1.1526561029255264,0.000537990224654732,1.2165846523103507,-0.1187273415050556,0.0008921180838027403,-0.08551323137450859,0
2022-06-03,-2.0586770016369145,0.0017850268212183731,-1.9840755971428226,-1.3858434675617883,0.0010877533153799352,-1.3324232133848786,-0.3630244136584172,0.000570883679011171,-0.3415238422803205,-0.7675203491265244,0.0006774691156412027,-0.7216766834903237,-0.8235098158598715,0.0010005921256811927,-0.7767909088569438,-0.9723389473457343,0.0013747816962062656,-0.9089299296144693,-2.3389062548000075,0.003735476087019661,-2.2695696786583355,-0.712576366595929,0.0007606196125732267,-0.6682758833392747,-1.3363843780062505,0.0005174414858356479,-1.2724558286214263,0.6823057992781109,0.00090794930464342,0.715519909408658,1
2022-06-06,0.19440517378630884,0.0017890157163283293,0.26900657828040037,0.9587418849361695,0.0011095533693903602,1.0121621391130793,-0.0308969878610073,0.0005700907931434123,-0.009396416482910588,-0.21689441144480792,0.0006728557212948074,-0.17105074580860713,0.3009311842249898,0.001006945667889967,0.34765009122791757,-0.3208224951475553,0.0013677388315364465,-0.2574134774162902,0.32570432042647995,0.0037497422812158847,0.3950408965681517,0.037360410134964064,0.0007613184647320485,0.08166089339161843,-0.32997267379080714,0.0005126809035321641,-0.26604412440598274,-0.15738913616777941,0.0009039735706546026,-0.12417502603723242,1
2022-06-07,0.830381156495007,0.0018072992429050134,0.9049825609890986,0.08981200752313023,0.0011115287038526696,0.1432322617000399,0.8899666730778583,0.0005821598213209143,0.911467244455955,0.08985653161656192,0.0006751106163507062,0.13570019725276272,0.530944920825386,0.0010182495174423086,0.5776638278283137,0.7002823371635045,0.0013823056049428715,0.7636913548947696,-0.006659218330892617,0.003748349125670373,0.06267735781077911,0.394386361314376,0.0007689165080567938,0.43868684457103035,-0.9539145083651211,0.000498184026889324,-0.8899859589802968,2.222409975900861,0.0009559735632787514,2.255624086031408,0
2022-06-08,-0.3341263047092012,0.0017993796003757823,-0.25952490021510966,-0.03409578016520229,0.0011106829586520115,0.01932447401170737,-0.5141013485337146,0.0005746154708446343,-0.4926007771556179,-0.869777671251264,0.0006559318730719946,-0.8239340056150632,-0.2956494366972919,0.001011705214910401,-0.24893052969436416,-0.4831927770095122,0.0013718406464083084,-0.4197837592782472,0.2377539842290047,0.003758437180360467,0.30709056037067645,-0.3234579626322199,0.0007626381040937819,-0.2791574793755655,-0.70647776236244,0.000487581694723794,-0.6425492129776156,0.5476338788999443,0.0009685125940696222,0.5808479890304914,0
2022-06-09,-1.9249044390127268,0.0017557823632053432,-1.850303034518635,-1.0769544644375786,0.0010861616176458366,-1.0235342102606688,-1.690448276655068,0.0005506985208103647,-1.6689477052769712,-1.1338791637568566,0.0006309069030055591,-1.0880354981206557,-2.019336830565001,0.0009680549025611183,-1.972617923562073,-1.200911743130999,0.0013462572836721533,-1.137502725399734,-0.2891839144264413,0.0037437847640916185,-0.21984733828476954,-2.1169901287783386,0.0007217878098428192,-2.0726896455216837,-0.8393519373594371,0.0004749328616999271,-0.7754233879746127,-1.0966596929513646,0.0009424425758701838,-1.0634455828208176,0
2022-06-10,-2.0624570451580313,0.0017092026776813825,-1.9878556406639394,-1.6805936349667596,0.0010480073455997052,-1.6271733807898499,-0.5749540518789719,0.0005423609794016716,-0.5534534805008752,-2.425620461841527,0.0005771618943681084,-2.3797767962053262,-2.236049153699238,0.0009198435755721399,-2.1893302466963105,-2.5024293002888442,0.0012933049412369852,-2.4390202825575793,-0.8371767133678417,0.00370349099708069,-0.76784013722617,-1.9617774252812326,0.0006840214114774231,-1.9174769420245779,0.35237685483427733,0.0004808661554943049,0.4163054042191017,-0.9325862858493392,0.0009202779133020156,-0.8993721757187922,0
2022-06-13,-2.0447499354578373,0.001663126737550262,-1.9701485309637459,-2.235370822337368,0.0009973740899630673,-2.1819505681604583,-0.8572331762425487,0.0005301187205674438,-0.835732604864452,-1.587543133328456,0.000542190128062158,-1.541699467692255,-2.4509673993234244,0.000867125545830245,-2.4042484923204963,-2.38472782114482,0.0012429521753745858,-2.321318803413555,-1.8177045073785072,0.0036174022517994225,-1.7483679312368356,-2.2203038079621678,0.0006413681089613517,-2.1760033247055133,-1.4580218385172699,0.00045863378774726565,-1.3940932891324456,-2.2916410833322707,0.0008663502671006222,-2.2584269732017237,1
2022-06-14,0.26876974774040135,0.0016688912929867915,0.3433711522344929,0.10099559317740692,0.0009997201896946653,0.15441584735431657,-1.2927427266867226,0.0005118576376532165,-1.271242155308626,-0.9073050973264033,0.0005224185002530469,-0.8614614316902025,0.3557501544560673,0.0008747653055763434,0.40246906145899497,0.4404024554782783,0.0012521146662929968,0.5038114732095433,0.5187038890348455,0.0036407276313205287,0.5880404651765173,0.34813440123062184,0.0006481716262525381,0.3924348844872762,-0.032910839487859625,0.0004585877911679881,0.031017709896964767,0.09515389228644171,0.000868354819274066,0.12836800241698873,1
2022-06-15,0.9603526434530851,0.0016900898553380895,1.0349540479471766,1.3996935127660315,0.0010314115692859947,1.4531137669429413,0.8654738197024769,0.0005235706762841796,0.8869743910805736,0.566936905430167,0.0005354226377464231,0.6127805710663677,0.4942397725564294,0.0008853562857333457,0.5409586795593571,1.564046871008953,0.0012848539627794823,1.627455888740218,1.2802814134313691,0.0036995586004840994,1.349617989573041,0.7725939179072071,0.0006631071272934041,0.8168944011638615,-0.11353909688653434,0.00045729100023809695,-0.04961054750170995,-0.652891406938912,0.0008528840586849596,-0.619677296808365,0
2022-06-16,-2.1150891510026177,0.0016426252595293002,-2.0404877465085263,-1.7821766173059217,0.0009912022291783903,-1.728756363129012,0.022391068811744165,0.0005235775927971553,0.043891640189840875,-0.9340677681386688,0.0005151106915798522,-0.8882241025024679,-2.7837870500762762,0.0008257330104141479,-2.7370681430733486,-1.5395092749232775,0.0012524145453121473,-1.4761002571920125,-2.171854804118426,0.003597254056595435,-2.102518227976754,-2.214729924497275,0.0006207316175520504,-2.1704294412406204,0.705632214371401,0.0004686915578759102,0.7695607637562254,-1.8485073312375808,0.0008095571013336561,-1.8152932211070338,0
2022-06-17,0.5189054965210042,0.0016539677342488756,0.5935069010150957,0.47898723385083375,0.0010020703823220845,0.5324074880277434,-0.3236309821196303,0.0005187965465681611,-0.30213041074153363,-0.22840937851530846,0.0005104760407558084,-0.18256571287910764,0.2849438196474385,0.000831879570677074,0.3316627266503662,0.5353516321741629,0.0012635241346660474,0.598760649905428,0.35346733359104016,0.0036128248435533185,0.42280390973271187,0.2597630048810235,0.0006258429698927697,0.30406348813767786,-1.495078134186255,0.00044600154707736064,-1.4311495848014306,-2.8711891278547235,0.0007424994204282205,-2.837975017724176,1
2022-06-21,1.6112821909105863,0.0016895998027783162,1.685883595404678,2.0354331040320885,0.0010479685547996735,2.0888533582089983,1.7147060261715135,0.0005421988490863377,1.7362065975496102,1.2366659386925303,0.00053826703129897,1.2825096043287312,1.1113061236715884,0.0008556657906409281,1.1580250306745161,1.2824958822304848,0.001290245269441968,1.34590489996175,2.233485052947698,0.0037158391885452145,2.3028216290893697,1.3360497721607245,0.0006515312549554722,1.380350255417379,2.3662147604800023,0.0004830633494153805,2.4301433098648264,3.0298713959143533,0.0008129418664661282,3.0630855060449003,0
2022-06-22,-0.2715438105053531,0.0016832878310189456,-0.19694240601126156,-0.07918018921055549,0.0010461899940139602,-0.02575993503364584,1.2862588636173227,0.000559632693104746,1.3077594349954194,-0.3363683446942106,0.0005312306151394539,-0.2905246790580098,-0.25788909881715866,0.0008501806591046817,-0.21117019181423094,-0.19498523018900946,0.0012860184058491773,-0.13157621245774445,-0.16799846507911173,0.0037070020660364056,-0.09866188893743999,-0.2198908097123725,0.0006474307140712818,-0.17559032645571812,-0.961466691028187,0.0004686495968432002,-0.8975381416433627,-1.9807386840300425,0.0007667351810170544,-1.9475245738994955,1
2022-06-23,1.0355655151789456,0.0017060191673384762,1.110166919673037,0.2907720431859651,0.0010527286706569303,0.34419229736287477,1.8271372813314228,0.0005844852250490143,1.8486378527095195,-0.6122107459909348,0.0005181211752108674,-0.566367080354734,0.05673747726437223,0.0008514141314505892,0.10345638426729994,1.1755265404159152,0.0013104191096877764,1.2389355581471804,-0.17534689176950136,0.0036978439940867085,-0.10601031562782962,0.8269383013505937,0.000663318911520277,0.871238784607248,1.7347005167165046,0.0004958592163019358,1.7986290661013289,-1.5176125133312304,0.0007313886807111516,-1.4843984032006834,1
2022-06-24,1.1870849807173307,0.0017320597777629053,1.2616863852114222,2.5443327287133184,0.0011098342241590558,2.597752982890228,1.1917262503803714,0.0006005289078907307,1.213226821758468,1.4993384680967248,0.0005516000321695417,1.5451821337329255,2.279092413715914,0.0008999588041124459,2.3258113207188416,1.8056684325641135,0.001347907191166041,1.8690774502953784,1.0445749827529547,0.0037452766989457343,1.1139115588946265,2.6567687520310512,0.0007140543866464761,2.7010692352877057,-0.003977000784650795,0.0004962169094194452,0.05995154860017359,0.9428871832900603,0.0007531946032442679,0.9761012934206073,0
2022-06-27,-0.07460140449409153,0.0017300847951200742,0.0,-0.9766248158551748,0.001087870775708395,-0.923204561678265,-0.09878262411677939,0.0005987808903430454,-0.07728205273868269,-0.46066845507606446,0.0005418348667265522,-0.41482478943986373,-0.3176456207719719,0.0008931711628558014,-0.2709267137690442,-0.637943585307929,0.0013344006369262987,-0.574534567576664,-0.14815299001988133,0.003737355459251628,-0.0788164138782096,-0.612477571395198,0.0007024209124914477,-0.5681770881385436,0.17559022002415414,0.000499337430638831,0.23951876940897854,1.1730981292993738,0.0007802844920094278,1.2063122394299208,0
2022-06-28,-1.6075869585465012,0.0016941853958819593,-1.5329855540524098,-1.7333171307129025,0.00104901187373256,-1.6798968765359927,-2.3787769855784107,0.0005657039043442595,-2.357276414200314,-0.29495771635118395,0.0005357374426194993,-0.24911405071498313,-1.7653747926375691,0.0008556469871364834,-1.7186558856346412,-1.8010585365030969,0.001296720620004916,-1.737649518771832,-1.3012804593691236,0.0036761015716843576,-1.2319438832274519,-1.6445632207953382,0.0006711832656406192,-1.6002627375386838,-1.108495633544008,0.00048271052543524145,-1.0445670841591836,1.3321735512678576,0.0008109940500095677,1.3653876613984048,0
2022-06-29,0.5956072282930835,0.0017070745614272934,0.6702086327871751,-0.19236418106192385,0.0010447104668024729,-0.1389439268850142,0.0019214310573134994,0.0005653818396553716,0.023422002435410212,-0.2782811982141509,0.000530020344096248,-0.23243753257795013,0.6776595717758175,0.0008700429637252712,0.7243784787787452,0.7432216728278294,0.0013120121518773607,0.8066306905590944,-0.5109039441903902,0.003651513080270714,-0.44156736804871843,0.37278535754930137,0.000678343800290133,0.4170858408059557,-0.33639351066784784,0.0004779775139835783,-0.2724649612830235,-1.8512068261305596,0.0007680466770733887,-1.8179927160000124,0
2022-06-30,-1.0023147708891769,0.001684648684913724,-0.9277133663950853,-1.3003040186460462,0.0010156638500434356,-1.2468837644691364,0.22199537609241066,0.000568078011865237,0.24349594747050737,-1.2537271807803783,0.0005029060161848866,-1.2078835151441774,-1.2284920191035984,0.0008440086501127865,-1.1817731121006707,-0.7847305215189744,0.0012955447630167548,-0.7213215037877094,-0.5020920216101752,0.0036273872383620225,-0.4327554454685035,-0.8276925981011698,0.0006627063953024451,-0.7833921148445154,-0.27051547114742575,0.0004742657041849124,-0.20658692176260138,-1.4183013039951424,0.000735192589139811,-1.3850871938645954,1
2022-07-01,0.7572250215226166,0.0017010842521690776,0.8318264260167082,-0.1586743571319675,0.0010121619464246777,-0.10525410295505785,0.916960506182168,0.0005802861387102099,0.9384610775602646,0.6161975062912448,0.0005168499362561784,0.6620411719274456,0.42235906279395824,0.0008529806467267078,0.46907796979688593,0.5226172836071755,0.0013062278072591233,0.5860263013384406,0.23663672784617976,0.00363737786767941,0.3059733039878515,0.6521671967948117,0.0006751561530043168,0.696467680051466,0.5758905077005623,0.0004835298553829606,0.6398190570853867,1.0644087495063421,0.0007596731541535772,1.097622859636889,1
2022-07-05,0.8995664640001793,0.0017206186455504522,0.9741678684942707,2.063281553311135,0.001058201142669624,2.116701807488045,-0.6586176929517527,0.0005709123081920393,-0.637117121573656,-0.24276136074156418,0.0005119515608821929,-0.19691769510536336,0.12514221303647768,0.0008556475872333412,0.1718611200394054,0.6260746365349971,0.0013190297934187226,0.6894836542662621,0.5592869014217235,0.0036622059027659123,0.6286234775633953,0.36455320199554975,0.0006821319589766503,0.40885368525220406,0.9148063766580712,0.000497959541706151,0.9787349260428956,-1.573468276561413,0.0007233284177106997,-1.540254166430866,1
2022-07-06,0.419785578821875,0.0017295501367496572,0.49438698331596653,0.5343622391433718,0.0010700910834388583,0.5877824933202814,0.052960892940252476,0.0005712832448334238,0.07446146431834919,-0.38144096001125505,0.0005040307209176162,-0.33559729437505426,0.10611525189638636,0.0008579066137350524,0.1528341588993141,0.6362180880038542,0.0013320126712871706,0.6996271057351192,-0.21016803053591132,0.0036515796197498854,-0.14083145439423955,0.12889322754814928,0.0006846350011840754,0.17319371080480364,0.4608138532526761,0.0005054168142933813,0.5247424026375005,-0.9210706366881765,0.0007020785172437245,-0.8878565265576295,1
2022-07-07,1.1604215235092312,0.0017547423412852788,1.2350229280033227,1.8158736985127197,0.0011104577034629802,1.8692939526896295,0.07145688904245098,0.0005719057992954842,0.0929574604205477,1.2636279390612193,0.0005320723025942902,1.30947160469742,0.6895924361291232,0.0008724703609840466,0.7363113431320509,0.38683074433980336,0.0013398116911202175,0.45023976207106836,1.2914915538187124,0.0037099817297734637,1.3608281299603842,0.4558906140814789,0.0006933097839576491,0.5001910973381333,0.04855925486997124,0.0005065626194424191,0.11248780425479563,1.5387489174413682,0.0007374162971044469,1.5719630275719152,1
2022-07-08,0.16800430371708738,0.001758086599709138,0.2426057082111789,0.1908530782714809,0.001114629975731198,0.24427333244839056,-0.12365670944054893,0.0005698667957885024,-0.10215613806245223,-0.20830974751417092,0.0005279252433139395,-0.1624660818779701,-0.2138179211149869,0.0008679631531664021,-0.16709901411205919,-0.21428187213164349,0.0013351829738191031,-0.15087285440037845,0.556811984781711,0.003734529964754059,0.6261485609233827,0.18306451275150828,0.0006968167485570121,0.22736499600816262,-0.016637814114244715,0.0005067114849130239,0.04729073527057967,0.046960760673581216,0.0007384238166746643,0.08017487080412823,0
2022-07-11,-0.8340411398633361,0.0017394457160246997,-0.7594397353692445,-1.6202746371535601,0.0010786003752370418,-1.5668543829766504,0.011051729867641372,0.0005696669178038279,0.03255230124573808,-0.7249172897904284,0.0005125252307372567,-0.6790736241542276,0.14083690419026937,0.000870931512232209,0.18755581119319711,-0.7075342992770091,0.0013203928855761479,-0.644125281545744,-1.6812874896630565,0.0036564096606386837,-1.6119509135213848,0.39397692281449376,0.0007042912108204281,0.4382774060711481,-0.034392468684860504,0.0005065895356207336,0.029536080699963888,-0.2847867288643244,0.0007318209709406828,-0.25157261873377734,0
2022-07-12,0.2770820389604043,0.0017451893546489789,0.3516834434544958,-0.7815102297380977,0.0010612448460917225,-0.728089975561188,-1.183238645453255,0.0005532214195782448,-1.1617380740751584,0.004624490410061183,0.0005130464037870916,0.05046815604626198,-0.2667015959310564,0.0008653242694076625,-0.2199826889281287,-2.3063867905924997,0.0012727018855256322,-2.242977772861235,-0.20309814128568662,0.0036461616095703328,-0.13376156514401485,-0.11437685260367912,0.0007021778401273434,-0.07007636934702476,-0.2883374331332384,0.0005026035634922858,-0.22440888374841403,-0.6883429463833567,0.0007159885394039852,-0.6551288362528097,0
2022-07-13,-0.20515027084366885,0.0017403672070344651,-0.13054886634957732,-1.2430523528291844,0.0010337089552914886,-1.1896320986522746,-0.21472726133563177,0.0005499728973456492,-0.19322668995753509,-0.5316312633377055,0.0005019020774398831,-0.4857875977015047,0.037974391740573564,0.0008661285619821433,0.08469329874350127,-0.2683800547971046,0.0012670512833127137,-0.20497103706583955,0.34998318402132256,0.0036612373830727006,0.4193197601629943,-0.24017469790746285,0.0006977034501611187,-0.19587421465080848,0.11378398052173211,0.0005047387868083046,0.1777125299065565,0.16481228499763342,0.0007197134320143877,0.19802639512818043,1
2022-07-14,0.9794486803540079,0.001761449721263688,1.0540500848480994,-0.5037634165321032,0.0010225859109210013,-0.4503431623551935,0.0918700862836878,0.000550892979909217,0.11337065766178452,-1.85470983450666,0.0004620363535544329,-1.808866168870459,0.22852916838652718,0.0008709286381566084,0.2752480753894549,0.23112128657606917,0.0012716793171185037,0.29453030430733423,0.06290485228266454,0.0036631615943616114,0.13224142842433628,0.47193116104597,0.0007066160655790713,0.5162316443026244,1.3838772893354316,0.0005261528222577967,1.447805838720256,-1.019367941268456,0.0006963643347090718,-0.986153831137909,1
2022-07-15,0.5146177455828018,0.0017723356675608643,0.5892191500768933,0.5963328571572514,0.001035791420339542,0.649753111334161,1.181475734509439,0.0005665830653665004,1.2029763058875358,2.3270584286790297,0.000513015221593194,2.3729020943152306,1.1971338286475584,0.000896015170509233,1.243852735650486,0.50527481888985,0.0012819251178523483,0.5686838366211151,0.11177957123498287,0.003667312234750936,0.1811161473766546,1.156745728731915,0.0007283584695922999,1.2010462119885692,0.6606258832537508,0.0005365500684988847,0.7245544326385752,0.7955102098944729,0.0007145019342503863,0.82872432002502,0
2022-07-18,-1.1369051073628942,0.0017471780405943196,-1.0623037028688025,-1.3035538836510554,0.00100704169781947,-1.2501336294741456,-1.8815155857515926,0.0005407587582565015,-1.860015014373496,-0.577552520365102,0.0005009129636942129,-0.5317088547289012,-0.29822409867905986,0.0008897451312576426,-0.25150519167613217,-0.5900029338141313,0.0012696879229029353,-0.5265939160828663,-0.02011582254473813,0.0036654403094708763,0.049220753596933606,-0.8511078068933382,0.0007124191174241821,-0.8068073236366838,-0.23613359935345832,0.0005333391880170101,-0.17220504996863392,0.8749469028521024,0.0007344103496179419,0.9081610129826495,1
2022-07-19,1.3005229557273996,0.0017751766817479394,1.375124360221491,2.176321466737652,0.001055062201970688,2.2297417209145616,-1.2297310891898687,0.0005238089545254364,-1.208230517811772,1.2370112352324045,0.00052813019162566,1.2828549008686054,1.4710848181477187,0.0009204821299541268,1.5178037251506464,1.0731914122044297,0.0012915457454238893,1.1366004299356947,0.44065582648043944,0.003684556091881018,0.5099924026221112,1.8196486993866006,0.00074651704572944,1.8639491826432548,0.39059201591140913,0.0005396189750510881,0.45452056529623347,1.2071598516445157,0.0007618416455282591,1.2403739617750627,1
2022-07-20,0.6206126503882844,0.0017883172199121714,0.6952140548823759,-0.013200405350923207,0.0010547662816634447,0.04021984882598645,-0.4945681219883402,0.0005168304269968419,-0.4730675506102435,-0.05488490853008823,0.0005273432216600018,-0.009041242893887441,0.0934777494716747,0.0009223793254017475,0.14019665647460242,0.5144287210547345,0.001301922170380917,0.5778377387859995,0.12818051500098893,0.0036894148918527672,0.19751709114266067,-0.12557535391641317,0.0007441611671974579,-0.08127487065975882,0.5536444455343486,0.0005483492066690091,0.617572994919173,0.5076206581927782,0.0007732944629526015,0.5408347683233253,1
2022-07-21,0.7021528579958649,0.0018032007567502042,0.7767542624899564,0.1430486342731023,0.001057907465323547,0.19646888845001195,0.26981248161020654,0.0005201840538878155,0.29131305298830323,0.30672760827221585,0.0005343708097934912,0.3525712739084167,0.8409962787512997,0.0009398665427886368,0.8877151857542274,0.47291036017011395,0.0013114268545639423,0.536319377901379,2.338364156145339,0.003794689268068296,2.407700732287011,0.7471155825615053,0.0007581124095098489,0.7914160658181597,1.0192838600489542,0.0005640900936160131,1.0832124094337785,-0.8549326276155342,0.0007537533313310723,-0.8217185174849871,0
2022-07-22,-0.49199109421348747,0.0017921235679675084,-0.41738968971939594,-2.917982084712032,0.000993794488253942,-2.864561830535122,0.3703643097554678,0.000524885778549269,0.39186488113356444,-0.29725458360302964,0.0005283479730281731,-0.25141091796682885,-0.5165873854294595,0.0009290252609425859,-0.4698684784265318,-0.9892424528152662,0.0012910610875893791,-0.9258334350840012,-0.020711578931988456,0.003792656348461402,0.04862499720968328,-0.7339906176483201,0.0007443963525458097,-0.6896901343916657,-0.25398823427825334,0.000560593525825826,-0.19005968489342898,-0.40899482637662093,0.0007443798878214494,-0.3757807162460739,1
2022-07-25,-0.45530544398691686,0.001781866741449554,-0.38070403949282533,-0.23725000350148465,0.000988651332718127,-0.183829749324575,0.14219617502502288,0.0005265043871460828,0.16369674640311957,0.16167802856886535,0.0005322318884366327,0.20752169420506614,0.004735432852385782,0.0009290594147990346,0.051454339855313495,-0.3850417181976844,0.0012830615080825062,-0.3216327004664194,-0.41385594885859217,0.003772804125448007,-0.3445193727169204,0.11542346590356639,0.0007465425335259649,0.15972394916022076,-0.17039926090900764,0.0005583639653951644,-0.10647071152418326,1.6057863811594644,0.0007807174196404291,1.6390004912900116,0
2022-07-26,-0.5288151035877353,0.0017700402879299447,-0.45421369909364373,-1.2313598515028723,0.0009617289483577808,-1.1779395973259625,0.5647762670185795,0.0005338037081656841,0.5862768383966762,-0.8546488852899617,0.0005142223926475271,-0.808805219653761,-0.5031355972519885,0.0009185340376383146,-0.4564166902490608,-1.5287928566955487,0.0012517826450805787,-1.4653838389642835,-0.9472860551251198,0.0037288392031105478,-0.877949478983448,-0.5417395017984816,0.0007364491934404698,-0.4974390185418273,-5.698215594664638,0.00047295997971585766,-5.634287045279813,-0.2246447451330426,0.0007755107401326692,-0.1914306350024956,1
2022-07-27,1.6871310339740573,0.0018061924575219544,1.761732438468149,3.8402170955391477,0.0010459107189638975,3.8936373497160575,-0.25053963180732075,0.0005301317918950161,-0.22903906042922406,0.7849219096894385,0.0005315188664730196,0.8307655753256393,0.26593572182644537,0.0009240045244300338,0.31265462882937306,3.595478916496801,0.0013248337417966483,3.658887934228066,1.4484521062423377,0.0037933449912944117,1.5177886823840094,-0.6135590749859777,0.0007250427205605444,-0.5692585917293234,2.7360574310316186,0.0005145189563452374,2.799985980416443,1.0320280415962715,0.000798750291205535,1.0652421517268185,1
2022-07-28,0.1092030995943407,0.0018081563842165553,0.18380450408843224,0.4684015638357457,0.0010561600903733032,0.5218218180126554,0.4570301773745197,0.0005359647208046962,0.47853074875261636,-0.2390191716037604,0.0005267772039131898,-0.19317550596755959,1.387216492067239,0.0009527242053729484,1.4339353990701666,1.4986613284875583,0.0013551071648976246,1.5620703462188235,0.4752877313661951,0.0038137345100390523,0.5446243075078668,0.20607138347553722,0.0007288871513179349,0.2503718667321916,1.7854843017166262,0.0005417136213108087,1.8494128511014505,0.5418545142445446,0.0008108593614456956,0.5750686243750915,1
2022-07-29,1.61294829303416,0.0018425841437035892,1.6875496975282518,0.881654739065192,0.0010754149205943872,0.9350749932421017,0.13073356159333602,0.0005374101506682706,0.15223413297143273,0.20216948977864443,0.000531514606371729,0.24801315541484523,0.15714237152600904,0.0009558900978301091,0.20386127852893676,0.7939672486669269,0.001371007213936895,0.857376266398192,1.354776201212339,0.003873774549314465,1.4241127773540108,0.17102233840220157,0.0007320726881574201,0.2153228216588559,1.249386675654911,0.0005608078550082338,1.3133152250397353,2.245855828652342,0.0008614121431227568,2.279069938782889,0
2022-08-01,-0.3912699273918769,0.0018337093230662465,-0.31666852289778535,-0.691781682712834,0.0010602907028562005,-0.6383614285359244,-0.3111787947877376,0.0005329343934839966,-0.28967822340964083,-0.5619627977729498,0.0005198603426924789,-0.516119132136749,-0.5392876253829006,0.0009446333476580452,-0.49256871837997296,-0.5956200478439654,0.0013586930593531416,-0.5322110301127003,-0.058841881173040074,0.003869948286245461,0.01049469496863166,-0.2560221576881757,0.0007273359465542774,-0.21172167443152132,0.210976549311406,0.0005643036758033058,0.27490509869623037,-1.277178894530368,0.0008324027088537685,-1.243964784399821,0
2022-08-02,-0.5525254407844633,0.001821380143317099,-0.4779240362903717,0.06612945071391277,0.0010617211946745602,0.11954970489082242,-0.4933115744795596,0.0005260321883124439,-0.4718110031014629,-0.8527212643357729,0.0005020056712172331,-0.8068775986995721,-0.28075003125450565,0.0009387471718888875,-0.23403112425157793,-0.6914311174244259,0.0013444654468493676,-0.6280220996931608,0.2047637737651111,0.0038780020027775657,0.27410034990678284,-1.4891939179981952,0.0006997783893129987,-1.444893434741541,0.014352263629140593,0.0005648494570443243,0.07828081301396499,-0.24677996891782222,0.0008266689595803381,-0.21356585878727524,1
2022-08-03,1.893650687840619,0.001861719546262526,1.9682520923347107,1.2497632513408101,0.0010889211507924042,1.3031835055177199,0.7789235064602769,0.0005361449857403996,0.8004240778383735,0.49752913475858385,0.000513072540627728,0.5433728003947846,0.7398784553172024,0.000953953539399763,0.7865973623201301,1.4601074693231897,0.0013738029405079952,1.5235164870544546,0.48838826261442414,0.0038987967814691255,0.5577248387560959,0.6001997729689938,0.0007109227011480368,0.6445002562256482,-1.2812266609066323,0.0005460284397280573,-1.2172981115218082,-1.6288990316150225,0.000789847974619359,-1.5956849214844755,0
2022-08-04,-0.17373995564332495,0.001857529037988787,-0.09913855114923342,-0.006041769991649419,0.0010887470775466168,0.047378484185260236,-1.3506652557104275,0.0005178111378653481,-1.3291646843323308,-0.6154740852446949,0.0005003340073089662,-0.5696304196084943,0.24701733490712072,0.0009589582389228245,0.29373624191004843,0.1652349485877764,0.0013769044436550781,0.22864396631904144,0.029699915503996567,0.0038989341996903838,0.0990364916456683,1.3889530382350952,0.0007366132681368286,1.4332535214917497,-2.862798987007667,0.0005036347535003398,-2.7988704376228424,-2.1041150050843895,0.0007424271455789224,-2.0709008949538426,0
2022-08-05,-0.1460772021565594,0.001853941772470813,-0.07147579766246785,-0.3632516717647025,0.0010808126320114209,-0.30983141758779287,-0.34955604574070664,0.0005128651525104171,-0.32805547436260996,1.5207857135515124,0.000533217460412024,1.5666293791877133,0.17011983973461275,0.0009623671890749024,0.21683874673754047,-0.20618866821349124,0.0013725004255816867,-0.14277965048222624,-1.7015463399209625,0.0038213629941397965,-1.6322097637792907,0.6289304393653665,0.000748222415164117,0.6732309226220209,0.531961990587002,0.000511965605729253,0.5958905399718264,0.6780001391028608,0.0007575748988448446,0.7112142492334078,0
2022-08-08,-0.22399216485775456,0.0018486912617516104,-0.14939076036366303,-0.12701814105078713,0.0010780224562670477,-0.07359788687387746,-0.46227187069513576,0.0005064289539792769,-0.4407712993170391,-0.6764519995189048,0.0005191848075267743,-0.630608333882704,-0.8491037274443227,0.0009447878276557493,-0.802384820441395,-0.5644753726551087,0.0013608806672392062,-0.5010663549238437,0.12315781015812655,0.0038257758761030855,0.1924943862997983,-0.7516602591653492,0.0007343581079966634,-0.7073597759086948,0.5389581614795301,0.0005203822961342923,0.6028867108643545,0.24499150096203115,0.0007629780750970984,0.27820561109257813,0
2022-08-09,-0.058998805069965014,0.0018469872977865819,0.015602599424126522,-0.34393329614093515,0.0010705361173588863,-0.2905130419640255,-0.031223703645113014,0.0005057412495473061,-0.009723132267016302,0.4204870052784078,0.0005285432583754023,0.46633067091460856,-0.9024086800816652,0.0009261511537182375,-0.8556897730787375,0.3231776088114056,0.0013671678303090538,0.3865866265426706,-0.6703127340006645,0.00379464202633408,-0.6009761578589927,-0.9032518071961869,0.0007177332323796917,-0.8589513239395326,0.6675935932421995,0.0005306947179871555,0.7315221426270239,0.874182759899612,0.0007824647292876693,0.9073968700301591,1
2022-08-10,1.2733921477676209,0.0018738020135932087,1.3479935522617124,1.2853305327491578,0.0010983467690399828,1.3387507869260675,0.21713609305738543,0.0005083553907363644,0.23863666443548212,1.3047856898058767,0.00055669217738439,1.3506293554420776,1.0116119425918322,0.0009468689894473172,1.0583308495947599,1.2665845196430927,0.0013924246473902761,1.3299935373743577,0.8884247482533326,0.0038333107220834546,0.9577613243950044,0.47970792171994936,0.0007265803210094627,0.5240084049766037,0.09128962425805359,0.0005324175909948253,0.155218173642878,0.43399357192242305,0.0007920580288727433,0.4672076820529701,0
2022-08-11,-0.30265388125456366,0.0018668653701914262,-0.22805247676047213,-0.41882852695501266,0.001089234526181336,-0.365408272778103,-1.735701129680087,0.0004850420376516679,-1.7142005583019904,0.7194406161743386,0.0005723412150965588,0.7652842818105394,-0.4715641127236833,0.0009371107249318133,-0.4248452057207557,-0.4684636117370108,0.0013827511698449226,-0.4050545940057458,-0.715526751150577,0.0038002165490732343,-0.6461901750089052,-0.2267170137602121,0.0007224296953256791,-0.18241653050355774,0.6505522391737523,0.0005424410398158482,0.7144807885585767,1.3904749342563651,0.0008230105510657058,1.4236890443869121,1
2022-08-12,1.0279680745804645,0.0018883584528721089,1.102569479074556,1.1620078520356851,0.001114298915731544,1.2154281062125947,-0.9338663417096996,0.00047241169176463196,-0.9123657703316029,0.8117200204820968,0.0005899145417346685,0.8575636861182977,0.517632300458568,0.0009476470761787779,0.5643512074614957,0.8690692760288518,0.0013999540180423006,0.9324782937601168,1.0815319069635483,0.0038474142711384437,1.15086848310522,0.02662904049914079,0.0007229374826825734,0.07092952375579516,1.3057326267829958,0.0005621603965220053,1.3696611761678201,0.39456788703119605,0.0008316578925322241,0.4277819971617431,1
2022-08-15,0.2513212299595836,0.0018932378166378317,0.3259226344536752,0.11377029127117667,0.0011166842206848744,0.16719054544808631,0.3745918850591625,0.00047713927212289677,0.39609245643725915,0.09404384008247157,0.0005922329275455315,0.13988750571867237,0.8129732135373651,0.0009642065409688321,0.8596921205402928,0.2290911975830229,0.0014042836859815856,0.29250021531428794,0.6929077155334484,0.0038771795671260407,0.7622442916751202,1.3979447932722797,0.0007485822897256451,1.442245276528934,0.14901858362488796,0.0005646983788644859,0.21294713300971235,-0.912809822792762,0.0008111264541960507,-0.8795957126622149,1
2022-08-16,-0.12214411075017566,0.001890148883876214,-0.04754270625608412,-0.2117321387108864,0.0011120466953318297,-0.15831188453397674,0.7170036355040904,0.00048638666910489486,0.7385042068821871,0.44880275137752057,0.0006020596741389202,0.49464641701372136,-0.15099388927337443,0.0009610169111289027,-0.1042749822704467,-0.20516397851150547,0.0013999039782426606,-0.14175496078024047,-0.2887289962141721,0.0038631562608099548,-0.21939242007250032,0.1549107954301888,0.0007514092928034616,0.19921127868684313,3.718686598691991,0.000620061644748259,3.7826151480768155,-0.49166389103238445,0.0008000229940636045,-0.4584497809018374,0
2022-08-17,0.37745347041311517,0.0018977002114202361,0.4520548749072067,-0.9519185593113212,0.0010914789180178218,-0.8984983051344114,-0.0165542340968397,0.00048591930400022665,0.004946337281257012,-0.4813627934571875,0.0005921864799093307,-0.43551912782098673,-0.6317956961785642,0.0009480128138109868,-0.5850767891756365,-0.20767884575255072,0.0013954835368668002,-0.1442698280212857,-0.27544192727598754,0.0038497548481352182,-0.20610535113431577,-0.7668072057546756,0.0007373707367079878,-0.7225067224980213,0.015789175568889025,0.0006205610220603345,0.07971772495371342,0.36497959202265695,0.0008080086068719565,0.39819370215320393,1
2022-08-18,-0.1925229511100035,0.0018931168429119202,-0.11792154661591198,0.2103376420175134,0.0010959587282401463,0.263757896194423,-0.4220961036634616,0.00048009929234365715,-0.40059553228536493,-0.4470547172561061,0.0005830599114084886,-0.40121105161990533,0.2596018597197431,0.0009532260428938631,0.3063207667226708,-0.2794691400452171,0.0013896376665440396,-0.21606012231395208,-0.16057418821024175,0.0038414879175342645,-0.09123761206857,0.15946809775127832,0.0007402870877672906,0.20376858100793266,-0.30288184407630125,0.0006163533168922585,-0.2389532946914769,1.1304405811160778,0.0008329935749575359,1.1636546912466248,0
2022-08-19,-0.851750893798663,0.0018745430765716076,-0.7771494893045715,-1.3061759092518124,0.001067840996527944,-1.2527556550749026,1.2407683475998965,0.0004962199396565033,1.2622689189779932,-1.3269543018216408,0.0005553789832574423,-1.28111063618544,-0.5088363741212676,0.0009427651141098508,-0.4621174671183399,-0.8216488373889475,0.0013729781435570364,-0.7582398196576824,-0.5735471924652958,0.0038149050316285925,-0.5042106163236241,-0.7203050369606111,0.000727140095650846,-0.6760045537039567,-1.156051960158809,0.000599569347443563,-1.0921234107739846,-0.18964834136126726,0.0008286093381763077,-0.15643423123072026,0
2022-08-22,-1.2596925102539636,0.001847355623619096,-1.185091105759872,-1.3421546027968037,0.0010390123695926722,-1.2887343486198939,-0.31223820194258045,0.0004918484879307177,-0.29073763056448376,-0.9012409258750285,0.0005367353125668357,-0.8553972602388277,-1.374025872113077,0.0009147114733992228,-1.3273069651101492,-1.6700632152065091,0.0013394320602214847,-1.6066541974752442,-0.629728350460554,0.0037858887352975744,-0.5603917743188822,-1.2288547917360506,0.0007047502675518928,-1.1845543084793961,-1.3886550600632648,0.0005793945465990719,-1.3247265106784405,-0.06984011098343187,0.0008268922944013287,-0.03662600085288485,1
2022-08-23,-0.17903344970409846,0.0018431280109165533,-0.10443204521000692,-0.2225864160037506,0.0010342520982735098,-0.16916616182684094,-0.7435048644231854,0.0004818119269296043,-0.7220042930450887,-0.5561565550154111,0.0005254010015819557,-0.5103128893792104,-0.7636906744874847,0.0008991320991494923,-0.716971767484557,-0.3215447602924772,0.001332828091731393,-0.2581357425612122,0.48599565290228286,0.003806360498373294,0.5553322290439546,-0.563845987998182,0.0006945200494785471,-0.5195455047415276,-0.37772177619837943,0.0005741439130351975,-0.31379322681355504,2.0555975002927,0.0008722746461415647,2.088811610423247,1
2022-08-24,0.017721766845626152,0.001843074560741151,0.09232317133971768,-0.12935847712000248,0.0010314989887576433,-0.07593822294309283,-0.2958833183188195,0.0004776806585986245,-0.2743827469407228,0.07964795191639878,0.0005274690872491072,0.12549161755259958,-0.23232728586777363,0.0008943818359332698,-0.1856083788648459,-0.19209768667453847,0.0013288149074227235,-0.12868866894327344,-0.015913649623057625,0.0038045781077291688,0.05342292651861411,-0.0819500905736329,0.0006930785844979849,-0.03764960731697852,0.472356409857096,0.0005814035899800117,0.5362849592419203,0.2580507336075546,0.0008777712998954443,0.2912648437381016,1
2022-08-25,0.6933280306400661,0.0018573070275763528,0.7679294351341577,1.2707352715019113,0.0010587069711826746,1.324155525678821,0.7543090776740152,0.0004873468292087319,0.7758096490521119,1.183643174838168,0.000552736109065342,1.2294868404743688,0.7361688495484913,0.0009092964504985829,0.782887756551419,0.5438420019996208,0.0013394419905501088,0.6072510197308859,-0.15440665213653962,0.003796677930890824,-0.08507007599486789,0.8683780759400678,0.0007089094497071079,0.9126785591967221,0.43012171629988966,0.0005880271583364053,0.49405026568471405,0.2213959599325846,0.0008824455589796433,0.25461007006313163,0
2022-08-26,-2.0146258890486193,0.001814310682055812,-1.9400244845545274,-2.804574375310007,0.0009987590538046791,-2.7511541211330974,-1.4397405959024425,0.0004682166333520764,-1.4182400245243458,-1.7402896377331332,0.0005165606674022817,-1.6944459720969323,-2.02398167242521,0.0008682253761912145,-1.977262765422282,-2.1753432606141376,0.0012960434413120043,-2.1119342428828722,-0.7328532214775872,0.0037632542354665765,-0.6635166453359156,-2.022045586462615,0.000672238730697996,-1.9777451032059603,-2.392302305805023,0.0005532278718226015,-2.3283737564201985,-0.6391486158912556,0.0008681038056774702,-0.6059345057607086,0
2022-08-29,-0.7791002888045535,0.0017974763558241819,-0.704498884310462,-0.4774773205940011,0.0009886215971695673,-0.42405706641709145,-0.6622334865038256,0.0004593140524104781,-0.6407329151257289,-0.17226546863933795,0.0005133484729523454,-0.12642180300313716,-0.46829711273209035,0.0008587458006776808,-0.42157820572916266,-0.6472792102016108,0.0012830532612441998,-0.5838701924703458,-0.34875874734508977,0.0037468439902518767,-0.279422171203418,-0.20958538399240362,0.0006685118245142745,-0.16528490073574925,0.6566629947845524,0.0005631876816617876,0.7205915441693768,1.098224407819487,0.0008921228784714428,1.131438517950034,0
2022-08-30,-0.86222967415781,0.001778926482114139,-0.7876282696637185,-0.2765262527718572,0.0009827915031144683,-0.22310599859494754,-0.3113235086701309,0.0004550230467301127,-0.2898229372920342,-0.036792791215180844,0.0005129813054363346,0.009050874421019952,-0.29744103484247547,0.000852742838197411,-0.2507221278395477,-0.5297613143228695,0.0012724200810508687,-0.46635229659160454,-0.6847287232341924,0.0037156671239729016,-0.6153921470925207,-0.3254638019141233,0.0006626941324681032,-0.2811633186574689,-0.2869363879644635,0.0005593121450439393,-0.22300783857963913,-1.9060600362078521,0.0008498816305433356,-1.8728459260773052,0
2022-08-31,-0.6218802949547649,0.0017654770037530668,-0.5472788904606734,-0.3895591675640634,0.0009745661755051861,-0.33613891338715374,-0.5776542870782803,0.0004472597164283841,-0.5561537157001836,-0.3535576462548925,0.0005059861181293113,-0.3077139806186917,-0.6093738275776683,0.0008404499916901775,-0.5626549205747406,-0.3756133099719466,0.0012648613427408842,-0.3122042922406815,-0.2546123838155184,0.003703487415619759,-0.18527580767384663,-0.8382216301565559,0.0006476116833469258,-0.7939211468999016,-0.024779668482519432,0.0005592786687882963,0.03914888090230496,-0.40114144486706144,0.000840861275629489,-0.3679273347365144,1
2022-09-01,0.16761004073558455,0.0017686601991717653,0.24221144522967608,0.6609215696203683,0.0009887121394859773,0.714341823797278,2.033236629789626,0.00047360725515941136,2.0547372011677227,0.30923864748573837,0.0005128611422403688,0.3550823131219392,0.09874380160949874,0.0008424764418219778,0.14546270861242644,-0.2873874504032945,0.0012590635299679208,-0.22397843267202946,0.06911076768181323,0.0037055658443515167,0.13844734382348498,0.38361533481925547,0.0006546447364992106,0.42791581807590984,1.0148451566044787,0.0005744318201887613,1.0787737059893032,-0.9187566543186633,0.0008204779669470062,-0.8855425441881163,0
2022-09-02,-0.775034508679182,0.0017520334358066692,-0.7004331041850904,-0.9293512234404018,0.0009690242198546383,-0.875930969263492,-1.3247639383762537,0.0004560951077206528,-1.303263366998157,-0.40755622245449485,0.0005047536455460947,-0.3617125568182941,-0.4901927638522843,0.0008326242303926645,-0.44347385684935664,-0.9755933762281562,0.0012396844863256501,-0.9121843584968913,-0.6866386790595373,0.003674450841037512,-0.6173021029178656,-0.7534388329185271,0.0006411342644724055,-0.7091383496618727,-0.8793046464911567,0.0005619128982553682,-0.8153760971063323,0.8685542368355258,0.0008393996206173849,0.9017683469660728,0
2022-09-06,-0.4973584257630776,0.0017412697027930986,-0.42275702126898607,-0.5438553804026124,0.0009575641846549091,-0.4904351262257028,0.20257464656535257,0.00045852230906996135,0.22407521794344928,-0.03217659529866931,0.000504493634117962,0.013667070337531487,0.20596560513215567,0.0008368142519727119,0.25268451213508336,-0.6640333731060045,0.0012264947317089398,-0.6006243553747395,0.31421670844698757,0.0036873084062798807,0.38355328458865934,0.22216248176567863,0.0006452474086332388,0.26646296502233296,-0.4315767257314722,0.0005559471761915809,-0.36764817634664787,-0.3627175883303916,0.0008312629335407936,-0.32950347819984455,1
2022-09-07,0.40161277028220776,0.0017493740333171723,0.4762141747762993,1.2036642033590186,0.0009831945134665104,1.2570844575359283,0.43053017922364956,0.0004639113754601596,0.45203075060174625,0.9373517658791373,0.0005244355813368472,0.9831954315153381,0.7044170501256599,0.0008510234483487529,0.7511359571285876,0.9825958399934911,0.0012457882549656535,1.046004857724756,0.7631454878389698,0.003719810523532897,0.8324820639806416,0.49229685843314896,0.0006542181490062058,0.5365973416898033,1.8394793354229628,0.0005830619288099013,1.903407884807787,-0.4530576716379852,0.0008211636311121672,-0.4198435615074382,1
2022-09-08,-0.569538621952597,0.0017371249042466444,-0.4949372174585055,-0.5506313052652475,0.0009716003415073695,-0.4972110510883378,0.6452843675796364,0.00047208108647871645,0.6667849389577329,1.1602480368603294,0.0005489738823102978,1.2060917024965303,0.18986995975575285,0.0008548611378189699,0.23658886675868057,0.027780166364937443,0.0012462411994367223,0.09118918409620246,0.41311973717927675,0.0037369208113621068,0.48245631332094846,0.04234517266726908,0.000655072411860788,0.08664565592392345,0.31267355557550613,0.0005879112173960423,0.37660210496033053,0.36932928808623744,0.0008290926238042769,0.4025433982167845,1
2022-09-09,0.8949125868622014,0.0017555348701351905,0.969513991356293,1.0118186695254092,0.0009931000173809365,1.065238923702319,0.13885517719521542,0.0004736556458270678,0.1603557485733121,0.2029735376426919,0.0005535562245390879,0.2488172032788927,0.892218899245211,0.0008727905200204001,0.9389378062481387,1.1941572964964913,0.0012696327992767333,1.2575663142277562,0.8174545888002183,0.0037716742817798673,0.88679116494189,1.2952507232718602,0.0006784473346221378,1.3395512065285147,0.15873319699662036,0.0005905134504095291,0.22266174638144476,0.7912686128552631,0.0008462331516865603,0.8244827229858102,1
2022-09-12,1.9070183246555636,0.0017950532479761067,1.9816197291496553,0.04310027416348304,0.000994072805650116,0.0965205283403927,-0.05652660409926246,0.0004726919055016809,-0.03502603272116575,0.5667201117376793,0.0005656834013860594,0.6125637773738801,0.36360796520148664,0.000880080665157236,0.4103268722044144,0.38982068239150647,0.0012771718774117558,0.4532297001227715,0.320035892917863,0.003784626181437122,0.38937246905953476,0.37299657965168453,0.0006852111768550759,0.4172970629083389,0.6020098151398289,0.0005995435749682508,0.6659383645246533,0.5328790316445977,0.0008576914298453539,0.5660931417751448,0
2022-09-13,-3.0942832749193516,0.0017300965156881742,-3.0196818704252597,-3.0537806018878277,0.0009296395517526073,-3.000360347710918,-2.1780145776795785,0.000444235286064252,-2.1565140063014816,-1.8448735056608885,0.000527751695074738,-1.7990298400246878,-2.1032777719873166,0.0008379377537689947,-2.0565588649843884,-3.072454274090211,0.0012167470208930733,-3.009045256358946,-1.063188611624826,0.003737197065277463,-0.9938520354831542,-2.06127269980676,0.0006482955461178389,-2.0169722165501054,-1.5932311378157165,0.0005767279300018313,-1.5293025884308922,-1.18279020491531,0.0008316807980180481,-1.149576094784763,1
2022-09-14,0.41713200734859335,0.0017384929358574357,0.4917334118426849,0.2781031819444058,0.0009356361145258468,0.33152343612131546,1.6891841912594974,0.0004659057000262449,1.710684762637594,-0.16594022377278136,0.0005246964929872135,-0.12009655813658057,0.02082617419525212,0.0008383903104629666,0.06754508119817984,-0.013460081280817056,0.001216420702993663,0.049948936450447956,0.8137983382442188,0.0037716790126368044,0.8831349143858905,-0.12227442487959667,0.0006462027855667357,-0.07797394162294231,-0.22829001627284387,0.0005737287848307393,-0.16436146688801948,1.1748446871032368,0.0008571258994288943,1.2080587972337837,0
2022-09-15,-1.0487390002181305,0.001716340391508204,-0.9741375957240389,-1.0657607932297923,0.0009132991973206002,-1.0123405390528826,0.18988448182391027,0.00046814006099487037,0.21138505320200698,0.7344046512215684,0.0005402870666665341,0.7802483168577692,-1.5095701429705317,0.0008082502564140387,-1.462851235967604,-1.5476840884187375,0.001186050218906564,-1.4842750706874726,0.02340402885537683,0.0037716742910054867,0.09274060499704857,-1.2574745949757076,0.0006237953973823443,-1.2131741117190533,-0.8601513093568112,0.0005615950476055696,-0.7962227599719868,-1.4642651903507413,0.0008250416383179417,-1.4310510802201943,0
2022-09-16,-0.6386091007743755,0.0017027682680877036,-0.5640076962802839,-0.10778662140793556,0.0009111768693126041,-0.054366367231025906,1.2436513914694611,0.000483982821408909,1.2651519628475578,-0.3928442119140543,0.0005325325762936143,-0.3470005462778535,-0.35629703887870207,0.0008012032494066299,-0.3095781318757743,-0.2061545546636847,0.0011819879503392973,-0.1427455369324197,-0.10175409896835726,0.0037662261896938055,-0.032417522826685516,-0.6787451554083902,0.0006117836628087313,-0.6344446721517358,-0.21936915415522823,0.0005587474451115045,-0.15544060477040383,-0.8739682579143612,0.0008058678660240807,-0.8407541477838141,1
2022-09-19,1.2161654243455555,0.0017277735391354964,1.2907668288396472,0.08016207167244326,0.0009130114444880159,0.13358232584935292,-0.6742334429602679,0.0004750418221787058,-0.6527328715821712,0.4317262925700795,0.0005418286799782055,0.47756995820628023,-0.23388806732799813,0.0007966129590659356,-0.18716916032507042,-0.1125992886211645,0.0011797625545271167,-0.04919027088989949,0.39485244123644075,0.003782365103343332,0.4641890173781125,-0.0969629749639318,0.0006101887513824882,-0.05266249170727743,0.570213646059005,0.0005673042491768261,0.6341421954438294,-0.03850696615760286,0.0008048909534357196,-0.005292856027055841,0
2022-09-20,0.7315603678504671,0.001742664440945531,0.8061617723445585,-1.0057703483091691,0.0008920304798221736,-0.9523500941322595,-0.674412765924472,0.0004661176159976421,-0.6529121945463753,-1.0667479477716684,0.0005201824580047098,-1.0209042821354675,-0.1764796487366632,0.0007931763564293371,-0.12976074173373547,-0.5267531658379243,0.001169457491015435,-0.46334414810665925,-0.09641729099490974,0.003777148834491547,-0.027080714853238007,-0.37296252200678265,0.0006036729254985412,-0.3286620387501283,-0.49413130366907604,0.0005604944384287708,-0.43020275428425164,-0.43453788803376187,0.0007953189679983663,-0.4013237779032148,0
2022-09-21,-1.1175954654443412,0.0017191740015385544,-1.0429940609502497,-0.9887448407898418,0.0008714515627562358,-0.935324586612932,-0.870528025362683,0.00045468703704545845,-0.8490274539845863,-1.5387105347445706,0.0004888534300277549,-1.4928668691083697,-1.547788390372934,0.0007624525255653479,-1.5010694833700062,-0.8535175098447918,0.0011528026810155357,-0.7901084921135267,-0.7016586698862832,0.003745704760388958,-0.6323220937446115,-1.6187008577060236,0.0005749685423774009,-1.5744003744493693,0.6128740289747491,0.0005696456390749838,0.6768025783595734,-0.8264866271439594,0.0007772679513172547,-0.7932725170134124,0
2022-09-22,-0.4026691414114937,0.0017105446653625858,-0.32806773691740215,0.3871455032416734,0.0008797575136465215,0.44056575741858306,1.4504705944062755,0.0004731369990375542,1.4719711657843721,-0.6349608003564843,0.00047620118477807136,-0.5891171347202835,-1.1279127321655877,0.0007401425099471149,-1.08119382516266,0.4015657614436612,0.0011606307913863414,0.4649747791749262,-1.0686006948738742,0.0036984367078095265,-0.9992641187322023,-0.43813587120129227,0.0005673438286783244,-0.3938353879446379,-0.8225538999964987,0.0005581219491256722,-0.7586253506116744,-0.23883545017238225,0.0007719851340282082,-0.20562134004183524,0
2022-09-23,-0.8528699609341349,0.0016926169015888943,-0.7782685564400433,-0.7644519811401984,0.0008639320492575504,-0.7110317269632888,0.24780281695099513,0.0004760936210212813,0.26930338832909184,-1.0095110557638887,0.0004558713758022911,-0.9636673901276879,-0.9057421968897243,0.000722292682183144,-0.8590232898867968,-0.758393121264763,0.001145871782558369,-0.6949841035334979,-1.2004478178605353,0.003645565558544674,-1.1311112417188638,-0.6341148235665041,0.0005562499135605177,-0.5898143403098497,-1.9134782618559523,0.0005309414464619403,-1.849549712471128,-2.652371002422519,0.0007144871936906564,-2.619156892291972,0
2022-09-26,0.04171369674913273,0.0016932208001158215,0.11631510124322426,-0.34702031275009726,0.0008568717129697887,-0.2936000585731876,-0.5285465777055617,0.000469078628915228,-0.507046006327465,-1.1606039911327553,0.00043248014105803093,-1.1147603254965543,-0.6804749309677712,0.0007089502483206108,-0.6337560239648437,-0.17152796177551458,0.0011425512328414307,-0.10811894404424957,-0.008535262965122869,0.0036443147950944305,0.06080131317654887,-1.141260418412293,0.0005361697276141073,-1.0969599351556387,0.648098122751305,0.0005406006662383485,0.7120266721361294,-1.049081763380757,0.0006917681770464326,-1.0158676532502098,0
2022-09-27,0.26329126515255286,0.0016983991683936109,0.3378926696466444,-0.40053248156102655,0.0008487082532145527,-0.3471122273841169,-0.40161181215449104,0.00046370616637424206,-0.3801112407763944,-0.5015618646387541,0.00042266632896634194,-0.4557181990025533,-0.7176205618720702,0.0006948999676952135,-0.6709016548691427,-0.3031308098627302,0.001136682458818725,-0.2397217921314652,0.5487519627501417,0.0036671239807801676,0.6180885388918135,-0.9462081232309391,0.0005195938082416464,-0.9019076399742848,-0.2670123967699692,0.0005371131711365721,-0.2030838473851448,0.9981999612922824,0.0007133043168357547,1.0314140714228295,1
2022-09-28,-0.7256547623601282,0.0016831656990480154,-0.6510533578660366,1.2767517525684462,0.0008755715473109088,1.330172006745356,0.6920088257972036,0.0004723531649669091,0.7135093971753003,1.0008492669716484,0.0004436795809134058,1.0466929326078491,0.6457900720620356,0.0007078728360532315,0.6925089790649633,1.0154394026142988,0.0011564011363091493,1.078848420345564,0.3543814303016612,0.0036815029493507128,0.42371800644333296,0.39671534845821965,0.0005268606107355251,0.441015831714874,1.1581065294929254,0.0005540530367541593,1.2220350788777496,1.7576908921766046,0.0007511769791428992,1.7909050023071518,0
2022-09-29,-2.6022921228439055,0.0016292926750962411,-2.527690718349814,-1.390358438060867,0.0008467671572065502,-1.3369381838839571,-0.9331701248986228,0.00046018717837369383,-0.9116695535205261,-0.9231779435337873,0.0004252388362432783,-0.8773342778975864,-0.6768096922448226,0.000694660629244671,-0.6300907852418949,-0.8739328955668499,0.0011394705839962718,-0.8105238778355849,-1.7457961227475816,0.0036053820504203986,-1.6764595466059098,0.24978796344481474,0.0005315100147866463,0.2940884467014691,-0.5425975117881207,0.0005466141118339793,-0.47866896240329626,-0.1329052799217868,0.0007482323351684222,-0.09969116979123979,0
2022-09-30,-1.6204310064697884,0.0015957455658995607,-1.5458296019756967,-0.9774699487321314,0.0008266236251264251,-0.9240496945552217,-0.6108712584876319,0.0004521665080475254,-0.5893706871095352,-0.8553946466442226,0.0004082240806843749,-0.8095509810080218,-0.5010741496794758,0.0006849483216355297,-0.4543552426765481,-1.1234667415228983,0.0011177461965230595,-1.060057723791633,-0.34101694142430794,0.0035898720091600243,-0.27168036528263617,-0.845770292398069,0.0005167685122963034,-0.8014698091414146,-1.4924395199993772,0.0005256098775422037,-1.428510970614553,-0.7935491326739009,0.0007310740089999644,-0.7603350225433538,1
2022-10-03,1.5079370397945735,0.0016265992947145896,1.5825384442886652,1.5364341996840511,0.0008588280710255812,1.589854453860961,-0.1026747961574173,0.0004506515749279821,-0.0811742247793206,1.5543963756351602,0.0004405000952612535,1.600240041271361,1.1111267259445567,0.0007070742004683905,1.1578456329474844,1.7789893419019716,0.0011521851147278572,1.8423983596332365,-2.190009421039159,0.0034949142937016307,-2.120672844897487,1.3039775910321167,0.0005400482424474621,1.3482780742887712,1.5526264183954133,0.0005481431097498314,1.6165549677802373,2.565374370475914,0.0007861740913399733,2.598588480606461,1
2022-10-04,1.2439553797530236,0.001651965175178671,1.318556784247115,1.4933934005287592,0.0008900698531042852,1.546813654705669,1.2074395253684713,0.00046584998468790967,1.228940096746568,2.3762585982047666,0.0004894885128565339,2.4221022638409675,1.9449795653009734,0.0007455924295138831,1.9916984723039013,1.7871938443842346,0.0011867096850585442,1.8506028621154995,0.6456260319440723,0.0035219206636586523,0.7149626080857441,1.2742984565262527,0.0005627548244617025,1.318598939782907,0.8975854840624093,0.0005612825710679836,0.9615140334472337,1.760417996452624,0.0008238681611917218,1.793632106583171,1
2022-10-05,0.031074197949799928,0.0016523892146194541,0.10567560244389146,-0.15849696910667999,0.0008869483163820834,-0.10507671492977032,-0.27669036680374615,0.00046210662574410947,-0.25518979542564946,-0.6850640301445564,0.000475933921297733,-0.6392203645083556,0.47476743013654443,0.000755075180342412,0.5214863371394721,0.006970413098563858,0.0011868144319648025,0.07037943082982888,-0.9210386148314603,0.003481667824908346,-0.8517020386897887,0.6072355035009774,0.0005736501076418969,0.6515359867576318,-0.7978975735262865,0.0005502286551574108,-0.7339690241414621,1.955643593337908,0.000865671413399343,1.988857703468455,0
2022-10-06,-0.4155648690739775,0.001643657012638332,-0.3409634645798859,-0.058433714991533506,0.0008859087348214545,-0.005013460814623853,-1.6277690134195866,0.0004411748914208266,-1.6062684420414899,-1.1010796417258844,0.0004539317116782713,-1.0552359760896834,-0.8376691112530611,0.0007387182678659426,-0.7909502042501334,-0.5927232762847737,0.001175360915630375,-0.5293142585535087,-0.3433058390558924,0.0034662556482659944,-0.27396926291422063,-0.7079686267005199,0.0005613538587520074,-0.6636681434438655,-0.7550939484219231,0.0005398074939373907,-0.6911653990370988,1.4265550932825475,0.0008960462457861427,1.4597692034130947,0
2022-10-07,-1.9641575996772227,0.001603233126545505,-1.889556195183131,-1.4274600940861675,0.0008565068672689258,-1.3740398399092577,-0.8968141032255674,0.0004295809223713039,-0.8753135318474707,-1.079953376010397,0.0004324058601258315,-1.034109710374196,-0.810065762812862,0.0007229382976934603,-0.7633468558099343,-2.8466618995970148,0.0011205366056154867,-2.78325288186575,-1.626210798832626,0.003395961643360664,-1.5568742226909542,-0.612157578053992,0.0005507695463724495,-0.5678570947973376,-1.819350128909399,0.0005142714777453677,-1.7554215795245747,-0.5298965931598446,0.0008844676106823093,-0.4966824830292976,0
2022-10-10,0.04662183229692856,0.0016040251531151785,0.1212232367910201,-0.4760441297909229,0.0008468582716051142,-0.42262387561401327,0.08715647218322481,0.0004305087866607889,0.10865704356132153,-0.5294789397959516,0.00042211749322415906,-0.4836352741597508,-0.6265966157131159,0.0007107933513613503,-0.5798777087101883,-1.2293464865984987,0.0010969330053352782,-1.1659374688672337,-0.08147596045841386,0.003391867871660375,-0.012139384316742125,-0.5817790244256928,0.0005407415366599595,-0.5374785411690385,0.37404920200905534,0.0005199528992851674,0.43797775139387973,-1.1000487452489693,0.0008607187129529343,-1.0668346351184221,0
2022-10-11,-0.6023359997211988,0.001591554937925833,-0.5277345952271073,-0.4068284381627976,0.0008386610121838016,-0.35340818398588797,1.1771451790266576,0.0004452641051916211,1.1986457504047543,-1.5399947127927593,0.00039132670617174716,-1.4941510471565584,-1.099677009339089,0.0006893963616382583,-1.0529581023361614,-0.9801772715331488,0.0010781661942380106,-0.9167682538018838,-0.7825980194271805,0.0033578345340447005,-0.7132614432855088,-1.0435028581370054,0.0005226265791350745,-0.999202374880351,1.8553036423188671,0.0005466458111246471,1.9192321917036912,-0.451456664993973,0.0008508775159830638,-0.418242554863426,0
2022-10-12,-0.3115599047828163,0.0015850462959260034,-0.23695850028872475,0.14545519332154588,0.0008418875262459606,0.19887544749845554,-0.04185103509279468,0.0004445384622590905,-0.02035046371469797,0.7919747935362988,0.0004079142665612466,0.8378184591724995,-0.5472109474484113,0.0006788673609116531,-0.5004920404454836,0.019143664433014792,0.0010786180395169508,0.0825526821642798,0.014806772259457725,0.0033578977742709094,0.08414334840112947,-0.3451488248515485,0.0005168001455202301,-0.30084834159489415,-0.9015915701024676,0.0005341951436791648,-0.8376630207176432,0.18272070071466273,0.000854592533099778,0.2159348108452097,1
2022-10-13,1.6551283458253765,0.001618653592110676,1.7297297503194682,0.7285503052279328,0.0008571375473445856,0.7819705594048425,1.2316558441118197,0.00045993825447368134,1.2531564154899164,2.832360795150508,0.0004658212580958359,2.878204460786709,1.955155313972948,0.0007173314007402994,2.0018742209758758,1.9949304456505348,0.0011169489662812408,2.0583394633817997,0.43833230400436407,0.0033760136559026605,0.5076688801460358,2.112524200564538,0.0005540529929264705,2.1568246838211924,0.5630269481221274,0.0005425143056562883,0.6269554975069518,1.6867958222734518,0.0008903682357164792,1.7200099324039988,0
2022-10-14,-1.7336876503676555,0.0015831623129172283,-1.6590862458735638,-1.3369736959287557,0.0008297848728321241,-1.283553441751846,-0.3677584717729498,0.0004550767516606544,-0.34625790039485316,0.8156927948347008,0.0004827761662516213,0.8615364604709017,-1.007981720989798,0.0006977874263232825,-0.9612628139868704,-1.3905703126680558,0.0010903603303198236,-1.3271612949367906,-1.9268574601211625,0.003293381031722877,-1.8575208839794908,-0.7058084066964341,0.0005418924359373132,-0.6615079234397797,-1.100088277756222,0.0005272856672620896,-1.0361597283713977,-1.3279656576628172,0.0008618583915975203,-1.29475154753227,1
2022-10-17,1.4240702355609338,0.0016119996152599845,1.4986716400550255,1.742672980370352,0.0008658949470497169,1.7960932345472618,1.0518744269355156,0.000468161806684881,1.0733749983136123,2.1286040088704747,0.000526249729975002,2.174447674506675,1.1326768029640266,0.0007200890251392036,1.1793957099669543,2.0845602497559956,0.001130313482313699,2.1479692674872606,1.6551686655026476,0.0033632855529131607,1.7245052416443194,0.8180596434684615,0.0005564049367934978,0.8623601267251159,0.4700206479706982,0.0005342801328569618,0.5339491973555226,0.6762967695836104,0.0008760517682871922,0.7095108797141575,1
2022-10-18,0.4096039322697752,0.001620155757452113,0.48420533676386673,0.3535767701889369,0.0008733599134388588,0.40699702436584656,-0.31005396570188165,0.00046403017830457807,-0.28855339432378496,1.2857886034048533,0.0005526038913363217,1.3316322690410543,0.9237365977372474,0.0007382678698124342,0.9704555047401751,0.1600882000849795,0.0011334026160835272,0.22349721781624451,0.024935373605327903,0.0033637732034195824,0.09427194974699964,0.5763206401687155,0.0005666642546074567,0.6206211234253699,1.4982506231344201,0.0005557773030911038,1.5621791725192444,0.0548383141747245,0.0008770068761882099,0.0880524243052715,0
2022-10-19,-0.03521134607119496,0.001619262641041154,0.03939005842289658,-0.6287913615401788,0.0008606260103547725,-0.5753711073632691,-0.68047666513396,0.0004552368531923958,-0.6589760937558633,-1.0609027268715634,0.0005315393803672557,-1.0150590612353625,-0.5143925674172797,0.0007283823786249484,-0.467673660414352,-0.5269534118509435,0.0011233683023841614,-0.46354439411967846,0.13749399458745876,0.0033690375920334883,0.2068305707291305,-0.2874325370532022,0.0005618294102501987,-0.24313205379654787,-0.2737946167643374,0.0005522366000514149,-0.20986606737951302,1.4266422706685704,0.000907086058001103,1.4598563807991174,0
2022-10-20,-0.24272763450659995,0.001614162057835025,-0.16812623001250843,0.12014850726288633,0.0008632899922220626,0.17356876143979597,0.18987167001250152,0.00045742388142173154,0.2113722413905982,-0.21470188403931337,0.0005275800063157137,-0.16885821840311255,-0.31322445463244497,0.0007224338088002542,-0.2665055476295172,-0.13978806735464708,0.0011207389782199285,-0.07637904962338206,-1.7057677259482302,0.0032961320346639985,-1.6364311498065585,0.21588305603979108,0.0005657784817998352,0.26018353929644544,0.1188444279478194,0.0005542352940560131,0.18277297733264378,0.03315616224588297,0.0009075469032849941,0.06637027237642999,1
2022-10-21,1.3178538734464804,0.0016406944720256966,1.3924552779405721,0.5367285638277098,0.0008744894246354909,0.5901488180046195,1.7855183389352738,0.0004796824857950802,1.8070189103133705,2.6736278192112977,0.0005818028717553344,2.7194714848474986,1.0554121413471778,0.0007431140893264284,1.1021310483501054,1.32023601896784,0.0011459317698302648,1.383645036699105,0.781015143828259,0.0033287144470337733,0.8503517199699308,0.9632050451976298,0.0005827330870654665,1.0075055284542842,1.4334084864186156,0.0005747317802810291,1.49733703580344,0.8807271845302178,0.0009259648412586024,0.9139412946607648,1
2022-10-24,0.6871572445373351,0.001654404996952155,0.7617586490314265,0.6456225676713228,0.0008878958178289974,0.6990428218482324,1.0936330914253494,0.0004931986111749325,1.115133662803446,0.0176798685405851,0.0005824749247982509,0.0635235341767859,0.5260516073148823,0.0007534673153108408,0.57277051431781,1.0962327640037004,0.001166808773136796,1.1596417817349653,-0.4355446874021464,0.0033097512369909972,-0.36620811126047464,0.06265051213369628,0.0005839865643542205,0.10695099539035065,1.3495789145569388,0.0005940069270074749,1.413507463941763,0.3108178508884646,0.0009322819367127355,0.3440319610190116,1
2022-10-25,0.920520174735439,0.001672805824315218,0.9951215792295306,0.9189195599658173,0.0009068659685903718,0.9723398141427271,-0.15238036093766577,0.0004910421184942512,-0.13087978955956905,0.08954543565757034,0.0005845900145218838,0.13538910129377113,0.9726899668013524,0.0007724668793584256,1.0194088738042801,0.6914307123988254,0.0011799460196930231,0.7548397301300903,1.2323281371596375,0.0033613287393221784,1.3016647133013093,1.108037212201267,0.0006034037772111363,1.1523376954579214,0.2868153429544498,0.0005983151190646787,0.3507438923392742,-0.365625747707857,0.0009242834503819872,-0.33241163757731,0
2022-10-26,-1.0846218659171825,0.001650664528111193,-1.010020461423091,-4.702219567237111,0.0008109076836225428,-4.648799313060202,0.7067401623781451,0.0004996656990575928,0.7282407337562418,0.549087289611469,0.0005959274969276409,0.5949309552476697,1.3479546637867104,0.000798702113151395,1.3946735707896378,-4.286282716769677,0.0010985154408425664,-4.222873699038413,0.1763730255318984,0.0033682100216892974,0.24570960167357014,2.712824392975789,0.0006506390320238644,2.7571248762324436,0.502019127467499,0.0006056338154554661,0.5659476768523234,0.5524640752139705,0.0009356931139790823,0.5856781853445175,0
2022-10-27,-1.642363369755876,0.0016173145370620252,-1.5677619652617842,-1.5053195021836805,0.0007804214446143192,-1.451899248006771,0.026619923399524466,0.0004997497639257958,0.048120494777621176,0.15856749512243212,0.0005994086266361919,0.20441116075863291,-0.07022069323188776,0.000797417573061823,-0.02350178622896004,-1.144697730011143,0.001076859388138889,-1.0812887122798778,-0.020023144354898048,0.0033667925570235184,0.049313431786773686,0.238426657610797,0.0006548663185137572,0.2827271408674514,-0.27913472841657816,0.0006019885530581787,-0.21520617903175374,0.15511396094770594,0.0009386951285887146,0.18832807107825295,1
2022-10-28,3.8133752152645473,0.0016940110105477231,3.8879766197586387,2.191184483575736,0.0008253935894181849,2.244604737752646,1.2097936161327616,0.0005146429193394603,1.2312941875108583,0.569114947304822,0.0006111085010607755,0.6149586129410228,1.6489813290789659,0.000829396321029237,1.6957002360818936,2.1379297280649636,0.0011174650693350613,2.2013387457962286,0.30579332105948787,0.003379107486532187,0.37512989720115963,1.4359146283613962,0.0006798295788414787,1.4802151116180504,0.8731620325360677,0.0006144848481466132,0.9370905819208921,1.4082320113708178,0.0009681038538607135,1.441446121501365,0
2022-10-31,-0.8676359683003638,0.0016762860618606216,-0.7930345638062722,-0.9935950652031736,0.0008053820103110414,-0.9401748110262639,-0.44802960401172554,0.0005087764665351563,-0.42652903263362885,-0.12797815865981738,0.000608831239023728,-0.0821344930236166,-0.25666620930472916,0.0008244792966600689,-0.20994730230180145,-0.931243864553094,0.001099875737259623,-0.867834846821829,-0.1749087509722106,0.003371161765923939,-0.10557217483053885,-0.6678707390717615,0.0006683338352439645,-0.6235702558151072,-0.15751815042190165,0.0006125390303514575,-0.09358960103707725,0.01568954045623413,0.0009681303493547923,0.048903650586781144,0
2022-11-01,-0.9773594646669675,0.001656390573918734,-0.9027580601728761,-2.227487714150161,0.0007602970803369857,-2.174067459973251,-0.4407304186469964,0.0005030133311375685,-0.4192298472688997,0.8877757048807586,0.0006268687884977061,0.9336193705169595,0.7718230441467508,0.0008394289722321794,0.8185419511496785,-0.9971034413991516,0.001081077146454075,-0.9336944236678866,-0.03904200484405192,0.0033689458785898154,0.030294571297619817,-0.11077881952965447,0.0006664927217608708,-0.0664783362730001,-0.397059188760731,0.0006072502281267078,-0.3331306393759066,0.45534077433368764,0.0009774044732205548,0.4885548844642347,0
2022-11-02,-1.9943301628366408,0.0016160996465505266,-1.919728758342549,-2.021021820000263,0.0007195034803845636,-1.9676015658233532,-1.2951465090577616,0.00048660094270420713,-1.273645937679665,-0.5225651797804302,0.0006166982917144909,-0.4767215141442293,-2.198303834880661,0.0007970642962496898,-2.1515849278777335,-1.9991678128926007,0.0010433838757401754,-1.9357587951613358,-1.456783255832808,0.003307178268037023,-1.3874466796911362,-1.7747718704187962,0.0006359185773906684,-1.730471387162142,-0.5554450735082387,0.0005997615891803093,-0.4915165241234143,-1.0446973807096651,0.0009551400401621034,-1.0114832705791181,0
2022-11-03,-2.2567794491007653,0.0015706233498350237,-2.1821780446066734,-2.12357613357965,0.0006767110760951229,-2.07015587940274,0.11952952681463444,0.0004878561732546345,0.14103009819273116,0.047938060983145014,0.00061793250706308,0.0937817266193458,-1.832227870817704,0.000761840190772671,-1.785508963814776,-1.5181040014940501,0.0010148485802455828,-1.4546949837627852,-0.03154795484298724,0.0033053475415844307,0.0377886212986845,-1.8918243300315505,0.000603388217657291,-1.847523846774896,-0.07972711228542134,0.0005989217097238569,-0.01579856290059695,0.6357989816645455,0.0009681963620521525,0.6690130917950926,1
2022-11-04,-0.1748047401458722,0.0015669929942097578,-0.10020333565178066,1.8668360508734456,0.0007149768111848253,1.9202563050503554,0.3474500329576644,0.0004919468735737134,0.36895060433576105,1.3705734268620555,0.000645528520148087,1.4164170924982564,1.548821751151154,0.000791762901954295,1.5955406581540816,1.760542775563502,0.0010481928913609088,1.8239517932947669,-0.9657212268399634,0.0032643589499271515,-0.8963846506982917,0.6413724291217676,0.0006145825242995655,0.685672912378422,0.06772063184888885,0.0006001374148800849,0.13164918123371325,0.5027969445351679,0.0009784368144060594,0.5360110546657149,1
2022-11-07,0.12619625826161793,0.0015694001977252115,0.20079766275570946,1.0685583440378759,0.0007369824211911176,1.1219785982147854,0.7034701112465759,0.0005004577224675058,0.7249706826246726,0.2275174510979582,0.000650306369060747,0.273361116734159,1.0917931563007828,0.0008128366838727395,1.1385120633037102,1.5385605716557076,0.001077287168334806,1.6019695893869725,-1.302165911699394,0.0032093652537581482,-1.2328293355577222,0.9041647773634176,0.0006302780868168025,0.948465260620072,0.7138776533082778,0.0006103418812971238,0.7778062026931022,0.5496022162008413,0.0009896366009807514,0.5828163263313882,1
2022-11-08,0.14026360592224746,0.0015720839696369746,0.214865010416339,0.1822295674168008,0.0007409951711296529,0.23564982159371045,0.39054406152261584,0.000505062519651596,0.4120446329007125,-0.014310189491271925,0.0006502639087391387,0.03153347614492887,0.055515063199731624,0.0008139631866206445,0.10223397020265934,0.17677112785597796,0.0010806971091648478,0.24018014558724296,-0.7913211801269228,0.003175855933073652,-0.721984603985251,0.4584397229985465,0.0006382754449617088,0.5027402062552009,0.11288963420456745,0.0006121712000532493,0.17681818358939183,0.12269151059247548,0.0009918798611823106,0.1559056207230225,0
2022-11-09,-1.7825789854915874,0.0015363204030886314,-1.7079775809974955,-0.9573297675346568,0.000721948129254311,-0.903909513357747,-0.6841994365322929,0.0004963164668737029,-0.6626988651541962,-0.719338381486995,0.0006362114481165501,-0.6734947158507942,-1.7108419189941335,0.0007811957212772292,-1.6641230119912056,-1.1060463722303953,0.0010599864505924192,-1.0426373544991303,-1.833608154854408,0.0030988565217728485,-1.7642715787127365,-2.2452612663260156,0.0005998041406823666,-2.200960783069361,-1.7865259577161272,0.0005876207910722494,-1.7225974083313031,-2.2349397759051404,0.000944833887459775,-2.2017256657745934,1
2022-11-10,4.504068355865366,0.001626184965908882,4.578669760359458,3.802383656457412,0.0007991229773574831,3.8558039106343216,0.9492985312263531,0.0005078450493483208,0.9707991026044498,2.0850711961456483,0.0006778588996384953,2.130914861781849,3.627668915130096,0.0008508220314634859,3.6743878221330237,4.439238756944093,0.0011434479574352976,4.502647774675358,1.7507378053250078,0.0031716576683788636,1.8200743814666795,3.549839906718893,0.0006608750481162644,3.5941403899755473,1.4712599139620375,0.0006083131301535172,1.5351884633468618,0.6898726789884663,0.0009589629191075029,0.7230867891190133,1
2022-11-11,0.9169732852898136,0.0016442984059029339,0.9915746897839052,1.2838424904366619,0.0008252977482800657,1.3372627446135716,-2.501138871390173,0.000476605755714601,-2.479638300012076,0.038475719694657816,0.0006788350723647845,0.08431938533085861,0.27442784302008255,0.0008560977889711113,0.3211467500230103,0.8668841293448105,0.001159725134213204,0.9302931470760756,0.6083139970732646,0.0031966634253153157,0.6776505732149364,-0.21032633249594365,0.0006573499036799105,-0.16602584923928929,0.050565449206308725,0.0006092752185754047,0.11449399859113311,1.503359266004214,0.0009900333827491511,1.536573376134761,0
2022-11-14,-0.5627205036298178,0.0016328834071841114,-0.48811909913572626,-0.42797529148030206,0.0008168979287560917,-0.3745550373033924,1.281042278797146,0.0004922363502169486,1.3025428501752427,-0.577726105494997,0.0006676019600763074,-0.5318824398587962,-0.034091965786175536,0.0008554612716042503,0.012626941216752176,-1.2948711177421937,0.001135458660789854,-1.2314621000109285,-0.699941327845473,0.0031671117834619696,-0.6306047517038013,0.49900400536132933,0.0006659814755117332,0.5433044886179836,-2.241141989271485,0.0005785097833650877,-2.1772134398866605,0.11046575699715752,0.0009920122484971458,0.14367986712770453,1
2022-11-15,0.5361974546346924,0.001643371526083972,0.610798859128784,1.402746308140769,0.000845396234875958,1.4561665623176787,0.20991863019260545,0.0004945929685063691,0.23141920157070217,-0.4208655056690781,0.0006594961736309961,-0.3750218400328773,0.6073851096345995,0.0008670838386071588,0.6541040166375272,0.031756403163890244,0.0011360768083542637,0.09516542089515526,0.3780188601266893,0.0031824859548886396,0.44735543626836105,0.8617543617246526,0.0006808022202341459,0.906054844981307,4.78102564318449,0.0006449200806538279,4.844954192569315,0.2967014550539073,0.0009978642295919637,0.32991556518445436,0
2022-11-16,-0.5033303028886911,0.0016331621066745566,-0.4287288983945995,0.15841480947880338,0.0008487941048937217,0.21183506365571303,0.49291160130675277,0.000500439729908315,0.5144121726848495,0.024252513603383787,0.0006602069515120235,0.07009617923958458,-0.16378353469391907,0.0008639616814802739,-0.11706462769099137,0.036389642791667766,0.0011367803374803184,0.09979866052293278,-1.018985490626985,0.0031397441284005284,-0.9496489144853133,-0.0015359333697368765,0.0006808363672442887,0.04276454988691749,0.46872221102517375,0.0006516187035053383,0.5326507604099981,-0.5592896243021386,0.0009859019174799605,-0.5260755141715915,0
2022-11-17,0.5929098820865674,0.0016447553417404486,0.6675112865806588,-0.305535118606436,0.0008428576084786399,-0.25211486442952635,0.6473965636128087,0.0005081804754630045,0.6688971349909053,-0.27142030143924967,0.0006550768093007208,-0.22557663580304885,-0.27981270508761874,0.000858633278946952,-0.23309379808469105,-0.07472945624649927,0.0011354064965195976,-0.011320438515234253,-0.5632129457757523,0.003116020403492924,-0.4938763696340806,0.1979245241481828,0.0006842763445868091,0.24222500740483716,-0.3133967046962428,0.0006475094755398938,-0.24946815531141844,0.03216568595046948,0.0009862521715294256,0.06537979608101649,1
2022-11-18,0.12001894567381187,0.0016469383703985982,0.1946203501679034,-0.5343003112028192,0.0008323387590695198,-0.48088005702590947,0.6136129018966336,0.0005154890310852871,0.6351134732747303,0.4619771136137977,0.0006644267738438967,0.5078207792499985,0.33351066355141656,0.0008649996480901238,0.38022957055434425,-0.16758144123728397,0.0011323025696195256,-0.10417242350601896,-0.4698379846796364,0.0030962195486094533,-0.4005014085379647,-0.0982222574408259,0.0006826575858932984,-0.05392177418417153,1.0523986458323331,0.0006622389554034635,1.1163271952171574,-0.45980760921927,0.0009763908902264011,-0.42659349908872296,0
2022-11-21,-1.1902768503461454,0.0016231351159471164,-1.1156754458520537,-1.008694800269066,0.0008123234417097586,-0.9552745460921562,0.40455324595425524,0.0005202086852433661,0.4260538173323519,-0.3514399899425952,0.0006577256511261556,-0.30559632430639433,-0.8954201732720428,0.0008479656287735819,-0.8487012662691151,0.12491611392706471,0.0011346582761488822,0.18832513165832973,-1.7524873546976016,0.0030232924741395444,-1.6831507785559299,-1.316911481918791,0.0006602747917681328,-1.2726109986621368,0.389771564612356,0.0006678120127435705,0.4537001139971804,-0.5206270071095196,0.0009652887260632725,-0.4874128969789725,1
2022-11-22,0.679870492824345,0.0016364257012835392,0.7544718973184364,0.7179780858470528,0.0008269564310108173,0.7713983400239625,0.3788357839801598,0.0005246024012936594,0.4003363553582565,0.728509222319027,0.0006723017003847924,0.7743528879552277,1.0169483991362054,0.0008673229230273617,1.063667306139133,0.6104091609947839,0.0011460514432035211,0.6738181787260489,0.22982213687048839,0.003032598304373242,0.2991587130121601,1.1195232972820361,0.0006794139047534469,1.1638237805386906,0.2007676125553379,0.0006707732103509934,0.26469616194016227,1.3904160970493429,0.0009937916990138652,1.4236302071798899,1
2022-11-23,0.2303666232809251,0.0016407941685478145,0.30496802777501664,0.6854899375439827,0.0008409091248622949,0.7389101917208923,0.06755032332941883,0.0005251623631123701,0.08905089470751554,0.5062275747274179,0.0006824759363394099,0.5520712403636187,0.5252866072244402,0.0008773031886128657,0.5720055142273679,0.5061789308262526,0.0011554821046977917,0.5695879485575177,1.8561857552808667,0.003109161685788385,1.9255223314225385,0.3542808775398159,0.0006855003164545104,0.3985813607964702,0.29262377569095116,0.0006749909352319922,0.35655232507577556,-0.2788991614851868,0.0009876961186940667,-0.24568505135463978,0
2022-11-25,-1.082899623089272,0.0016191924920658084,-1.0082982185951805,-0.5699727679798451,0.0008297215365329169,-0.5165525138029354,0.08619383857788362,0.0005259500279461977,0.10769440995598033,0.05279350544339709,0.0006837198091790313,0.09863717107959788,0.3608449198077558,0.0008841432611607457,0.40756382681068354,-0.08330155437599114,0.0011539368968371223,-0.019892536644726122,-0.11502345866055579,0.0031041107835264015,-0.04568688251888405,0.538300280481679,0.0006947005973487791,0.5826007637383334,0.25200444468346206,0.0006786423361363615,0.31593299406828645,-0.20649097894193727,0.0009831096443156816,-0.17327686881139026,0
2022-11-28,-1.4261697926954369,0.0015908556939129158,-1.3515683882013452,-0.7892140522554538,0.0008141758570728629,-0.7357937980785442,0.02057606568645661,0.0005259314762880801,0.04207663706455332,-0.9507472597872018,0.0006652623182678312,-0.9049035941510009,-1.0693778359993131,0.0008638619548722791,-1.0226589289963854,-1.3305842682565103,0.001129235128997929,-1.2671752505252454,-0.06125943616770287,0.0031012896409829804,0.008077139973968864,-0.7529327327397364,0.0006819680865138377,-0.708632249483082,0.14903182676167515,0.0006808738389048021,0.2129603761464995,-1.5112714514276055,0.0009515896053330609,-1.4780573412970586,0
2022-11-29,-1.162888874520078,0.001567770523762837,-1.0882874700259866,-0.5087973674735944,0.0008042592771454631,-0.4553771132966848,-0.6010246214473047,0.0005182985342415561,-0.579524050069208,0.8057906709526594,0.0006812869671914066,0.8516343365888602,-0.2738979761926164,0.0008586835103704546,-0.22717906918968866,-0.3871348392498916,0.0011220838185751673,-0.3237258215186266,-0.35060895370188677,0.0030865413875513924,-0.281272377560215,-0.6678796409984622,0.0006707034370310063,-0.6235791577418078,-0.3245322887154895,0.0006766115210679907,-0.2606037393306651,0.29395744751036146,0.0009573725502810045,0.3271715576409085,1
2022-11-30,2.426044616172204,0.0016154640146285404,2.5006460206662955,3.0454755863477616,0.0008652394381700512,3.0988958405246714,0.8774490757370128,0.0005287735806136801,0.8989496471151095,0.5683143793069521,0.0006926270659977122,0.6141580449431528,2.026905943976333,0.0008970349994025306,2.0736248509792605,3.309340620818248,0.0011834444078445787,3.372749638549513,1.8188659266432337,0.003161201940819635,1.8882025027849054,2.2299288003735867,0.0007085418810007504,2.274229283630241,-0.3303015613479744,0.0006722788722486312,-0.26637301196315,0.3229643680353544,0.000963741524614939,0.3561784781659014,1
2022-12-01,0.022737359854560806,0.001615743712442542,0.09733876434865234,-0.053420254176909654,0.0008643628024677512,0.0,0.3230635705128189,0.0005324501003898434,0.3445641418909156,-0.7727035776209702,0.0006777009082462943,-0.7268599119847694,0.6152489110517662,0.0009086345051022112,0.6619678180546938,-0.15993800089781907,0.0011804584617607545,-0.09652898316655406,-0.06933657614167174,0.00315799910197382,0.0,-0.044300483256654366,0.000707824006754549,0.0,0.3978299601661922,0.0006779124333303623,0.4617585095510166,-0.2719071183306245,0.0009578512119944175,-0.23869300820007747,0
2022-12-02,-0.24809554050259663,0.0016106959886806572,-0.1734941360085051,-0.33040460667110605,0.0008579757096181993,-0.2769843524941964,0.043388749109939166,0.0005327036450430802,0.06488932048803588,-0.45624937601025434,0.0006689916012690067,-0.41040571037405355,-0.15669401163201302,0.000905638879527728,-0.10997510462908532,0.007505320339267539,0.0011805750810443044,0.07091433807053256,-0.04910607106687794,0.0031556345238491794,0.020230505074793795,0.13783439743799905,0.0007101861635300683,0.18213488069465342,-0.1363810176378826,0.0006762364794076016,-0.0724524682530582,-0.45074556969319995,0.000948294873846191,-0.4175314595626529,0
2022-12-05,-0.4854114669394231,0.0016009955627488079,-0.4108100624453316,-0.5395343710592722,0.0008474438753321207,-0.48611411688236256,-0.06781941833592714,0.0005315999188609864,-0.04631884695783043,-1.497597959016307,0.0006399622705009867,-1.4517542933801064,-0.6379240433622655,0.000893574514580616,-0.5912051363593378,-1.097860493045821,0.0011602706587756568,-1.034451475314556,-1.6371412598694381,0.0030880486769542773,-1.5678046837277664,-1.1392328338704005,0.0006909794389863389,-1.0949323506137463,-0.8230930877903476,0.0006651918993052157,-0.7591645384055232,-1.3816325837270595,0.0009196328164104688,-1.3484184735965126,0
2022-12-06,-1.3801504399926168,0.001573752182944747,-1.3055490354985253,-1.3315506952183926,0.0008212033395655967,-1.2781304410414829,-1.2638767329259415,0.0005159210641099525,-1.2423761615478448,0.04086026028620691,0.0006410074693839067,0.0867039259224077,-1.3356571423773744,0.0008683903077733519,-1.2889382353744467,-1.1746684558094613,0.0011385897192452159,-1.1112594380781964,-0.4241932047443786,0.0030703689797402936,-0.35485662860270684,-1.3333878462908477,0.0006685363947560057,-1.2890873630341935,-0.9237581135303156,0.0006527971767912871,-0.8598295641454912,-1.4011979448800858,0.0008906270984191455,-1.3679838347495386,0
2022-12-07,-0.7839825002001962,0.0015582539699855406,-0.7093810957061047,-1.1232492118814446,0.0007991485947378465,-1.0698289577045348,0.48207416898122796,0.0005215317540430184,0.5035747403593246,-0.08124804247327468,0.0006396705850927672,-0.03540437683707389,-0.06368374519296179,0.0008671947621096941,-0.016964838190034064,-0.23087769246805492,0.0011343531746995962,-0.1674686747367899,-0.8606228452555386,0.0030348354781223057,-0.7912862691138668,-0.40803694738051355,0.0006617322573353083,-0.36373646412385924,-0.44946629300212687,0.0006468873805772947,-0.3855377436173025,-0.14217453781516812,0.0008874943121451722,-0.10896042768462111,1
2022-12-08,0.549763123014621,0.0015689138963676974,0.6243645275087125,-0.7123411195644861,0.0007852827732824072,-0.6589208653875764,-0.007490568555170792,0.0005211764238398135,0.01401000282292592,0.49747584648489585,0.0006496047472770015,0.5433195121210966,0.5320407948104875,0.0008772015313104603,0.5787597018134152,0.6152208744234904,0.001145708937768015,0.6786298921547554,-0.15420347115255306,0.0030283009354369677,-0.08486689501088132,0.32742131002175723,0.0006673229687836694,0.3717217932784116,0.05077935767440584,0.0006477960369386489,0.11470790705923023,0.33239833117309064,0.000894088440555732,0.3656124413036376,0
2022-12-09,-0.25136304380930297,0.0015638748060451018,-0.1767616393152114,-0.5310172606757514,0.0007750352131852513,-0.47759700649884174,-0.7043490584586545,0.0005123542669203268,-0.6828484870805578,-0.3263711866334973,0.0006434939036732962,-0.28052752099729644,-0.40401031647554775,0.0008696076623702783,-0.35729140947262006,-0.5014361692005318,0.001136495525771605,-0.4380271514692668,0.7269261473499595,0.0030578247842115366,0.7962627234916313,-0.15884561956260945,0.0006647245642799108,-0.1145451363059551,-1.7918691707014198,0.0006236563163001563,-1.7279406213165955,-0.4479733816339437,0.0008847011582779266,-0.41475927150339664,1
2022-12-12,0.7688259430311196,0.0015787902410273173,0.8434273475252112,0.20955363375529834,0.0007794573208562317,0.262973887932208,0.9688536714306252,0.000523860529062512,0.9903542428087219,0.7572195866045535,0.0006584515337717483,0.8030632522407543,1.3889442812091353,0.0008956696477030157,1.435663188212063,1.517746970896694,0.0011644159080792173,1.581155988627959,-1.6133390994231613,0.0029916500251643955,-1.5440025232814896,1.6456567050150783,0.0006924483038321298,1.6899571882717326,1.3177865362436536,0.000641791223185035,1.381715085628478,1.178857837869657,0.0009085878356026762,1.212071948000204,1
2022-12-13,0.27443656103912406,0.0015840202460030567,0.3490379655332156,1.2111085265483357,0.0008036621373933611,1.2645287807252454,0.6169557319241941,0.0005310763384776326,0.6384563033022908,-0.09598677643662884,0.0006568163790730733,-0.050143110800428055,-0.19942232195727677,0.0008919072363944448,-0.15270341495434905,0.8924646036638123,0.0011807982035149705,0.9558736213950774,-1.0770949248852033,0.00294750085131655,-1.0077583487435315,-0.47681715431672916,0.000684493092877386,-0.4325166710600748,-0.3292042405685783,0.0006375476449864528,-0.26527569118375394,0.5049078240086319,0.0009186637127509789,0.538121934139179,0
2022-12-14,-0.8740855923937089,0.0015668315749281503,-0.7994841878996174,-0.3512387905180031,0.000796976002662745,-0.29781853634109345,0.2328425738785564,0.000533624349467579,0.2543431452566531,-0.3045520466504851,0.000651139836005855,-0.2587083810142843,0.007331171281574713,0.0008920238333695222,0.05405007828450243,0.0004944370938467312,0.0011807849344598385,0.06390345482511174,-0.7040814944602886,0.0029186535937732266,-0.6347449183186168,0.03439646068615446,0.0006851253602102006,0.07869694394280884,-0.4758315131410226,0.0006313255324232394,-0.4119029637561982,-0.39573189117854407,0.0009103457879649916,-0.36251778104799703,0
2022-12-15,-2.4857448221458975,0.001518264740672453,-2.4111434176518056,-2.3056368119161705,0.0007517601459388062,-2.2522165577392608,-1.068060029196968,0.0005204233732411726,-1.0465594578188713,-1.330353011909023,0.000625601444668575,-1.284509346272822,-1.7354837240262881,0.0008595387697929679,-1.6887648170233605,-1.8103448704450864,0.0011475862282593584,-1.7469358527138215,0.06725172262009332,0.002921291291411751,0.13658829876176506,-1.5629199228609503,0.0006590010641223928,-1.5186194396042958,-0.7256489152627544,0.0006217338351116375,-0.66172036587793,-0.5047458004851876,0.0008998228331477055,-0.47153169035464054,0
2022-12-16,-0.8248298739803219,0.001502135478060524,-0.7502284694862305,-0.38926912289274646,0.0007443901628241834,-0.3358488687158368,-0.871342108907326,0.00050962719995626,-0.8498415375292293,-0.368188645835411,0.0006187359340133541,-0.3223449801992102,-0.11020852272141701,0.0008574910497115471,-0.06348961571848928,-1.0129260557706006,0.0011290529168951958,-0.9495170380393355,-1.2309637501240922,0.0028710824032496494,-1.1616271739824204,-0.338075472547343,0.0006534248968011438,-0.2937749892906886,-1.394224322991309,0.0006031191523392639,-1.3302957736064847,-0.3786230314058052,0.000891888787326018,-0.34540892127525824,0
2022-12-19,-0.8933195469380398,0.0014847062553261807,-0.8187181424439484,-1.0789452048098709,0.0007234609029779778,-1.0255249506329611,-0.11113442524351433,0.0005080344611458982,-0.08963385386541761,0.26249713930681334,0.0006240782242254114,0.3083408049430142,-0.7568009650137913,0.0008433763628355251,-0.7100820580108637,-1.011798242759352,0.0011105773361948076,-0.948389225028087,-0.12832806124893975,0.002865809718396588,-0.058991485107268024,-0.6434246382970575,0.0006427554870215827,-0.5991241550404032,-0.037975364650043086,0.0006028660842514489,0.025953184734781302,0.18771873611390957,0.0008954896281420201,0.22093284624445658,0
2022-12-20,-0.10180896950369893,0.0014826928407977776,-0.02720756500960739,0.280109948975085,0.0007292953353194846,0.33353020315199466,0.06823032814852713,0.0005086091165058211,0.08973089952662383,0.20493223082020393,0.0006282979484886313,0.25077589645640475,0.21881888844842204,0.0008474852853388228,0.26553779545134976,0.24388062974064711,0.0011150812585937963,0.3072896474719122,-2.051936288816181,0.0027824074940610306,-1.9825997126745096,0.11357732230457766,0.000644749275625686,0.15787780556123204,0.5846120303355035,0.0006110169201719531,0.6485405797203277,0.678083491116291,0.0009090469759925118,0.711297601246838,1
2022-12-21,1.1506401905255386,0.0015049972277459494,1.22524159501963,0.2665297883766924,0.0007348513631714668,0.31995004255360204,0.9267795137647459,0.0005195314985634872,0.9482800851428426,0.5365014376992961,0.0006389071903427022,0.5823451033354969,0.38166547804725287,0.0008546200646767704,0.4283843850501806,0.5318892781161407,0.0011248331411243119,0.5952982958474058,-0.11042441405312384,0.002777960478992448,-0.0410878379114521,0.37848652191042687,0.0006511586191228365,0.42278700516708123,0.5172549816764275,0.0006182432245363676,0.5811835310612519,0.5987543022035621,0.0009209669587839933,0.6319684123341092,0
2022-12-22,-1.297949855566366,0.0014797700889494017,-1.2233484510722745,-1.0867343513426182,0.0007138414405080691,-1.0333140971657084,-0.32468128961034654,0.0005153621380943971,-0.30318071823224985,-0.6334607942022096,0.0006269422334658675,-0.5876171285660089,-0.693526300049459,0.0008417282241781914,-0.6468073930465313,-1.4606297644185398,0.0010982328401876473,-1.3972207466872746,-2.2560431345605068,0.0026865377982755205,-2.186706558418835,-0.5509993443030289,0.0006420638280879258,-0.5066988610463745,-0.9314757432182115,0.0006059398356895218,-0.8675471938333871,-1.0260795530740614,0.0008999140904236233,-0.9928654429435142,1
2022-12-23,-0.21859182748995978,0.0014755050345976238,-0.14399042299586826,0.7984928642672634,0.0007298300062945601,0.8519131184441732,0.18914007349523046,0.0005173822979562291,0.21064064487332718,0.19982581520186274,0.0006310481442250136,0.24566948083806353,0.27984471348448164,0.0008469612317964148,0.3265636204874094,0.060662263921485896,0.0010993980224620083,0.12407128165275091,-0.5013930260499452,0.002666360957532998,-0.4320564499082734,0.18055295256306475,0.0006451674839343332,0.22485343581971912,0.08581680976339615,0.0006073508566707595,0.14974535914822054,1.268269218875448,0.0009253825768206368,1.3014833290059953,0
2022-12-27,-0.7887886002041096,0.0014602123294685325,-0.714187195710018,-1.102194012493651,0.0007085641795543045,-1.0487737583167411,-0.04484663071469506,0.0005165864065079653,-0.02334605933659835,0.13556196620046712,0.0006339095480217203,0.1814056318366679,0.35277659397181277,0.0008535385808181361,0.39949550097474046,-0.4691906757582049,0.0010909184919086449,-0.40578165802693983,-2.8779032902657344,0.0025500712222023534,-2.808566714124063,0.0895314786652563,0.0006467509633595125,0.13383196192191066,-0.043305938262784505,0.0006070231710619585,0.020622611122039884,0.6505923712326185,0.0009382997715927259,0.6838064813631655,0
2022-12-28,-1.653678821899818,0.0014282267816392274,-1.5790774174057263,-0.8507287331499623,0.0006922604014279513,-0.7973084789730527,-0.3811375062787425,0.0005117546126900532,-0.35963693490064585,0.23711469819962794,0.0006387170164523901,0.28295836383582873,-0.698831475289454,0.0008405878498796648,-0.6521125682865263,-0.624673198510282,0.0010796291429786469,-0.561264180779017,0.7452275475236054,0.0025804581317471955,0.8145641236652772,-0.4216544745885529,0.0006398370070007977,-0.3773539913318985,-1.3621775428729703,0.0005889831809459371,-1.298248993488146,-0.8416295155537542,0.0009210216906077025,-0.8084154054232071,1
2022-12-29,1.3829823868229738,0.0014549624911588616,1.4575837913170653,1.3833155962678887,0.0007196529822819038,1.4367358504447985,0.4007106134797392,0.0005163099113256917,0.4222111848578358,0.2512038434116194,0.0006437854397673511,0.29704750904782024,0.9348720115859771,0.00085794983094042,0.9815909185889048,1.448798129977623,0.0011060207530669353,1.512207147708888,1.920414312231757,0.002658237901962049,1.9897508883734285,0.8524902488882514,0.0006540879826755113,0.8967907321449058,0.3870276387339463,0.0005944482065127394,0.4509561881187707,0.33914100607317593,0.0009276269115231278,0.37235511620372297,1
2022-12-30,0.05244837182654591,0.0014559693625794197,0.12704977632063744,-0.17992001505770658,0.000716468374761809,-0.12649976088079692,-0.4462656812928083,0.0005107076168671351,-0.4247651099147116,0.2961590769776931,0.00064970608287343,0.34200274261389396,-0.12063592523603427,0.000855728870161208,-0.07391701823310654,-0.33364106307585234,0.0011000193233120833,-0.27023204534458733,0.20549286621766083,0.0026666845550044564,0.2748294423593326,-0.13065002865060923,0.0006520064364555432,-0.08634954539395488,-0.25156649517951263,0.0005913428452751063,-0.18763794579468826,0.46255651079690707,0.0009367092585478284,0.4957706209274541,0
2023-01-03,-1.99946421714494,0.001417417108067352,-1.9248628126508482,0.4596173023545404,0.0007257649129585559,0.5130375565314501,0.7010364455561432,0.0005188498769470919,0.7225370169342399,0.3479426505714002,0.0006566072538327848,0.393786316207601,-0.19011759656146177,0.0008522267623430124,-0.14339868955853402,-0.11818776051483289,0.0010979351133717503,-0.054778742783567876,-3.083063797680855,0.002542588155900328,-3.013727221539183,-0.15093428353849206,0.0006495929636449526,-0.1066338002818377,0.8818304912734215,0.0006034203026521675,0.9457590406582459,-1.724290517943833,0.0009016917517512383,-1.691076407813286,1
2023-01-04,0.45617615283463425,0.0014262346149446076,0.5307775573287258,-0.646932497513249,0.0007134800343814304,-0.5935122433363393,0.880800233539932,0.000529125674102967,0.9023008049180287,0.4369354657556058,0.0006651983329403995,0.4827791313918066,1.2442706754115402,0.0008752444246137727,1.290989582414468,-2.4575357350686002,0.001053493976757029,-2.3941267173373353,1.192278575589085,0.00259085997423535,1.2616151517307568,1.4628880651413052,0.0006738945593808752,1.5071885483979595,0.018610357164788444,0.0006039263996171509,0.08253890654961284,0.11001734609744752,0.0009036824598640948,0.14323145622799455,0
2023-01-05,-0.6203221762643802,0.0014143228340780546,-0.5457207717702888,-1.138976025762735,0.0006916406774612304,-1.0855557715858255,-0.6334333793506894,0.0005212913324928893,-0.6119328079725928,-0.057321292809872026,0.0006643202223218971,-0.011477627173671234,-0.5570147269555252,0.0008649550207095177,-0.5102958199525975,-1.6855280219007172,0.0010231065646932244,-1.6221190041694522,-0.7842045914314163,0.0025595431843991644,-0.7148680152897445,-0.4667599902099807,0.0006662421559282584,-0.4224595069533264,-0.31642879581054995,0.0005999540645523084,-0.25250024642572555,1.067931820640228,0.0009249403540197739,1.101145930770775,1
2023-01-06,1.8188403180646182,0.0014493176839056139,1.89344172255871,0.6191986590392046,0.0007040377472412114,0.6726189132161142,0.6506072349008397,0.0005287971063748992,0.6721078062789364,0.9448581873070009,0.0006825905952106848,0.9907018529432017,2.4678293627940624,0.0009104857328301729,2.5145482697969905,0.5816143775263862,0.001033751607335476,0.6450233952576513,0.5375099653756776,0.002581394368554994,0.6068465415173494,1.839092697334268,0.0006966934337679199,1.8833931805909223,1.7511423901593075,0.0006235930728537107,1.8150709395441318,0.5616414562074632,0.0009359808233004124,0.5948555663380103,1
2023-01-09,0.13581143934005532,0.0014519258941431753,0.21041284383414688,0.3425465277424535,0.0007110352647317033,0.39596678191936313,-2.1687209429296828,0.0005026735083186091,-2.147220371551586,-0.25977825374003827,0.0006778328941149821,-0.21393458810383742,0.43453140611219493,0.0009184549690032227,0.4812503131151226,0.4694876334121381,0.0010423512332882047,0.5328966511434031,1.3916836780746797,0.0026374888517918743,1.4610202542163515,0.18945487298932276,0.0006998624045375379,0.2337553562459771,-0.987622904731361,0.0006106571104074368,-0.9236943553465367,-0.9504681563772569,0.00091663927986496,-0.9172540462467098,1
2023-01-10,0.1547174370151479,0.0014548916290397333,0.22931884150923942,0.17770616011470441,0.0007148194580276005,0.23112641429161407,-0.2197757804890475,0.0004998156059665468,-0.19827520911095078,0.4177193757552173,0.0006860026960300467,0.4635630413914181,-0.04093142793434014,0.0009176548524477656,0.005787479068587575,0.3534833463248658,0.0010488415625206364,0.41689236405613084,-0.25843228479439545,0.0026273024123954834,-0.1890957086527237,0.637779153599005,0.0007104160092716037,0.6820796368556594,-0.10993645452086244,0.0006094412657666716,-0.04600790513603805,0.7018195329146495,0.0009304778684289819,0.7350336430451965,1
2023-01-11,1.011857091977428,0.001474277826209421,1.0864584964715194,1.729710603048136,0.0007486904828397534,1.7831308572250457,-0.15396371621927113,0.0004977464628017878,-0.1324631448411744,0.33890689159291876,0.0006926551177750528,0.38475055722911955,0.9432565230764108,0.0009349580651530747,0.9899754300793385,1.5915695034870772,0.0010776278820602673,1.6549785212183423,0.8358232636602041,0.002660972784949803,0.9051598398018759,0.22925339702145106,0.0007142206516260797,0.2735538802781054,0.5856169344338148,0.0006174864575532735,0.6495454838186392,0.5389932954077569,0.0009410263788209711,0.5722074055383038,1
2023-01-12,-0.10544513112183553,0.0014722348257714421,-0.03084372662774399,-0.2701513480464214,0.000743754451509893,-0.21673109386951173,-0.4385655881575087,0.0004922981494784801,-0.417065016779412,-0.0977592628648611,0.0006909847546702551,-0.05191559722866031,0.22998090661201215,0.000939121132382243,0.2766998136149399,0.5726519327647849,0.0010880159250720419,0.6360609504960499,-0.0014106172460524047,0.002661069622181627,0.06792595889561934,0.3654995629635891,0.0007202594698582567,0.4098000462202434,-0.7331816657722953,0.0006079783228327528,-0.6692531163874709,0.7843236570543468,0.0009564652973147161,0.8175377671848938,1
2023-01-13,0.44613578326829956,0.0014807455917643184,0.5207371877623911,0.49909646008287945,0.0007537149498121472,0.5525167142597891,-0.2929910608930406,0.0004885893968447795,-0.2714904895149439,1.2606361915643014,0.0007151422524828349,1.3064798572005023,-0.6523490781355114,0.0009270796293161126,-0.6056301711325837,0.10180822319893279,0.0010899161947332122,0.1652172409301978,-0.30044797184558764,0.002649210183987872,-0.2311113957039159,-0.19424350926049005,0.0007170859526245808,-0.1499430260038357,0.18165574812085242,0.0006106425013763004,0.24558429750567679,-0.06364015267075344,0.0009549154043372037,-0.030426042540206425,1
2023-01-17,0.3760087187235063,0.001487899662902738,0.4506101232175978,-0.5116598984460086,0.0007441145037970328,-0.4582396442690989,-0.5328199686503119,0.00048204254243214083,-0.5113193972722152,-0.8459148794438731,0.0006992437977496365,-0.8000712138076722,-0.12096888124315305,0.0009248064268024695,-0.07424997424022534,0.19283526147657098,0.001093448084466121,0.256244279207836,1.758870548170302,0.0027196285981324316,1.8282071243119737,-0.060414100224318666,0.0007161162556744217,-0.016113616967664297,-0.5126728406410601,0.0006040863693826413,-0.4487442912562357,-0.12890755759827152,0.0009520645606035711,-0.09569344746772451,0
2023-01-18,-0.3509515037266739,0.001481162879801562,-0.27635009923258236,-0.14813299479051026,0.0007415542260289851,-0.09471274061360062,-1.2716874234127917,0.0004667510371876769,-1.250186852034695,-1.6012259759348715,0.000669045504266759,-1.5553823102986706,-0.9160619150867517,0.0009079713426479857,-0.869343008083824,-1.097242928054465,0.0010738187494210506,-1.0338339103232002,-0.5767014197720094,0.002696711494879705,-0.5073648436303376,-0.9948684076330487,0.0006998190958481309,-0.9505679243763945,-1.895456093007938,0.0005792089612411605,-1.8315275436231138,-1.044279054502252,0.0009309487777984963,-1.0110649443717048,0
2023-01-19,-0.051762878818583075,0.001480144866529179,0.022838525675508457,1.0238265248992293,0.000761612463772339,1.077246779076139,-0.133786067372261,0.000464963418137907,-0.11228549599416429,-0.7357931386227526,0.0006553108611966061,-0.6899494729865518,-0.1891483341223781,0.0009044735111077943,-0.1424294271194504,-0.9639558075008949,0.001056617826781777,-0.9005467897696299,-0.37710238579544114,0.0026817962273153204,-0.30776580965376943,0.2149157618605877,0.000703380496377736,0.25921624511724206,-1.1212623259720182,0.0005646352485493397,-1.0573337765871937,0.28270765057805985,0.0009363347024988756,0.31592176070860684,1
2023-01-20,0.9145050425996689,0.001497537579054211,0.9891064470937604,2.663081356910235,0.0008132305270802123,2.716501611087145,-0.40770402766520963,0.00045993902549621655,-0.38620345628711295,0.080943320463073,0.0006570693054784427,0.1267869860992738,1.168642827256386,0.0009258089127826647,1.2153617342593137,1.8928912675717986,0.001090624701371135,1.9563002853030635,1.1405317292354942,0.0027273501644086567,1.209868305377166,1.0152473261141184,0.0007200383056871864,1.0595478093707726,0.8486164856271143,0.0005761572851023923,0.9125450350119387,0.864254039078378,0.0009532947978940224,0.897468149208925,1
2023-01-23,1.1347456927823438,0.001519087998610175,1.2093470972764353,0.8649771398481797,0.0008301202045404328,0.9183973940250895,-0.23270251523728114,0.0004569926061833122,-0.21120194385918442,0.7935258359061962,0.0006723049310253308,0.839369501542397,0.2796088739914664,0.0009308630043880229,0.32632778099439413,0.474277181092786,0.001099178529344495,0.537686198824051,1.8366604364688317,0.002800511122865152,1.9059970126105035,-0.07900899880658785,0.0007187653701728233,-0.034708515549933476,1.0431138178371635,0.0005902279909256122,1.1070423672219878,-0.28938560338081715,0.0009472630283412912,-0.25617149325027017,1
2023-01-24,0.44324289960320834,0.001527447949104104,0.5178443040972999,-1.1186186472825896,0.0008088148009031729,-1.0651983931056799,-0.02150057137809671,0.000456545450991352,0.0,0.3991952813126591,0.0006800581008297938,0.44503894694885987,0.15723133580826962,0.0009336739863867049,0.20395024281119734,-0.18524207322759365,0.0010959249143899894,-0.12183305549632861,-0.04536144251570616,0.0027987238407464524,0.023975133625965577,-0.12176177209045269,0.0007167963277015302,-0.07746128883379834,0.13343304864631653,0.0005922570202286396,0.19736159803114092,0.4250720255615416,0.000955447608630419,0.45828613569208865,0
2023-01-25,-0.3165086662535893,0.0015213596925009597,-0.24190726175949778,-1.3444192027509745,0.0007832111618089332,-1.2909989485740647,0.5693899776624909,0.000463068538731511,0.5908905490405875,0.20469579819694,0.0006841237681105636,0.2505394638331408,0.2891035445266583,0.0009388836039230086,0.335822451529586,-0.3867603242103181,0.0010890784942779441,-0.3233513064790531,0.023048218310514262,0.0027996564861899336,0.092384794452186,0.2258154949342499,0.0007205051394283023,0.27011597819090427,-0.4161909113256094,0.0005870303026162932,-0.35226236194078503,-0.29267634898727474,0.0009493601657188337,-0.2594622388567277,1
2023-01-26,0.6871914339091948,0.0015343304963002353,0.7617928384032864,1.1750584340658639,0.0008060346181322081,1.2284786882427736,-0.32463430577422453,0.00045904444759390186,-0.3031337343961279,0.2742215575314906,0.0006894929285731056,0.32006522316769137,-0.7688704016143919,0.0009248142088070938,-0.7221514946114642,1.6175906038089116,0.0011180086930102136,1.6809996215401768,2.630520992159202,0.002904024586854273,2.6998575683008736,-0.09487887981314376,0.0007189766633808373,-0.050578396556489394,-0.13158506733354494,0.0005855652373653686,-0.06765651794872055,1.9447762540865408,0.0009876818206526223,1.9779903642170877,1
2023-01-27,0.6295946192060281,0.0015461840455417942,0.7041960237001197,0.9114057003435354,0.0008237560211264265,0.9648259545204452,-0.345378870664737,0.0004547840101197271,-0.3238782992866403,0.07991044896364327,0.0006911899831243796,0.12575411459984406,-0.5029520265372331,0.000915610701977609,-0.45623311953430545,-0.028107097375588568,0.0011175472236540872,0.03530192035567645,2.6386253610063757,0.0030085102254702664,2.7079619371480472,1.7491066436788965,0.0007474944672746729,1.793407126935551,0.5039259249680658,0.000592471649935088,0.5678544743528902,-0.9317603726593361,0.0009689059962792216,-0.898546262528789,0
2023-01-30,-1.1078203734445389,0.0015251079170467603,-1.0332189689504474,-1.2971319618931167,0.0007991188874914767,-1.243711707716207,-3.090665193016194,0.00041824676406704915,-3.0691646216380972,-0.4849226729470784,0.000682250298279817,-0.4390790073108777,-0.4638945314098841,0.0009071351016682621,-0.4171756244069565,-1.265396099939251,0.0010950529793933603,-1.201987082207986,-1.6247031027935597,0.002943997535241315,-1.555366526651888,-0.6497299438366848,0.0007369115160726797,-0.6054294605800304,-0.6584744625837489,0.0005840726455317711,-0.5945459131989245,-0.9058935865727813,0.0009506790395502289,-0.8726794764422343,1
2023-01-31,0.38960803567849517,0.0015324064519860793,0.4642094401725867,0.943406564438589,0.0008174251746753046,0.9968268186154986,0.7049593467871546,0.00042637450759109885,0.7264599181652512,0.26301484153599475,0.0006873948290612033,0.30885850717219554,-0.12184018490516416,0.0009048876310701068,-0.07512127790223644,1.0866452042663264,0.0011144469690043154,1.1500542219975916,0.8996439258307068,0.0029794576729373235,0.9689805019723786,0.2458275823860753,0.0007409117099714448,0.29012806564272964,0.8325272804924845,0.0005952857664738068,0.8964558298773088,1.0285721878329055,0.0009707605674579104,1.0617862979634525,1
2023-02-01,0.3319740257522432,0.0015386013252752285,0.40657543024633475,0.7647310477788491,0.0008322784048770889,0.8181513019557588,0.7392075213051605,0.00043488842014287706,0.7607080926832572,-0.18270863820216438,0.0006841545782629578,-0.13686497256596358,0.4567623960373323,0.0009131415947472357,0.5034813030402601,1.027637429739945,0.0011327544595292496,1.09104644747121,1.0945984602024166,0.0030225524886301042,1.1639350363440883,0.13516921661510647,0.0007431064715754252,0.1794696998717608,0.34803439786203993,0.0006001157278853115,0.41196294724686433,-0.5719776272069201,0.0009591672965701158,-0.538763517076373,1
2023-02-02,1.8326693469419135,0.0015731244019501587,1.9072707514360052,3.648484369754144,0.0009022053425080315,3.701904623931054,0.290061371031055,0.00043811913619940657,0.31156194240915175,-0.28691396324295154,0.0006789645968560164,-0.24107029760675072,0.07655905440602287,0.0009144885346865834,0.12327796140895059,2.5026358966907503,0.0011772165980840825,2.5660449144220157,0.8615690813921294,0.003056364290914365,0.9309056575338012,-0.39180319483871184,0.0007367445977536872,-0.3475027115820575,-0.6016510426336165,0.0005924791426101837,-0.5377224932487921,-1.5730709786190376,0.0009278286386512956,-1.5398568684884906,0
2023-02-03,1.1810276475652557,0.0015952863058136403,1.2556290520593472,-1.4507102692500555,0.0008746560071488966,-1.3972900150731458,-0.4870762613316005,0.0004322397781972178,-0.46557568995350385,0.7552971514427418,0.0006933289476164167,0.8011408170789426,-0.19403148959340938,0.0009109333126185424,-0.14731258259048166,-1.3561801358757142,0.001153141372614112,-1.2927711181444492,0.1542550606554054,0.00306221505838384,0.22359163679707714,0.1043790225608503,0.0007384399266632339,0.14867950581750466,-1.0492225074016408,0.000578992226952598,-0.9852939580168165,0.30772438819310505,0.000933653582195415,0.3409384983236521,0
2023-02-06,-0.9972302271426632,0.0015763491785673767,-0.9226288226485717,-0.9659473574202464,0.0008564049643072994,-0.9125271032433367,-0.650886519019309,0.0004244547267048391,-0.6293859476412124,0.258718106985678,0.0006983622763299642,0.3045617726218788,-0.1815056001916411,0.0009076115718083531,-0.1347866931887134,-0.39814309483105514,0.0011460908592998563,-0.3347340770997901,0.5500512420128781,0.0030836489306409667,0.6193878181545499,-0.22382851150347946,0.0007348157359321459,-0.1795280282468251,-0.6024216977065227,0.0005713808547951223,-0.5384931483216983,-0.11675027605673917,0.0009311016687451789,-0.08353616592619217,1
2023-02-07,0.9157377678923347,0.0015934696410420598,0.9903391723864263,2.289361592603721,0.0009002107094426077,2.342781846780631,-0.0011956750033685515,0.00042428083467575,0.02030489637472816,0.5852534822002161,0.0007094973977907688,0.6310971478364169,0.25374060941492993,0.0009121619399155212,0.3004595164178576,2.2365161794673574,0.0011856993105128953,2.2999251971986228,0.18978137522763364,0.0030908603088858964,0.2591179513693054,0.4463419784678263,0.0007420433192125641,0.49064246172448067,0.09406927089679212,0.0005728936464076069,0.15799782028161652,1.3719188123014683,0.0009578649998243052,1.4051329224320153,0
2023-02-08,-0.9830133690160041,0.001574838378835699,-0.9084119645219125,-3.960952784687762,0.0008249634900431176,-3.9075325305108524,0.0850225883947356,0.0004251143523885413,0.1065231597728323,-0.4098492170830659,0.0007020043092206663,-0.3640055514468651,-0.7200604214123856,0.0008991222213144322,-0.6733415144094579,-0.23318802532822558,0.0011815485482599849,-0.16977900759696052,0.4910312490690448,0.003109904054526842,0.5603678252107165,-0.3342284602413335,0.0007366378860004928,-0.28992797698467915,-0.46332456014398793,0.0005671204063069636,-0.39939601075916353,-0.46147556166139586,0.0009485138882015653,-0.4282614515308488,0
2023-02-09,-0.43026989828544515,0.001566631095813623,-0.3556684937913536,-2.2849424928430073,0.0007817320552749288,-2.231522238666098,-1.1410066070402156,0.00041163946448021313,-1.119506035662119,-0.8516105232222864,0.0006862735515997236,-0.8057668575860855,-0.03658627046443157,0.0008984354245778962,0.010132636538496146,-0.7015719574626043,0.0011691293552183952,-0.6381629397313392,0.6681241306296617,0.0031358682184167374,0.7374607067713335,-0.1485503145033516,0.0007342417544819366,-0.10424983124669725,0.6229474067524903,0.0005755382156403482,0.6868759561373147,0.15255721474525272,0.0009512471269203233,0.18577132487579973,0
2023-02-10,0.05179481786301905,0.0015674905651799262,0.1263962223571106,-0.2889595529838919,0.0007765021793712266,-0.2355392988069823,0.36363124566408217,0.0004157315874281788,0.38513181704217886,0.1827451741975611,0.0006898764309173335,0.22858883983376188,-0.5663717256618227,0.0008882035428020665,-0.519652818658895,-0.1713642232811917,0.0011660940096774178,-0.10795520554992667,-1.3078085147748069,0.003084230917704262,-1.238471938633135,-0.605655275730929,0.0007244747858600037,-0.5613547924742747,1.0877990921040614,0.0005900019363779669,1.1517276414888857,2.0412637710120016,0.0009910539047371784,2.0744778811425486,1
2023-02-13,0.8931972002767515,0.0015841306796317372,0.967798604770843,-0.031907586839899624,0.000776160945133745,0.02151266733701003,0.2851382772096063,0.00041890162775742076,0.30663884858770296,0.5157848028618515,0.0006996815712217989,0.5616284684980521,0.5379547976563761,0.0008978714992135372,0.5846737046593038,1.6465644421047885,0.0011951257567663232,1.7099734598360534,-0.3506572233879381,0.0030702232616234325,-0.2813206472462664,0.3984903436218311,0.0007309130959172067,0.4427908268784855,1.0650146165882142,0.000604140887041582,1.1289431659730385,-0.22465822662965154,0.0009863425129092473,-0.19144411649910453,1
2023-02-14,-0.29202447506586543,0.0015785287677218037,-0.21742307057177393,-0.01578383162377604,0.000776126083920307,0.03763642255313361,-0.38302240544539745,0.0004142912023629065,-0.36152183406730076,0.18293793532755895,0.0007032681626452299,0.22878160096375974,-0.1725235557800958,0.0008947431123364133,-0.12580464877716807,0.10805654724711164,0.0011969943464365217,0.17146556497837664,1.7784886298420037,0.003139646050814065,1.8478252059836755,0.08912206264805231,0.0007323569054861433,0.13342254590470667,-0.2771932763377407,0.0006007824589467759,-0.21326472695291632,-0.6097466571415057,0.0009740947864328527,-0.5765325470109586,1
2023-02-15,0.6408755632965429,0.0015904024724555624,0.7154769677906344,1.1605855860604573,0.0007983743866600638,1.214005840237367,-1.3871149495360515,0.0003980178445629382,-1.3656143781579548,0.17107756684658507,0.0007066271439301755,0.21692123248278586,-0.09309546237721487,0.0008930478626397663,-0.04637655537428716,-0.5008768836974471,0.0011881407965363203,-0.437467865966182,0.5177177657980654,0.0031595954275772608,0.5870543419397372,-0.16698587723475922,0.0007296775306064165,-0.12268539397810486,0.4860383313571247,0.0006073551151736228,0.5499668807419491,-0.18118022917377935,0.0009702598976902882,-0.14796611904323234,0
2023-02-16,-0.6112938290800645,0.0015788340180924341,-0.5366924245859729,-0.8036763276837269,0.0007834081117138141,-0.7502560735068171,-0.6091495998525294,0.00039081036623508323,-0.5876490284744327,-0.7586957644093564,0.0006926949464545917,-0.7128520987731556,-0.3498851983678969,0.0008867464951062794,-0.30316629136496914,-1.5205008196983627,0.001161373986808174,-1.4570918019670978,-1.471189468017603,0.0031017464067413176,-1.4018528918759312,-0.8525720298257596,0.0007159838499286159,-0.8082715465691053,-1.2265155450157397,0.0005916675128114834,-1.1625869956309156,-0.17737361123785492,0.0009665068341146349,-0.1441595011073079,0
2023-02-17,-0.4629611269708189,0.0015700594072265595,-0.3883597224767274,-0.6711271106393453,0.0007709765715305822,-0.6177068564624356,1.7087396247761775,0.0004105086411322746,1.7302401961542742,0.10746181574828502,0.0006948761395342867,0.1533054813844858,-0.9832955195681559,0.0008690984496571577,-0.9365766125652282,-0.9173107895874263,0.0011452556765412754,-0.8539017718561612,0.6946280305017009,0.0031286038437530173,0.7639646066433726,-0.6462121036061411,0.0007056301482708161,-0.6019116203494868,1.0504351401239722,0.0006055612630553012,1.1143636895087965,-1.9256108927916242,0.0009286048457566457,-1.8923967826610772,0
2023-02-21,-1.4475624372577167,0.0015429220520743901,-1.372961032763625,-1.4333834269103307,0.0007441716674847753,-1.379963172733421,-1.256467153537399,0.0003958001193203855,-1.2349665821593023,-0.995820388109296,0.0006765822617902667,-0.9499767224730951,-0.814331336467836,0.0008545113938175317,-0.7676124294649083,-1.2065620236077292,0.0011240915616239962,-1.143153005876464,-1.3621922703075746,0.0030751489943946,-1.2928556941659028,-0.8317893753185439,0.000692319275532441,-0.7874888920618895,0.38636244956218685,0.0006108179962167447,0.45029099894701125,-0.08186208898537226,0.0009267632685576786,-0.04864797885482523,0
2023-02-22,0.0744476055926497,0.0015442209559699152,0.14904901008674123,-0.13099286437763533,0.0007419937312690808,-0.07757261020072567,-0.13688967222732046,0.00039408411079935716,-0.11538910084922376,-0.44259167512460706,0.000668578543405008,-0.3967480094884063,-0.19584069481682365,0.0008510222926697832,-0.14912178781389593,-0.3146909275336358,0.0011186066556812292,-0.25128190980237075,0.36596248214124183,0.003089167616737531,0.4352990582829136,-0.20715081022538795,0.000689044895500312,-0.16285032696873358,-1.617808019119564,0.0005901036321976856,-1.5538794697347398,-0.6707000960692525,0.0009134428996003504,-0.6374859859387054,1
2023-02-23,0.09472822372753743,0.001545895222536775,0.16932962822162897,-0.47515794690839586,0.0007333319589226812,-0.4217376927314862,-0.04775912557968452,0.0003934025011294958,-0.02625855420158781,0.36889990232469017,0.000675618143312649,0.41474356796089096,0.037868486772671,0.0008517188781421276,0.08458739377559872,0.646008330933609,0.001129961576257858,0.709417348664874,0.07896202956579074,0.0030919815785554645,0.14829860570746248,0.2577978121558082,0.0006932212784673487,0.3020982954124625,-1.168252490859605,0.0005752467199212972,-1.1043239414747807,0.41978029220231733,0.000921392025766788,0.45299440233286437,0
2023-02-24,-1.0011681437995783,0.0015271679138419937,-0.9265667393054868,-1.0382677285148372,0.000714081509580882,-0.9848474743379275,-0.9463080026174158,0.0003823372752140299,-0.9248074312393191,0.42120784290453256,0.0006836120175966689,0.4670515085407333,-0.4101805595424878,0.0008444101571855305,-0.3634616525395601,-1.2556931658108101,0.0011080130836138159,-1.1922841480795452,-0.701615131589023,0.0030644182053926597,-0.6322785554473512,-0.4721589434325309,0.0006857132169700885,-0.4278584601758766,0.1342032145671846,0.0005772572990051411,0.198131763952009,-0.02877171982736592,0.0009205959269041255,0.004442390303181099,1
2023-02-27,0.34981530669512345,0.001533598791524786,0.424416711189215,0.36884384258808967,0.0007213432354257525,0.4222640967649993,-0.20214698042475135,0.00037988559064070973,-0.18064640904665463,0.40601562495368326,0.0006913097871538985,0.451859290589884,0.31162919069059575,0.0008499975327644376,0.3583480976935235,0.14302307112966037,0.0011105620929187097,0.20643208886092537,1.274819192577572,0.0031137362612123076,1.3441557687192438,0.17390289470182427,0.0006885440897946151,0.21820337795847863,-0.5995491144353178,0.0005697866607653068,-0.5356205650504934,-0.12208792083571815,0.0009179869119974438,-0.08887381070517114,0
2023-02-28,-0.25202325407734144,0.001528836524741625,-0.17742184958324989,0.05409697586431985,0.000722674657757827,0.10751723004122951,-1.2835957012440766,0.0003649637166053032,-1.26209512986598,0.38754643357633795,0.0006986517891826015,0.4333900992125388,-0.07538030241505775,0.0008486738859136229,-0.028661395412130024,-0.22531617654884395,0.0011066722522213607,-0.16190715881757892,-0.2969791292781935,0.0031019189133777575,-0.22764255313652174,-0.15572220332136658,0.0006861069234046064,-0.11142172006471222,0.29750630464833133,0.0005739058715774778,0.36143485403315573,-0.31812934784640606,0.0009115747014578535,-0.2849152377158591,0
2023-03-01,-0.8076983617810597,0.0015137699827345238,-0.7330969572869682,0.11600236788279432,0.0007251660849886163,0.169422622059704,-0.39462651439596,0.00036031511298916495,-0.37312594301786334,-0.3347793068998603,0.0006926541580481273,-0.2889356412636595,-0.3168481937522196,0.0008430515321476641,-0.27012928674929193,-0.754629489813834,0.0010935528775218358,-0.691220472082569,-0.4211683193891024,0.003085305833405415,-0.3518317432474306,-0.4744738894388954,0.0006785902460191224,-0.43017340618224104,-1.09603586267302,0.0005600521801143672,-1.0321073132881955,0.40560297776544196,0.0009192201057616284,0.438817087895989,0
2023-03-02,0.13788187025463566,0.0015162654883664724,0.2124832747487272,0.8696588933170952,0.0007417924953702688,0.923079147494005,-0.08670413786404148,0.0003592205910314008,-0.06520356648594476,-0.5833627762378117,0.000682086431572089,-0.537519110601611,0.2672453678648785,0.000847834360999464,0.31396427486780626,1.0122453376042924,0.0011112625768590896,1.0756543553355575,-1.5104233614342564,0.003026503746179386,-1.4410867852925846,0.14767011558032117,0.0006810017920087456,0.19197059883697554,0.12108879666484021,0.0005619006789039191,0.1850173460496646,0.19313194553347857,0.0009227314602638226,0.22634605566402557,1
2023-03-03,1.7311452423194202,0.0015482709457297322,1.805746646813512,0.8587270712761705,0.000758182304188916,0.9121473254530803,0.8320496470619457,0.000368695982628311,0.8535502184400424,0.9046849753030738,0.0006989383139466863,0.9505286409392746,0.847513114548697,0.000862924596234673,0.8942320215516247,0.8476460280462873,0.0011260715907300837,0.9110550457775524,0.819160527449347,0.0030580248987789682,0.8884971035910187,1.243186024132952,0.0007008491689606252,1.2874865073896062,0.025697716999651853,0.0005625182512392704,0.08962626638447624,0.5897112475250459,0.0009339178022056221,0.6229253576555929,1
2023-03-06,0.87943795128938,0.0015644528533184825,0.9540393557834714,0.7503344190521372,0.0007725111575579069,0.8037546732290468,0.8071492777888499,0.00037786718589442176,0.8286498491669466,-0.3485693700027239,0.0006927038710673443,-0.30272570436652313,0.758681838873879,0.0008764082694588593,0.8054007458768067,0.2753300879886717,0.0011308935357582236,0.33873910571993676,-0.5646966935543765,0.003035948369283437,-0.4953601174127047,0.7531396065012153,0.0007128647149063172,0.7974400897578695,-0.07445453742746791,0.0005618472101066958,-0.01052598804264352,0.4030515022814737,0.0009414707087210878,0.4362656124120207,0
2023-03-07,-0.8206006200715928,0.0015491712095052096,-0.7459992155775014,-0.7323947967688029,0.0007590739033295299,-0.6789745425918933,-0.8046749140028654,0.00036851645253176466,-0.7831743426247687,-1.5683417940890882,0.0006640643313853675,-1.5224981284528876,-1.0681564310339664,0.0008574489058944082,-1.0214375240310387,-0.642965204409579,0.0011197422659309647,-0.579556186678314,-0.8441475347479265,0.0030031129499974566,-0.7748109586062547,-0.9897082878723112,0.0006971643498623491,-0.9454078046156569,-0.8013734490343957,0.0005518419401039836,-0.7374448996495713,-0.9845703845580025,0.0009221823603571952,-0.9513562744274555,0
2023-03-08,0.3565005665355724,0.0015556618696981096,0.4311019710296639,0.15790339614316357,0.0007623020268044012,0.21132365032007322,-0.62926887642758,0.0003611953241463675,-0.6077683050494833,-0.3521040786217076,0.0006578099921565963,-0.3062604129855068,-0.18227605434723884,0.0008542306555202105,-0.13555714734431112,-0.16030789553159308,0.0011169949417860813,-0.09689887780032805,-0.8181815877792836,0.002971342596967856,-0.7488450116376119,-0.3072499171722864,0.0006923274729826619,-0.2629494339156321,-0.6757853894371448,0.0005434670316204996,-0.6118568400523204,-0.7519681804962863,0.0009074233036639612,-0.7187540703657394,0
2023-03-09,-0.842111430238287,0.0015400206319762068,-0.7675100257441955,-1.094888044007363,0.0007421313604939601,-1.0414677898304532,-0.9534444870538368,0.00035017348440803236,-0.9319439156757402,-2.8486269515411906,0.0006057736129215505,-2.8027832859049897,-0.7322117867969608,0.0008412784030382102,-0.6854928797940331,-0.36111872414011964,0.0011107684847644532,-0.2977097064088546,-1.2975032129362458,0.002921141777834126,-1.228166636794574,-0.6318215179661237,0.0006823522859379439,-0.5875210347094694,-0.5628440333087771,0.0005365557320802991,-0.4989154839239527,-0.41358653233474174,0.0008992217835618666,-0.3803724222041947,0
2023-03-10,-0.7887972245211502,0.0015253920179931321,-0.7141958200270586,-0.9844471275796882,0.0007240592122531546,-0.9310268734027785,0.18124660127153333,0.00035216225731302407,0.20274717264963002,1.2689319292680707,0.0006292930277962608,1.3147755949042716,-1.1555793478530554,0.0008208594230689595,-1.108860440850128,-0.872500235672165,0.0010956890711010686,-0.8090912179408999,0.0046928592475315774,0.0029212234229079805,0.07402943538920331,-1.097607770895558,0.0006650159650951619,-1.0533072876389038,-0.17195142953450843,0.000534663323342869,-0.10802288014968403,-0.6420339549232118,0.0008866318249362459,-0.6088198447926648,1
2023-03-13,0.6080610731001755,0.001536520338353338,0.6826624775942671,0.2159458619234304,0.0007283930847131006,0.26936611610034006,0.7711714016468214,0.0003608941903834614,0.7926719730249181,-0.9755485538813334,0.0006116752194525292,-0.9297048882451325,-0.41747126746831265,0.0008135272738295478,-0.3707523604653849,1.110085474169964,0.0011149736864732747,1.173494491901229,0.07827622177872498,0.0029241381601077514,0.14761279792039672,-0.5069583854609366,0.0006570620710594786,-0.46265790220428227,0.1524326748997914,0.0005369246321756259,0.21636122428461577,-0.5994320007500626,0.000874886234004655,-0.5662178906195157,1
2023-03-14,0.6504333705600156,0.0015484073128535596,0.7250347750541072,1.5430818309576457,0.000757429200326242,1.5965020851345553,0.4441305100515324,0.0003658727829660744,0.4656310814296291,1.283474204220948,0.0006354104936401795,1.3293178698571488,1.214785227383136,0.0008350363789491737,1.2615041343860638,1.41738164963741,0.001139538652013729,1.480790667368675,1.1694359390701832,0.0029690215026899713,1.238772515211855,1.12555825425638,0.0006749403530266997,1.1698587375130343,0.3297725621025142,0.0005414483742383898,0.3937011114873386,0.1515730680094677,0.0008776133169946537,0.18478717814001472,0
2023-03-15,0.06029582058614282,0.0015494224211395305,0.13489722508023436,1.1048124011302893,0.0007782577897503412,1.1582326553071989,0.2100458770125611,0.0003681698107553829,0.23154644839065783,-2.491782223273806,0.0005901130878440254,-2.445938557637605,-0.7670742363938963,0.0008215361757666113,-0.7203553293909687,0.9124961607880592,0.0011553298142511468,0.9759051785193242,-0.44680534168265346,0.0029517060677515397,-0.3774687655409817,-0.6714277775362604,0.0006643936117359794,-0.627127294279606,0.7622501737986638,0.0005514861523506758,0.8261787231834882,-2.481550942706226,0.0008297180418718164,-2.448336832575679,1
2023-03-16,0.8874055579931535,0.001565627223794935,0.962006962487245,2.1744294272206592,0.0008189249657455761,2.227849681397569,-0.1933295234415602,0.00036586220036370843,-0.1718289520634635,0.95925216999105,0.000607904749178202,1.0050958356272508,-0.059040643008322964,0.0008205424730888798,-0.012321736005395245,2.1552124686084126,0.001192552101391849,2.2186214863396776,0.43269914969104917,0.0029681917001150786,0.5020357258327209,0.25458697199109037,0.0006684834019042389,0.2988874552477447,-0.4847730267064235,0.0005455959339653647,-0.42084447732159913,-0.3189448366278107,0.000823446328025269,-0.2857307264972637,0
2023-03-17,-0.35526695819838033,0.0015589986757370792,-0.2806655537042888,0.6056423968244492,0.0008303882415921945,0.6590626510013589,-0.909282981896313,0.0003554015648768717,-0.8877824105182163,-2.001910058530723,0.0005716537177321496,-1.956066392894522,0.20904829109039375,0.0008242719670019137,0.2557671980933215,0.5766332315732048,0.0012024687037386905,0.6400422493044698,-0.6041202914711589,0.0029448753892231967,-0.5347837153294871,-0.060814736125168634,0.0006675917401210407,-0.016514252868514264,0.5361157105050075,0.0005527286299850126,0.6000442598898319,-0.6129110602239227,0.0008115461452158727,-0.5796969500933757,1
2023-03-20,0.7222024845530177,0.0015721352916151425,0.7968038890471093,-0.2536183899905115,0.0008258913572267259,-0.20019813581360182,0.7997579279012014,0.0003644146536354137,0.8212584992792981,0.5014701870218472,0.0005810875455562915,0.547313852658048,-0.09885084881837707,0.0008225771213336921,-0.05213194181544935,-1.4736506396350961,0.0011770262113228347,-1.4102416219038312,0.35705694878638927,0.0029584375787359723,0.426393524928061,0.16504116226705076,0.000670260035879027,0.2093416455237051,0.7332899007875859,0.0005623585911019404,0.7972184501724103,1.2533581477599844,0.0008354426377959106,1.2865722578905314,1
2023-03-21,0.5400547951022736,0.001581911078177689,0.6146561995963652,1.8056949208283688,0.0008595653968284205,1.8591151750052786,-0.02150057137809671,0.00036407119024838697,0.0,1.342735935927015,0.0006058186418539805,1.388579601563216,0.7591279888214776,0.0008359668716529294,0.8058468958244053,0.2481961162779818,0.0011812828766640734,0.31160513400924683,1.855726703789436,0.003029352521110608,1.9250632799311076,0.9987698030431172,0.0006860460046949584,1.0430702862997716,-0.31632731379702306,0.0005586176666443502,-0.25239876441219866,2.1717418186195503,0.0008768818457024103,2.2049559287500973,0
2023-03-22,-0.5430749743069329,0.00157184942408291,-0.46847356981284133,-0.8047700306282561,0.0008448453825722639,-0.7513497764513464,-1.5510024796081279,0.00034635086402007623,-1.5295019082300312,-1.3822988818074156,0.0005809412377793103,-1.3364552161712149,-0.5820523564305551,0.0008257785722463699,-0.5353334494276275,-0.3612582883874228,0.0011750462503346732,-0.29784927065615774,-0.870481842901731,0.0029958561255239067,-0.8011452667600593,-0.559607245653514,0.0006772968341459977,-0.5153067623968597,-0.5387712858837492,0.0005520566250296089,-0.4748427364989248,-1.1596829660939438,0.0008545037164539685,-1.1264688559633966,1
2023-03-23,0.28404974729927374,0.0015769271315559273,0.35865115179336526,1.043762112102287,0.0008643449385062343,1.0971823662791966,0.022418181635870886,0.0003465235556827584,0.043918753013967596,-0.18424757892661356,0.000577879855582959,-0.13840391329041277,0.4634653682686746,0.0008339527910894211,0.5101842752716024,1.01597161473359,0.0011924934323388407,1.0793806324648552,0.06846532506293031,0.0029983038023937447,0.13780190120460203,0.6496472819436282,0.0006875617106860598,0.6939477652002826,0.5361085799483227,0.0005591563128459525,0.6000371293331471,-0.588467982939779,0.0008430863197170648,-0.555253872809232,0
2023-03-24,0.35282228633771784,0.0015832513240282484,0.42742369083180937,-0.13047915437568955,0.0008621085830483103,-0.07705890019877991,0.8120444503844195,0.00035565043616550177,0.8335450217625162,-0.8336098071717642,0.0005630360676553146,-0.7877661415355633,-0.46130062665425015,0.0008259021035918705,-0.4145817196513225,0.5102093390143464,0.0012012228565165583,0.5736183567456115,-0.3011412353231365,0.0029866359594694237,-0.23180465918146478,-0.46128186777681995,0.0006803708173370239,-0.4169813845201656,0.5418536947531988,0.0005663155359419993,0.6057822441380232,0.023897544070813244,0.0008433845940573957,0.05711165420136026,1
2023-03-27,-0.7072339443251402,0.0015702214464848215,-0.6326325398310487,-1.490835443373985,0.0008347614820833298,-1.4374151891970752,0.3313962774131937,0.00035931465241587437,0.3528968487912904,1.4379890140551075,0.0005894187746419833,1.4838326796913084,0.4092201020510868,0.0008331109233161354,0.45593900905401447,-0.8807571264425776,0.0011860726045835272,-0.8173481087113126,0.11166365454200801,0.0029907353837486652,0.18100023068367974,0.1642920324082529,0.0006830028399004272,0.20859251566490727,1.1743413488007448,0.0005814773022890952,1.238269898185569,1.0458856517522193,0.0008631806648838894,1.0790997618827662,0
2023-03-28,-0.27943074494924813,0.0015650145543436836,-0.20482934045515658,-0.7632489475331338,0.0008208858151957706,-0.7098286933562241,-0.8216186419504752,0.0003499211152250145,-0.8001180705723785,0.11129652382192896,0.0005917131324009824,0.15714018945812974,-0.09057852552453192,0.0008315620528246879,-0.04385961852160421,-0.2911438675676091,0.00118105663470409,-0.22773484983634407,-0.40559408374749856,0.0029751161900339056,-0.3362575076058268,-0.44383077358346273,0.0006761031025021873,-0.39953029032680837,-0.3517239841102493,0.00057728780180913,-0.2877954347254249,0.5808065867143032,0.0008740747454848998,0.6140206968448502,1
2023-03-29,0.9438565884422496,0.0015820961551430207,1.018457992936341,0.12780217584558054,0.000823455938691077,0.1812224300224902,0.7918586846263989,0.00035879088331045765,0.8133592560044954,0.05859834705671859,0.0005930492259810025,0.10444201269291938,0.7401799238977085,0.0008445368957412395,0.7868988309006362,0.9865673829256021,0.001197929266713192,1.0499764006568673,0.5409272582361101,0.0029955611667463545,0.6102638343777819,0.7628692379068788,0.0006881026837705703,0.8071697211635331,0.2559413874406791,0.000580793115082103,0.3198699368255035,0.8121527380795796,0.0008893539509945318,0.8453668482101266,1
2023-03-30,0.4343241963575179,0.0015898747594910011,0.5089256008516094,-0.30422698039541324,0.000818067516756221,-0.2508067262185036,0.04338828227206496,0.00035918803284381743,0.06488885365016167,-0.20219625408882727,0.0005896662291168989,-0.15635258845262648,-0.0869867633276946,0.0008430429488361893,-0.04026785632476688,0.6272804199062393,0.0012086237248057276,0.6906894376375043,0.1084241713276372,0.0029995175043773825,0.17776074746930892,-0.2963715687093782,0.0006835168547035312,-0.25207108545272383,0.6757611051652328,0.0005895976067630923,0.7396896545500572,0.20617879740530173,0.0008930757340631308,0.23939290753584874,1
2023-03-31,0.7304620278535536,0.0016030220368457389,0.8050634323476452,1.3782524959151503,0.0008436349425791611,1.43167275009206,0.8265613269092256,0.0003684242315986173,0.8480618982873223,0.5814611433181563,0.0006004491022417444,0.6273048089543571,0.57266761782268,0.0008530603108695531,0.6193865248256077,0.7554957689641597,0.0012214895936966835,0.8189047866954248,1.466102379782288,0.003055057730957859,1.5354389559239598,0.7905122415691378,0.0006959188892686633,0.8348127248257922,0.8413946001421297,0.0006004769680748555,0.9053231495269541,0.04319929767206874,0.0008936927278083948,0.07641340780261575,1
2023-04-03,0.32172030845812294,0.0016087215320096826,0.39632171295221447,0.255465983494813,0.0008485225192130548,0.30888623767172263,0.9676978309552556,0.0003792347066218513,0.9891984023333523,-0.10543504446789154,0.0005988122122612901,-0.059591378831690744,0.4047714827196959,0.0008601325237018346,0.4514903897226236,-0.2665481213792787,0.0012168792655147627,-0.20313910364801363,-1.5751461897335126,0.002995035781866472,-1.5058096135918408,0.8958982002092245,0.0007099425418269718,0.9401986834658789,0.559108773141957,0.0006077750931391247,0.6230373225267813,2.8704915494786105,0.0009479979868037497,2.9037056596091575,0
2023-04-04,-0.24181741062981452,0.001604185463131607,-0.167216006135723,0.12202333409039366,0.0008509511476826595,0.1754435882673033,0.8450355831244026,0.0003886430721766271,0.8665361545024993,-0.7379508929567093,0.0005857710865939388,-0.6921072273205087,-0.4227508226895429,0.0008527813055594655,-0.3760319156866152,-0.07294221480063899,0.0012155804227158918,-0.00953319706937398,-0.3461360578966986,0.002981740656290644,-0.27679948175502683,-0.3946885889379586,0.0007038161272281371,-0.35038810568130424,-0.7913899755383447,0.0005980395989006861,-0.7274614261535203,-0.503616632467387,0.0009381883746505682,-0.47040252233683993,1
2023-04-05,-0.6556155480504409,0.0015921568396016093,-0.5810141435563494,-0.1748302840640151,0.0008479305102706621,-0.12141002988710546,3.701690179525279,0.00043018714235151925,3.7231907509033753,0.03135557575538689,0.0005866156319232445,0.0771992413915877,0.021169205584168828,0.0008531668809763638,0.06788811258709654,-0.6046583867558526,0.001205221498937558,-0.5412493690245876,-0.9718135123193847,0.002944761349439994,-0.902476936177713,0.08983293941699072,0.0007052491487439939,0.1341334226736451,1.1638866082488197,0.0006129411323191049,1.227815157633644,0.8097101363827914,0.0009532902099949701,0.8429242465133385,1
2023-04-06,0.20821934143644852,0.0015957949839503914,0.2828207459305401,1.8695593528396501,0.0008823776897802825,1.92297960701656,-0.2516928047058356,0.0004271976937139123,-0.23019223332773886,-0.10264314858087986,0.0005850464682658332,-0.05679948294467907,-0.38866500758419076,0.0008464283105201277,-0.341946100581263,1.3340510625415953,0.001227894210746191,1.3974600802728603,-0.13037680765626317,0.0029397060703020696,-0.06104023151459143,-0.6164071444005115,0.0006956877553745794,-0.5721066611438571,0.4954400974765284,0.0006194063319448222,0.5593686468613528,-0.8493220507607576,0.0009369474641875584,-0.8161079406302105,0
2023-04-10,-0.8965388658737059,0.0015794374307760708,-0.8219374613796144,-0.9822277349633565,0.000864552128580577,-0.9288074807864467,-0.4380128667853627,0.00042212057999158265,-0.41651229540726603,0.1247385992841688,0.0005875695547698284,0.1705822649203696,-0.2440056831975199,0.0008422143060612369,-0.19728677619459217,-0.4782229374366461,0.0012196940490812453,-0.41481391970538106,-0.14250021453384362,0.0029342016646425845,-0.0731636383921719,0.07228144928436933,0.0006968527639856655,0.1165819325410237,-0.20641245439016218,0.0006170389311546239,-0.14248390500533778,-0.2513795285031686,0.0009319476085714729,-0.2181654183726216,1
2023-04-11,-0.4652422364745618,0.0015709067087812747,-0.3906408319804703,-0.5742468566986381,0.0008542218218356392,-0.5208266025217284,-0.046730951477517574,0.00042144472004465025,-0.02523038009942086,0.20919940385663827,0.0005916055124477157,0.2550430694928391,0.547327162100214,0.0008517368989410975,0.5940460691031417,-1.3040851708045562,0.001197472532073279,-1.2406761530732913,0.2348622024931485,0.0029429671026942584,0.30419877863482025,0.4898985762402331,0.0007045032010922736,0.5341990594968875,-0.2805171093526886,0.0006137454878565868,-0.21658855996786422,0.3148205011160286,0.0009376590119339203,0.3480346112465756,0
2023-04-12,-0.29862833534498406,0.0015654008653509489,-0.22402693085089254,-0.3961868536270455,0.0008471644596512712,-0.3427665994501358,-0.19809081766898443,0.0004190728089764707,-0.1765902462908877,-0.05390278459880069,0.0005909110240483124,-0.008059118962599896,-0.3927620952326417,0.0008449474313806751,-0.346043188229714,0.064310526461231,0.0011985283830582658,0.12771954419249604,-0.8930367512564705,0.0029091353149255234,-0.8237001751147989,-0.21205678345209059,0.0007012448207970384,-0.16775630019543622,-0.4243115860542914,0.0006086543821763996,-0.360383036669467,-0.08440681666825317,0.0009358208685454698,-0.051192706537706155,1
2023-04-13,1.6803942767218212,0.001595612913965478,1.754995681215913,1.302635852422289,0.0008711344705531044,1.3560561065991987,1.0857711482355215,0.0004310888053705544,1.1072717196136181,0.15157597879158893,0.0005939029473564952,0.19741964442778973,1.1196966221671067,0.0008643613455537907,1.1664155291700344,1.1625362420121643,0.00121821339669978,1.2259452597434295,0.6615233751494936,0.002934000292467472,0.7308599512911653,1.238426170083262,0.0007204836010117363,1.2827266533399162,0.010479967931928399,0.0006090217707645319,0.07440851731675278,0.19742201039382784,0.0009393031976744834,0.23063612052437485,1
2023-04-14,-0.18339920366225465,0.001592171526939806,-0.10879779916816311,0.6283033291613931,0.0008827605933635071,0.6817235833383027,-0.15621451781920603,0.0004291810665393954,-0.13471394644110932,3.8634841474961092,0.0006633981174598435,3.90932781313231,0.35651567282024027,0.0008705357355276756,0.40323457982316796,-0.7620815166370717,0.0012052415203605467,-0.6986724989058067,-0.18851645403505954,0.002926787602158765,-0.11917987789338781,0.29796710451788855,0.0007251175082737635,0.34226758777454286,-0.5644836078535928,0.0006021894114167248,-0.5005550584687684,0.08581181659759499,0.0009406753512134028,0.119025926728142,0
2023-04-17,-0.06836597566275142,0.0015908082255656202,0.006235428831340112,-1.408171478417693,0.0008572555237529786,-1.3547512242407833,-0.10645234688446874,0.00042783333146220737,-0.08495177550637202,0.364663795540155,0.000670131816821659,0.4105074611763558,0.0008008390916815722,0.0008705502961633626,0.04751974609460929,0.4453859878056387,0.0012127401019675446,0.5087950055369037,0.2021196187794818,0.0029342947413002795,0.2714561949211536,-0.18247702116081704,0.0007223068944331614,-0.13817653790416268,0.4549850802314884,0.0006081225603801252,0.5189136296163128,-0.6057267165947556,0.0009290223909475981,-0.5725126064642087,0
2023-04-18,0.311596076372369,0.0015962840917823188,0.38619748086646055,-0.7589396212107066,0.0008436173527526376,-0.7055193670337969,-2.352709285075435,0.0004013924849741689,-2.3312087136973383,0.5354535758895802,0.0006799075367297698,0.581297241525781,-0.11000754847577346,0.0008686513258081948,-0.06328864147284573,-0.14490846062503338,0.001210238417494618,-0.08149944289376836,-0.42864734749403366,0.002918063184998468,-0.3593107713523619,-0.013527578728550586,0.0007221139292817058,0.030772904528103783,0.0996002207903287,0.0006096032209842128,0.16352877017515308,0.9279163506504453,0.0009462447636043988,0.9611304607809924,0
2023-04-19,0.2839903714594326,0.0016012535779627783,0.35859177595352415,-0.20915661294607032,0.0008400042943867171,-0.15573635876916067,0.7608960798362276,0.0004097541662845936,0.7823966512143243,-0.1117388170085469,0.0006781011632418558,-0.06589515137234611,0.022397504940365173,0.000869040201569027,0.06911641194329289,-0.048226896913353426,0.0012093754708109902,0.015182120817911588,-0.5661998956058693,0.002896692734710842,-0.49686331946419754,-0.3083319890841506,0.0007173670148014314,-0.26403150582749624,0.015191154404361794,0.0006100271970207341,0.07911970378918619,-0.1889324048188204,0.000942442468740878,-0.1557182946882734,0
2023-04-20,-0.3754648490640314,0.0015943702579700944,-0.30086344456993985,0.48846699531736665,0.0008490751069397955,0.5418872494942764,0.513916097595691,0.0004153461849464466,0.5354166689737877,-0.1961468397544322,0.0006747913235403702,-0.1503031741182314,0.2697038160118668,0.0008736910945458654,0.31642272301479457,-0.5074000298933603,0.0012007603593972623,-0.44399101216209524,-2.4685092164436098,0.0028039432198858423,-2.399172640301938,0.47837689311879744,0.0007247711688166247,0.5226773763754519,0.4101894628860743,0.0006153778433584359,0.47411801227089867,-0.42585560907673203,0.0009341980002712613,-0.39264149894618494,1
2023-04-21,-0.5779240379399695,0.0015838668999316248,-0.5033226334458779,0.004550587092812382,0.0008493435755138745,0.05797084126972204,-0.4724052156216691,0.0004099390330731961,-0.4509046442435724,-0.14514275487657707,0.0006723972520862299,-0.09929908924037628,-0.012403222731682649,0.00087347530402882,0.03431568427124507,-0.1303786653214774,0.0011985217951335106,-0.0669696475902124,0.24632905398463428,0.0028131942877053385,0.31566563012630605,-0.18469456741364404,0.000721937060965647,-0.14039408415698967,0.3090305947895991,0.0006194578552575831,0.3729591441744235,0.1242511240788933,0.0009362897214183823,0.1574652342094403,1
2023-04-24,0.022072034872196482,0.0015841387910720786,0.09667343936628801,0.2167701456704149,0.0008534608801304338,0.27019039984732457,0.48281991929286994,0.00041517443339724174,0.5043204906709666,0.024160810810640608,0.0006730243347870738,0.07000447644684141,-0.11958754026754467,0.0008714158201513729,-0.07286863326461694,-0.8276076252492984,0.0011845354290080717,-0.7641986075180334,-0.4466207552745131,0.0027964608104767605,-0.37728417913284135,-0.37434263299831855,0.0007161864991048504,-0.33004214974166424,0.43900786367856515,0.0006251487650161601,0.5029364130633895,0.8958531155479761,0.0009528408312872947,0.9290672256785232,0
2023-04-25,-0.5601728800894333,0.0015739821480328414,-0.48557147559534186,-1.0708976595170734,0.000834235838722248,-1.0174774053401638,0.7380051460543963,0.00042323802266977127,0.759505717432493,-1.171575551536418,0.0006523636599507699,-1.125731885900217,-0.93385791806534,0.0008553636341695809,-0.8871390110624123,-1.2968379000588086,0.0011626731644642705,-1.2334288823275437,-0.35405445708539685,0.0027832237941329213,-0.2847178809437251,-0.8598203297556225,0.0007029742510856037,-0.8155198464989681,-0.6410575802015357,0.0006173930317651834,-0.5771290308167114,-0.7327162506855361,0.0009388629449733817,-0.699502140554989,0
2023-04-26,-0.077746532243698,0.0015724765315254874,-0.0031451277496064717,-0.12198442562270163,0.0008322263090901587,-0.06856417144579198,-1.3059542977799736,0.0004085774235000056,-1.284453726401877,-0.9634341077446494,0.0006354429742076268,-0.9175904421084485,-0.30424579699359355,0.0008501534513511355,-0.25752688999066586,3.90105230345579,0.0012283012825230852,3.9644613211870547,-1.1296003870849523,0.002741002008915085,-1.0602638109432807,-0.4198688101787642,0.0006965516645246389,-0.37556832692210984,-0.38655669164318074,0.0006128146900688261,-0.32262814225835634,-0.485154019964826,0.000929542670359673,-0.45193990983427895,1
2023-04-27,1.386623697911827,0.0015971523672556626,1.4612251024059184,1.849324973974045,0.0008658782668632958,1.9027452281509547,0.17218131983461782,0.0004103514633726037,0.19368189121271454,0.6509391695346745,0.0006472397552566785,0.6967828351708752,0.9634937178435984,0.0008667039428076833,1.0102126248465262,1.6895056797676509,0.001256635471615944,1.7529146974989158,0.9617939758328893,0.002777014145742995,1.031130551974561,0.18141755034241658,0.0006993786357084899,0.22571803359907094,0.16682798513303665,0.0006151162822660489,0.23075653451786102,0.5550609780029667,0.0009396839799831543,0.5882750881335138,1
2023-04-28,0.3134650073037473,0.0016026155190799894,0.3880664117978389,-0.17159527959976104,0.000862946793012287,-0.11817502542285137,0.3343974771327194,0.0004139212259165413,0.3558980485108161,0.403692352654915,0.000654625478449058,0.4495360182911158,0.8658968088202321,0.0008815510424328478,0.9126157158231598,0.3729078410609168,0.001262807645224977,0.43631685879218185,0.5638096764973266,0.0027981009225116977,0.6331462526389984,0.9283860434559618,0.0007136657610142185,0.9726865267126161,-0.2645934963258017,0.0006120615034950624,-0.2006649469409773,0.6028816570135765,0.0009506997239035855,0.6360957671441236,0
2023-05-01,-0.10188875596571285,0.0016006569568811255,-0.02728735147162132,-0.11975516717892261,0.0008609566843754037,-0.06633491300201295,-0.07211847029256066,0.0004129802938853615,-0.050617898914463944,1.0627151275199898,0.0006736865248906449,1.1085587931561907,-0.0706993730770572,0.0008803308510197456,-0.02398046607412949,-0.36622955746970093,0.001256567376943023,-0.3028205397384359,-0.4408972064218221,0.002781671633148163,-0.37156063028015035,-0.10090130073901908,0.0007121424424270045,-0.056600817482364715,0.2403297404427639,0.0006152705730457191,0.3042582898275883,-1.5594897724549261,0.0009213488926357975,-1.526275662324379,0
2023-05-02,-0.39321049907643135,0.0015935083365401313,-0.3186090945823398,-0.945358374079104,0.0008440775065090668,-0.8919381199021942,0.7029103540694478,0.0004206204186528924,0.7244109254475445,-0.8818261753557279,0.0006582544984001461,-0.835982509719527,-0.5873442343297728,0.0008702730236342195,-0.5406253273268451,-0.09028736027894783,0.0012549640168516478,-0.026878342547682826,-0.3005582373743645,0.0027705025777533298,-0.23122166123269272,-1.4684988242425028,0.000689668940534948,-1.4241983409858483,-0.2643039315853524,0.0006122248435208291,-0.200375382200528,-1.9946040213428553,0.000883940838014452,-1.9613899112123083,0
2023-05-03,-0.40740567158099994,0.0015861199829061941,-0.3328042670869084,-0.009947068869047664,0.0008440873096084241,0.04347318530786199,-1.1062396883934822,0.00040823816038722965,-1.0847391170153855,-1.1415324455333453,0.000638252874334119,-1.0956887798971444,-0.20785895634299195,0.000866720735401118,-0.16114004934006423,-0.24440659046230184,0.0012507825531452837,-0.18099757273103678,-0.023267679332187166,0.002769678462904396,0.046068896809484575,-0.3081139163758772,0.0006849986126052667,-0.26381343311922284,-0.3383618636327376,0.0006082684738547192,-0.27443331424791323,-1.0032119418030894,0.0008650652178704941,-0.9699978316725424,0
2023-05-04,-0.5847568232320702,0.0015755891551642617,-0.5101554187379786,-0.40081958291921166,0.0008370592178204262,-0.347399328742302,-0.39806551821367453,0.0004037034925055289,-0.37656494683557784,-0.7540081087818684,0.0006251424021688326,-0.7081644431456676,0.12777535072668356,0.0008689071911193585,0.17449425772961127,0.11818910232301062,0.00125267559614389,0.18159812005427564,0.021094870779560675,0.00277050611265069,0.09043144692123241,-0.1449925424667161,0.0006828314456934506,-0.10069205921006175,0.1434527462852887,0.000610274763898744,0.2073812956701131,-0.8950346552409436,0.0008482370361104708,-0.8618205451103965,1
2023-05-05,2.340282380187472,0.0016170817419248202,2.4148837846815634,0.37408957862276276,0.0008439838910260196,0.4275098327996724,0.2596538162110689,0.00040643788892092195,0.2811543875891656,0.9655157824992422,0.0006424429801217064,1.011359448135443,1.1707344049908495,0.0008888858590997908,1.2174533119937772,0.8756407263966411,0.001267227045942036,0.9390497441279062,1.2837060226727004,0.002818257510519404,1.3530425988143722,1.5960363139457894,0.0007072693546589986,1.6403367972024439,0.5761448154970653,0.0006176207297498518,0.6400733648818897,1.1920480086345107,0.0008702387123410559,1.2252621187650576,1
2023-05-08,-0.09536046728378379,0.0016152348679361584,-0.020759062789692254,1.006447240618817,0.0008622610408809337,1.0598674947957267,-0.21000723264696278,0.0004039872924723658,-0.18850666126886606,0.07910705675456421,0.0006440618221065306,0.124950722390765,0.07176188322283387,0.0008900931619770871,0.11848079022576159,-0.41578437008755104,0.0012601836371227632,-0.352375352356286,0.18109299485717492,0.002824980177495831,0.25042957099884666,0.0719554331239198,0.0007083975020179182,0.11625591638057417,0.3998127090448911,0.000622777718014211,0.4637412584297155,0.16151809934729386,0.0008730600286047317,0.19473220947784087,0
2023-05-09,-0.5877258388422147,0.0016046536132542216,-0.5131244343481233,-0.251627344371329,0.0008579145366306498,-0.19820709019441934,-0.6648525764447119,0.0003965291650278103,-0.6433520050666152,-0.2951310386316166,0.0006390763307029989,-0.2492873729954158,-0.4041643247945583,0.0008831922708771551,-0.3574454177916306,-0.3559942880879372,0.0012541507428839838,-0.29258527035667214,-0.4476473513349463,0.00280836595174066,-0.37831077519327455,0.2212926962385903,0.0007118011393888445,0.26559317949524464,0.062212758440700434,0.0006237638545895065,0.12614130782552482,-0.019687843991603667,0.0008725137088071333,0.013526266138943352,1
2023-05-10,0.4616597201472001,0.001612697579316945,0.5362611246412916,2.0311814917537614,0.0008945291944158657,2.084601745930671,0.2872472952439928,0.0003995664018340048,0.3087478666220895,-0.019277587578348677,0.0006389614168925517,0.02656607805785212,-0.10272730701710069,0.0008814333722141166,-0.05600840001417296,0.8832575263889464,0.0012687879931556024,0.9466665441202113,-0.15811369174709686,0.0028025131813780085,-0.08877711560542512,-0.5551563745153969,0.000703367704042183,-0.5108558912587425,-0.27218809232109503,0.0006206299538289529,-0.20825954293627066,-0.6645234493044558,0.0008600136433247841,-0.6313093391739087,1
2023-05-11,-0.01825605510000214,0.0016122255900378932,0.056345349394089396,2.1402402738900093,0.0009330318118911296,2.193660528066919,-0.3598773364109305,0.0003954803413655665,-0.3383767650328338,-0.20895603919381142,0.0006355069776296381,-0.1631123735576106,0.07242284928706759,0.0008826554040272363,0.11914175628999531,-0.4489709674097704,0.0012612096853539061,-0.3855619496785054,0.4477271666326744,0.0028191052090346426,0.5170637427743462,0.004991146312897106,0.0007034769089144174,0.04929162956955147,0.21292571416021686,0.0006234706296419114,0.2768542635450413,-0.9239627291188843,0.0008427309526329795,-0.8907486189883373,0
2023-05-12,-0.3533997169489474,0.0016058230893260864,-0.27879831245485587,0.356701391435566,0.0009395261721059636,0.41012164561247566,-0.12962378059666738,0.00039393198880392647,-0.10812320921857066,-0.7879024048175571,0.0006218744029825238,-0.7420587391813563,-0.25230176692362216,0.000878359602172171,-0.20558285992069442,-0.2645944902008622,0.0012567132587749006,-0.20118547246959717,-0.6558755144066345,0.0027948381163140795,-0.5865389382649627,0.05160782595158467,0.0007042949258393619,0.09590830920823903,-0.08813433732686532,0.0006226052478520597,-0.024205787942040924,-0.037856448499883115,0.0008418775295862208,-0.004642338369336097,0
2023-05-15,-0.22369715559973902,0.0016017256268231832,-0.14909575110564746,-0.48622906197001353,0.0009309279537204451,-0.4328088077931039,-0.6555171331908439,0.0003866126502015117,-0.6340165618127473,0.3904228461881305,0.0006289760664705662,0.43626651182433135,0.16245940537289685,0.0008811101307217232,0.20917831237582457,0.02340160537635301,0.0012570129918292022,0.08681062310761803,-0.30821120286802633,0.0027834656752501563,-0.23887462672635457,0.3257747339685656,0.0007092775695403203,0.37007521722521997,-0.6399009694249024,0.0006149648332381763,-0.575972420040078,0.06063884118058378,0.0008428466998770263,0.0938529513111308,0
2023-05-16,-0.07460140449409153,0.0016002695126169804,0.0,1.2561471462095033,0.0009534896575248367,1.309567400386413,-0.13058220016469052,0.0003850646614035932,-0.1090816287865938,-0.39423194161673236,0.0006222868052225591,-0.3483882759805315,-0.49003389114984036,0.0008727928886546708,-0.4433149841469127,0.3398235087541809,0.0012625679576392683,0.4032325264854459,-0.044179267963317316,0.002781864279767631,0.02515730817835442,-0.6461668919432898,0.0006994953982554801,-0.6018664086866354,-1.0883183285025286,0.0006018360094179324,-1.0243897791177043,-1.2276485348539674,0.0008200171282936106,-1.1944344247234204,1
2023-05-17,0.1108267465457496,0.0016020888081661002,0.18542815103984114,0.5125802648943644,0.000962731483632426,0.566000519071274,-0.20353706673335417,0.00038271996522108666,-0.18203649535525745,1.5460192153014758,0.0006496482620731097,1.5918628809376767,0.9065341576745884,0.0008881475161817127,0.9532530646775161,0.4538818834215856,0.0012700056251398653,0.5172909011528506,1.0157694549835918,0.002819372819215309,1.0851060311252636,0.5221060591643866,0.0007074512920853902,0.5664065424210409,-0.18759204868667329,0.0005997733491460952,-0.1236634993018489,1.070916416915087,0.0008396490832100218,1.1041305270456343,1
2023-05-18,0.6286548384032274,0.0016130360563192002,0.7032562428973189,0.7841385994128837,0.0009768017258479865,0.8375588535897933,-0.2873711373711816,0.00037946161250277733,-0.2658705659930849,0.34680051143796187,0.0006559408005755233,0.39264417707416266,0.6488022460774464,0.0008991124632828631,0.6955211530803741,0.7244457141050528,0.0012819157116390324,0.7878547318363178,0.3596913125882126,0.0028326291128470157,0.4290278887298843,0.20021906867313316,0.0007105148143974603,0.24451955192978753,0.8972962143157103,0.0006110023833909068,0.9612247637005347,0.4128238766857671,0.0008471113202171427,0.4460379868163142,0
2023-05-19,-0.04226541048993366,0.0016121433363716574,0.032335994004157875,-0.08240657956360857,0.0009753994295637861,-0.028986325386698913,0.203365936875916,0.00038157745078494813,0.22486650825401272,-0.16460375234810498,0.0006532664368823985,-0.11876008671190419,-0.9289226260917396,0.0008833805730876796,-0.882203719088812,-0.0943390107606735,0.0012802411525458077,-0.03092999302940849,0.38295950825761266,0.0028467182979060777,0.4522960843992844,-0.11864057549114954,0.0007087451070825029,-0.07434009223449518,-0.8269642063158075,0.00060111108130575,-0.7630356569309831,0.19479109004401624,0.0008505435236786525,0.22800520017456324,1
2023-05-22,-0.3566465828682229,0.0016057185556437497,-0.28204517837413134,0.8953318537091283,0.0009914130420692825,0.948752107886038,-0.4681437587794229,0.0003763503147714677,-0.4466431874013262,-0.4736254799778489,0.0006451903636516808,-0.4277818143416481,-0.1913509105242336,0.000880137114956129,-0.14463200352130587,0.4248704947409266,0.0012871624665324152,0.4882795124721916,1.1236803948910843,0.0028880367446844552,1.193016971032756,-0.5653079366100693,0.0007002219918530796,-0.5210074533534149,-0.7162861305761332,0.0005925908519455387,-0.6523575811913088,-0.6306923485029549,0.0008387765958477213,-0.5974782383724078,0
2023-05-23,-0.8544795567319093,0.0015905505715873005,-0.7798781522378178,-1.0661436097831187,0.0009724957138839352,-1.012723355606209,-0.05318683616482927,0.0003756637304717116,-0.03168626478673256,-0.5859678759066572,0.000635165176557829,-0.5401242102704564,-1.5498903961316501,0.000853970243611569,-1.5031714891287224,-1.0722170778873803,0.001269317100661468,-1.0088080601561151,-0.4733913009927571,0.0028705694191264826,-0.40405472485108535,-1.778997957974088,0.0006733717636813843,-1.7346974747174335,-0.20355689864309945,0.0005903490148481921,-0.13962834925827505,0.6372436076393925,0.0008503460405097395,0.6704577177699396,0
2023-05-24,0.009389137790768193,0.0015905881730353222,0.08399054228485972,-0.7422753676011459,0.0009593702064722308,-0.6888551134242362,-0.10078614305967205,0.0003744591006347005,-0.07928557168157535,-0.5196208512096551,0.0006263168073936062,-0.47377718557345433,-0.7998951148206822,0.0008404975850606044,-0.7531762078177545,-0.3082011234700355,0.001264125489361487,-0.24479210573877044,-0.44965785367521177,0.0028540053718316095,-0.38032127753354,-0.6655548249312948,0.0006633823792201091,-0.6212543416746404,-0.40361731155565206,0.0005856697097359031,-0.33968876217082766,0.5172145992013476,0.0008596894406933177,0.5504287093318947,1
2023-05-25,0.2697885429700606,0.0015951967862916773,0.34438994746415214,1.0319173723603003,0.0009777808759085071,1.08533762653721,-1.2118172392812554,0.0003611467452608456,-1.1903166679031587,0.08038385851997365,0.00062795348405711,0.12622752415617444,0.17736568690535906,0.0008435135707057436,0.22408459390828678,2.041457315927888,0.0012977243690419082,2.104866333659153,0.14197862275557893,0.002859181488003231,0.21131519889725067,0.2601573475392028,0.0006673760865044002,0.3044578307958571,-0.8016316396163896,0.0005761459100881848,-0.7377030902315652,-0.9160533979609582,0.0008427083404295577,-0.8828392878304112,1
2023-05-26,0.6512362074962222,0.0016064870116277645,0.7258376119903137,0.4120092698879745,0.0009851577041313023,0.46542952406488414,-0.053709526217438665,0.0003604700495558087,-0.032208954839341955,0.4387931203878435,0.0006358351931526292,0.48463678602404425,0.5806988584298964,0.0008533130947158552,0.6274177654328241,1.1070521984124417,0.0013158541640183284,1.1704612161437067,1.0916737892627109,0.0028991660925537016,1.1610103654043826,0.3926358164452554,0.0006733593156386196,0.4369362997019098,0.06786825003745048,0.0005772314575415528,0.13179679942227487,-0.3546118252782809,0.0008360538456968088,-0.3213977151477339,0
2023-05-30,0.4739515487367335,0.0016146504139093552,0.5485529532308251,-0.4370834466390344,0.0009774671999384318,-0.38366319246212477,-0.010769021956094752,0.0003602617686194249,0.01073154942200196,0.15075696487177115,0.0006386860116956786,0.19660063050797194,-1.0306750511139078,0.0008359964441146188,-0.9839561441109801,-0.33963932156739657,0.0013101166819970225,-0.2762303038361315,0.9489034145478351,0.0029338490439965222,1.0182399906895068,-0.9411320176502382,0.0006592471792589893,-0.8968315343935839,-0.24608224355781608,0.0005744939840382413,-0.18215369417299168,-0.4692431489741997,0.0008273110895588897,-0.4360290388436527,0
2023-05-31,-0.08912040510639545,0.001612941594599125,-0.01451900061230391,-0.3824175983203839,0.0009707588800588786,-0.32899734414347426,0.34894031940940046,0.0003639639891210401,0.37044089078749715,-0.7049440698320021,0.0006266415216889798,-0.6591004041958014,-0.40855396964937174,0.0008291637898561661,-0.36183506264644405,-0.5293855935703976,0.0013012662398779304,-0.4659765758391326,0.26964739195816834,0.0029436114127512317,0.3389839680998401,-0.20910157327780368,0.0006561738374106977,-0.16480109002114932,0.3469364002896267,0.000578972517234643,0.4108649496744511,-0.9130713807357619,0.0008104596408108458,-0.8798572706052149,1
2023-06-01,0.7499224489906298,0.001625911473388826,0.8245238534847213,0.29841875208616664,0.0009761118263057538,0.3518390062630763,-0.299421337848254,0.00036061804312013826,-0.2779207664701573,0.667542326324194,0.00063848004266021,0.7133859919603948,0.8140723354763106,0.0008428673491836096,0.8607912424792383,0.6349090317338543,0.0013115792253857376,0.6983180494651193,0.3640320779928498,0.0029568072056556454,0.4333686541345215,1.4376144906468127,0.0006778585025527955,1.4819149739034672,0.20845885237641615,0.0005817606244899478,0.27238740176124054,0.5351415639585673,0.0008201247574029752,0.5683556740891144,1
2023-06-02,0.17114786488404596,0.0016287438353578064,0.24574926937813749,0.33711309866181954,0.0009821393273614914,0.3905333528387292,1.2816817243975853,0.00037443416981087954,1.303182295775682,1.0416834925745018,0.000656796043957474,1.0875271582107027,0.3653212580514554,0.0008490199671532269,0.4120401650543831,0.4006685546290502,0.0013180249071184954,0.46407757236031527,0.6958058592368107,0.0029820990392941597,0.7651424353784825,0.56110958902393,0.0006863409046937045,0.6054100722805844,0.6447282998034455,0.0005898391884233138,0.7086568491882699,1.1095510640978339,0.000840268364530809,1.142765174228381,1
2023-06-05,-0.464216206993363,0.0016204779824070467,-0.3896148024992715,0.49323274225482494,0.0009909139801788033,0.5466529964317346,0.691271926212647,0.00038182487355468145,0.7127724975907437,-0.5544591057981524,0.0006473792989207864,-0.5086154401619517,-0.5072563721497779,0.0008405401139529377,-0.46053746514685023,0.02471102748646839,0.0013182872786142886,0.08812004521773341,0.3494484733887755,0.002994704276156321,0.41878504953044726,-0.5729901155896817,0.0006777915725668111,-0.5286896323330273,0.42395072169157394,0.0005952258285656622,0.48787927107639834,-0.25192745767787467,0.0008355205665158193,-0.21871334754732763,1
2023-06-06,-0.18062826432931575,0.0016171738223693733,-0.10602685983522421,0.47127755528328524,0.0009992853711776808,0.5246978094601948,-0.09479873324283068,0.0003806882147841846,-0.07329816186473397,0.047206160280763895,0.0006484115274624373,0.09304982591696469,1.3193676143259874,0.0008626559767521858,1.3660865213289148,-0.43160924260242434,0.001311064939052486,-0.36820022487115933,0.34923069155897046,0.0030072789410932306,0.41856726770064223,0.3385785842484363,0.0006829228578833064,0.38287906750509065,-0.07382311505448931,0.0005945716291776961,-0.009894565669664923,0.3687729777385813,0.0008421026532549345,0.40198708786912835,0
2023-06-07,-0.47373945516668486,0.0016087672000515399,-0.39913805067259334,-1.9749805815229844,0.0009645040855067277,-1.9215603273460746,0.15664937100570553,0.0003822746386512231,0.17814994238380225,0.4557495470371007,0.000656519144934196,0.5015932126733015,-1.256096110023167,0.0008416536204644392,-1.2093772030202392,-1.7528533177463193,0.0012822048852887998,-1.6894443000150543,0.29329082299776293,0.003017793052233459,0.3626273991394347,-0.8183213192906674,0.000670717480307946,-0.7740208360340131,0.044902816251247604,0.0005953558300859222,0.10883136563607199,1.07024373651038,0.0008614560421897703,1.103457846640927,1
2023-06-08,0.7212368266316279,0.001621183220890169,0.7958382311257195,-0.2028838717443951,0.0009610065337435438,-0.14946361756748544,0.8882021996817365,0.0003917676193206044,0.9097027710598332,-0.031119689081975162,0.0006561857025866119,0.014723976554225637,-0.5953393183517224,0.0008317311621237798,-0.5486204113487947,0.2547831569156336,0.0012862653649478538,0.3181921746468986,1.0586555957230737,0.0030561470645321946,1.1279921718647454,-0.6344089823774243,0.00066128605345225,-0.5901084991207699,1.0078615884772057,0.0006077851972427538,1.07179013786203,-0.18740115929054765,0.0008578768498170571,-0.15418704916000064,1
2023-06-09,0.0365412827368322,0.0016216653926721474,0.11114268723092374,-0.015940210234026878,0.0009608059326748975,0.037480043942882776,-0.15078416718712953,0.00039002035087151336,-0.12928359580903281,0.05715864044502672,0.0006573793739987089,0.10300230608122751,0.19103570608938694,0.0008349562376538047,0.23775461309231466,0.19404273937757707,0.001289325028831901,0.25745175710884205,0.9306214229448595,0.0030897762212372362,0.9999579990865313,0.0926154331730063,0.0006627410189988224,0.13691591642966067,0.3839945087244843,0.0006126536609063201,0.4479230581093087,-0.3971326723730938,0.0008504889101029963,-0.3639185622425467,1
2023-06-12,0.7301802277541791,0.0016342031143241325,0.8047816322482706,0.5332674437575488,0.0009702645077812109,0.5866876979344584,-0.0784707778731224,0.00038905664709445943,-0.05697020649502569,-0.04951329359601012,0.000656727979361392,-0.0036696279598093236,0.8376922297385239,0.0008489628339698702,0.8844111367414516,0.7840468317401889,0.0013020214241735643,0.8474558494714539,0.4776063640504363,0.0031068852845111223,0.5469429401921081,0.6547824960075355,0.0006725906407838752,0.6990829792641898,0.4248656470417504,0.0006180068498570188,0.4887941964265748,-0.47775369229844,0.000841648948448219,-0.44453958216789297,1
2023-06-13,-0.20899783071524,0.0016304087906762834,-0.13439642622114845,0.024743293702334995,0.000970770845956182,0.07816354787924465,0.4138650868494664,0.00039340342975554947,0.435365658227563,0.3286777534525962,0.0006626057737035317,0.37452141908879705,-0.6081796135262284,0.0008388464397388374,-0.5614607065233007,0.33901162670315066,0.001307428591317268,0.4024206444344157,0.8056685848995369,0.0031358729904614846,0.8750051610412086,-0.7776730498838104,0.0006610447590951139,-0.733372566627156,0.5130032899740041,0.0006244135999579762,0.5769318393588285,-0.023954586953729394,0.0008410649404610863,0.009259523176817623,1
2023-06-14,0.10506015449218281,0.0016320702606770878,0.17966155898627434,-0.11914101917907804,0.0009687503308317992,-0.06572076500216839,0.4013194323006286,0.00039760729368098005,0.4228200036787253,-0.23904054293637525,0.00065868233232725,-0.19319687730017443,0.44128070737920166,0.0008462235658560657,0.48799961438212935,0.4359541658958904,0.0013144075675136536,0.4993631836271555,-0.2520316801120827,0.003126446879472161,-0.18269510397041094,-0.03358832234834195,0.0006606142656063187,0.010712160908312417,0.6850499957780153,0.0006328823087054105,0.7489785451628397,-0.6250569764263244,0.0008295768112081174,-0.5918428662957774,1
2023-06-15,0.5016942330244909,0.0016406043702274112,0.5762956375185824,0.530557549536917,0.0009781289752997903,0.5839778037138267,1.0916613418777292,0.0004092342022423761,1.113161913255826,0.5395990949927274,0.0006681821528255066,0.5854427606289282,0.5656433474131669,0.0008556565509153031,0.6123622544160946,1.6823384343282763,0.0013416887488433683,1.7457474520595413,-0.15465872413575357,0.003120566084771482,-0.08532214799408183,0.6873222051189967,0.000670924179884366,0.731622688375651,0.3422506960131746,0.0006372083908155026,0.406179245397999,0.3084290206066208,0.0008350293188669833,0.34164313073716784,0
2023-06-16,-0.3761603117425138,0.0016339193278629154,-0.30155890724842227,-0.687684691359828,0.0009661422739470321,-0.6342644371829184,0.23159510805726255,0.00041159125144405606,0.25309567943535927,0.01566881238339094,0.0006686455641987661,0.06151247801959174,-0.4017979858794762,0.0008489917498872739,-0.35507907887654844,-0.9706252521733155,0.0013257195261854213,-0.9072162344420506,0.3770301606483494,0.0031339453846247634,0.44636673679002115,0.6811404917715573,0.0006811237074922852,0.7254409750282117,-1.0973049036219278,0.0006242090624632042,-1.0333763542371035,-0.38644900101730956,0.0008278881424953581,-0.35323489088676246,0
2023-06-20,-0.04955013914615235,0.0016328978557958774,0.025051265347939188,-0.23046286005469183,0.0009621821974771237,-0.17704260587778217,-0.0719723189486066,0.00041068245220042397,-0.05047174757050989,-0.30964376112049835,0.0006635128715130321,-0.2638000954842975,-0.3187067385063134,0.0008437187452127882,-0.2719878315033857,-0.747695406771666,0.0013134057775529887,-0.684286389040401,1.2449666342696277,0.003178696214398043,1.3143032104112995,-0.6825731379585556,0.000671025563823177,-0.6382726547019012,-0.716533020910433,0.0006158094510590752,-0.6526044715256086,-1.1614142737424187,0.0008067378682711691,-1.1282001636118717,0
2023-06-21,-0.366652231054985,0.0016263959463688321,-0.2920508265608935,-1.1069588242740298,0.000942896674089677,-1.05353857009712,-0.14773580395191527,0.00040896196087581685,-0.12623523257381855,-0.12213169826971283,0.0006616115936536253,-0.07628803263351204,0.17084610618113372,0.0008465780728840361,0.21756501318406143,-0.7903425122487961,0.0013004206950805969,-0.7269334945175311,-1.4139013440670343,0.003127275309627434,-1.3445647679253625,0.16193663367980124,0.0006734927474107794,0.2062371169364556,0.08025254087589985,0.0006169929746271035,0.14418109026072423,0.5177802365090554,0.0008159806635959332,0.5509943466396023,1
2023-06-22,0.7757950111523231,0.0016396393658781405,0.8503964156464145,1.0434984521330044,0.0009612298230374792,1.0969187063099142,0.8584571389242617,0.0004180362508906278,0.8799577103023584,-1.0425979020585854,0.0006439100983758745,-0.9967542364223845,0.18991556266202841,0.0008497484477296254,0.23663446966495613,0.9456940835195777,0.0013156535278199659,1.0091031012508427,0.41929222548595935,0.003142138970784386,0.4886288016276311,0.2560830346981886,0.0006773530878240512,0.30038351795484297,0.5548295007809213,0.0006238682796627195,0.6187580501657457,-0.3032973476147829,0.0008103772903082245,-0.2700832374842359,0
2023-06-23,-0.16267235740554462,0.0016366632830109508,-0.08807095291145309,-0.3879391937147629,0.0009545348286602895,-0.3345189395378532,-0.09155131972659436,0.0004169143449648294,-0.07005074834849764,-0.3166049069220347,0.0006386936376433834,-0.2707612412858339,0.238546060643134,0.0008537186640617366,0.28526496764606174,-0.8190322318270012,0.001302223979592596,-0.7556232140957362,-0.8145281055854466,0.003112464879276386,-0.7451915294437749,0.25983914994401414,0.0006812622791082664,0.3041396332006685,-0.20189069328019638,0.0006216604486255892,-0.13796214389537198,-0.46199145240060135,0.0008019201917582244,-0.42877734227005426,0
2023-06-26,-0.4632786717955164,0.0016285092499822682,-0.3886772673014249,-1.7163093295239513,0.0009246764688918668,-1.6628890753470416,-0.9480454011127948,0.00040662457470074485,-0.9265448297346981,0.08093191018675372,0.0006402996802330323,0.1267755758229545,-0.3841156545143564,0.0008473777659936967,-0.33739674751142873,-1.1122196284168426,0.001284065080941947,-1.0488106106855777,-1.561157051853427,0.003055931932323827,-1.4918204757117555,-0.8920945940647564,0.0006680951611180652,-0.8477941108081021,-0.2593145805962637,0.0006187687972535151,-0.19538603121143933,0.8751406199971397,0.0008175856007809582,0.9083547301276866,1
2023-06-27,0.7003445006516514,0.0016404157652134333,0.7749459051457429,-0.05771401724977831,0.0009237818760490708,-0.004293763072868656,-0.19370844849469002,0.00040442202270210884,-0.1722078771165933,-0.0421199509104289,0.0006397958015543249,0.0037237147257718948,0.5741144918982943,0.0008568912495942666,0.620833398901222,0.9309394785067711,0.0012990329094432226,0.994348496238036,0.8661364156854888,0.0030869110968899556,0.9354729918271606,0.23088616302006215,0.0006715769831304168,0.2751866462767165,-0.3315164348036565,0.0006150183124890064,-0.2675878854188321,0.08949080644718273,0.0008190711082375309,0.12270491657772974,1
2023-06-28,0.251029949213749,0.0016445675657399245,0.3256313537078406,0.7417241082133431,0.0009368114597123585,0.7951443623902528,-0.18898656015791773,0.0004022738367261582,-0.16748598877982102,-0.2727297672173965,0.0006353474750626703,-0.22688610158119568,-0.26582140269111554,0.0008525128895801899,-0.2191024956881878,0.14599030664710522,0.0013012710931103138,0.20939932437837025,0.5239358968499386,0.003105522946844419,0.5932724729916103,0.11900435981633503,0.0006733977077626749,0.1633048430729894,0.3389082357886099,0.000619289603058689,0.4028367851734343,0.36690164364396444,0.0008255466356926289,0.4001157537745114,1
2023-06-29,0.017854109502257166,0.0016447021364651756,0.0924555139963487,-0.5104702899574264,0.0009280297252474825,-0.4570500357805167,0.5582682548779275,0.00040810852350803295,0.5797688262560242,1.7622138870142503,0.0006656906258117024,1.8080575526504512,1.0024571739453287,0.0008690745674708899,1.0491760809482564,-0.19377778526643225,0.0012980115857333316,-0.1303687675351672,0.051714805152954735,0.0031071262923451325,0.12105138129462648,1.626347187179467,0.0006974917404088542,1.6706476704361213,-0.5647471743125143,0.0006127594183614458,-0.5008186249276899,0.5738098434730105,0.000835731199680009,0.6070239536035575,1
2023-06-30,1.1142621643505113,0.0016636745234689591,1.1888635688446028,0.20279822833103506,0.0009316634611254183,0.2562184825079447,0.6956735309580598,0.0004153987874500512,0.7171741023361565,0.6796975953171142,0.0006774928626966463,0.725541260953315,0.7319755806582661,0.00088114674544564,0.7786944876611938,0.8333986022478985,0.0013113516311216676,0.8968076199791636,0.33888153767361034,0.003119040841694511,0.4082181138152821,0.7632362146503358,0.0007087988076516471,0.8075366979069901,1.3286905924789827,0.0006288373779280113,1.392619141863807,0.2204627226361915,0.0008395496981541173,0.25367683276673847,1
2023-07-03,-0.4752010403555604,0.0016553279804541194,-0.40059963586146885,0.031564346263540044,0.0009323165613531648,0.0849846004404497,-1.1080639543234494,0.0004034501711390686,-1.0865633829453527,0.37064129361414977,0.0006840008342653458,0.41648495925035056,0.043260454101846056,0.0008818507867627716,0.08997936110477377,-0.47324894075180185,0.0013035781761890322,-0.4098399230205368,1.6281272949125958,0.003177198698242726,1.6974638710542673,0.07925750000451043,0.0007099954574473134,0.12355798326116481,0.4168560925268049,0.000634014561896647,0.4807846419116293,0.06314621754743419,0.000840537678097826,0.0963603276779812,1
2023-07-05,-0.3767526308833172,0.0016486846871395784,-0.30215122638922565,0.731315525271166,0.0009451119814890902,0.7847357794480756,-0.2954571717097596,0.0004001765606339307,-0.27395660033166286,-0.39073393864478545,0.0006775174739017775,-0.3448902730085846,0.05807832412521063,0.0008827974990882885,0.10479723112813835,-0.03750338511515309,0.0013028453823053583,0.02590563261611193,0.16467978306828074,0.0031827846869556258,0.23401635920995248,0.3281085517835492,0.0007148579459094933,0.37240903504020356,-0.10608436976543245,0.000632952766303567,-0.04215582038060807,-0.28508918536824485,0.0008352787365377418,-0.25187507523769787,0
2023-07-06,0.05450284955776794,0.0016494431710519129,0.12910425405185946,-0.7385112063150305,0.0009323999741936298,-0.6850909521381209,-0.6374546204349508,0.00039326980925504163,-0.6159540490568541,-0.5576927384576845,0.0006682017621537658,-0.5118490728214837,-0.18546317360858486,0.0008797371922197761,-0.13874426660565714,0.44158514431442597,0.0013098329663879312,0.504994162045691,-0.5869930497489574,0.0031614347487765606,-0.5176564736072856,-0.18683411906242506,0.0007121285315484615,-0.14253363580577072,-0.5324996508648651,0.0006268173962383445,-0.4685711014800407,-1.8699872564685311,0.0008016309194535184,-1.8367731463379842,0
2023-07-07,-0.3777724382786017,0.0016427993086548158,-0.30317103378451016,-0.32018543376424846,0.0009269571945959483,-0.2667651795873388,-1.2267148354743387,0.00038011091765172226,-1.205214264096242,0.36266256755128673,0.0006745649372383756,0.4085062331874875,-0.6550064119799272,0.000868966846280416,-0.6082875049769995,-0.7129265464128046,0.0012982231072610506,-0.6495175286815397,-0.2571689715747737,0.0031519268270369994,-0.18783239543310193,-0.6534410725789717,0.0007025384720869927,-0.6091405893223173,-1.7709987177069615,0.0006059644762449886,-1.7070701683221372,0.08155379193686611,0.0008029792323175957,0.11476790206741312,0
2023-07-10,-0.6332502221348223,0.0016317969439354305,-0.5586488176407308,-1.3432095906899002,0.0009038173339326093,-1.2897893365129904,0.11380363507821449,0.00038121343947670257,0.1353042064563112,0.2446803075416221,0.0006789108722037084,0.2905239731778229,0.43335532138741273,0.0008760834412007425,0.4800742283903404,-0.9382158166863745,0.0012830102126586411,-0.8748067989551096,-0.5017098802580903,0.003133691235993737,-0.43237330411641856,0.3887533417008213,0.000708286199676968,0.4330538249574757,0.6070119336832545,0.0006134029279225637,0.6709404830680789,0.696707435776672,0.0008153280683158164,0.7299215459072191,1
2023-07-11,-0.21920322183190916,0.0016278903852468352,-0.14460181733781763,0.24794026239974282,0.0009082338276648298,0.30136051657665247,-0.4787081776267376,0.00037602622395590233,-0.457207606248641,0.7638364375669985,0.000692068544647301,0.8096801032031993,0.7244076676586234,0.0008879616138456901,0.7711265746615511,0.04214742600270633,0.0012835780360599227,0.10555644373397134,-0.05289909620064658,0.003131522393292297,0.016437479941025155,0.5566256033888927,0.0007164894726381993,0.600926086645547,-0.17394427284090522,0.0006115574182602325,-0.11001572345608082,0.5685181041396105,0.0008253643507776389,0.6017322142701576,1
2023-07-12,0.38780012081867143,0.0016343558340962524,0.46240152531276296,0.723755225911772,0.0009208635663591702,0.7771754800886816,-0.30887311041007093,0.00037264884874398005,-0.2873725390319742,0.210521124247866,0.0006958116772407212,0.25636478988406686,0.3428333051925893,0.0008935654934496165,0.38955221219551706,0.7152516266126755,0.0012949518123532885,0.7786606443439406,0.13140436306741218,0.003135936189433317,0.20074093920908392,0.36892111057962645,0.0007219238058535604,0.4132215938362808,0.12289653784929075,0.0006132359081996911,0.18682508723411514,0.2082855241077762,0.0008289510471243971,0.2414996342383232,1
2023-07-13,0.13420136624712165,0.0016364832994400914,0.2088027707412132,2.345642597059456,0.0009614690722989219,2.3990628512363656,0.3612205325252517,0.00037637602195597116,0.38272110390334835,0.20576619080460076,0.0006994676025848345,0.2516098564408016,-0.06411292227062285,0.000892496164984702,-0.017394015267695125,0.822807697945294,0.0013080309557511947,0.886216715676559,0.46556955520557314,0.0031522599981094034,0.5349061313472449,0.22764201009405421,0.0007252771768324355,0.2719424933507086,-0.49877985536194586,0.000607544373055996,-0.43485130597712146,-0.9344145464018185,0.0008121464647745115,-0.9012004362712714,1
2023-07-14,-0.034087746183308336,0.0016357383821546875,0.0405136583107832,0.30595656152031814,0.0009668240038806333,0.3593768156972278,0.5316894265402881,0.00038190092957629025,0.5531899979183847,0.26715888277631805,0.0007041573035112913,0.31300254841251884,0.21430509898890787,0.0008959835511295068,0.26102400599183556,0.3486854585386789,0.0013134882903274756,0.41209447626994394,0.23893595281358807,0.0031604795331222663,0.3082725289552598,-0.08120699583717596,0.0007241003238769578,-0.036906512580521585,0.19084303529119764,0.0006100279214071039,0.254771584676022,-1.728019324544713,0.0007812264212818536,-1.6948052144141659,1
2023-07-17,0.8159478230519257,0.0016494717476188768,0.8905492275460173,-0.3656697631811996,0.000960595875211531,-0.31224950900428994,-0.4362345305097194,0.0003771804510208021,-0.4147339591316227,1.2020459569726085,0.000724664892833434,1.2478896226088094,-0.08801257976936706,0.0008945233289560223,-0.041293672766439346,0.014270521825738845,0.0013135810135991696,0.07767953955700387,0.7180572841673577,0.003185742228682604,0.7873938603090295,0.1600945488480404,0.0007264572712510084,0.20439503210469473,0.027082042607902503,0.0006105698943489725,0.09101059199272689,0.18132031349240652,0.0007843621732171992,0.21453442362295352,1
2023-07-18,-0.14357756125046428,0.001646853670576261,-0.06897615675637274,-0.41655319916304917,0.0009535025825522565,-0.3631329449861395,-0.026707130825988072,0.0003767951597678165,-0.00520655944789136,0.048679167965711326,0.0007256290509182593,0.09452283360191212,-0.5853047143430543,0.0008849443559835004,-0.5385858073401266,2.114890388858119,0.0013472817163025753,2.178299406589384,0.1816014610016742,0.003191878627695904,0.25093803714334595,-0.8345674611321783,0.0007142647673909697,-0.7902669778755239,-0.19789528835051734,0.0006084518635020579,-0.13396673896569294,-0.2565290717870966,0.0007797020216612491,-0.2233149616565496,0
2023-07-19,0.2893112979799519,0.0016515998152413663,0.36391270247404345,-0.7643676818746249,0.0009404385417540667,-0.7109474276977152,-0.1882250788931041,0.00037470549476498546,-0.1667245075150074,0.15294058339586744,0.0007283534088127242,0.19878424903206823,-0.03191284492374474,0.0008844117136039281,0.014806062079182971,-0.7348218409057976,0.0013353703527514767,-0.6714128231745325,-0.24389145683517205,0.00318288249394399,-0.1745548806935003,0.11736148483681953,0.0007160018404200289,0.16166196809347388,-0.03995549741733215,0.0006082026293368218,0.023973051967492238,0.3081693419177366,0.0007850886003756875,0.34138345204828363,0
2023-07-20,-0.5942093826555142,0.0016413298592643786,-0.5196079781614226,-1.232901991465514,0.000919344584027024,-1.1794817372886042,5.011508154713348,0.0004274619611970959,5.0330087260914445,0.591874770831088,0.0007384839561456227,0.6377184364672888,-0.07499281186390808,0.000883177690823933,-0.02827390486098036,-1.3288804263425626,0.0013139919943114652,-1.2654714086112977,-2.4663383600587125,0.0030949865314492094,-2.397001783917041,-0.4907619064420483,0.0007088586022652753,-0.44646142318539395,1.3064558764816951,0.0006238395306518228,1.3703844258665194,0.8336854925241097,0.0007997996335067852,0.8668996026546568,0
2023-07-21,-0.3916843351730435,0.0016345150015810845,-0.31708293067895194,0.2964531902325696,0.0009245497286271948,0.34987344440947926,0.8693953804335515,0.00043647685787549963,0.8908959518116482,-0.4437143682667138,0.0007311272213285739,-0.39787070263051305,-0.12349209127064281,0.0008811558540857165,-0.0767731842677151,-0.552543456834934,0.0013050391696983574,-0.4891344391036689,-0.33901449965248476,0.0030827160152923595,-0.269677923510813,-0.1367587220243341,0.0007068910020452551,-0.09245823876767975,0.3547786841808638,0.0006282305156622401,0.4187072335656882,0.1952179690755258,0.0008031548351213753,0.2284320792060728,1
2023-07-24,0.14256003162483127,0.001636771068582981,0.2171614361189228,0.5864527710748813,0.0009347213487397482,0.6398730252517909,0.4119144799422236,0.0004406593130533994,0.43341505132032027,0.9732479117637851,0.000747665524117844,1.019091577399986,0.9380079865944094,0.0008964124606310781,0.984726893597337,0.14993570435272374,0.0013073018133260104,0.21334472208398877,0.7865276085227254,0.0031103633754450246,0.8558641846643972,0.32862064564690224,0.0007117085027442662,0.3729211289035566,0.3711328545747271,0.0006328064562474017,0.43506140395955145,0.738955755179743,0.0008161448391313406,0.7721698653102901,0
2023-07-25,0.15767538916048926,0.0016392792851336398,0.2322767936545808,0.23115254759108037,0.0009387846165542111,0.28457280176799,0.6131049262624123,0.00044695091540807133,0.6346054976405089,-0.43251291883357845,0.0007405022425245204,-0.3866692531973777,-0.51166219755554,0.0008880710150651225,-0.46494329055261235,0.8675209959609306,0.001320991222687539,0.9309300136921955,-0.41518457979263285,0.0030954032446781823,-0.3458480036509611,-0.5542060045856545,0.0007036639679427492,-0.5099055213290001,-0.12437477027190204,0.0006315434381984452,-0.06044622088707765,0.0414152054086734,0.0008167553415587806,0.07462931553922042,1
2023-07-26,0.1592841363481922,0.001641810363517894,0.23388554084228372,2.8846948283335534,0.000988288650851631,2.9381150825104627,0.13714428519151625,0.0004482290096972936,0.15864485656961297,0.26448058190681145,0.0007450784553551271,0.31032424754301224,0.10427528168607153,0.0008897504413693329,0.15099418868899925,-2.123367383282983,0.0012870551935186445,-2.059958365551718,-0.15563796180435907,0.003089653152825957,-0.08630138566268733,-0.44318494386939944,0.0006972484662870242,-0.3988844606127451,0.2013670136579397,0.0006341125095115158,0.2652955630427641,-0.3079763461290721,0.0008111807404473902,-0.27476223599852506,0
2023-07-27,-0.41326011314929956,0.0016346539129616787,-0.33865870865520803,-0.002266412936624407,0.0009883038828878423,0.05115384124028525,0.44393452982894555,0.0004527265677978823,0.46543510120704223,-0.6168502439793746,0.0007348310916446919,-0.5710065783431738,-1.1006935752903901,0.0008718684106083881,-1.0539746682874624,-1.2057758927441693,0.001267769484448345,-1.1423668750129041,-0.8739312150369575,0.003058518608149528,-0.8045946388952857,-0.7161012451270227,0.000686877486088749,-0.6718007618703683,-0.3329224387767623,0.0006304007008774004,-0.2689938893919379,0.12132383814220109,0.0008132076088679869,0.1545379482727481,1
2023-07-28,0.6205174289262329,0.0016449784111946808,0.6951188334203243,1.196441672762498,0.001008813939608433,1.2498619269394078,0.35546599289395286,0.00045628807953722273,0.37696656427204955,0.2494829140030301,0.0007391523782315498,0.2953265796392309,-0.2560240341801162,0.0008677158680050413,-0.2093051271771885,1.2026031210259855,0.0012867812948112128,1.2660121387572505,0.963649750383615,0.003092347356587465,1.0329863265252868,0.2902972981421817,0.0006911391148873052,0.33459778139883606,0.28518680245134886,0.000633950090010926,0.34911535183617326,-0.6214321898758198,0.0008021074388784283,-0.5882180797452728,1
2023-07-31,0.08832881810864454,0.0016462999983079475,0.16293022260273607,0.0002890577582409874,0.0010088549666781145,0.05370931193515064,-3.3227401468076767,0.0004212846680663499,-3.3012395754295802,0.300599598990223,0.0007443239599183779,0.3464432646264238,0.13338975833526168,0.0008698803542039462,0.1801086653381894,-0.45968739558525756,0.0012793727829185151,-0.3962783778539925,0.02213248661357206,0.003092888863335233,0.0914690627552438,0.4586258179443904,0.000697835623573873,0.5029263012010448,-0.08710105134761995,0.0006331275688576283,-0.023172501962795557,1.4220619357214725,0.0008271010172671909,1.4552760458520198,0
2023-08-01,-0.29464038075810156,0.0016411592124626522,-0.22003897626401003,-0.5017782776173767,0.0010003267544193084,-0.44835802344046705,0.6513035899605256,0.0004279658714121461,0.6728041613386223,-0.30148746182362435,0.0007393915369906544,-0.2556437961874235,0.3327069963272058,0.0008752678888087459,0.37942590333013354,0.005004020762129414,0.0012793472657312277,0.06841303849339443,-0.6547851472955347,0.0030695600794969783,-0.585448571153863,0.47205722906005876,0.0007047152140745638,0.5163577123167131,-0.4115097516204632,0.0006285055041626074,-0.3475812022356388,-0.31773930851489884,0.0008213645926746228,-0.28452519838435186,0
2023-08-02,-0.8717251651202309,0.001626301288272484,-0.7971237606261394,-1.2789954692433088,0.0009785594786979243,-1.225575215066399,0.4790330228847408,0.00043283270103612495,0.5005335942628375,-0.6321538934612959,0.0007289282863356463,-0.5863102278250951,-0.9987372324335493,0.0008591096254006617,-0.9520183254306216,-1.5019036435585906,0.0012554425544295705,-1.4384946258273257,-0.7256260287453012,0.003043775949702488,-0.6562894526036295,-0.5986992761954709,0.0006960741720420623,-0.5543987929388166,-0.012714745417650103,0.000628559931596198,0.05121380396717429,-0.6471358953196011,0.0008098332610225226,-0.613921785189054,1
2023-08-03,-0.4513750070378641,0.0016185474611846746,-0.37677360254377257,-0.025687036183538205,0.0009781840306175408,0.02773321799337145,0.33457349023799504,0.0004361806595958885,0.3560740616160917,0.2706668034295862,0.0007335942783492653,0.316510469065787,0.36434373608945125,0.000865008445202682,0.411062643092379,-0.20378945220554529,0.0012521320359643547,-0.14038043447428028,0.43539360307095026,0.0030589052237261836,0.504730179212622,0.2581806173302726,0.0006998482889982894,0.30248110058692695,-0.04530470793155745,0.000628233082464094,0.01862384145326694,0.8221788064708719,0.000824192769849544,0.8553929166014189,0
2023-08-04,-2.5457413428123954,0.0015755702092381427,-2.4711399383183035,-0.18803667536278504,0.0009750454841752323,-0.13461642118587538,-0.7986244289513309,0.0004276846169103069,-0.7771238575732342,-0.1551193517937303,0.0007311316957201262,-0.1092756861575295,-0.27319514217865887,0.0008606025521983291,-0.22647623517573115,0.12424621100056597,0.0012540164715600052,0.187655228731831,-0.5876588820133972,0.003038027303710693,-0.5183223058717255,0.01337887879632583,0.0007000763335710444,0.0576793620529802,-0.4919272317692846,0.0006226874875322882,-0.4279986823844602,0.1046044412441292,0.0008259037125289368,0.1378185513746762,1
2023-08-07,-0.9624711884356661,0.0015592821378130253,-0.8878697839415747,1.3043071671977948,0.000997295209279093,1.3577274213747046,1.969075191861715,0.0004480916508844503,1.9905757632398118,0.1997110199747144,0.000734602129741859,0.2455546856109152,0.7095780020381981,0.000872059635989371,0.7562969090411258,0.3256419090631208,0.00125908078506764,0.3890509267943858,-0.30304059094627,0.0030271869375536557,-0.23370401480459824,0.5870977082938434,0.0007085920882676344,0.6313981915504978,0.9420647300948362,0.0006338948806148575,1.0059932794796607,-0.13400474212972213,0.0008234176693236129,-0.10079063199917512,0
2023-08-08,0.1987397427269686,0.0015625253463166333,0.2733411472210601,-0.10369514749242281,0.0009955788708723198,-0.05027489331551316,0.016791858706204667,0.0004481037022582927,0.038292430084301374,-0.33647618660873,0.0007291153139969657,-0.29063252097252923,-0.5439040541319468,0.000863291616828311,-0.49718514712901907,-0.7365421490097227,0.0012473626178971106,-0.6731331312784576,-0.24066489816635606,0.0030185552857437056,-0.1713283220246843,-0.5947279843956046,0.0007000348902136095,-0.5504275011389502,0.009939106774578522,0.0006342087412166013,0.07386765615940291,0.2101145231462749,0.0008269792687255202,0.24332863327682192,0
2023-08-09,-0.5354152686390485,0.0015534430972181067,-0.460813864144957,-0.7268921573225278,0.0009832840274861796,-0.6734719031456181,-0.07413033951108591,0.00044716835458967724,-0.052629768132989196,-0.7400007282785231,0.000716907246811664,-0.6941570626423224,0.018740310088937027,0.0008636003624768772,0.06545921709186474,-0.7046451677734965,0.0012361679629695596,-0.6412361500422314,-0.8097321771331728,0.0029899761622861573,-0.7403956009915011,0.07331466859483222,0.0007011265368250713,0.11761515185148659,0.05597524503935595,0.000635058652653622,0.11990379442418034,0.802793183547284,0.0008409342179571066,0.836007293677831,1
2023-08-10,-0.13813377712077055,0.0015510375497252774,-0.06353237262667902,-0.041651493982163744,0.0009826352907523642,0.011768760194745912,-0.4524886956958569,0.00044229565775446043,-0.43098812431776024,-0.12327414338492279,0.0007149982758733029,-0.077430477748722,0.42590336849273547,0.0008704604477738003,0.47262227549566316,0.05549057547669581,0.0012369757719433829,0.11889959320796083,0.25084493364768284,0.00299861836751428,0.3201815097893546,0.16839304743765715,0.0007035862735507747,0.2126935306943115,-0.10089935219693576,0.0006340801595397514,-0.03697080281211136,0.21833773159843628,0.0008446187228046089,0.2515518417289833,1
2023-08-11,-0.05722450492425546,0.0015499915474020318,0.017376899569836075,-0.10440842923734289,0.0009809239388457595,-0.05098817506043324,0.7872166877989385,0.00045032639726921457,0.8087172591770352,0.25421402088043893,0.0007193781853267831,0.3000576865166397,-0.3383451100791436,0.0008650213874454021,-0.2916262030762159,-0.38881638619851483,0.0012307839572782157,-0.3254073684672498,-0.339251605272099,0.0029865812947122675,-0.26991502913042725,-0.07422751449099826,0.0007025488901006238,-0.029927031234343895,0.370633990833298,0.0006385900257757253,0.4345625402181224,0.7310226157109768,0.0008572772464709811,0.7642367258415238,1
2023-08-14,0.40877757670837733,0.001556747121848305,0.48337898120246886,0.6414121843720673,0.0009918463489340282,0.6948324385489769,-0.2169562210977855,0.0004479072006551552,-0.19545564971968882,0.061427019546909156,0.0007205432011330685,0.10727068518310995,0.4419771163546105,0.0008721266366967033,0.4886960233575382,0.4531983059760519,0.0012378538679168561,0.5166073237073169,-0.3625340429755428,0.0029737503405833435,-0.29319746683387105,0.669157061407608,0.0007122061882377526,0.7134575446642624,-0.615450794825178,0.000631628110836506,-0.5515222454403536,0.0063897209951768365,0.0008572319682359911,0.039603831125723854,0
2023-08-15,-0.6509827898871093,0.0015457684467403948,-0.5763813853930178,-0.6536791708349643,0.0009808358691887136,-0.6002589166580546,-0.26042672411416873,0.0004450407793080486,-0.23892615273607198,-1.363821368666901,0.0006980151205359882,-1.3179777030307,-0.6023037363414366,0.000862458974547184,-0.555584829338509,-0.43162841977861066,0.0012309987876690102,-0.3682194020473456,-0.767527438357176,0.0029467835633843783,-0.6981908622155042,-0.8011342354651171,0.0007007162943578581,-0.7568337522084627,-0.44362046115765535,0.0006266741223367915,-0.37969191177283096,-1.2967250377219444,0.0008344002318529198,-1.2635109275913974,0
2023-08-16,-0.32978707889846964,0.001540175464434218,-0.2551856744043781,-0.47667366916261783,0.0009728368382962559,-0.4232534149857082,-0.28507840531547396,0.00044192352953438915,-0.2635778339373772,-0.2655173275727306,0.0006937665652851135,-0.2196736619365298,-0.05759744669039658,0.0008615429431479323,-0.010878539687468857,-0.19631552041726455,0.0012278523232864516,-0.13290650268599954,-0.8470851575931806,0.0029170843442388418,-0.7777485814515088,-0.17911271878657295,0.0006981779731234087,-0.1348122355299186,-0.026710264391945533,0.000626567227362125,0.03721828499287886,-0.8613618925368947,0.000819214063748502,-0.8281477824063476,0
2023-08-17,-0.8236229553653223,0.0015263477483811606,-0.7490215508712308,0.4287014122658866,0.000980144975523454,0.48212166644279625,0.7573189218384416,0.00044961707299803175,0.7788194932165382,-0.5836047939486083,0.0006842470082490741,-0.5377611283124075,-0.28464655099809705,0.000856990614530221,-0.2379276439951693,-0.6647041179760539,0.001217359079459422,-0.6012951002447888,-0.7655215597247453,0.0028902825855904105,-0.6961849835830736,-0.5247725122128837,0.0006906848335955962,-0.4804720289562293,-1.7246738074468386,0.0006067712293176629,-1.6607452580620143,0.9201794464752493,0.0008351528651588372,0.9533935566057963,0
2023-08-18,0.07031853694104724,0.001527454868081736,0.14491994143513878,-1.0164309727154242,0.0009630506181234586,-0.9630107185385144,-0.7454264836740084,0.0004417333981378006,-0.7239259122959117,0.07258838710945832,0.0006856232308089359,0.11843205274565911,-0.10817893535924525,0.0008552711084902094,-0.061460028356317524,-0.13249506891942867,0.0012152306393729375,-0.06908605118816366,-0.4881985220352484,0.0028731966337385575,-0.4188619458935766,0.15750963802111922,0.0006929848547828425,0.2018101212777736,1.0020035317874707,0.0006186001469116703,1.0659320811722952,0.7113745683786686,0.0008474225004784873,0.7445886785092157,1
2023-08-21,0.32353383944404585,0.0015327801410258473,0.3981352439381374,0.30969239559041734,0.0009683477833701153,0.363112649767327,-2.4911735469881253,0.0004157979615163733,-2.469672975610029,0.13141312472789446,0.0006879715484415067,0.17725679036409525,0.09411411385796416,0.0008567902120901079,0.14083302086089186,0.8704503043739079,0.0012288218445243573,0.933859322105173,1.734501544172447,0.0029335753921301898,1.8038381203141187,0.28003954167344075,0.0006970358515308832,0.3243400249300951,-0.26096092498827267,0.0006157887812231167,-0.1970323756034483,-0.6280602986293875,0.0008363298017227812,-0.5948461884988405,1
2023-08-22,0.33219387741532197,0.0015382404908952188,0.4067952819094135,0.22787350550524385,0.0009722573540667242,0.28129375968215353,-0.6801732570047315,0.0004086314499448687,-0.6586726856266348,-1.119541726837769,0.0006696110236919533,-1.073698061201568,0.5860176561738277,0.000866167925817561,0.6327365631767554,0.0352099403832156,0.0012293128886860017,0.09861895811448061,0.13396412246930794,0.0029381382272514883,0.20330069861097966,0.23326851456228082,0.0007004106069550284,0.2775689978189352,-0.2991047604699446,0.0006125410614732268,-0.2351762110851202,-0.30937532581429644,0.00083080482968515,-0.2761612156837494,1
2023-08-23,1.054897962363826,0.0015557153560125114,1.1294993668579174,1.2428905208885532,0.000993246987737527,1.296310775065463,-0.7653008706855834,0.00040059780334278085,-0.7438002993074867,0.30430032659450157,0.0006748280719834123,0.3501439922307024,0.3872563572990086,0.0008723558554190121,0.43397526430193634,0.7071761079062203,0.0012403146647893704,0.7705851256374854,0.31809826035921,0.0029490972109499965,0.3874348365008818,0.38630915606479277,0.0007059677377285702,0.43060963932144714,0.450407756100894,0.0006179603538266618,0.5143363054857184,-0.4657170452626431,0.0008225695379631966,-0.4325029351320961,0
2023-08-24,-1.4213441743058453,0.0015319975126404472,-1.3467427698117536,-1.0485449815675103,0.0009756597711583194,-0.9951247273906005,0.260583887365536,0.0004031666854440965,0.28208445874363275,-0.09502675399902469,0.0006734381554931064,-0.04918308836282389,-0.49994166555473163,0.0008643789583280576,-0.45322275855180394,-1.2400519029248382,0.001220863170045251,-1.176642885193573,-0.7781564119378263,0.0029219436539657142,-0.7088198357961545,-0.7436868006860108,0.0006953726550677905,-0.6993863174293564,-0.630957967936544,0.0006108846803861148,-0.5670294185517196,-0.40066266629390257,0.0008154790784221255,-0.36744855616335553,1
2023-08-25,0.5760148203873736,0.00154149412537525,0.6506162248814652,-0.014243417606871632,0.0009754842479270797,0.03917683657003802,1.166788858353247,0.0004150766777770694,1.1882894297313438,-0.1091391947190494,0.0006718176358606204,-0.0632955290828486,0.6571153116492567,0.0008748594536532404,0.7038342186521844,0.45145223263634227,0.00122785990891068,0.5148612503676073,0.8456309300091707,0.0029512133290394544,0.9149675061508424,0.7308740074672697,0.0007058427118245219,0.7751744907239241,0.3752503032274693,0.0006154290813870945,0.43917885261229367,0.8460408847625883,0.0008300517966424694,0.8792549948931354,1
2023-08-28,0.3806259112900749,0.001547732097147026,0.4552273157841664,0.389074693527392,0.000982081072110532,0.44249494770430164,-0.9985743096617383,0.00040465446307005876,-0.9770737382836416,0.13371605692847585,0.0006742057022111825,0.17955972256467664,0.5588217218116478,0.0008837565642924559,0.6055406288145755,0.05860886456750193,0.00122871518903205,0.12201788229876695,-0.04560431616136847,0.002949516343170342,0.023732259980303264,0.2667363449235726,0.0007096757111852782,0.311036828180227,0.35857476550746176,0.0006197735101175233,0.42250331489228615,0.3805136015700669,0.0008365218827465104,0.41372771170061395,1
2023-08-29,1.0477641121036874,0.0015650209393163232,1.1223655165977788,1.3286150543100304,0.0010044288450971645,1.3820353084869401,-0.011424254914189691,0.0004044129323623991,0.01007631646390702,0.37518282543186476,0.0006805692106236616,0.42102649106806556,0.5073160790666954,0.0008918188812967245,0.5540349860696231,0.7329608470347809,0.0012400819006747961,0.796369864766046,1.8232003871736748,0.003012595185645475,1.8925369633153466,0.32653130518690304,0.0007143541918236889,0.37083178844355735,0.5568833560389156,0.0006263943801019712,0.62081190542374,0.25983671232419825,0.0008408887514876337,0.29305082245474523,1
2023-08-30,0.9120094054068387,0.0015800313352956682,0.9866108099009302,0.4416773972742893,0.001011871483131248,0.49509765145119894,-0.3140618798811758,0.00040105875742101814,-0.2925613085030791,-0.25465310429536936,0.0006765506441164846,-0.20880943865916854,0.24764985737091721,0.0008957388980197542,0.2943687643738449,-7.86504488653677e-05,0.0012400111670189504,0.06333036728239964,-0.09613823689976098,0.0030090987473694202,-0.026801660758089242,0.1729203546139553,0.0007168377491998948,0.21722083787060967,0.4684099517231672,0.0006319859107876118,0.5323385011079915,0.4463440659208436,0.0008484788975811611,0.4795581760513906,0
2023-08-31,-0.014272739400462054,0.0015796840604975135,0.06032866509362948,0.055111804601748096,0.0010128272694535697,0.10853205877865775,-1.059169889696757,0.00039005233527386043,-1.0376693183186603,-0.6853060045951357,0.0006654535962990343,-0.6394623389589349,-0.21123199748179675,0.0008923624757071078,-0.16451309047886903,-0.2348676075509562,0.0012362865188346092,-0.17145858981969114,0.043736176604803875,0.0030104480657580997,0.11307275274647562,-0.17804900940641966,0.0007143246101822757,-0.1337485261497653,0.5841222728568963,0.0006388982664717014,0.6480508222417207,0.104377132206306,0.000850137529591837,0.137591242336853,0
2023-09-01,0.3609265016843123,0.0015855425015289797,0.4355279061784038,-0.2438898611624356,0.0010087780324592227,-0.19046960698552595,-0.6366276306979027,0.0003834036940740805,-0.615127059319806,0.1275061235827468,0.0006677368671398629,0.1733497892189476,0.3340069024439965,0.000897646051098787,0.3807258094469242,0.08687593860928766,0.0012375712635970153,0.15028495634055267,-1.3160416986889736,0.0029647854007679806,-1.2467051225473018,0.547969895737019,0.000722134425897475,0.5922703789936734,-0.5377804991668297,0.0006329112591423666,-0.4738519497820053,0.9980908038767371,0.0008672480999939786,1.031304914007284,1
2023-09-05,-0.009401414485182672,0.0015852716254683083,0.06519999000890886,-0.012190141543173206,0.0010086095726037389,0.041230112633736445,0.08178294790629292,0.00038413737736640174,0.10328351928438964,-0.6170827492074661,0.0006577867223993945,-0.5712390835712653,-0.5718451367119746,0.000888554820000287,-0.525126229709047,0.7509119084378724,0.0012491706806310708,0.8143209261691374,1.084118469973869,0.003002107193804195,1.1534550461155408,-0.7128308029314159,0.0007120268356433003,-0.6685303196747615,-0.6600400131149886,0.000625531200292933,-0.5961114637301642,-0.028872934952502552,0.0008665856511212365,0.004341175178044465,0
2023-09-06,-1.9165481234824966,0.001553514007666403,-1.841946718988405,-0.5441363405709643,0.0009995551102372226,-0.49071608639405456,-1.398659878844117,0.00036969311884893307,-1.3771593074660204,-0.1314291958905954,0.0006558233462055889,-0.08558553025439461,0.17218392172758704,0.000891268497641124,0.21890282873051475,-0.1733451954261636,0.001246402780571062,-0.10993617769489858,-0.5079559114993161,0.0029844185483434422,-0.4386193353576443,0.1558445004542597,0.0007142616487653847,0.20014498371091408,0.49078855209926103,0.0006313610938473779,0.5547171014840854,0.39161419006293824,0.0008731833482686637,0.4248283001934853,0
2023-09-07,-1.5797860118946898,0.0015273655673935693,-1.5051846074005981,0.2491789524863676,0.0010037572925843089,0.3025992066632773,1.03800856811113,0.00038023157914164103,1.0595091394892266,-0.48871343902128417,0.0006480050357992155,-0.44286977338508343,0.1401578292081396,0.000893470531589233,0.18687673621106732,-0.5517214112244551,0.0012377708829950016,-0.48831239349318994,-0.11135513578690999,0.002980436136999052,-0.042018559645238256,0.1940863889868707,0.0007170348033267559,0.23838687224352503,0.8537327639112878,0.0006413397089631335,0.9176613132961122,-0.2739017219228874,0.0008682905565210616,-0.2406876117923404,1
2023-09-08,0.10507953075596428,0.0015290316116272273,0.17968093525005582,0.36771184999803097,0.001009929108030101,0.4211321041749406,0.25298107822874855,0.0003827181390888816,0.2744816496068453,-0.0062154510325265425,0.0006481046323778747,0.03962821460367426,-0.01827833635273501,0.0008931625995654871,0.028440570650192704,0.6599032058461275,0.0012479302482811077,0.7233122235773926,-0.3620172210409285,0.0029678240942161115,-0.2926806448992567,-0.007954837346708642,0.0007169414479153096,0.036345645909945726,0.07204003158499456,0.000642352348119298,0.13596858096981895,0.6837441465738354,0.0008799102050649785,0.7169582567043825,1
2023-09-11,0.26619937276942934,0.001533348175395812,0.34080077726352087,0.14795636022497957,0.0010124287278630581,0.20137661440188923,1.062457279893494,0.0003934776971275284,1.0839578512715906,0.180942203352207,0.0006512676189509406,0.2267858689884078,0.19240618803862455,0.0008961850889857523,0.2391250950415523,0.5374976830876182,0.0012561770760639924,0.6009067008188833,2.415190042465487,0.0030508390731911585,2.4845266186071586,-0.061253005184467885,0.0007160939505209522,-0.016952521927813515,0.19393477514710955,0.0006447575752596474,0.25786332453193395,-0.6504751516502287,0.0008685356107684678,-0.6172610415196816,0
2023-09-12,-0.9525432440737034,0.0015176040054107175,-0.8779418395796119,-0.6403116523086578,0.0010018005087298238,-0.5868913981317482,0.44727837089421546,0.0003979339140934223,0.46877894227231215,0.6279131831431495,0.0006617354626122612,0.6737568487793503,-0.10076698709202017,0.000894572738735058,-0.054048080089092454,-1.0626805731693432,0.0012396538736163297,-0.9992715554380781,-0.6182280950173864,0.003029376158322494,-0.5488915188757146,-0.024920146788844386,0.000715761652294899,0.019380336467809983,0.017216461459689924,0.0006451390319936949,0.08114501084451431,1.4023741334909174,0.000892499323394705,1.4355882436214644,1
2023-09-13,-0.6846589209887571,0.0015062905659922608,-0.6100575164946657,0.4614103001258793,0.0010095169490097716,0.514830554302789,0.1862201919486282,0.0003997176851418294,0.2077207633267249,-0.02108192192584874,0.0006615802546077834,0.024761743710352058,-0.042861294473657434,0.0008938767759691381,0.003857612529270281,0.6443028910129889,0.001249544715233881,0.7077119087442539,0.2822336927617377,0.0030388955983796625,0.3515702689034095,0.08403997068096547,0.0007169693608583806,0.12834045393761984,-0.045920769322132154,0.0006447988642172851,0.018007780062692234,-0.47305690556376284,0.0008841832035506242,-0.43984279543321575,1
2023-09-14,0.3773532046463063,0.001512441260803028,0.4519546091403978,0.46369041308051684,0.0010172582403915112,0.5171106672574265,-0.14786044354968295,0.0003980909975858496,-0.12635987217158623,0.9584180787235791,0.0006774179552267922,1.0042617443597799,-0.4279668559908793,0.0008871107757352724,-0.3812479489879516,0.3665475806850418,0.0012551289985023252,0.42995659841630685,0.3607671611462099,0.0030510956114951494,0.43010373728788165,-1.5737694850696236,0.0006947724429883293,-1.529469001812969,0.2467230004651808,0.0006477982155771904,0.3106515498500052,0.8459361066410618,0.0008985359061784726,0.8791502167716088,0
2023-09-15,-0.2883585155590049,0.0015076555725918527,-0.21375711106491332,-0.31121572541129855,0.0010121179953731091,-0.2577954712343889,-1.1805958622911192,0.00038594260799221876,-1.1590952909130225,-0.19847200002558743,0.0006743558991186739,-0.15262833438938664,0.07911908158858905,0.0008883436952509392,0.12583798859151676,-1.433722424310035,0.0012329227717642955,-1.37031340657877,-0.21648413206522446,0.0030434702163127368,-0.14714755592355272,-0.15090376184038562,0.000692682040209444,-0.10660327858373125,-0.3374106584069522,0.0006441334066685732,-0.27348210902212783,-0.7889688516598663,0.0008848072770711112,-0.7557547415293192,1
2023-09-18,0.7957611561664074,0.0015206560598732218,0.8703625606604989,0.24639657213752178,0.0010162385865718682,0.29981682631443146,0.5021019290458145,0.00039094836868055214,0.5236025004239112,0.06200505062028119,0.0006755447349496653,0.10784871625648197,0.3182473788908097,0.0008933380443014899,0.3649662858937374,-0.25566552407990606,0.0012289180055005343,-0.19225650634864105,-0.8866593082623738,0.003012884187047815,-0.8173227321207021,0.8474313658283905,0.0007046644483423437,0.8917318490850449,-0.6129192764066054,0.0006373366494062797,-0.548990727021781,0.3632110349681551,0.0008908580322999539,0.3964251450987021,0
2023-09-19,0.24346202073358159,0.0015245853005899392,0.3180634252276731,-0.11597111044504771,0.0010143447267728818,-0.06255085626813806,-0.159231827934567,0.00038921750124452925,-0.13773125655647028,-0.11181164537839089,0.000673900777413578,-0.0659679797421901,-0.5094726488255433,0.0008853079191686946,-0.46275374182261564,-0.13160745751139372,0.0012268311808393364,-0.06819843978012868,0.0438769991893392,0.0030142214845101448,0.11321357533101094,-0.31352168597979485,0.0007002794293636622,-0.2692212027231405,-0.08206288194055276,0.0006365928842149303,-0.018134332555728376,-0.16290588905386919,0.0008878849615423141,-0.12969177892332218,0
2023-09-20,-1.1034097591716496,0.0015064582573950792,-1.0288083546775582,-1.6376980558468357,0.0009872474047704746,-1.584277801669926,0.34129109126206053,0.00039257741170047365,0.3627916626401572,-0.2648351050384963,0.0006697695405932599,-0.21899143940229548,-0.43700992329551225,0.0008784298540705452,-0.39029101629258456,-1.3756903440289674,0.0012055981829436958,-1.3122813262977024,-0.4305157483143216,0.002999321817265301,-0.36117917217264983,-0.4622647165955994,0.0006938091330516864,-0.41796423333894506,0.1763954917456332,0.0006387893377291394,0.2403240411304576,-0.42331043084647824,0.000880459315403649,-0.39009632071593114,0
2023-09-21,-0.5320543794882694,0.001497707527406467,-0.45745297499417786,-1.3083792736259243,0.0009656461119325683,-1.2549590194490146,-0.6574211420504193,0.0003857882094701023,-0.6359205706723227,-0.4508220894801388,0.0006626213634407501,-0.404978423843938,-0.9819103856275234,0.0008630091320343104,-0.9351914786245957,-0.27498334479238185,0.0012013294287336967,-0.21157432706111678,-0.7152640448877288,0.0029747107542963088,-0.645927468746057,-1.3441150661137273,0.0006749534200751231,-1.299814582857073,-0.9634080793389117,0.0006280321410106659,-0.8994795299540873,-0.7266176890684897,0.0008678585505722773,-0.6934035789379427,0
2023-09-22,0.17985119705748265,0.0015006065325228572,0.2544526015515742,-0.1274880384596869,0.0009636091297132905,-0.07406778428277726,-0.6161978354073723,0.00037942876110558883,-0.5946972640292756,-0.5419648081477545,0.0006540045998616508,-0.4961211425115537,-0.1982518732739063,0.0008599064324676582,-0.1515329662709786,-0.4950558923084551,0.0011936860609082106,-0.4316468745771901,-1.1110277079404942,0.0029366200113451362,-1.0416911317988224,-0.43151131304525225,0.0006689472494724241,-0.3872108297885979,0.13282552568429729,0.0006297374931826707,0.19675407506912168,0.043967900106703366,0.0008684476176118714,0.07718201023725038,1
2023-09-25,0.3051904263662497,0.001505547423327067,0.37979183086034124,0.2823725485701584,0.0009683475931585843,0.3357928027470681,-0.1454253572079477,0.0003778533822904028,-0.12392478582985098,0.20995605091450373,0.0006576069816228604,0.25579971655070455,-0.010729658536294399,0.000859747857361768,0.03598924846663332,0.028102823840746072,0.0011940880188486015,0.09151184157201109,0.14277872755876125,0.002941392992451646,0.212115303700433,-0.48242237167183977,0.0006622367112929325,-0.43812188841518546,0.2646354074917267,0.0006329350288539062,0.3285639568765511,0.5191482664543765,0.000877149289175408,0.5523623765849235,0
2023-09-26,-1.2786967704737011,0.0014846372557130293,-1.2040953659796096,-1.038706887657044,0.0009512685675300291,-0.9852866334801342,-0.6627545572336937,0.00037103961149533883,-0.641253985855597,-0.5831916804736504,0.0006483402936205797,-0.5373480148374497,-0.993896669590929,0.0008441939691711297,-0.9471777625880013,-0.9941616266997058,0.001178806825731869,-0.9307526089684407,-0.355389791984332,0.0029291668477131527,-0.28605321584266025,-0.9962975981485956,0.0006483320122986126,-0.9519971148919413,-0.3228827412372368,0.0006294688832391407,-0.2589541918524124,0.04299529865754253,0.0008777129732290596,0.07620940878808954,1
2023-09-27,-0.5324649726828543,0.0014759275031662304,-0.4578635681887628,0.7258534182086767,0.0009633246603925199,0.7792736723855863,-1.0169636353685587,0.0003606518083902915,-0.9954630639904621,0.25779234081624264,0.0006527165261208144,0.3036360064524435,-0.03316535853938436,0.0008436978120222187,0.013553548463543352,0.050553091616323494,0.0011795647106313558,0.1139621093475885,-0.43438239591924194,0.002914269263923434,-0.36504581977757017,-0.0833979435118152,0.0006472403547322682,-0.03909746025516084,-0.41955810279558914,0.0006249138557392603,-0.35562955341076474,1.5691051832328489,0.0009042899624209949,1.6023192933633958,1
2023-09-28,0.0039020175020705377,0.0014759690642360546,0.07850342199616207,0.6361959479254127,0.0009738828795037936,0.6896162021023223,-0.14280474125045983,0.00035912263523099684,-0.12130416987236312,0.5969673878578886,0.0006625768348137347,0.6428110534940894,0.49018103747319425,0.0008513839180831747,0.536899944476122,0.08532463971796975,0.0011808538582160535,0.14873365744923478,0.5325371059005696,0.002932320240862156,0.6018736820422413,0.5192813795872169,0.0006545869786001407,0.5635818628438712,0.3117358678350477,0.0006286402860861341,0.3756644172198721,-0.3321108049716091,0.0008984412079039014,-0.2988966948410621,0
2023-09-29,0.08218026432317062,0.0014772845374024987,0.15678166881726213,-0.6107936547242221,0.000963888745418432,-0.5573734005473124,-0.6184717600392858,0.0003527891715590009,-0.5969711886611891,-0.9473558753051007,0.0006474382061723716,-0.9015122096688999,-0.5205752174466705,0.0008432693134100708,-0.47385631044374277,0.30480351223250357,0.001185499394197451,0.3682125299637686,0.3143424845171109,0.0029429176824387828,0.38367906065878266,-0.4708100807714797,0.0006480733638369707,-0.42650959751482537,-1.253596000740766,0.0006146652244928732,-1.189667451355942,-0.8117892876164519,0.0008844392899724796,-0.7785751774859048,1
2023-10-02,0.6888361767543695,0.0014884628968549023,0.7634375812484611,1.2330174292181426,0.0009842486913137752,1.2864376833950524,-0.34077859028031815,0.0003492701871936629,-0.31927801890222146,-0.4921088430506117,0.000639683254170902,-0.4462651774144109,-0.05484351693352553,0.0008424368499210559,-0.008124609930597807,0.9852738988076143,0.0012005412538638423,1.0486829165388794,0.06643265188246392,0.0029450701916234378,0.13576922802413566,0.2837371878231443,0.0006521153086339724,0.32803767107979864,0.01482557475545507,0.0006150403890671565,0.07875412414027946,-0.8494168510749834,0.0008698210125026454,-0.8162027409444363,0
2023-10-03,-0.47444146573012236,0.0014807218310450346,-0.39984006123603083,-0.7129822019165853,0.000972582637814933,-0.6595619477396757,0.07998733415004775,0.0003500020260292444,0.10148790552814445,-0.42754857358755416,0.0006329839112932283,-0.3817049079513534,-0.6955363968950597,0.000831615002584371,-0.6488174898921321,-1.4937739687136058,0.001177686079491116,-1.4303649509823406,-0.5654039754313993,0.0029257590442992925,-0.49606739928972754,-0.6812565339930456,0.0006426761616585545,-0.6369560507363914,-0.5313225807149676,0.0006092513341122719,-0.4673940313301433,0.05190754085122179,0.0008705398783907267,0.08512165098176881,1
2023-10-04,0.30149848604219964,0.0014855905039766366,0.37609989053629117,1.0257544535840293,0.0009894967755859569,1.079174707760939,0.07454359564048062,0.0003506777682636342,0.09604416701857732,0.18632909657500155,0.0006362015337983731,0.23217276221120234,0.32347821965512474,0.0008366881754095429,0.3701971266580525,0.9093567470599635,0.0011915505328921967,0.9727657647912284,1.3915531839919593,0.0029728918358437996,1.460889760133631,0.5864139353887793,0.0006509386459190014,0.6307144186454336,0.8255524026185991,0.0006187722637949948,0.8894809520034235,-1.8729921754721317,0.0008385825328714938,-1.8397780653415845,0
2023-10-05,0.29582093157303674,0.0014903589549945728,0.37042233606712827,-0.11735634289907437,0.0009876214730449597,-0.06393608872216472,0.8418082538622765,0.00035908008513190945,0.8633088252403732,0.1724533043903324,0.0006391900662988813,0.2182969700265332,0.09101562988364922,0.0008381339773986563,0.13773453688657694,0.005226516568140975,0.0011916026962300996,0.06863553429940598,-0.1739687549829626,0.002966862436365319,-0.10463217884129085,0.5409797192841228,0.0006585539916273372,0.5852802025407772,-0.9474494954403007,0.0006083013697939707,-0.8835209460554763,-1.1411014679213494,0.0008190919510931682,-1.1078873577908024,1
2023-10-06,0.6844610692062814,0.0015014182096152883,0.7590624737003729,0.8916935540783346,0.001002296426899009,0.9451138082552444,0.24220949216058268,0.00036143441048633903,0.26371006353867943,0.7512216854399179,0.0006514972698973472,0.7970653510761186,0.46608448729509255,0.0008454114469416684,0.5128033942980202,1.290486398948557,0.0012112402834728402,1.3538954166798223,-0.02389670541044293,0.002965927472880827,0.04543987073122881,0.3558020522127623,0.0006635774442324744,0.40010253546941665,-1.3074176423859054,0.0005937956614095916,-1.2434890930010811,-0.8550439073087363,0.0008044815839147007,-0.8218297971781893,1
2023-10-09,0.3602919448677444,0.0015072095455330226,0.43489334936183593,0.2571012707504144,0.0010065490924337955,0.31052152492732404,0.4516615158568627,0.00036589084581429925,0.4731620872349594,-0.16359530938880773,0.000649059018829444,-0.11775164375260692,-0.48190969137505374,0.0008379433213721268,-0.43519078437212605,0.36472597463889106,0.0012167496408990956,0.4281349923701561,-0.15059643503306985,0.0029607051106445475,-0.08125985889139811,-0.1971674333951229,0.0006608970769539851,-0.15286695013846854,-0.33392582357307315,0.0005902639159943555,-0.26999727418824876,1.6888718503663553,0.0008329703658345183,1.7220859604969025,1
2023-10-10,-0.24709828144434717,0.0015031635523828197,-0.17249687695025565,-0.1856965473194842,0.001003545450095743,-0.13227629314257455,-0.1155802255703936,0.00036464101018983516,-0.09407965419229689,0.26886301687864844,0.000653579904290663,0.31470668251484923,0.7180312611642599,0.0008491212580750584,0.7647501681671875,-0.30069740675926077,0.0012121266151110118,-0.23728838902799573,0.30513256055689025,0.002970905642143184,0.374469136698562,0.5074139036146292,0.0006680183757471694,0.5517143868712836,0.7727921969969387,0.0005991759953415984,0.8367207463817631,-0.24175731722175853,0.0008287485886719018,-0.20854320709121152,0
2023-10-11,0.3321423338864402,0.0015084887131746282,0.40674373838053174,0.863869885927408,0.0010177153959051845,0.9172901401043176,-1.1624180574194287,0.00035288484500789024,-1.140917486041332,0.13189404151578,0.0006558922759383451,0.17773770715198078,-0.1217255035325746,0.0008472510420643131,-0.07500659652964688,0.6082350678602952,0.001221327534920563,0.6716440855915603,-0.12816785854687127,0.002966445802115218,-0.05883128240519953,-0.27715257716426295,0.0006642275056684385,-0.23285209390760858,0.23222775155555925,0.0006020031212441579,0.29615630094038364,-1.7977357887405867,0.0007982311022075642,-1.7645216786100397,0
2023-10-12,0.18585062715857004,0.001511441929484023,0.26045203165266156,-0.6251705776039105,0.001007524615658205,-0.5717503234270008,0.05809259256282294,0.0003533898187580509,0.07959316394091964,-0.16630303626503312,0.000653412976898213,-0.12045937062883232,-0.03464961761192482,0.000846733870050851,0.012069289391002897,-0.2708534269523567,0.0012171616567141425,-0.20744440922109167,-0.45499269813178916,0.002950957503925644,-0.3856561219901174,0.2351906306276174,0.0006675552256005447,0.2794911138842718,0.2731795412287932,0.0006052850219940888,0.3371080906136176,-0.04245030022078445,0.0007974115668720078,-0.009236190090237432,0
2023-10-13,-0.6042612349891853,0.0015016379399804326,-0.5296598304950937,-0.6426289582469249,0.000997065657428084,-0.5892087040700152,0.25417402681410534,0.0003558589965097953,0.275674598192202,0.7317695825090119,0.0006653451959287017,0.7776132481452127,-0.2974382582991648,0.000842146936750643,-0.2507193512962371,-0.63027733632596,0.0012075483409047173,-0.5668683185946949,-0.806328509626234,0.0029236412541833704,-0.7369919334845623,0.18077324472640696,0.000670122629482826,0.22507372798306133,0.3462518208908639,0.0006093806537820179,0.4101803702756883,1.5384161894083648,0.0008232724503063871,1.5716302995389118,1
2023-10-16,-0.1120185327995431,0.0014997883611207739,-0.037417128305451575,0.5908355391590264,0.001006750582739681,0.6442557933359361,0.33780788842147236,0.0003591615226634672,0.35930845979956905,-0.09832454326804807,0.0006639518123856394,-0.05248087763184727,0.3749248458829677,0.0008479739402312911,0.4216437528858954,0.7565492293170771,0.0012189789940488939,0.8199582470483421,0.20514927184777676,0.002930468157835758,0.27448584798944853,0.5603774586938606,0.0006779466465351267,0.6046779419505149,0.5757668489823917,0.0006160403493566793,0.6396953983672161,0.0026090777391718995,0.0008231932950974677,0.035823187869718914,1
2023-10-17,-0.5266610070742106,0.001491260673589499,-0.45205960258011907,0.17326461938239665,0.0010096115633521968,0.2266848735593063,-0.7791025090001628,0.0003512839444066485,-0.7576019376220661,-0.15789796886638707,0.0006616066132220733,-0.1120543032301863,0.03480737094815,0.0008485315662438568,0.08152627795107771,-0.15882767230940723,0.0012165226287760508,-0.0954186545781422,0.02082728365884068,0.002931075234125436,0.09016385980051242,0.23756138310093566,0.00068128754145601,0.28186186635759003,0.032577793755176936,0.000616609634444718,0.09650634314000132,0.611358924708088,0.0008333706329518135,0.644573034838635,0
2023-10-18,-0.45515086791506054,0.0014838984118813587,-0.380549463420969,-0.6940619379472555,0.0009983390270171856,-0.6406416837703458,-1.805526259327328,0.00033315861381671784,-1.7840256879492313,-0.6143429920115078,0.0006519609455923654,-0.568499326375307,-1.1891113181970918,0.0008301767761074705,-1.1423924111941641,-0.38482183907366446,0.001210649333531399,-0.3214128213423994,-1.2449083680612316,0.0028890829331173176,-1.1755717919195598,-0.9703128168563637,0.0006679109018564099,-0.9260123335997094,-0.008851490277495848,0.0006167146842698879,0.05507705910732854,0.6560275802616563,0.0008442830715318372,0.6892416903922033,0
2023-10-19,-0.18580785164405045,0.0014808811051582947,-0.11120644714995892,-0.13084531081643988,0.0009962523749573672,-0.07742505663953021,-0.24397792307924837,0.00033066063171893176,-0.22247735170115165,-0.2658415579030821,0.0006479035961088823,-0.21999789226688132,-0.7748964208389837,0.0008182473560245508,-0.728177513836056,0.13720701310089253,0.0012126814635621006,0.20061603083215757,-2.358834113343634,0.002809701985484491,-2.2894975372019624,-0.9672200608171235,0.0006545991645797268,-0.9229195775604692,-0.4170622862748943,0.0006122584332772129,-0.3531337368900699,-0.0026980447359542864,0.0008440974523831165,0.030516065394592732,0
2023-10-20,-0.8312846056562364,0.001467493965889581,-0.7566832011621449,-0.8472324645468056,0.0009825185111489256,-0.7938122103698958,0.34848469797650167,0.00033407962955333756,0.3699852693545983,-0.8796651640086198,0.0006340463707635206,-0.833821498372419,-0.5250237700637058,0.0008101922135581131,-0.47830486306077813,-0.831545112101435,0.0012000699478413998,-0.76813609437017,-0.9774889877385226,0.0027768646610130464,-0.9081524115968508,-0.15442588996310974,0.0006525365650669364,-0.11012540670645538,-0.990205773851267,0.0006014108553337274,-0.9262772244664426,-0.8780057162671216,0.0008292013430796435,-0.8447916061365747,0
2023-10-23,-0.03888182094342796,0.001466854811552515,0.035719583550663576,0.284147669389369,0.0009871918703746913,0.3375679235662786,-0.8936097494493602,0.00032510697025731213,-0.8721091780712635,-0.7520797573252257,0.0006222486992885926,-0.7062360916890249,-0.1499452425438968,0.000807931576574525,-0.10322633554096908,0.3805673752734221,0.0012057822106710464,0.44397639300468716,-0.05888571207522003,0.002774920583641825,0.010450864066451708,-0.5189688853925625,0.0006454461080459087,-0.4746684021359081,0.9860647742538555,0.0006126264878657596,1.04999332363868,-0.7554054416481767,0.0008163886255225838,-0.7221913315176297,1
2023-10-24,0.056282619325714094,0.0014677437759037526,0.13088402381980563,0.8072673976140675,0.0010003510004471018,0.8606876517909773,-0.10909764018531622,0.000323965723299209,-0.0875970688072195,0.01657401749207046,0.000622730421245169,0.062417683128271256,0.4060882480206175,0.0008142378971623222,0.4528071550235452,0.13769865010529647,0.001207820743219843,0.20110766783656148,0.4460418535309421,0.0027899169393697846,0.5153784296726139,0.7626319167820537,0.0006560408619418441,0.806932400038708,0.9668053422137133,0.0006236089360813766,1.0307338915985378,-0.5098508525659602,0.0008077171488826331,-0.4766367424354132,0
2023-10-25,-0.7688888963008114,0.0014554010236806092,-0.6942874918067198,-4.889833121471318,0.0009210653358688122,-4.836412867294408,0.16484354950279814,0.0003255535580909616,0.18634412088089486,-0.32824235469837676,0.000617716118046791,-0.28239868906217597,-0.1298635143209025,0.0008122866671566122,-0.0831446073179748,1.615639114282164,0.0012321360283027878,1.679048132013429,-0.5354903706132919,0.002771991328955343,-0.4661537944716201,0.5171114124909366,0.0006632351552804752,0.561411895747591,-0.28632280450822817,0.0006206176950341643,-0.22239425512340377,0.05760091880433462,0.0008085732141173426,0.09081502893488164,0
2023-10-26,-1.3408135417400295,0.0014339163236439596,-1.266212137245938,-1.4017381762277101,0.0008984505107799957,-1.3483179220508004,-1.426777699794969,0.00031130658605742423,-1.4052771284168724,0.08691775605139256,0.0006193209042854651,0.13276142168759333,-3.0614132977516,0.0007652656015765196,-3.0146943907486725,-2.1166239558145112,0.0012001933268222299,-2.053214938083246,-0.8411668599014167,0.002743858609429742,-0.7718302837597449,-1.4525170206631604,0.0006433008476132449,-1.408216537406506,-0.5145666379015913,0.000615091624931705,-0.4506380885167669,-0.4819108517013524,0.0008003905012995761,-0.44869674157080536,0
2023-10-27,0.33550393251851823,0.0014392996963195097,0.41010533701260976,-0.0991682118592584,0.0008969694976615263,-0.04574795768234875,-1.9126744644900617,0.0002922537499198769,-1.891173893111965,-1.9106225397612844,0.0005891413194511537,-1.8647788741250835,-0.12173205933596402,0.0007634828451888597,-0.07501315233303629,0.2570804849818294,0.0012040281550085663,0.3204895027130944,0.11491233856656026,0.0027477635773205454,0.184248914708232,-0.5646988364509573,0.0006356122948619784,-0.5203983531943029,-0.3387180137968489,0.0006115297853616912,-0.2747894644120245,-0.9708519071169561,0.0007840377595068729,-0.937637796986409,1
2023-10-30,0.5586231395442557,0.0014482427190566885,0.6332245440383473,0.8999007725651135,0.0009116586273135687,0.9533210267420232,0.7924731997189923,0.0003000966508495714,0.813973771097089,0.6142237104772282,0.000599149742408809,0.6600673761134289,1.1815479696897764,0.0007817081803354809,1.228266876692704,1.1811951043177338,0.0012217534032686063,1.2446041220489987,-1.2497385581209075,0.002706037152784611,-1.1804019819792357,0.9507821213514289,0.0006487663450754328,0.9950826046080833,0.7864891023463011,0.0006204738314076228,0.8504176517311255,0.12065918384281597,0.0007859657510317832,0.15387329397336297,1
2023-10-31,0.0704640562270592,0.001449369961876917,0.14506546072115073,-0.2086985167799837,0.000908398141910155,-0.15527826260307404,0.716926916745256,0.000307177031592218,0.7384274881233527,0.5720269651856141,0.0006084714399596626,0.6178706308218149,0.5191029359778339,0.0007897434678658192,0.5658218429807614,0.06640449476912046,0.0012226991876072098,0.12981351250038548,0.3647359715781355,0.002718312394129506,0.43407254771980724,0.47466903476027844,0.000655360074054059,0.5189695180169328,0.11332976806606258,0.0006219311318074655,0.17725831745088697,-0.047157931591465224,0.000785086400787536,-0.01394382146091821,1
2023-11-01,0.8896977302781769,0.001463576433591197,0.9642991347722685,0.9180249374322345,0.0009233465580393972,0.9714451916091441,0.17406306798225626,0.0003088635450180187,0.19556363936035298,-0.09052390258899189,0.0006072623339742613,-0.044680236952791094,0.162705503370087,0.0007923038924800372,0.2094244103730147,1.2251094853781843,0.0012410392589075957,1.2885185031094495,0.5214630894898914,0.002735798776921081,0.5907996656315632,0.8420602546647071,0.0006669843785457791,0.8863607379213615,0.5980016566550531,0.0006287614505266789,0.6619302060398775,-0.13085630155798278,0.0007828110716573476,-0.09764219142743578,1
2023-11-02,0.9902858157854342,0.0014793643953880085,1.0648872202795256,0.36487178407040693,0.0009293409255091915,0.4182920382473166,0.8424320424659647,0.00031716840252409267,0.8639326138440614,0.8782751419698448,0.0006214186031221301,0.9241188076060457,0.6444215521516746,0.0008022361708661755,0.6911404591546023,0.29243003074717444,0.0012453582312020196,0.3558390484784395,1.4688029286568054,0.0027848512577220096,1.5381395047984772,1.1278144191381443,0.0006825075486486735,1.1721149023947985,0.228164006114828,0.0006314821149894332,0.2920925554996524,1.5833685822268626,0.0008091365976441479,1.6165826923574098,1
2023-11-03,-0.34122601648508755,0.00147390047383269,-0.266624611990996,0.588856702699084,0.000938938260798016,0.6422769568759936,0.5852808596418562,0.000322914288184203,0.6067814310199529,0.53257446062714,0.0006300739598447605,0.5784181262633408,0.42405130703998317,0.0008087806023446524,0.47077021404291086,0.6405419379905707,0.0012548878078485507,0.7039509557218357,0.09402243646534056,0.0027880104510608563,0.1633590126070123,0.04185454937209114,0.0006831279532161944,0.0861550326287455,-0.44887798447604915,0.0006267016783456474,-0.3849494350912248,-0.633119243682114,0.0007984732724436534,-0.5999051335515669,1
2023-11-06,0.6769888792343594,0.001484663836284017,0.7515902837284509,0.3996289876749892,0.0009454701840324413,0.4530492418518989,0.17566478690522375,0.0003245995962709128,0.19716535828332046,0.3451755875941628,0.0006357481941889289,0.3910192532303636,-0.03144464481635984,0.0008083511642128964,0.015274262186567876,0.5152411318030469,0.0012625252250690186,0.5786501495343118,-0.14656010624941562,0.0027831539302062423,-0.07722353010774388,-0.07134205054227719,0.0006821978552548591,-0.02704156728562282,0.035061841941263515,0.0006272831742680756,0.0989903913260879,-0.9053680851447533,0.0007832931517631218,-0.8721539750142062,1
2023-11-07,0.6690357619082054,0.0014952829932659189,0.7436371664022969,0.2277204861571759,0.0009492231225464349,0.2811407403340856,-0.45857281946510214,0.00032001458587511554,-0.4370722480870055,-0.07101308627265433,0.0006348293553824533,-0.025169420636453537,0.3295756682246906,0.0008134368067696348,0.37629457522761833,0.5506346748720765,0.0012706797608892345,0.6140436926033416,0.2573676712577075,0.0027917436945536435,0.32670424739937926,0.2704929086273321,0.00068594463769444,0.3147933918839865,0.28206757370999813,0.0006305942415223247,0.3459961230948225,-0.8048905145278918,0.0007698099691563768,-0.7716764043973449,1
2023-11-08,0.22823409865697067,0.0014988750861391342,0.3028355031510622,0.2844182069943958,0.0009538821891424499,0.33783846117130545,-0.3235598210481914,0.0003167701908850823,-0.30205924967009473,0.2094107916116869,0.00063834447626075,0.25525445724788776,0.06771950610606652,0.000814517696931591,0.11443841310899425,0.3419275080532405,0.0012757004138071468,0.4053365257845056,-0.07709166197326862,0.0027892013313343634,-0.007755085831596883,-0.1276714528492002,0.0006842439570311203,-0.08337096959254585,-0.6677217125754494,0.0006234090400246374,-0.603793163190625,-0.6377175381300155,0.0007591285457387598,-0.6045034279994684,0
2023-11-09,-0.20965099082018027,0.0014955036939871605,-0.13504958632608874,-0.670645576942495,0.0009431791573189695,-0.6172253227655854,-1.6366170215201004,0.0003005766443171589,-1.6151164501420037,-0.19966543584338606,0.0006353931659744176,-0.15382177020718527,-0.2861248246008455,0.000810200889758116,-0.23940591759791774,-0.44165748585825076,0.0012690064716928925,-0.37824846812698576,-1.4137585737557836,0.002742266088065686,-1.3444219976141119,-0.6015816985893775,0.0006760748757704738,-0.5572812153327231,-0.23528465368863458,0.0006210081448461042,-0.17135610430381018,-0.018870653570357093,0.0007587461383597187,0.014343456560189923,1
2023-11-10,1.120307256614516,0.0015132524184902092,1.1949086611086075,0.8642664159074885,0.0009571501031970848,0.9176866700843983,-0.11706202504263556,0.0002993890481383487,-0.09556145366453885,0.7219866068917116,0.0006469907564752514,0.7678302725279124,0.8405720477599643,0.0008230586012296928,0.8872909547628919,1.2992356842431751,0.001288310329390292,1.36264470197444,0.4781601608685342,0.0027581957767895183,0.547496737010206,0.8502888464948181,0.0006877280460750712,0.8945893297514724,0.9620651402848066,0.0006318148295438142,1.025993689669631,0.34440552348305287,0.0007643949107336021,0.3776196336135999,1
2023-11-13,-0.5163179175189634,0.0015050100803909129,-0.4417165130248718,-0.2452121182513676,0.0009532903688217803,-0.19179186407445795,0.19240214224003316,0.0003012515407392116,0.21390271361812987,-0.27564963425700034,0.0006428391209120836,-0.22980596862079952,-0.050788959675055846,0.0008223247519443887,-0.004070052672128132,-0.5061008378426427,0.0012806558413694623,-0.44269182011137764,0.9697235498920737,0.0027903999491308766,1.0390601260337453,-0.18591754593603038,0.0006852360303175462,-0.14161706267937602,0.6002965187585542,0.0006386177594826928,0.6642250681433786,0.48384696409256467,0.0007723473643025848,0.5170610742231118,1
2023-11-14,0.6605455311467575,0.0015154347613653585,0.735146935640849,0.5356855633501586,0.0009619606361647422,0.5891058175270683,-0.00468972086090909,0.0003011712695970626,0.01681085051718762,0.8988377718403467,0.0006571979558604844,0.9446814374765476,0.4019699214642602,0.0008284795267990328,0.44868882846718794,0.4724359318103419,0.0012875969389973014,0.5358449495416069,1.438234536215159,0.002838074975870973,1.5075711123568307,0.5112572526646618,0.0006922446147016059,0.5555577359213162,-0.07717725944955148,0.0006379510035731329,-0.013248710064727087,0.1562743588401112,0.0007748578568909848,0.1894884689706582,1
2023-11-15,0.08189093188699949,0.0015166781084233153,0.15649233638109103,0.3272007778584427,0.000967275905640752,0.38062103203535236,0.6183515731366974,0.0003072179377287703,0.6398521445147941,0.4075671775604566,0.0006637998726463659,0.4534108431966573,-0.1572878226220166,0.0008261237014472023,-0.1105689156190889,-0.04118495306787059,0.0012868784872549163,0.022224064663394424,0.4937082557969339,0.002854402375164774,0.5630448319386057,0.23942343037918595,0.0006955420208270866,0.2837239136358403,0.8773562990989512,0.0006477856232086478,0.9412848484837756,-0.33051974788136573,0.0007693030049059113,-0.2973056377508187,0
2023-11-16,0.39070678820802296,0.0015228062652550948,0.46530819270211454,0.8192989560282642,0.000980461726317991,0.872719210205174,0.7025528398389846,0.00031408209456823327,0.7240534112170813,0.5453810643346562,0.0006725587175151572,0.591224729970857,-0.010239138882259774,0.0008260049934517801,0.036479768120667944,0.8989496404309255,0.0013001491792008302,0.9623586581621906,-1.007037324369281,0.0028210592749898416,-0.9377007482276092,0.06671377285039033,0.0006964853313520241,0.11101425610704471,-6.059703956571406,0.0005813556556133071,-5.995775407186581,-0.6029369525451004,0.0007592496770254106,-0.5697228424145534,1
2023-11-17,-0.0800305528804326,0.00152148136074271,-0.005429148386341077,-0.655117868127098,0.0009700377388451041,-0.6016976139501884,-0.19265856002608614,0.00031214615619748004,-0.17115798864798942,0.4224894473951728,0.0006793719141844738,0.4683331130313736,0.3853706667197008,0.0008318898563018737,0.4320895737226285,-0.9829484655590853,0.001285420874799786,-0.9195394478278204,0.005489153951982921,0.002821237048132701,0.07482573009365466,0.1941952568555908,0.0006991593512654433,0.23849574011224514,-0.3915364710152409,0.0005772846576684765,-0.3276079216304165,1.1676246955785785,0.0007784852855003523,1.2008388057091257,1
2023-11-20,0.40286240865830336,0.0015277876909947747,0.4774638131523949,0.29988055502123734,0.000974896752250741,0.353300809198147,0.709130210381202,0.0003190596673339562,0.7306307817592987,0.11338105864896865,0.0006813199593639399,0.15922472428516943,0.5024616476785686,0.0008395405609722835,0.5491805546814962,1.059771551352743,0.0013010601024395054,1.123180569084008,0.06725214066129917,0.00282345429859836,0.1365887168029709,0.05407785852959954,0.0006999266272382218,0.0983783417862539,-0.08776978587849933,0.0005765536961353392,-0.023841236493674943,-0.24890844772773454,0.0007742892099500134,-0.21569433759718754,1
2023-11-21,-0.29231970405265684,0.0015231097245694428,-0.21771829955856528,0.21534581249188564,0.0009783976455838366,0.2687660666687953,0.6474346210534715,0.0003253572208796728,0.6689351924315682,-0.15391588379145918,0.0006790707608942027,-0.10807221815525839,0.5565676676965219,0.000847998560306835,0.6032865746994496,-0.6970763174632003,0.0012905980251317248,-0.6336672997319353,0.5157966598945066,0.0028404694134610883,0.5851332360361783,0.49707922946276123,0.0007067024698385688,0.5413797127194155,0.2032208477787011,0.0005790145456954447,0.2671493971635255,-0.05204727142696206,0.0007733493563959888,-0.018833161296415043,0
2023-11-22,0.10625660857495622,0.0015247261169726446,0.18085801306904775,0.510981343095523,0.0009866110420518976,0.5644015972724327,-0.18601445494198615,0.00032348191580670193,-0.16451388356388946,0.07599190464027374,0.0006804297019389213,0.12183557027647453,0.13421957088565317,0.000850049304613668,0.1809384778885809,0.6378398711703468,0.0012999502528770433,0.7012488889016117,-0.7827512181536518,0.002814641062166486,-0.71341464201198,0.3094332950787983,0.000710923750222977,0.35373377833545266,-0.6295918548873981,0.0005723472751766053,-0.5656633055025737,-0.2452268665709099,0.0007692249805470094,-0.21201275644036288,1
2023-11-24,-0.435050629967425,0.0015178087451389237,-0.36044922547333347,-0.7144505515492453,0.0009752697337596009,-0.6610302973723357,0.9016708633745868,0.00033225358779678777,0.9231714347526835,0.02506022654585143,0.000680988580811321,0.07090389218205223,0.23683914894498623,0.0008536489223816249,0.28355805594791395,-0.12424921599618853,0.0012979944024217804,-0.06084019826492351,0.060996776131752146,0.002816652182207063,0.13033335227342388,0.0925889421385439,0.0007122012169067045,0.13688942539519827,0.6018992930348084,0.0005791718414688851,0.6658278424196328,0.23175895011825906,0.0007729676859371605,0.26497306024880607,0
2023-11-27,-0.12336342612443377,0.001515810874935858,-0.04876202163034223,-0.1576032894535913,0.0009728193905122362,-0.10418303527668164,-0.6845218819010869,0.00032550136333768515,-0.6630213105229903,-0.16385519924986142,0.0006785895431828673,-0.11801153361366064,-0.5055616743341667,0.0008460224237335292,-0.458842767331239,0.10770695962507737,0.0012994761459508362,0.17111597735634237,-0.0034665290768356224,0.00281653799737832,0.06587004706483611,-0.08198616979898539,0.0007111140624989574,-0.037685686542331016,0.2731237199597652,0.0005823891870379014,0.3370522693445896,-0.3203094993615525,0.0007676139975738361,-0.28709538923100547,1
2023-11-28,0.09080277406957692,0.0015171860888664184,0.16540417856366846,0.24112257235298204,0.0009767210111094667,0.2945428265298917,0.17025775133437315,0.0003271112804980266,0.19175832271246987,0.07243748084407438,0.0006798899820112437,0.11828114648027517,-0.041476279838687645,0.0008454165556749291,0.005242627164240073,0.527837755308376,0.0013071710560827326,0.591246773039641,1.0401579161012655,0.0028507508937707553,1.1094944922429373,-0.32704235737092635,0.0007067149725976722,-0.282741874114272,0.8198119474235808,0.000591576177286747,0.8837404968084052,-0.06161451691224398,0.0007665251869462531,-0.028400406781696964,0
2023-11-29,-0.35299116837841243,0.0015115817464705053,-0.2783897638843209,-0.872647322831316,0.0009628986659393494,-0.8192270686544062,0.24084343438933814,0.0003294076576019391,0.26234400576743483,0.21717529009414233,0.000683450168435023,0.2630189557303432,0.059461364890753064,0.0008463347216175162,0.10618027189368079,-0.6140200220680625,0.0012979741275349647,-0.5506110043367974,-0.3267661294640952,0.0028399839385060293,-0.25742955332242345,0.26109563366270433,0.0007102694796024399,0.3053961169193587,-1.2594849000907626,0.0005780416747913191,-1.1955563507059384,-0.7721570631657712,0.0007537573165172238,-0.7389429530352241,1
2023-11-30,0.08300917870368546,0.0015128357238948426,0.157610583197777,-0.9802617973525363,0.0009473881410344472,-0.9268415431756265,1.3678690056378477,0.0003426935718422944,1.3893695770159444,0.5446133529122218,0.0006921174139117966,0.5904570185484226,0.47793391823712067,0.0008535606536886022,0.5246528252400484,-0.05474371179766804,0.0012970528259793465,0.008665305933596967,-0.47871936546462185,0.002824244426337598,-0.4093827893229501,0.5327573157270873,0.0007174857609123384,0.5770577989837417,-0.24906291903595718,0.0005755542858527391,-0.1851343696511328,0.15915227661083745,0.0007563077856340973,0.19236638674138443,1
2023-12-01,0.2748916951665149,0.0015170995799660776,0.34949309966060643,-0.3105424117375176,0.0009425392385596678,-0.25712215756060797,1.971956574796656,0.0003618456631044181,1.9934571461747528,0.20625582277692917,0.0006954916066426325,0.25209948841312996,0.0219532317830812,0.0008539057099433993,0.06867213878600892,-0.6989589229684172,0.0012866253566421414,-0.6355499052371522,-0.19750964262452853,0.002817757477882541,-0.12817306648285676,-0.09794528959380312,0.0007161825712184764,-0.05364480633714876,-0.7063483296939101,0.0005680852708611331,-0.6424197803090858,0.08654131366545267,0.000757662389478171,0.1197554237959997,0
2023-12-04,-0.5616574958885387,0.0015082361674287092,-0.4870560913944472,-1.0523998490500963,0.0009259254023246893,-0.9989795948731867,0.24013488829419555,0.0003641015456112893,0.26163545967229224,0.3337659440674722,0.0007008481586873356,0.379609609703673,-0.8399484232955352,0.0008412764178612249,-0.7932295162926075,-0.8481822063828576,0.0012740141836621766,-0.7847731886515925,-0.40433072880229626,0.002804500203412823,-0.3349941526606245,-0.5136314649465054,0.0007092786449907893,-0.46933098168985105,-0.08313540203633389,0.0005674175303279547,-0.0192068526515095,-0.3008193821682741,0.0007526622870092203,-0.2676052720377271,1
2023-12-05,1.009316100240776,0.0015240062334166812,1.0839175047348675,0.6232931000095956,0.000935908997482689,0.6767133541865052,-0.19364682958691226,0.00036213282614851763,-0.17214625820881554,-0.05239724071095498,0.0007001808746653313,-0.006553575074754191,0.01369077948670558,0.0008415065537913284,0.060409686489633296,0.43771674909845204,0.0012803706933121948,0.5011257668297171,0.2587843209806441,0.002812987544222064,0.3281208971223158,-0.004300913034353244,0.0007092453468545306,0.03999957022230113,0.6226908295071216,0.0005744338646547525,0.686619378891946,-0.9893575812520484,0.000736387676820524,-0.9561434711215013,0
2023-12-06,-0.36725536495909855,0.0015181956170487482,-0.292653960465007,-0.43004002135973485,0.0009291877789955226,-0.3766197671828252,-1.0303410422807369,0.00035203228962255224,-1.0088404709026402,-0.5898963809419309,0.0006911488824339573,-0.5440527153057301,0.17500612239677188,0.0008441606078555418,0.2217250293996996,-0.6099426152339421,0.0012712924460265087,-0.5465335975026772,-0.002307502398533034,0.002812914894828076,0.0670290737431387,-0.11955815772788869,0.0007076611073416316,-0.07525767447123434,-0.8679283799070235,0.0005652264083881889,-0.8039998305221991,-0.6849079050040682,0.0007251240692762896,-0.6516937948735212,1
2023-12-07,0.4471748277970103,0.0015251369766187,0.5217762322911018,2.6495248460468908,0.0009712298886832478,2.7029451002238005,-0.667089219033491,0.000345476990268014,-0.6455886476553945,0.11314873232827133,0.0006930650105808345,0.15899239796447212,0.315202215467947,0.0008489155951315399,0.3619211224708747,0.2556577020210296,0.0012749626445631558,0.31906671975229467,0.2669591566276381,0.002821649164545845,0.33629573276930985,0.31599225748171894,0.0007119358197685029,0.3602927407383733,-0.5515064262668858,0.0005594725211134362,-0.48757787688206145,-0.37584455798014244,0.000718934839617008,-0.34263044784959545,1
2023-12-08,0.30683575669710134,0.0015298731812279003,0.38143716119119286,-0.7739787767659893,0.0009590505645228172,-0.7205585225890796,-0.5441590732352909,0.0003401255375238248,-0.5226585018571942,0.525405988526287,0.0007013842161406282,0.5712496541624877,-0.17519840388016666,0.0008463049214422694,-0.12847949687723895,0.42052338767135966,0.0012810503219615231,0.4839324054026247,0.05241104742545904,0.002823357882718006,0.12174762356713077,-0.06302226982140992,0.0007111115334888566,-0.01872178656475555,-0.8414394602706118,0.0005505795551860607,-0.7775109108857874,0.5318390427157255,0.0007275932189345648,0.5650531528462726,0
2023-12-11,-0.7398445269438415,0.0015182516833896454,-0.66524312244975,-0.6939189043563201,0.0009481562092000985,-0.6404986501794104,0.3219950717846167,0.0003431838016675256,0.3434956431627134,0.14359044654017356,0.00070376169648807,0.18943411217637435,0.4151094142503016,0.0008525483509293934,0.46182832125322937,-0.49191320389503734,0.001273726957757775,-0.4285041861637723,-0.48326065526836387,0.0028075720104905524,-0.4139240791266921,0.13833043106112325,0.000712991603489688,0.18263091431777762,0.12268319557328072,0.0005521617254580939,0.18661174495810512,0.0013909180321329474,0.0007275735609355191,0.03460502816267996,1
2023-12-12,0.33297006639046656,0.0015233937235257548,0.4075714708845581,-0.34723324827502994,0.0009427545007478702,-0.2938129940981203,-0.016143549243485218,0.0003429600698085796,0.005357022134611493,0.4162348913857579,0.0007103652365129851,0.4620785570219587,0.6033502457539103,0.0008616015941548727,0.650069152756838,0.39059401304211816,0.001279366618848577,0.45400303077338316,-0.3496646747221935,0.0027961704411278584,-0.2803280985805217,0.6653348429006563,0.0007219376675412847,0.7096353261573105,-0.005149005815208622,0.000552355474436203,0.05877954356961577,-0.8088352613735074,0.0007143306697060645,-0.7756211512429604,1
2023-12-13,0.7843458939059795,0.001535567088967716,0.8589472984000711,-0.034225029300383764,0.0009423007794793012,0.01919522487652589,0.36329461939751945,0.00034641108499745273,0.38479519077561614,0.12831395369951493,0.0007124948794096345,0.17415761933571572,0.45410515343723135,0.0008684064119177692,0.500824060440159,-0.06486441478088428,0.0012783184982799727,-0.0014553970496192744,0.16747923870059428,0.002801646903323067,0.23681581484226602,0.6062804923236347,0.000730077877600853,0.650580975580289,1.2527707907375771,0.0005661755753199126,1.3166993401224012,0.40347800633082237,0.0007208786673773612,0.4366921164613694,1
2023-12-14,-0.03560581352423086,0.0015349433606710468,0.038995590969860675,-0.29511560778531576,0.0009377341948383213,-0.24169535360840608,0.5530465532386871,0.00035169260380276123,0.5745471246167838,0.896006572778054,0.0007265121933893414,0.9418502384142547,-0.8194151807698803,0.0008561536074663306,-0.7726962737669526,-1.297309255330458,0.0012592142863732342,-1.233900237599193,1.1404977219275552,0.002838811124435507,1.209834298069227,-0.877313880076176,0.0007183366417719327,-0.8330133968195216,-0.9680857834390949,0.0005559349390453586,-0.9041572340542705,1.2901928998297683,0.0007418645486788331,1.3234070099603152,1
2023-12-15,-0.21486881059843288,0.0015315293577584503,-0.14026740610434132,0.20098269668025198,0.0009409908885107243,0.25440295085716164,-0.924936420705414,0.0003426761637256519,-0.9034358493273174,0.345632102367182,0.0007319889124353472,0.3914757680033828,-0.04543529915685,0.0008554867691415044,0.001283607846077717,0.654519309528953,0.0012687159521695907,0.717928327260218,0.17090493993383557,0.002844356147472312,0.2402415160755073,-0.20630604405821398,0.000715593201189891,-0.16200556080155962,0.21359937940288962,0.0005584910361645342,0.277527928787714,-0.36266558194314374,0.0007359062310149279,-0.3294514718125967,1
2023-12-18,-0.512185189456921,0.0015234950644933416,-0.43758378496282946,1.1739670010970826,0.0009595593270375705,1.2273872552739924,0.12806642338401056,0.00034384669522297237,0.14956699476210727,0.2674921697846378,0.0007362484602917557,0.31333583542083865,0.7039471934386805,0.000866010780080354,0.7506661004416082,0.2200368259112883,0.0012718465629156447,0.2834458436425533,-0.20723286176263322,0.002837593996284444,-0.13789628562096146,0.03460727571691282,0.0007160753138766848,0.0789077589735672,1.0177560992415156,0.0005697333020488312,1.0816846486263398,0.3326036770325102,0.0007412682293188413,0.3658177871630572,1
2023-12-19,0.201235999814866,0.0015265644145549548,0.27583740430895753,0.2649073491039283,0.0009637988625401462,0.318327603280838,0.5223378820978538,0.0003488211661137452,0.5438384534759505,0.6455790092189807,0.000746343470376572,0.6914226748551815,0.08466745446994356,0.0008672782634827909,0.13138636147287128,0.026184451494908997,0.0012721386579555155,0.089593469226174,0.43262147163364983,0.002851636200847215,0.5019580477753216,0.3311496488113099,0.0007205184383547704,0.3754501320679643,0.20378115632681731,0.00057216825324024,0.2677097057116417,0.6155624810919919,0.0007512211944956947,0.648776591222539,0
2023-12-20,-0.6259437705364352,0.0015167798665608457,-0.5513423660423437,0.5755794111658828,0.0009729144778739644,0.6289996653427925,-1.7112589406317997,0.0003322445193100607,-1.689758369253703,-0.6298130178488143,0.000736730468530342,-0.5839693522126135,-0.8053802125774294,0.0008552747736007103,-0.7586613055745017,-0.45051109634210934,0.0012654680791609181,-0.3871020786108443,-1.034050668155123,0.002818031175539106,-0.9647140920134512,-0.7076215873155977,0.0007110876495824702,-0.6633211040589433,-0.9308972640060093,0.0005623568123071428,-0.8669687146211849,-0.8551352511943223,0.000737270902325892,-0.8219211410637752,1
2023-12-21,-0.1142275413412356,0.0015149533403715633,-0.03962613684714407,0.7112671448376483,0.0009841464431259912,0.764687399014558,0.8274495239746787,0.00034016077884393184,0.8489500953527754,0.24947706004422493,0.0007406980940313363,0.2953207256804257,0.4633347707652859,0.0008621895202269369,0.5100536777682135,0.36780334860016745,0.0012707502100886186,0.4312123663314325,0.6637876255420182,0.0028395668484416012,0.73312420168369,0.5216473830823651,0.0007180686296217462,0.5659478663390195,0.4614523068033359,0.0005675716621281144,0.5253808561881602,0.19033551267288026,0.0007403100621302837,0.22354962280342727,1
2023-12-22,-0.36006663761477187,0.0015093170851458605,-0.28546523312068034,0.3341436135967249,0.0009894426604783184,0.38756386777363455,0.31035159953908537,0.00034308492539955696,0.33185217091718205,-0.07674610722043514,0.0007396305865356671,-0.030902441584234344,0.036853946308421766,0.0008627453463785085,0.08357285331134948,0.08897639492757341,0.001271958102278823,0.15238541265883843,-0.2589253072004288,0.0028311542638648746,-0.18958873105875704,-0.30038511241938615,0.0007140824706581192,-0.2560846291627318,0.8214882905264981,0.0005766565599647109,0.8854168399113225,0.05387081749026235,0.0007411314239176228,0.08708492762080937,1
2023-12-26,-0.2208025500356776,0.0015058479016093749,-0.14620114554158606,-0.04264655033522453,0.0009888225573106175,0.010773703841685129,0.34101759311058516,0.00034629947585262494,0.36251816448868185,0.26032276528360926,0.0007437566269363011,0.30616643091981005,-0.1010832123451689,0.0008612488204398815,-0.054364305342241175,-0.051726602384891636,0.0012711139967851847,0.01168241534637338,0.3274035667734805,0.002841748421405555,0.39674014291515225,0.12485007138960134,0.0007157656568147951,0.1691505546462557,-0.1774387647770008,0.000574974929055156,-0.1135102153921764,0.07785273672359615,0.0007423400626349649,0.11106684685414317,1
2023-12-27,-0.04794588601855324,0.0015050607564162806,0.02665551847553829,-0.46671203007643286,0.000981559614522087,-0.4132917758995232,0.08995754735840585,0.00034709513337796894,0.11145811873650256,0.2646965296903244,0.0007479434070426262,0.3105401953265252,0.04060117671197668,0.0008618601965216258,0.08732008371490439,-0.1495904830969064,0.0012688464760525478,-0.08618146536564139,0.3940227013387782,0.002854482012362317,0.46335927748044997,-0.0974534774922591,0.0007144880348846354,-0.05315299423560474,0.6323786226107978,0.0005820055733063764,0.6963071719956222,-0.264493767987658,0.0007380040423788124,-0.23127965785711097,0
2023-12-28,0.03995387402321759,0.0015056348194594337,0.11455527851730912,-0.10413775592052173,0.0009799841602716843,-0.05071750174361208,0.1004161098074571,0.00034798999577991604,0.12191668118555382,0.22921821307316773,0.0007515779207558987,0.27506187870936855,0.2009396805075758,0.000864851430728224,0.24765858751050351,0.11362742009707796,0.0012704115973729854,0.17703643782834297,-0.8471067224963114,0.002827054650645308,-0.7777701463546396,0.29564872614727367,0.0007184391741361612,0.33994920940392803,-0.20940135608931837,0.0005799788770417442,-0.14547280670449397,-0.7448646004018906,0.0007259037144616686,-0.7116504902713435,0
2023-12-29,-0.3537222146071784,0.0015001219937519378,-0.27912081011308687,-0.24927367678594273,0.0009761409881926195,-0.19585342260903307,0.06318871973135969,0.0003485260880302192,0.0846892911094564,-0.10664713364465031,0.0007500456909076251,-0.06080346800844952,-0.022821107181251625,0.0008645179734841428,0.02389779982167609,0.04743497652537438,0.0012710120928704398,0.11084399425663939,-0.5263310415641231,0.0028100372196683426,-0.4569944654224514,-0.055799372963406514,0.000717714854708426,-0.011498889706752145,-0.02632008705968391,0.0005799213136556341,0.03760846232514048,-0.1363701023377524,0.00072365874418331,-0.10315599220720541,0
2024-01-02,-1.9162013135243106,0.0014704822265250198,-1.8415999090302189,-0.6068319473662289,0.000966715424718386,-0.5534116931893193,1.6863943046871548,0.0003646301200962886,1.7078948760652515,0.5568041733295936,0.0007587024922107894,0.6026478389657944,-0.6275257800620012,0.0008552201931400888,-0.5808068730590735,-0.8158919196684853,0.0012590727819662777,-0.7524829019372203,-0.07528065955267448,0.0028076115475501673,-0.005944083411002742,-0.384705812736947,0.0007126254660353795,-0.3404053294802926,0.7067916762930018,0.0005877296644283265,0.7707202256778262,1.1383373053469723,0.0007420061718680327,1.1715514154775195,0
2024-01-03,-0.4599153289406686,0.0014633670110009685,-0.3853139244465771,0.22264925155685006,0.0009702590162432099,0.2760695057337597,0.49658641084040994,0.0003693057268146173,0.5180869822185066,-0.2714895672788947,0.0007546380660699726,-0.22564590164269388,-0.4432588723908938,0.0008486668024389086,-0.3965399653879661,-0.10325569526548078,0.001257494455675631,-0.03984667753421578,-1.0573239732350672,0.0027735041119732627,-0.9879873970933954,-0.25016240866631045,0.00070932880223864,-0.2058619254096561,-0.05927688804545193,0.0005873127115431906,0.0046516613393724595,0.3802758269136098,0.0007480901155658404,0.4134899370441568,0
2024-01-04,-0.7281526761859398,0.0014521261884409896,-0.6535512716918482,-0.9796624543732134,0.0009550351310560876,-0.9262422001963037,-0.196563606605653,0.00036733619503515736,-0.17506303522755629,0.2977201001893943,0.0007593058331778956,0.3435637658255951,0.08132728454765314,0.0008498885515046841,0.12804619155058086,-0.45624838178680366,0.0012507999509059698,-0.39283936405553865,-0.12302149958802507,0.0027695721494819876,-0.053684923446353325,0.33403426651655765,0.0007137802506085384,0.37833474977321196,-0.7801629904146539,0.000579174048627229,-0.7162344410298295,-0.4623256836537887,0.0007405764671303585,-0.42911157352324164,0
2024-01-05,-0.2811116491958258,0.0014477922346207883,-0.2065102447017343,-0.29954001338004044,0.0009504401601134264,-0.24611975920313078,0.2364785725491883,0.0003695133805380994,0.25797914392728505,0.21390817326100733,0.000762682414737392,0.25975183889720815,-0.091424540411317,0.0008485533795695658,-0.04470563340838929,-0.09167513646837788,0.0012493984828804913,-0.02826611873711287,-0.11485985985960004,0.002765909340807369,-0.045523283717928305,-0.02584842310912928,0.0007134585752478164,0.01845206014752509,-0.5570292760741279,0.0005734366810474006,-0.4931007266893035,0.11588848170943039,0.000742391721073616,0.1491025918399774,1
2024-01-08,1.1694480558227602,0.0014658010094969873,1.2440494603168517,1.111941235982567,0.00096784346890179,1.1653614901594767,0.18424400154420448,0.0003711877016713053,0.20574457292230117,-0.12097147345742683,0.0007609282183749693,-0.07512780782122604,0.36557684036110255,0.0008539739752749324,0.4122957473640303,0.9694578561292198,0.0012633621498789147,1.0328668738604847,0.23748639225926352,0.002773593760040451,0.30682296840093526,0.612863760021942,0.0007215894157871866,0.6571642432785963,0.6641378499862002,0.0005807692232066713,0.7280663993710246,-0.8532322219982429,0.0007286006605108499,-0.8200181118676958,0
2024-01-09,-0.19107777760547928,0.0014628483440767418,-0.11647637311138775,0.7195037478688997,0.000979109850648614,0.7729240020458094,0.02980609338061737,0.00037138396190755543,0.05130666475871408,-0.45515319300333656,0.0007540661047247665,-0.4093095273671358,0.032060141227712925,0.000854461117717885,0.07877904823064064,0.09727476256939896,0.001264686375322779,0.16068378030066396,-0.6314054601023427,0.0027533200125501216,-0.5620688839606709,0.13589115578609803,0.0007234006537424069,0.1801916390427524,0.43232755461480077,0.0005856128234250307,0.4962561039996251,-0.6427816424890156,0.0007182171391232203,-0.6095675323584685,1
2024-01-10,0.21724367562054225,0.0014661777759192923,0.2918450801146338,0.42648824239081823,0.000985800422820648,0.4799084965677279,0.10156428883998267,0.00037226490513177565,0.12306486021807937,0.06335705341310578,0.0007551382364843725,0.10920071904930657,0.6726803062345356,0.000864399713946282,0.7193992132374633,0.9531865452686578,0.00127838065236256,1.0165955629999228,-0.17620534158602408,0.002747707273210084,-0.10686876544435235,0.23541204329993887,0.0007265238906889843,0.27971252655659323,0.8568811015581229,0.000594982326342836,0.9208096509429473,-0.5171256922474485,0.0007098699840575142,-0.48391158211690155,0
2024-01-11,-0.2404271315142212,0.0014624713968259182,-0.16582572702012968,-0.12490667823992192,0.0009839100107323635,-0.07148642406301227,-0.39014774923979095,0.0003684543529146995,-0.36864717786169426,-0.2638000168893273,0.0007512133174609939,-0.21795635125312648,-0.24077204367042807,0.0008608554415479025,-0.19405313666750035,0.20254448283106247,0.0012812113756183645,0.26595350056232747,-0.7764801666226858,0.0027228274104633856,-0.707143590481014,-0.16427350346693004,0.0007243657391232637,-0.11997302021027569,-0.14660402408145212,0.0005936298379629121,-0.08267547469662773,-0.043185056691891544,0.0007091486643830715,-0.009970946561344523,0
2024-01-12,0.016897590977610073,0.0014627206651026434,0.09149899547170161,0.15060089461819556,0.000986301454265504,0.20402114879510522,0.6162242444362819,0.0003742413279876481,0.6377248158143785,-0.42585729916662635,0.0007448221036109835,-0.3800136335304256,0.2523378537375358,0.0008645810138411127,0.29905676074046356,0.48300927245673897,0.001288085321928544,0.546418290188004,-0.9718242654885845,0.0026917189266488237,-0.9024876893469127,-0.012549068918690478,0.0007242124056406191,0.03175141433796389,0.032636625665687,0.0005941904717809188,0.09656517505051139,0.605221172067572,0.0007188352372477046,0.638435282198119,0
2024-01-16,-0.708443373830094,0.001451844744785241,-0.6338419693360026,-0.1104621696991653,0.0009846377893669035,-0.05704191552225564,-0.9758775737890514,0.00036485717639357754,-0.9543770024109547,-0.37047369055897483,0.0007392852949815395,-0.32463002492277404,-0.14043445256969184,0.000862519149091655,-0.09371554556676412,0.1901958412183509,0.0012907258411019506,0.25360485894961593,0.04537805639669876,0.002693272340562062,0.1147146325383705,0.19824142631017658,0.0007268376732318263,0.24254190956683094,0.17029393030350462,0.0005962167043523832,0.23422247968832902,-1.1460254471943692,0.0007004216461808358,-1.1128113370638222,0
2024-01-17,-0.3408364070587388,0.0014466196425144972,-0.26623500256464727,-0.4174851943196625,0.0009782159383555616,-0.36406494014275287,-0.06797219228091293,0.0003641272220636156,-0.04647162090281622,-0.3232192262953473,0.0007344770400114181,-0.2773755606591464,-0.16313212771658497,0.0008601266932267021,-0.11641322071365724,-0.17560630456999476,0.0012880912304283198,-0.11219728683872975,-0.5574090461663094,0.0026755124293947946,-0.48807247002463755,0.2695186085052361,0.0007303975398113973,0.3138190917618905,-0.4118630407918774,0.0005920428272241046,-0.347934491407053,-0.3908979770461627,0.0006941375840005414,-0.35768386691561566,1
2024-01-18,1.6014984256563622,0.0014711460584977613,1.6760998301504537,0.6691896612284519,0.000988641303783175,0.7226099154053616,0.38146248906529023,0.0003676717536932698,0.4029630604433869,0.05640736849318166,0.0007354546039312553,0.10225103412938245,0.36725567283263705,0.0008655329413055944,0.4139745798355648,0.5549130551444044,0.0012959787738991402,0.6183220728756694,-0.4884779780920691,0.002659987042705032,-0.41914140195039734,0.2948057022276036,0.0007342845713141749,0.33910618548425797,0.9342026197432712,0.0006021927656951793,0.9981311691280956,-0.12456017379793904,0.0006921279733793567,-0.09134606366739205,1
2024-01-19,0.7247397381530095,0.0014822184761147776,0.7993411426471011,0.9745318547494929,0.0010037775416328243,1.0279521089264028,0.2201092543256523,0.00036967772515227325,0.241609825703749,0.8478514367127575,0.0007484675973740503,0.8936951023489583,0.7076773814554942,0.0008759298009619812,0.7543962884584219,0.6035872500039624,0.0013045541542236446,0.6669962677352275,-0.03331928497741024,0.002659044596813216,0.0360172911642615,0.5720564782235906,0.000741811198954607,0.616356961480245,-0.4542487752618424,0.0005975702811443647,-0.390320225877018,0.04304494406035972,0.0006928030739835654,0.07625905419090674,0
2024-01-22,0.5513238296815723,0.0014906221037626509,0.6259252341756638,-0.1889226457687578,0.0010008915977606921,-0.13550239159184815,0.3834510933573682,0.00037323119058353454,0.4049516647354649,-0.10664248302655051,0.0007469547627808287,-0.06079881739034972,0.31787519753222276,0.0008805905218984484,0.36459410453515045,-0.35993245261758744,0.0012992651345160471,-0.2965234348863224,-0.46263069269698015,0.0026443826855314803,-0.3932941165553084,0.022018700266007777,0.0007420989351897953,0.06631918352266214,-0.05936005042318763,0.000597148639298126,0.004568498961636759,-0.09920528451486374,0.0006912030141631875,-0.06599117438431673,1
2024-01-23,0.26778151684903817,0.0014946808298716434,0.3423829213431297,0.3123795705287307,0.0010057591206474796,0.3657998247056404,-1.3783987348400712,0.000360066476864878,-1.3568981634619746,-0.3867065789422034,0.0007411915460299731,-0.34086291330600255,-0.16742192562472719,0.0008781284853833588,-0.12070301862179945,0.2664815453691386,0.0013029822545700756,0.32989056310040366,-0.029251151736960333,0.002643583905847717,0.040085424404711405,-0.03105544008204048,0.0007416894163261578,0.01324504317461389,0.12312736243910305,0.0005986640841833881,0.18705591182392745,0.5208540072612179,0.0006995103197191564,0.554068117391765,1
2024-01-24,-0.2538890215829613,0.0014907698562399833,-0.17928761708886973,0.5207398494512405,0.0010138372159975576,0.5741601036281502,-0.4623009939858972,0.0003556055588804702,-0.4408004226078005,0.41676132385869835,0.0007476284240058882,0.46260498949489914,-0.05405441670736707,0.0008773312063058079,-0.007335509704439348,0.4387642415060703,0.0013091662629479079,0.5021732592373354,-0.22353364963589092,0.002636586797424249,-0.15419707349421916,0.04179042053614671,0.0007422361723000536,0.08609090379280109,-1.1106155619159837,0.0005870958491174426,-1.0466870125311594,0.8162720611248211,0.0007125198854084495,0.8494861712553682,0
2024-01-25,-0.1619088596625827,0.0014882680012904951,-0.08730745516849117,1.0308139285535212,0.0010297747733525253,1.084234182730431,0.29131644236674614,0.00035828910152507987,0.31281701374484283,0.6950636076807761,0.0007582745705478516,0.7409072733169769,-0.27894719096133624,0.0008732429760843863,-0.23222828395840853,0.2506533030640191,0.0013126427756793425,0.3140623207952842,-3.0542723723772567,0.002539342277671131,-2.9849357962355847,0.16731029661575678,0.000744427415153709,0.21161077987241114,1.0162240157169278,0.0005980788207962888,1.0801525651017523,1.2169222556089532,0.0007318989815220418,1.2501363657395002,0
2024-01-26,-0.5384027814657751,0.0014800318901894201,-0.46380137697168355,0.05374786807284953,0.0010306197710314203,0.10716812224975919,-0.05265101327944148,0.0003577132982166618,-0.031150441901344767,-0.24341846830293576,0.0007546867400225507,-0.19757480266673494,0.16564234130005992,0.0008756643952879999,0.21236124830298764,-0.19048139727920052,0.00130979227638516,-0.1270723795479355,0.01423505638001197,0.002540013236828627,0.0835716325216837,-1.0700964237209236,0.0007304077128327982,-1.0257959404642694,0.5866720919887719,0.0006044971964411667,0.6506006413735963,0.38602857802830903,0.0007380061833309172,0.41924268815885607,1
2024-01-29,-0.2591308105409311,0.0014760617639898732,-0.1845294060468396,0.38770069998300494,0.001036609371378138,0.4411209541599146,-0.09424920068967772,0.0003567450414338375,-0.07274862931158102,0.08938335702852566,0.0007561422720114064,0.13522702266472644,0.20393647646113075,0.0008786417279082737,0.25065538346405847,0.7211219651306967,0.0013199994866820428,0.7845309828619618,0.9623780087264752,0.0025708673950316247,1.0317145848681468,1.234041838525242,0.0007465658519284096,1.2783423217818966,0.2833432487953824,0.000607696896731094,0.3472717981802068,0.028900885826809795,0.000738416925341607,0.06211499595735681,1
2024-01-30,-1.0649990649897623,0.0014598347751247707,-0.9903976604956707,-0.7326001518986629,0.0010253402326826067,-0.6791798977217532,-0.3283369778993836,0.00035356648063751,-0.3068364065212869,1.0152091727147958,0.0007715991026711694,1.0610528383509967,0.5143271542556455,0.0008861475285494804,0.5610460612585731,-0.21435264718843966,0.001316806146243085,-0.15094362945717463,0.015760558483331955,0.0025715611430168267,0.08509713462500369,0.7193607503540725,0.0007559679685515022,0.7636612336107269,0.18298353186265867,0.0006098308110926207,0.24691208124748307,0.7875952613090321,0.0007508989827938215,0.8208093714395791,0
2024-01-31,-1.0707596975244753,0.0014435455883448486,-0.9961582930303837,-3.8680470464783103,0.0009658497880023147,-3.8146267923014006,0.046359264691074306,0.00035393050870621064,0.06785983606917102,-0.6068291158140876,0.0007625168015594264,-0.5609854501778868,0.439866417565077,0.0008925549648220597,0.4865853245680047,-1.5382219858765682,0.0012946909938995855,-1.4748129681453033,-0.621844717867589,0.0025519873264179685,-0.5525081417259172,-0.884770099186907,0.0007443938454623121,-0.8404696159302526,-0.21606259374077447,0.0006077468783355111,-0.15213404435595007,-0.9907637488216312,0.0007350873042241197,-0.9575496386910842,1
2024-02-01,0.6119183172304545,0.0014528475272960833,0.686519721724546,0.3313907482386508,0.0009710103274660502,0.38481100241556043,-0.30316441516031684,0.0003509965944267566,-0.28166384378222015,-0.2329230988920806,0.0007590953744082056,-0.18707943325587978,1.3485743197961766,0.000912202942501687,1.395293226799104,0.7900940963472248,0.001305871364350623,0.8535031140784899,0.1370254825589023,0.0025565461802587305,0.20636205870057403,0.7862182232784322,0.000754655916040113,0.8305187065350865,1.307989956083018,0.0006217498315451833,1.3719185054678422,-0.23426848236366132,0.0007313184958818312,-0.20105437223311431,1
2024-02-02,-0.3527574700130816,0.0014474896465775072,-0.2781560655189901,0.3861339708080534,0.0009770037136783653,0.43955422498496305,-0.9373576688435213,0.0003420890197844323,-0.9158570974654247,0.25216610117953975,0.0007629993132825136,0.29800976681574054,-0.08627389353186514,0.0009109139532292611,-0.039554986528937415,0.9450681383285164,0.001319246403019662,1.0084771560597814,-0.19316631894195777,0.002550619062218351,-0.12382974280028601,-0.016212208305987495,0.0007544328031966723,0.028088274950666875,0.4906979262760297,0.0006271125994019903,0.5546264756608541,-0.23508921807195848,0.0007275425477810679,-0.20187510794141147,0
2024-02-05,0.43210943030930166,0.0014540463348940796,0.5067108348033932,0.4109454431147337,0.0009833685737873866,0.46436569729164334,-0.4501438655579815,0.0003377845048268062,-0.42864329417988484,-0.11399577565191281,0.0007613760695138918,-0.06815211001571202,-0.4914334481247488,0.0009037282608530792,-0.4447145411218211,-0.8047574309118593,0.001307642617851882,-0.7413484131805942,-0.9667319056250991,0.002520170762259451,-0.8973953294834274,-0.3899420516117542,0.0007493378667546639,-0.34564156835509985,-0.46151631043151337,0.0006224337789060632,-0.39758776104668897,-0.23591669831150006,0.0007237593696621266,-0.20270258818095305,1
2024-02-06,0.3695946949251112,0.001459645203639554,0.44419609941920274,0.0952543055345312,0.0009848817411819916,0.14867455971144083,1.1807134904957914,0.00034883605500082057,1.2022140618738881,0.13217319100044428,0.0007634642648345683,0.17801685663664507,0.392316045555154,0.0009094102460224311,0.43903495255808167,-0.08499266080072584,0.001306315006226346,-0.021583643069460826,0.4799544715281137,0.0025356098590861224,0.5492910476697854,0.21209931284534805,0.0007520933378486322,0.2563997961020024,0.4412317116590697,0.0006272668418782225,0.5051602610438941,0.30602878129890193,0.0007285716224913033,0.33924289142944897,1
2024-02-07,-0.04469948474665604,0.0014589604186412192,0.029901919747435494,0.4548182596951039,0.0009919028931983345,0.5082385138720136,-0.06345731431268482,0.00034816958219249653,-0.041956742934588113,0.0517251111670062,0.0007643380780504833,0.09756877680320698,0.1174624988903274,0.0009110880205429097,0.1641814058932551,1.091989795337091,0.0013217507166793428,1.155398813068356,0.2604912155444048,0.0025440763670925657,0.32982779168607657,0.524728129415156,0.0007589137817199144,0.5690286126718104,-0.25152762879791624,0.0006248043377463858,-0.18759907941309184,-0.047653787093371834,0.0007277750745228514,-0.014439676962824813,0
2024-02-08,-0.37073856036886615,0.0014533423376890241,-0.2961371558747746,0.07587621797758096,0.0009931103176703468,0.1292964721544906,-0.850398148782521,0.000340109131978882,-0.8288975774044243,-0.2317583682646868,0.0007609460768635076,-0.18591470262848597,-0.47041786971456834,0.000904224232410796,-0.42369896271164065,-0.0554803843337378,0.001320834138499647,0.007928633397527212,0.19051207384257543,0.002550315772913983,0.25984864998424717,-0.7078010120395961,0.0007496931364916754,-0.6635005287829417,-0.0683031102349139,0.0006242717441754931,-0.0043745608500895105,0.8093422649696205,0.0007405415122328518,0.8425563751001676,1
2024-02-09,0.13607536797156453,0.0014553972893413508,0.21067677246565608,1.023664780967935,0.0010088181837783633,1.0770850351448447,0.16927400244751648,0.00034163580127501635,0.19077457382561316,0.016351243292575035,0.0007612887733378294,0.062194908928775834,-0.09117487162438635,0.0009028753365739342,-0.044455964621458635,0.7877347827994863,0.0013319084136460806,0.8511438005307513,0.4514280583337604,0.0025647935845628214,0.5207646344754321,0.0968350728758051,0.0007509439201551885,0.14113555613245948,-0.10330705663246513,0.0006233723008323831,-0.03937850724764074,-1.0746047150226798,0.0007234982981041501,-1.0413906048921326,0
2024-02-12,-0.5378417537198437,0.0014472656650593723,-0.4632403492257521,-0.5551964771632036,0.0010003619038680093,-0.501776222986294,0.5547903382214374,0.0003467772240441544,0.5762909095995341,0.1848976495308515,0.0007641624440220849,0.2307413151670523,0.05047115695435641,0.0009035827442749403,0.09719006395728412,-0.7518551681262027,0.0013210915149332529,-0.6884461503949376,-0.7611735615743643,0.0025409457357501923,-0.6918369854326926,-0.338911744943763,0.0007465341818108504,-0.29461126168710866,0.38248893445845467,0.0006275730514239,0.44641748384327906,0.6438211242403498,0.0007336329505444224,0.6770352343708969,0
2024-02-13,-0.6547873086759151,0.0014373809176252883,-0.5801859041818236,-0.8773499274056904,0.0009869970845596536,-0.8239296732287806,-0.7460751490460061,0.0003397147002396712,-0.7245745776679096,-0.49644575206226604,0.0007568060645198418,-0.45060208642606525,0.1578451034037806,0.0009058450214095907,0.20456401040670832,-1.241710372550431,0.0013033371434012532,-1.178301354819166,-0.607143720336129,0.002521996595227764,-0.5378071441944572,0.11679489369701271,0.0007480444716636331,0.16109537695366707,-0.5685699246238457,0.0006217929505077688,-0.5046413752390213,-0.4568985940335996,0.0007263738464490836,-0.4236844839030526,1
2024-02-14,-0.32211526145435904,0.001432530631079175,-0.2475138569602675,0.2269124744429241,0.0009905102241904696,0.28033272861983377,-0.4081443033095538,0.0003358288740542772,-0.3866437319314571,0.48001756167803483,0.0007641044667234618,0.5258612273142356,0.5040659491079041,0.000913117018238652,0.5507848561108318,0.46559107364762115,0.001309829411841005,0.5290000913788862,0.558072475239995,0.0025398260799004016,0.6274090513816668,0.33564788208443685,0.0007523900124250039,0.3799483653410912,-0.3004643248986967,0.0006188314257470522,-0.2365357755138723,-0.27604747414559344,0.0007219790493524084,-0.24283336401504643,1
2024-02-15,-0.15562556305404265,0.0014301977959740365,-0.08102415855995113,-1.1581484380685667,0.0009728905578312567,-1.104728183891657,1.1385860777595411,0.00034642758243291457,1.1600866491376378,1.0835550466243868,0.0007804353659575732,1.1293987122605877,0.6552333830549999,0.0009225649184463694,0.7019522900579276,-0.455023563217844,0.0013032622805270646,-0.391614545486579,1.462158317241146,0.0025861193145197007,1.5314948933828179,0.6935214797693255,0.0007613653153313349,0.7378219630259799,0.23927649390454003,0.0006215262981922052,0.30320504328936443,1.3772647751547125,0.0007436528311781386,1.4104788852852597,0
2024-02-16,-0.5084383463075326,0.001422553849793153,-0.43383694181344107,-0.854944173193329,0.0009599196216604196,-0.8015239190164194,-0.11668856770940883,0.0003452686967444126,-0.09518799633131211,-0.2876201944569111,0.000776210239835607,-0.2417765288207103,-0.40510392478123725,0.0009166684292077569,-0.3583850177783095,-0.3999599339027138,0.0012974852296245996,-0.3365509161714488,-0.13074199495809827,0.0025821809370155666,-0.061405418816426534,-0.5600348449560103,0.0007540985871912968,-0.5157343616993559,0.4043469643154553,0.0006259441593408667,0.4682755137002797,-0.033214110130547016,0.0007430763561152098,0.0,0
2024-02-20,-0.28630799197163725,0.001418265297634006,-0.21170658747754573,0.16374184915855616,0.0009624834762168578,0.21716210333546582,0.6720152569412423,0.0003514830022888993,0.693515828319339,0.156571247759564,0.0007786374180872388,0.20241491339576478,-1.922863795024938,0.0008888551800211236,-1.8761448880220102,-0.23543655954120107,0.001294045565509622,-0.17202754180993604,-0.83143693465457,0.002556201128297942,-0.7621003585128983,-0.7773319778351194,0.0007440322404167894,-0.7330314945784651,2.3279483419226725,0.0006504666290062284,2.3918768913074966,-0.4981825651566738,0.0007351826626118234,-0.46496845502612677,1
2024-02-21,0.14081036414166181,0.0014204074820384723,0.21541176863575334,0.46194998315199026,0.0009695815882348917,0.5153702373289,0.40900585914303805,0.00035523144824480766,0.43050643052113474,0.29119046523979575,0.0007830733821624634,0.3370341308759966,0.8197299120822845,0.0009006744348436751,0.8664488190852121,-0.1462972787500869,0.001291871804025016,-0.08288826101882191,0.05898633601001514,0.002558257230160736,0.12832291215168687,0.3060937169378377,0.0007479854269732052,0.3503942001944921,-0.9739026836862811,0.0006404566612600014,-0.9099741343014567,0.9726353366959065,0.0007504323887056617,1.0058494468264536,1
2024-02-22,0.5040112704304022,0.001428004871969727,0.5786126749244936,0.49602279283757433,0.0009771868507922395,0.549443047014484,0.9029682666451425,0.0003635836342098112,0.9244688380232392,0.5751994522637495,0.0007917451052912673,0.6210431178999503,1.4145074127039663,0.0009210544045868537,1.461226319706894,1.2253361435239591,0.0013090835870373453,1.288745161255224,0.2643390623288721,0.0025667616293686985,0.3336756384705439,1.4680596281467095,0.0007669400149364557,1.5123601114033638,0.6654319213837726,0.0006475750796702235,0.729360470768597,-0.07545547460270585,0.0007491882018720264,-0.04224136447215884,0
2024-02-23,-0.5909491046309273,0.0014191471597059704,-0.5163477001368357,-0.09929649971442492,0.0009757346029790597,-0.04587624553751527,0.6964728083078324,0.0003699974344104347,0.7179733796859291,0.21433660811483,0.0007950169023596218,0.2601802737510308,0.16477670231285385,0.0009233908449478404,0.21149560931578157,-0.23758248737892182,0.00130561263413835,-0.1741734696476568,-0.7477160293257622,0.0025434821588587336,-0.6783794531840904,-0.07595188088318218,0.0007659388439197486,-0.031651397626527814,-0.0005708308580837099,0.0006477355110614435,0.06335771852674069,-0.4654246718714976,0.0007418224651053414,-0.43221056174095057,0
2024-02-26,-0.45804617583391477,0.0014122974306341265,-0.38344477133982324,-2.3109345087345083,0.0009407051578635666,-2.2575142545575986,-0.5591970812482089,0.0003647018172124036,-0.5376965098701122,-0.22313140644840804,0.0007917586967157586,-0.17728774081220722,0.07673038140141289,0.0009244556690467583,0.12344928840434062,-0.4368702683247701,0.0012993353090344202,-0.3734612505935051,0.8834546855493959,0.0025714052813322185,0.9527912616910675,0.07184004841885258,0.0007668450962811205,0.11614053167550695,1.3033674171358964,0.0006614863957108941,1.3672959665207207,0.16110518293799406,0.0007442985625585499,0.19431929306854107,1
2024-02-27,0.34296265046066765,0.0014174687069520614,0.4175640549547592,0.4308807617156683,0.0009473268044130065,0.48430101589257796,0.07643625952506095,0.0003653322188158373,0.09793683090315765,-0.0204207381380601,0.0007915266688173035,0.0254229274981407,-0.019594519391452007,0.000924132687641505,0.027124387611475707,-0.07147028566697823,0.001298219087573617,-0.008061267935713221,-0.02859536303232171,0.0025706981585288478,0.04074121310935003,-0.2508176530182149,0.000763592270765938,-0.20651716976156054,-0.07636081758734561,0.0006608465103519635,-0.012432268202521222,-0.1370698053787934,0.0007420959856018333,-0.1038556952482464,1
2024-02-28,-0.4155481382910652,0.0014112675644299497,-0.34094673379697366,-0.9689473727490615,0.0009327173345057289,-0.9155271185721517,0.271937989903977,0.00036778039688498517,0.2934385612820737,0.21662054691468,0.0007948250795515902,0.2624642125508808,0.4163418837832372,0.0009300787047276042,0.4630607907861649,-0.031167537895652082,0.0012976723382299253,0.03224147983561293,0.21537883517169612,0.002577633319241007,0.28471541131336786,0.4758993061709606,0.0007697015182030616,0.5201997894276149,-0.02663034990647298,0.0006607251436637299,0.03729819947835141,0.10398191182871439,0.000743673153234778,0.1371960219592614,0
2024-02-29,-0.2646447210697365,0.0014073351567125815,-0.190043316575645,0.7222626242123823,0.0009437487763335453,0.775682878389292,-0.10870372961061846,0.0003666864287940766,-0.08720315823252174,0.42588149533065517,0.0008012323758873364,0.4717251609668559,-0.5047050673562136,0.0009227816682617137,-0.45798616035328593,0.7312778191000224,0.0013078588391811764,0.7946868368312875,-0.08883025944695243,0.002575037403725428,-0.019493683305280698,-0.6711444853640447,0.0007610436324113998,-0.6268440021073903,-1.3190157177646795,0.0006471648096069297,-1.2550871683798552,0.06114067089969124,0.00074457725122474,0.09435478103023826,1
2024-03-01,-0.38493507200198285,0.001401609319171047,-0.3103336675078913,-0.5382837559039921,0.0009356832124409283,-0.48486350172708254,0.3585391415302949,0.0003699342033442414,0.3800397129083916,-0.26010704958782765,0.0007974296152499818,-0.2142633839516268,0.16448107064543913,0.0009251035412499451,0.21119997764836684,0.18269404918660087,0.0013103135726490768,0.24610306691786588,0.023337847583905207,0.00257595314501592,0.09267442372557694,0.06587543660471905,0.000761874181740712,0.11017591986137343,0.12568070164578574,0.0006486367830635883,0.18960925103061013,0.5883296261274736,0.0007537262533623127,0.6215437362580206,0
2024-03-04,-1.380731660655604,0.0013810071235752224,-1.3061302561615125,-1.4589725761383185,0.0009137049452697491,-1.4055523219614088,-1.1870677385939439,0.00035883141418087535,-1.1655671672158472,0.34254124512097683,0.0008025867900390574,0.3883849107571776,-0.9624384537059981,0.0009112548192930122,-0.9157195467030705,-0.13981038382770544,0.0013082318452916552,-0.07640136609644042,-1.8308484469052662,0.002518928974873416,-1.7615118707635944,-0.6004763880669693,0.000754143444796401,-0.5561759048103151,0.6169272146531275,0.0006552069682129079,0.6808557640379519,-0.7214029106940135,0.0007423900867382136,-0.6881888005634664,0
2024-03-05,-1.5381908443046117,0.0013580847086306924,-1.4635894398105203,-0.3127658952089547,0.0009090831340865887,-0.25934564103204505,0.045903550367289464,0.0003591807334011222,0.06740412174538618,0.4727719304224725,0.0008096695033647643,0.5186155960586732,-0.1577414538692058,0.0009089628644472196,-0.11102254686627808,-1.6819225223545187,0.0012844961436417259,-1.6185135046232535,-1.0375987604225394,0.0024867604055461953,-0.9682621842808676,-0.28977077662956646,0.0007504128732245509,-0.24547029337291212,0.8606109402642826,0.00066429520894164,0.924539489649107,0.570415696081309,0.0007512469262939628,0.603629806211856,0
2024-03-06,-0.37709100444784244,0.0013525269640348074,-0.3024895999537509,-0.540288391285052,0.0009010325064908151,-0.4868681371081423,-0.3478897602951076,0.00035588013355379545,-0.3263891889170109,0.22324950997243737,0.00081303965394477,0.26909317560863816,0.42121893074098404,0.000914967558193951,0.46793783774391173,-0.13952608525012308,0.0012824414326536035,-0.07611706751885806,-0.6413931872071384,0.0024670026272102627,-0.5720566110654667,0.18073814475178449,0.0007527229427026304,0.22503862800843885,0.590070783683731,0.000670564860657475,0.6539993330685554,0.49322856151521527,0.0007588855807031175,0.5264426716457623,1
2024-03-07,-0.1111144105837046,0.0013509444143142892,-0.03651300608961306,1.1000185797040847,0.0009177462127658831,1.1534388338809944,-0.2659753207931878,0.00035334313915079456,-0.2444747494150911,-0.49929068720363573,0.0008056939223247837,-0.45344702156743494,-0.5083299256898514,0.000907658236587486,-0.4616110186869237,0.8962163605895254,0.0012949133489345236,0.9596253783207904,0.22489021994579003,0.002474281957098857,0.29422679608746183,-0.5076518450476856,0.0007462067140815126,-0.4633513617910312,-0.32078687043505094,0.0006673894806418707,-0.25685832105022655,0.2433548806566065,0.0007626159817447298,0.2765689907871535,1
2024-03-08,0.4521767985879558,0.0013577585401451046,0.5267782030820473,0.3364035095440223,0.0009229202885317194,0.38982376372093197,0.3175947892967587,0.00035620983343160814,0.33909536067485546,0.05060160262291435,0.0008065046369222521,0.09644526825911515,0.15054326605401766,0.0009097834631146834,0.19726217305694538,-0.4540292505610292,0.0012884471303149256,-0.39062023282976416,-0.5254442878559757,0.0024581760394062,-0.45610771171430403,0.3387483031481538,0.0007505400507305003,0.3830487864048081,-0.3585172841806549,0.000663828428091935,-0.29458873479583053,0.4297362280744251,0.0007692448620451577,0.4629503382049721,1
2024-03-11,0.5342598658795457,0.0013657844994665747,0.6088612703736371,0.7954333487917413,0.0009350025078705391,0.8488536029686511,0.8669229470922255,0.00036415119475908815,0.8884235184703222,-0.026593132113946042,0.0008061715522388152,0.019250533522254757,-0.058153665525890505,0.0009089228941285237,-0.011434758522962782,-0.2924520265406703,0.0012842530308246,-0.22904300880940529,0.27183233231005244,0.002466912175913283,0.3411689084517242,0.06689833982379222,0.0007513879201138979,0.1111988230804466,0.6015301091796879,0.0006702025476412438,0.6654586585645123,0.2574059706786136,0.0007731803846573854,0.29062008080916063,1
2024-03-12,0.0683908090142371,0.0013668663504013807,0.14299221350832864,0.25319599358276546,0.0009389027427395576,0.3066162477596751,0.7546841070997357,0.0003710434346872289,0.7761846784778323,0.38035383015241936,0.0008118575746947678,0.42619749578862015,0.3772928049131607,0.0009142819491376974,0.42401171191608844,1.3924188804136115,0.0013036368199899181,1.4558278981448767,-0.10118829288637204,0.002464032558340806,-0.03185171674470031,0.6728260964092768,0.0007599825270335322,0.7171265796659311,0.8520929044735546,0.0006791564780281136,0.916021453858379,-0.34921682561196254,0.0007676719379881146,-0.31600271548141556,0
2024-03-13,-0.6984370903224808,0.0013565453935316986,-0.6238356858283893,0.4202913426473244,0.0009453107354515709,0.473711596824234,-0.8566864018413402,0.000363049275725449,-0.8351858304632435,0.37414172222846137,0.0008174430917600857,0.41998538786466216,0.2639683944466752,0.0009180157352365534,0.3106873014496029,-0.0871338988450845,0.0013023077343432847,-0.023724881113819485,-1.1869238778969813,0.0024274126343597573,-1.1175873017553095,0.21300112485557682,0.0007626886704578496,0.2573016081122312,-0.22076557079320905,0.0006770171740124893,-0.15683702140838465,0.5165540073708725,0.0007756314270143726,0.5497681175014196,1
2024-03-14,0.4877291108495376,0.0013638625845406348,0.5623305153436291,1.1508547072400468,0.000962690876429957,1.2042749614169566,-0.9938083195115711,0.0003538024257611204,-0.9723077481334744,-0.9683286203318604,0.0008031957806373311,-0.9224849546956596,0.38957433423492493,0.0009235347600076715,0.4362932412378527,1.2709235143660127,0.0013199509514134511,1.3343325320972776,-1.0832000096743488,0.0023940699821963013,-1.013863433532677,0.22241449534542673,0.0007655108613518607,0.2667149786020811,-0.1270159440995623,0.0006758485640984011,-0.06308739471473791,0.8384857383832521,0.0007885797566368712,0.8716998485137992,0
2024-03-15,-0.1876434076570047,0.0013611425387408675,-0.11304200316291317,-0.7358198089248561,0.0009517053327081601,-0.6823995547479464,-0.5576976953266771,0.00034858963911027697,-0.5361971239485804,0.5959072912582717,0.0008120516958177099,0.6417509568944725,-0.45489193353610763,0.000917013758570271,-0.40817302653317994,-1.1960791074901373,0.0013031327656363421,-1.1326700897588722,0.09276085508407746,0.002397271350014891,0.16209743122574918,-0.7488886710771772,0.0007559370909265341,-0.7045881878205228,-0.4767323542977333,0.0006710756961296867,-0.4128038049129089,-0.12152032731559398,0.0007866065927795547,-0.08830621718504697,1
2024-03-18,0.2533255285890105,0.001364967931593095,0.327926933083102,2.2881712684403785,0.0009861242826147483,2.3415915226172883,-0.765481198756325,0.0003414709877725294,-0.7439806273782283,0.5962179862607794,0.0008208986715518606,0.6420616518969801,0.298107081234578,0.0009212229307616002,0.34482598823750576,0.05487838895185701,0.0013037878041988681,0.11828740668312202,1.470286907383524,0.002443183358155514,1.5396234835251958,0.380932829574449,0.0007607809215577219,0.4252333128311034,0.15584223170555409,0.000672827825193027,0.21977078109037848,0.42235567503378496,0.0007930723210507409,0.455569785164332,1
2024-03-19,0.6244974855334257,0.0013742892138199458,0.6990988900275171,-0.27727840426955275,0.0009820147187265052,-0.22385815009264307,-0.3122775070753264,0.0003385343172284713,-0.29077693569722973,0.25781065099004014,0.0008247463179501654,0.303654316626241,0.5254168852068433,0.0009286593537142435,0.572135792209771,0.47299411954059306,0.0013102690035857107,0.5364031372718582,-0.4206088729322527,0.0024304355064745523,-0.351272296790581,0.4388749676753194,0.0007663554466541009,0.4831754509319738,-0.051761765399983964,0.0006724398723483214,0.012166783984840428,0.313005235187,0.0007978333809751529,0.346219345317547,1
2024-03-20,0.6823436442455545,0.0013844530624355208,0.7569450487396461,0.5381065708496591,0.0009901310490805794,0.5915268250265687,-0.2602583931946587,0.000336080523290161,-0.238757821816562,0.6327341564441012,0.0008341077227017192,0.678577822080302,0.4008525829701314,0.0009343137599087856,0.4475714899730591,0.4327325103182569,0.0013161796361677515,0.49614152804952194,0.5542891551525778,0.002447891491803405,0.6236257312942496,0.3578922990593387,0.0007708906792294138,0.4021927823159931,0.39859437554789073,0.0006766856661854212,0.4625229249327151,-0.07673115871544,0.0007965513267369659,-0.043517048584892984,0
2024-03-21,-2.1771494133668847,0.0013522809329848157,-2.1025480088727933,-0.44322887211332945,0.0009835395987659828,-0.3898086179364198,-0.02681931989921265,0.00033577568219913303,-0.005318748521115938,0.6740627504322997,0.0008440628440322371,0.7199064160685005,0.019198514453498752,0.0009345384749598985,0.06591742145642647,0.4694349353777566,0.0013225919976207045,0.5328439531090217,-0.46734076236672023,0.0024337136800743433,-0.39800418622504846,0.1813186833248738,0.0007731731831079405,0.22561916658152817,0.1779897952911334,0.0006786571945283467,0.2419183446759578,0.18456727413261761,0.0007993148781167521,0.21778138426316462,0
2024-03-22,0.19865885443518605,0.0013552929737686062,0.2732602589292776,1.0388780129208142,0.0009991357192040634,1.092298267097724,-0.2982058642071503,0.00033297926527474646,-0.2767052928290536,-0.6804372375737512,0.000834092216315124,-0.6345935719375504,-0.811548459921003,0.0009229717593527209,-0.7648295529180753,-0.1437113064540672,0.0013204688637688676,-0.0803022887228022,-0.3528038998806064,0.00242309829503512,-0.28346732373893463,-1.510533850404579,0.0007539501019234026,-1.4662333671479248,-0.763216851536465,0.0006709575532950904,-0.6992883021516406,-0.033214110130547016,0.0007987065715124016,0.0,0
2024-03-25,-0.5017422212826763,0.0013479502635218728,-0.42714081678858473,-0.2895518097747242,0.0009948452475561237,-0.23613155559781454,-0.02684617171124808,0.0003326769998089617,-0.00534560033315137,-0.5198084925002228,0.00082649613443198,-0.47396482686402197,-0.6734393289694887,0.0009133813772783715,-0.626720421966561,-0.8140247423692456,0.0013090354077783162,-0.7506157246379807,0.1900525961534433,0.002429268417026068,0.25938917229511504,-0.4776615509855476,0.0007478732669113841,-0.4333610677288932,-0.4290667359028996,0.0006666994357288628,-0.3651381865180752,0.46982230538058384,0.0008058719534783698,0.5030364155111309,1
2024-03-26,-0.417971839273892,0.0013418556877365004,-0.34337043477980045,0.14992752503431722,0.0009971274606550373,0.20334777921122688,0.27217870788393395,0.00033511685290107376,0.2936792792620307,0.19597789284066944,0.0008294173737607148,0.24182155847687023,0.03888612411903999,0.0009139004947345253,0.0856050311219677,-0.2200231507817047,0.0013058663062371699,-0.15661413305043964,0.6493779499384735,0.0024496073842356003,0.7187145260801453,-0.17419769641902472,0.0007456565920103156,-0.12989721316237035,-0.13731692964059952,0.0006654401181094212,-0.07338838025577514,-0.4023790801563817,0.0007995597001442493,-0.36916497002583465,1
2024-03-27,1.0170085986290613,0.0013569435738463877,1.0916100031231528,0.014080282418713124,0.0009973780852725355,0.06750053659562277,1.1437068899309686,0.0003455376840761214,1.1652074613090653,0.9566406317339674,0.0008434901382682323,1.0024842973701682,0.08260203730653003,0.0009150378860486146,0.12932094430945776,-0.09196309912522917,0.001304478622933386,-0.028554081393964148,0.22994717396674022,0.0024569785184487573,0.299283750108412,-0.38147050342265826,0.000740815010130895,-0.3371700201660039,0.19318546902847855,0.0006675699331943028,0.25711401841330295,0.4771388186391502,0.0008068264337808613,0.5103529287696973,0
2024-03-28,-0.6179742343724401,0.0013479026167225335,-0.5433728298783486,-0.033191744132253655,0.0009969231203538552,0.020228510044656,0.09916100569410519,0.00034638014278996965,0.12066157707220189,0.15656481783018403,0.0008458164531609823,0.20240848346638482,0.3593902160942984,0.0009200901821706861,0.4061091230972261,-0.15562505927782172,0.0013022105189160098,-0.0922160415465567,-0.6223846478615611,0.002438069043622893,-0.5530480717198895,-0.0314306321410122,0.0007404160042579028,0.01286985111564217,-0.7350157429280539,0.0006601908772416637,-0.6710871935432295,0.5104380718430338,0.0008145954991271753,0.5436521819735808,1
2024-04-01,-0.5097520689579983,0.0013404697704924478,-0.4351506644639068,1.4831848543227368,0.001019073165597461,1.5366051084996466,-0.23631325556543586,0.00034415246856760883,-0.21481268418733915,-0.3973676672831607,0.0008400275258474054,-0.35152400164695985,-0.39967387760190753,0.0009144019898935873,-0.35295497059897984,0.4374405079223964,0.0013081611090742541,0.5008495256536615,-0.149157620931085,0.0024337623496935683,-0.07982104478941328,-0.21594820507601695,0.0007376814202049975,-0.17164772181936258,-0.2732414264362359,0.0006575484210817677,-0.2093128770514115,0.28433138574632083,0.0008188696486200134,0.3175454958768678,0
2024-04-02,-0.43475476080508485,0.0013341522601312875,-0.3601533563109933,-0.3576258409606288,0.001013769844510743,-0.3042055867837192,-0.04777094786760255,0.00034365161258977827,-0.026270376489505844,-0.06666832202848605,0.0008390864188408151,-0.020824656392285253,0.06872456780024941,0.0009153403437323949,0.11544347480317713,-0.46689778276841165,0.0013015851104110862,-0.4034887650371466,-1.2761831090816727,0.002394779148847532,-1.2068465329400009,-0.009876257827472918,0.0007375580867328293,0.03442422542918145,-1.1011457906253024,0.0006464443082294415,-1.037217241240478,0.9301348146270964,0.0008330782790166598,0.9633489247576433,0
2024-04-03,0.1722771637840406,0.0013367739790640348,0.24687856827813212,0.0650379733620312,0.0010147655778775422,0.11845822753894085,-1.8447654567926135,0.0003267378348138725,-1.8232648854145168,-0.19164142500275802,0.0008363194176749732,-0.14579775936655723,-0.2715154516955563,0.0009114737184704862,-0.22479654469262855,-0.1919785132304738,0.0012988215352468648,-0.1285694954992088,0.18920333136509437,0.002400916568265936,0.25853990750676614,-0.36257833171703047,0.000732976128073703,-0.31827784846037616,0.27418525357140294,0.0006494096829888028,0.33811380295622734,-0.024955583182629592,0.0008325746654780248,0.008258526947917426,0
2024-04-04,-0.32636461470534994,0.001332062074931748,-0.2517632102112584,-1.4946206861979925,0.0009925630474531511,-1.4412004320210827,-0.9670788451904749,0.00031786033751261486,-0.9455782738123782,-0.4397536644334099,0.0008299315244908805,-0.39390999879720917,-0.9058918686822265,0.0008986634984489123,-0.8591729616792988,-0.3979529323015832,0.0012932154195709924,-0.3345439145703182,0.3297932629871066,0.0024113646655322765,0.39912983912877836,-0.6842912414608179,0.0007243371266187923,-0.6399907582041635,0.023331991662317492,0.0006498093750499453,0.08726054104714188,0.14004694058155967,0.0008346078819093652,0.17326105071210668,1
2024-04-05,0.15706169333131137,0.0013344579236050087,0.2316630978254029,0.6121798652230586,0.00100170477926145,0.6656001193999682,-0.08127518748321313,0.00031707492654108277,-0.059774616105116425,0.43047575633312685,0.0008362582845514414,0.4763194219693276,0.7956216049728808,0.0009098585455097039,0.8423405119758085,0.9372318284567737,0.0013060570884701004,1.0006408461880387,-0.9627642988416604,0.0023821100568923352,-0.8934277226999886,0.6419347584378475,0.0007324518092133665,0.6862352416945018,0.3718900154862165,0.000653764529139451,0.43581856487104087,0.6450717314152881,0.0008443943252268852,0.6782858415458352,1
2024-04-08,-0.417508121580161,0.0013284171696426623,-0.3429067170860694,0.730309052074433,0.0010125869797543018,0.7837293062513426,-0.4565871130765606,0.0003128703845763182,-0.43508654169846395,0.22422286236089928,0.0008395665533065154,0.2700665279971001,0.21885801452490172,0.0009129122993048297,0.26557692152782947,-0.18303708972469312,0.0013034197880825728,-0.1196280719934281,1.1369029825617702,0.0024173194952855654,1.206239558703442,0.08966390536229692,0.0007335883201881701,0.1339643886189513,-0.15058155681029894,0.0006523873638010941,-0.08665300742547455,-0.36571990074673594,0.0008386537128058022,-0.3325057906161889,1
2024-04-09,0.29810162935893286,0.0013328806391402985,0.3727030338530244,0.5213647572062071,0.0010203521680560155,0.5747850113831168,0.36120482892378347,0.0003161193198770974,0.38270540030188016,-0.39277032378719384,0.0008338755749470312,-0.346926658150993,-0.7958355327199677,0.0009016790986129823,-0.74911662571704,0.1544474725583812,0.0013054401983853832,0.2178564902896462,0.48568835542636873,0.002432510961745014,0.5550249315680406,-0.2684969290204552,0.0007302089637415294,-0.22419644576380085,-0.051532291232924674,0.000652021274456631,0.012396258151899715,0.22398934809384352,0.0008419650008602439,0.25720345822439056,0
2024-04-10,-0.6478287568933916,0.0013234748596806694,-0.5732273523993,-0.20282255612219374,0.0010173673186907196,-0.1494023019452841,-1.1589083955410362,0.00030553105335838233,-1.1374078241629395,-0.48701231977797527,0.0008268203982341824,-0.4411686541417745,-0.38626639993968687,0.0008962233941535911,-0.3395474929367591,-0.45115324840240234,0.0012991129522353926,-0.3877442306711373,-0.781918574883889,0.002408846748303314,-0.7125819987422173,-0.52903036264015,0.0007235534953467113,-0.48472987938349565,0.9645374871750694,0.0006619984535967988,1.0284660365598937,0.3810333388959271,0.0008476777596482035,0.4142474490264741,1
2024-04-11,2.15213476159552,0.0013550855242870274,2.2267361660896117,1.011713375441641,0.0010323826627826687,1.0651336296185507,-0.7994924923310478,0.00029822679283293414,-0.7779919209529511,-0.05644289861759217,0.0008260430452765239,-0.01059923298139138,-0.14500923225938955,0.0008941666157164405,-0.09829032525646185,0.5404628579421915,0.0013064484841809607,0.6038718756734565,0.33770694201148627,0.002419491752732916,0.407043518153158,0.21748264319484995,0.0007263027036438594,0.2617831264515043,-0.7116690844526463,0.0006549111123577925,-0.6477405350678219,-0.19833449385746288,0.0008445106499674206,-0.16512038372691587,0
2024-04-12,0.3693245804690247,0.0013605610224574193,0.44392598496311625,-0.5894161580934372,0.0010236694322801386,-0.5359959039165275,-0.7289233277103718,0.0002915747111740437,-0.7074227563322751,-3.3943793015814707,0.0007767178263272566,-3.34853563594527,-0.3821876425082951,0.0008887820656316468,-0.33546873550536743,-0.8346364397797672,0.0012948539274931184,-0.7712274220485021,-0.5698632415105885,0.0024023594512430774,-0.5005266653689168,0.01652019052902974,0.0007265206228224423,0.060820673785684114,-0.0022862453775105516,0.0006550444770509758,0.06164230400731384,-0.6070304724481093,0.0008350950849020087,-0.5738163623175622,0
2024-04-15,-1.1997079253224137,0.0013430861688597526,-1.125106520828322,-0.9788384389342641,0.0010092079545488113,-0.9254181847573545,0.01782857968487008,0.0002917123856792785,0.03932915106296679,-0.017514223043770916,0.0007765451196444364,0.028329442592429883,-0.6907734537409529,0.0008790751842169737,-0.6440545467380252,-1.1349424266633548,0.0012791482256445472,-1.0715334089320898,-1.4466473075948023,0.002358453541290574,-1.3773107314531305,-1.059812326379212,0.0007132132712533169,-1.0155118431225576,-0.32262925229014605,0.0006519241855548578,-0.25870070290532166,-0.3153265357173346,0.0008301535272417464,-0.28211242558678756,0
2024-04-16,-1.0609503478826139,0.0013276649561550463,-0.9863489433885224,-0.2044961870996913,0.0010062157191431669,-0.15107593292278165,-1.7847226109126912,0.00027549683200531064,-1.7632220395345946,-0.6374857260187438,0.0007673689787888112,-0.591642060382543,-0.04321653544746277,0.0008784633378227227,0.0035023715554649464,0.06095734445435264,0.0012798949578718471,0.12436636218561765,-0.7355371001044102,0.0023363327902366153,-0.6662005239627384,-0.02884355834918531,0.000712871102742422,0.015456924907469057,-0.1751915349418377,0.0006503048617104902,-0.11126298555701332,-0.44032903289387987,0.000823309684335645,-0.40711492276333283,0
2024-04-17,-0.49387043888624993,0.001320546197074337,-0.4192690343921584,0.29903674888219994,0.001010666370935567,0.3524570030591096,0.16209086863288788,0.0002769541655215206,0.1835914400109846,-0.252018573189098,0.0007638004651758104,-0.20617490755289716,-0.00707364065058337,0.0008783588477502513,0.03964526635234435,-0.42513055431385055,0.0012739678942999522,-0.3617215365825855,-0.3294411344806892,0.0023266391751770427,-0.2601045583390174,0.2514081614221974,0.0007160457343560969,0.2957086446788518,-0.29915372528061174,0.0006474308827975913,-0.23522517589578734,-0.05809581888243972,0.0008223112767639073,-0.024881708751892703,0
2024-04-18,-0.36866224484524224,0.00131526477520626,-0.2940608403511507,0.12323457317409076,0.001012515269361542,0.1766548273510004,0.5337975186471944,0.00028177642731392634,0.5552980900252911,0.29053355541441533,0.0007681048301546489,0.3363772210506161,-0.6829315680231735,0.0008687914525152401,-0.6362126610202458,-1.0694234572866435,0.001259211969092049,-1.0060144395553785,-0.9434976095495923,0.0022982334112242367,-0.8741610334079205,-0.3341664705853307,0.0007118739778231012,-0.2898659873286764,-0.5483344971222793,0.0006420361986901145,-0.484405947737455,-0.07884910702516143,0.0008209977875799986,-0.045634996894614414,0
2024-04-19,-0.7030707774279982,0.0013051162885501922,-0.6284693729339066,-0.6793404857614661,0.0010025232206884516,-0.6259202315845565,1.2125105108755445,0.000292734984785853,1.2340110822536412,1.253819225434691,0.0007863608138049895,1.2996628910708916,0.034649840156018574,0.0008692781303084407,0.08136874715894629,-0.760629348133965,0.0012487107322988475,-0.6972203304026999,-0.5422102657050462,0.0022820990306335323,-0.4728736895633744,-0.39515081160853216,0.000706944465035956,-0.3508503283518778,0.27363426202327024,0.0006449726061443867,0.33756281140809463,0.531523433861676,0.0008289902029555836,0.5647375439922231,1
2024-04-22,0.18737647868852947,0.001307954176557206,0.261977883182621,0.669414998189592,0.001012425703473883,0.7228352523665017,0.6564884968233787,0.0002986479209464307,0.6779890682014754,0.9600737731567947,0.0008003362256843987,1.0059174387929954,0.11341209997042052,0.0008708652192110676,0.16013100697334826,0.1889049443243427,0.0012512304672019313,0.25231396205560774,-0.9063794703214179,0.0022548995265500313,-0.8370428941797461,0.5216982185973172,0.0007135000715891086,0.5659987018539716,0.6952343659530535,0.0006521704012930285,0.7591629153378779,0.24594789868561337,0.0008326208591781678,0.2791620088161604,1
2024-04-23,0.25432676580250735,0.0013117623484224816,0.3289281702965989,0.590941846848122,0.0010211575875063536,0.6443621010250317,0.22304453075830002,0.0003006344561719186,0.24454510213639674,0.7003586512693007,0.0008105330481969548,0.7462023169055014,0.6658537288435358,0.0008801675902783985,0.7125726358464635,0.8388743983375202,0.0012626420184466771,0.9022834160687853,0.3864437083686836,0.0022670790280958824,0.45578028451035535,0.34708240954460023,0.0007178615370602329,0.3913828928012546,-1.3574320639114985,0.0006386038956692511,-1.2935035145266742,0.1586515535389993,0.0008349174079241039,0.1918656636695463,1
2024-04-24,0.5790577069154959,0.0013202880989094789,0.6536591114095873,0.22617202483285564,0.0010245080400300094,0.2795922790097653,-0.5922765133057158,0.0002952545186449121,-0.5707759419276192,0.2074453417773448,0.0008135882958311382,0.2532890074135456,-0.0837959247400222,0.0008789912005917324,-0.03707701773709448,0.13667334111554919,0.0012644332382467842,0.2000823588468142,2.8997988340979397,0.0023556598776800376,2.9691354102396113,0.1544971846431411,0.0007198091720149284,0.19879766789979547,0.9140306459931976,0.0006480061702512733,0.977959195378022,-0.025085014705314296,0.0008344161036357874,0.008129095425232722,1
2024-04-25,0.19027684345615206,0.0013231504263873386,0.2648782479502436,-1.0538068752321035,0.001009029972012168,-1.0003866210551937,-0.9756511318752312,0.00028642280509194297,-0.9541505604971345,0.03191875135728133,0.0008141031898242972,0.07776241699348213,-0.09193274814634025,0.0008777030685275164,-0.045213841143412536,-1.4040609059634932,0.0012451665740179038,-1.3406518882322283,1.1529543099200736,0.002391034430823154,1.2222908860617454,-0.013820546625516895,0.0007196515077092347,0.030479936631137475,0.3568190042948962,0.0006517691100406416,0.4207475536797206,0.08062785893535322,0.0008355221140381402,0.11384196906590024,1
2024-04-26,-0.25330925891849515,0.0013195660670077426,-0.17870785442440365,5.146629572820238,0.00108469118188459,5.200049826997148,-0.4053452080164255,0.0002827472606614135,-0.3838446366383288,-0.01371776698425735,0.0008139585089601009,0.032125898651943444,-0.010751301403485016,0.0008775484312681073,0.0359676055994427,0.9350902181541275,0.0012578709442447003,0.9984992358853926,-0.3427349397062279,0.002380947047261337,-0.27339836356455616,-0.18357223826287128,0.0007173753669370545,-0.1392717550062169,-0.12545759477823476,0.0006506612925351511,-0.06152904539341038,-1.4001895400998534,0.0008141386608553981,-1.3669754299693064,1
2024-04-29,1.2020277990370858,0.0013371078165578462,1.2766292035311773,-1.7689395323694705,0.0010586901763627924,-1.7155192781925608,0.36413009659351264,0.00028601108334432425,0.38563066797160933,-0.10203447149664215,0.0008125400633116704,-0.05619080586044135,-0.6635899006906877,0.0008683010551977293,-0.61687099368776,-0.611640077958322,0.0012494507653556905,-0.5482310602270569,3.6988333374797295,0.002493484929252923,3.768169913621401,-0.6288884704178839,0.0007095486766894676,-0.5845879871612295,0.03459590822387696,0.0006511685191613506,0.09852445760870135,0.6677133270193716,0.0008241670310741681,0.7009274371499187,0
2024-04-30,-1.0148299109746723,0.0013224749779091973,-0.9402285064805808,-1.0849887744146056,0.0010427637139216166,-1.0315685202376959,-1.2802992437629839,0.0002744628514071642,-1.2587986723848874,-0.45835158278412796,0.0008059876460533677,-0.4125079171479272,-0.7388054243790071,0.0008580206342459008,-0.6920865173760795,-1.8213395497250293,0.0012245487802238484,-1.7579305319937644,-1.4356331180467998,0.0024502053280822515,-1.366296541905128,-0.7558029925869045,0.000700151981314163,-0.7115025093302503,-1.1585166959041553,0.0006396570153437586,-1.094588146519331,-0.5967767028055802,0.0008150064484554942,-0.5635625926750331,0
2024-05-01,-0.38578376812975645,0.0013169794559182418,-0.3111823636356649,0.28401357270486044,0.001046933648927128,0.3374338268817701,3.7558232841687853,0.00030824554458446803,3.777323855546882,-0.013444660096886692,0.0008058532744492921,0.03239900553931411,-1.1316954493312803,0.0008422913943472308,-1.0849765423283526,0.7252394715240941,0.0012343809017273137,0.7886484892553591,-0.5112352374016891,0.002434992169710631,-0.4418986612600173,-0.3318643265268963,0.0006960487446507204,-0.2875638432702419,-0.6880763543024767,0.0006328977934332649,-0.6241478049176523,-0.9653264153259135,0.0008002752238772989,-0.9321123051953664,1
2024-05-02,1.0591619931604292,0.0013324151964860182,1.1337633976545207,0.8032339860754926,0.0010587046321839833,0.8566542402524023,-0.7122332247867209,0.0003018054544127586,-0.6907326534086242,-0.09980679932845861,0.0008044761020095734,-0.053963133692257824,-0.16436020458596978,0.0008400288682642095,-0.11764129758304205,0.33847156456728233,0.0012389326104175974,0.4018805822985474,-0.06660265664408443,0.0024332604737886086,0.002733919497587309,0.020647196994948484,0.0006963382910271602,0.06494768025160286,1.0187364732235722,0.0006433153910253914,1.0826650226083967,0.055854385332357995,0.0008010274632373846,0.089068495462905,1
2024-05-03,3.0035753294823575,0.0013759624376428778,3.078176733976449,0.13583332407956702,0.0010606870684670934,0.18925357825647668,-0.38083036562920175,0.00029835238971668594,-0.35932979425110506,-0.3564943079082822,0.0007994092553422423,-0.31065064227208133,0.2547309967028296,0.0008435895781553897,0.3014499037057573,1.1499686793947232,0.001254517668567271,1.2133776971259882,0.0920364920716464,0.0024363297032621786,0.16137306821331815,0.1526234495235061,0.0006982685012655361,0.19692393278016046,0.07255628024900715,0.0006442080894391818,0.13648482963383154,-0.1348317289543378,0.0007988935889113494,-0.10161761882379078,1
2024-05-06,-0.5432433528812586,0.0013681627352560874,-0.46864194838716705,0.20810686827180327,0.0010637238815397227,0.26152712244871296,-0.404604113682143,0.0002946910310745959,-0.3831035423040463,0.3590757062095958,0.0008046337457115497,0.40491937184579657,0.6531705301386139,0.0008526739520047091,0.6998894371415416,0.8625544452313314,0.001266172276203396,0.9259634629625965,0.4157014272227487,0.002449176950554519,0.48503800336442043,0.887947732614527,0.0007093326281889873,0.9322482158711813,-0.0020080198244959756,0.0006443506241830957,0.06192052956032841,0.2849918840220576,0.0008031099027049302,0.31820599415260464,1
2024-05-07,0.1208039383772745,0.001369968706969576,0.19540534287136604,0.8996255750657493,0.001076865240046523,0.9530458292426589,0.056596565257916474,0.0002951725375604528,0.07809713663601318,-0.11325701743743391,0.000803067395978797,-0.06741335180123312,0.393571107885676,0.0008581451537133598,0.4402900148886037,-0.6192722690798129,0.0012576798086262548,-0.555863251348548,-0.995354559254416,0.002419388453357072,-0.9260179831127442,0.7879998370572464,0.000719139321322193,0.8323003203139008,0.8641761517795441,0.0006531854041941611,0.9281047011643685,-0.2777109163766669,0.000798819170990249,-0.2444968062461199,0
2024-05-08,0.021327225578349335,0.0013703358353183534,0.09592863007244087,-0.6087887677170887,0.0010679524924718268,-0.555368513540179,0.10666682279313916,0.0002961021740030644,0.12816739417123588,1.0071533188869475,0.000817581397977443,1.0529969845231484,0.1556584598967956,0.0008603117266740935,0.20237736689972333,0.09704096412168679,0.0012589234247758544,0.1604499818529518,-0.49714027594173243,0.0024046800816515234,-0.42780369980006067,0.11382682460264022,0.0007205669375436353,0.1581273078592946,-0.45501681464223237,0.0006487783353532959,-0.391088265257408,-0.041686767842338664,0.0007980977929197455,-0.008472657711791648,1
2024-05-09,0.4407402405301271,0.0013767530505352289,0.5153416450242186,0.12074063486662207,0.0010697018693088286,0.17416088904353172,0.4792626197518971,0.0003003680155483024,0.5007631911299938,0.4437009753930266,0.0008239942430226786,0.4895446410292274,0.03817470209777597,0.0008608484454204578,0.08489360910070369,0.17389638401865562,0.001261207679969501,0.23730540174992062,-0.45680187837376196,0.0023912100379721215,-0.3874653022320902,0.24734387210026768,0.0007236477583336954,0.291644355356922,0.36512100743578185,0.0006525959559527675,0.42904955682060625,0.9371018193119295,0.0008121421332066395,0.9703159294424765,0
2024-05-10,-0.4291783009183818,0.0013706202367664007,-0.3545768964242903,-0.4454351831731113,0.0010631903517127888,-0.39201492899620166,0.011697545616280735,0.00030044234735506766,0.03319811699437745,0.28707949588104414,0.0008281533708449155,0.33292316151724494,0.1286728895086373,0.000862636443266704,0.17539179651156503,0.2578179627732387,0.0012646260342330008,0.32122698050450377,-0.5703600772692397,0.00237433793341889,-0.5010235011275679,0.4286541500809529,0.0007289701981695842,0.4729546333376073,-0.014892187960377931,0.00065260283596961,0.04903636142444646,-0.23266748071294355,0.0008085332088833264,-0.19945337058239654,1
2024-05-13,0.8334356659369637,0.0013826845205985826,0.9080370704310552,0.09435062772474445,0.0010645560230606002,0.1477708819016541,0.7027152402804172,0.0003066972915412397,0.7242158116585139,-0.05626276450953856,0.0008273902863306946,-0.010419098873337765,0.044808341678014625,0.0008632623537834662,0.09152724868094235,-0.19801003418144125,0.001261865525824668,-0.13460101645017625,0.4304056441486503,0.0023876262961034568,0.49974222029032206,-0.33225692366176324,0.0007248650722120359,-0.28795644040510887,-0.14967352086784072,0.00065126113918389,-0.08574497148301634,-0.05406919176213361,0.0008076197269925227,-0.020855081631586593,1
2024-05-14,0.24309345435498347,0.001386233327191312,0.317694858849075,0.3074031481897532,0.0010690226733840033,0.3608234023666628,0.06619894167841932,0.0003072539447953942,0.08769951305651603,0.6783878128549353,0.000837139420747832,0.7242314784911361,-0.46371539600573636,0.0008568621488345006,-0.41699648900280867,0.3122922676172922,0.0012660155892334126,0.37570128534855723,0.7412676238060817,0.00241024883721252,0.8106041999477535,-0.3979323564474004,0.0007199536031975353,-0.353631873190746,-0.7384584677471389,0.0006440346538021587,-0.6745299183623145,0.2655417689694421,0.0008115180923392599,0.29875587909998913,1
2024-05-15,0.5541388143391565,0.0013942508681208928,0.628740218833248,0.594492536815893,0.0010776609280975075,0.6479127909928026,0.6847463258460579,0.0003133341045522252,0.7062468972241546,0.10830953949456103,0.0008387237067108339,0.15415320513076183,0.40187328360029273,0.0008624205605827112,0.4485921906032204,0.8935149592173891,0.0012780200121497152,0.9569239769486542,-0.5629327260416623,0.00239362343033721,-0.4935961498999906,0.7663487250132236,0.0007294412492456402,0.810649208269878,-0.10105494808925634,0.0006431870226535234,-0.03712639870443196,0.34738981472555186,0.0008166416772155526,0.3806039248560989,1
2024-05-16,-0.04205953417428631,0.0013936873442724272,0.032541870319805224,0.43893249085715913,0.001084024102503379,0.4923527450340688,0.8525120028980966,0.0003209024997626889,0.8740125742761933,0.04638268947721483,0.0008394209349890582,0.09222635511341562,0.05513457443779252,0.0008631876864324877,0.10185348144072023,-0.33377444028683595,0.0012734209914678839,-0.27036542255557094,0.050926606710577006,0.0023954663756284213,0.12026318285224874,-0.2872412448040565,0.0007259009175278406,-0.2429407615474021,5.1121728988051425,0.0006943863170566045,5.176101448189967,-0.32789188284135856,0.0008116089910583486,-0.2946777727108115,1
2024-05-17,-0.06646586317052315,0.0013927741186589699,0.008135541323568377,0.4955322408712691,0.0010912003897958326,0.5489524950481788,0.17188112623075907,0.00032238988641455517,0.1933816976088558,0.5473839420034198,0.0008472693655479698,0.5932276076396206,0.11687087279250917,0.0008648046660336329,0.1635897797954369,-0.1648198244691805,0.001271110347465659,-0.10141080673791548,0.299560293545335,0.0024047714181597117,0.36889686968700675,0.011328696981128273,0.0007260510291426786,0.05562918023778264,0.6768275408689786,0.0007012628862888394,0.740756090253803,0.7058292325432649,0.0008221078775969546,0.739043342673812,0
2024-05-20,0.24250941192271633,0.0013962966075483697,0.3171108164168079,0.19500526235618368,0.0010940019841778506,0.24842551653309333,-1.1722840593675845,0.00031189675328959334,-1.1507834879894878,-2.3742053613723164,0.0008134287534768153,-2.3283616957361155,-0.11778145716423732,0.0008631871429123774,-0.07106255016130959,0.604766783522369,0.0012791880082751895,0.6681758012536341,-0.4175276753132023,0.0023925492184764985,-0.3481910991715305,-0.37779226866876336,0.0007214015966408269,-0.333491785412109,-0.6025339407005941,0.0006953758033066204,-0.5386053913157697,-0.4322373196049541,0.0008155127150390572,-0.39902320947440706,1
2024-05-21,0.27827391637875143,0.0014003268050438514,0.35287532087284296,0.21393749680194346,0.0010970741642984975,0.2673577509788531,-0.03794025480031433,0.00031152017957381846,-0.016439683422217615,0.9971260299089828,0.0008276957686835764,1.0429696955451837,-0.11203802873969483,0.0008616510591984339,-0.06531912173676711,0.4126968209373148,0.0012846638445645129,0.47610583866857986,1.5699507260394032,0.0024399277857749847,1.639287302181075,-0.6011104771394621,0.0007140067075864218,-0.5568099938828077,1.0557891598696718,0.0007060164365578052,1.119717709254496,-0.37328538370348113,0.0008098113039047723,-0.3400712735729341,0
2024-05-22,-0.46253565913913175,0.0013937347547292678,-0.3879342546450402,-0.4738007079094491,0.0010901695751642686,-0.42038045373253946,1.2169505448582694,0.00032231043521459144,1.238451116236366,-0.359818006905609,0.0008226130305844592,-0.31397434126940815,-0.34804318609814283,0.0008568712875145465,-0.3013242790952151,0.12538542100383415,0.0012862603090553623,0.18879443873509916,-0.925538418950475,0.00241247923506903,-0.8562018428088032,-0.12458752501257209,0.0007124913738521192,-0.08028704175591772,0.04979527801631575,0.0007066277753487781,0.11372382740114013,-1.0229380130995578,0.0007943835859305144,-0.9897239029690108,0
2024-05-23,-1.1582583858918738,0.001377189588809095,-1.0836569813977823,-0.8694502800243661,0.001077542451565131,-0.8160300258474563,-2.073193110023007,0.0003038299936890797,-2.05169253864491,-0.408732598437747,0.0008168415432281668,-0.36288893280154627,-0.6703851834154959,0.0008476684194798853,-0.6236662764125682,-0.510903156431158,0.0012792872500033696,-0.44749413869989296,-0.9399874077957595,0.002384638610486217,-0.8706508316540877,-0.3376318940347742,0.0007083564456442663,-0.29333141077811986,-0.5294533819979599,0.0007014766570517557,-0.46552483261313543,-0.872789808329948,0.0007812268428328047,-0.839575698199401,1
2024-05-24,0.7790347705078849,0.001388390626808844,0.8536361750019765,0.3685743709666499,0.0010828589053182935,0.42199462514355957,-1.5328884874638617,0.00029017742927286023,-1.511387916085765,0.9505922320933168,0.0008304126627089425,0.9964358977295177,-0.05028420207531073,0.0008469952520075499,-0.003565295072383018,0.3416303049284294,0.001283794761172768,0.40503932265969445,0.709965092311823,0.002406193734642587,0.7793016684534948,0.012459950067145488,0.000708532835411527,0.056760433323799854,0.553077887390359,0.0007070927041886862,0.6170064367751834,-0.0722362989325664,0.0007800676987361793,-0.03902218880201938,0
2024-05-28,-0.07188738718812762,0.0013874078080021988,0.0027140173059639165,0.35637715853901053,0.0010879910652399141,0.4097974127159202,-1.4820329332437483,0.0002769964810636164,-1.4605323618656516,-0.3579564626736069,0.0008253656034452865,-0.31211279703740613,-0.7716651103123725,0.0008364232919164773,-0.7249462033094448,-0.04305834347068937,0.0012831237038580727,0.020350674260575647,-0.41132240017935007,0.002394200936738747,-0.3419858240376783,-0.8100164122409481,0.0006986020665894928,-0.7657159289842937,-0.44919144452227266,0.0007027459832193797,-0.38526289513744827,0.5916257433618737,0.0007888359379191381,0.6248398534924207,0
2024-05-29,0.006652238479784498,0.0013875486502406221,0.08125364297387604,-0.19757502807074073,0.0010851069682496577,-0.14415477389383108,0.012947840690074255,0.00027709843461185213,0.03444841206817097,-0.40656799167362234,0.0008196355659705782,-0.3607243260374216,-0.3611381644801501,0.0008314965530054929,-0.3144192574772224,-0.2096665176202267,0.0012802153218559069,-0.1462574998889617,-0.14733206035626417,0.002390110860300764,-0.07799548421459243,-0.5127646532164893,0.000692335957457598,-0.468464169959835,-0.2006376444084427,0.000700872466767253,-0.1367090950236183,-0.5602364507178909,0.000780381975284509,-0.5270223405873438,0
2024-05-30,0.1958254183292231,0.0013903903059424851,0.27042682282331465,-1.1492557615667842,0.0010684783875893086,-1.0958355073898745,0.4604748896494312,0.00028116779553915866,0.48197546102752786,0.2729850295461277,0.0008235581410272119,0.3188286951823285,-0.09155445079566611,0.000830271216745655,-0.04483554379273839,-1.9125716971964157,0.0012544502003697978,-1.8491626794651508,0.29393657788775296,0.002399197292051468,0.3632731540294247,0.4991383741363719,0.0006984954287491509,0.5434388573930263,-0.09815237414534012,0.0007000180877160386,-0.03422382476051573,0.12270273947013804,0.0007821363385767086,0.15591684960068505,1
2024-05-31,0.1836631415164187,0.0013930542630148084,0.25826454601051024,0.061824883394018995,0.0010693575940825648,0.11524513757092865,0.7714507064488745,0.0002879861170757423,0.7929512778269711,0.8112797336820814,0.0008351088062689501,0.8571233993182822,0.5560514381202605,0.0008379154449443051,0.6027703451231882,-0.002694802862462721,0.0012543436374557902,0.06071421486880229,-0.16709465569136916,0.002394520134214776,-0.09775807954969744,0.21171909875909314,0.0007011217186478197,0.2560195820157475,0.9293848759407373,0.0007093479474610279,0.9933134253255617,1.3786066723887593,0.0008026243073426226,1.4118207825193063,0
2024-06-03,0.40185840755280183,0.0013988251384052504,0.47645981204689336,0.1441286589508521,0.0010714227902655648,0.19754891312776177,0.5831130148566742,0.0002931271733982367,0.6046135862347708,-0.2528050815828806,0.0008315632280861515,-0.2069614159466798,-0.5120621409815144,0.0008309333466156571,-0.46534323397858673,-0.2756733025574345,0.0012505779502231522,-0.21226428482616946,-0.3167838651822552,0.0023853886373778146,-0.24744728904058344,-0.5014292999265515,0.0006950064370871004,-0.4571288166698972,0.003671027808244092,0.0007094969423302712,0.06759957719306849,-1.2125900557032065,0.0007844538498938982,-1.1793759455726593,0
2024-06-04,0.010266988633342336,0.001399008695137641,0.08486839312743387,0.1286704545666978,0.0010732621282046593,0.18209070874360744,0.01216439342451949,0.0002932100715555749,0.0336649648026162,-0.7282099466947556,0.0008212907591249974,-0.6823662810585548,0.14443378573781074,0.0008329378026543866,0.19115269274073846,0.27409401310976517,0.0012541820202769337,0.3375030308410302,-0.2815904059307005,0.002377318634943963,-0.21225382978902874,0.4074934639003106,0.0007000283643644988,0.45179394715696497,0.8140473515260825,0.000717664843607383,0.8779759009109069,-0.7986471004252584,0.0007724763814979795,-0.7654329902947113,1
2024-06-05,0.3278627818082472,0.001403713337015497,0.4024641863023387,0.4206737366101546,0.0010793049162961638,0.47409399078706427,-1.0476568052778534,0.0002839245225075895,-1.026156233899757,-0.5397609532143873,0.0008136999655332308,-0.49391728757818654,0.18112460014239362,0.0008354406304141945,0.22784350714532134,0.9810436526415017,0.0012672435944174642,1.0444526703727668,-0.036940260691790815,0.0023765411054356357,0.03239631544988092,0.4129090197564871,0.0007051091893743013,0.4572095030131414,0.48114863154623116,0.000722528972444837,0.5450771809310555,0.16335147633853728,0.0007748364801520119,0.19656558646908429,1
2024-06-06,-0.4397858478477472,0.00139749069914093,-0.3651844433536557,0.3293070585958043,0.0010840237341586724,0.38272731277271393,0.2339840547577138,0.00028597338329044183,0.2554846261358105,-0.1376981718678693,0.0008118054604488109,-0.09185450623166852,0.19578113197341324,0.0008381399001291967,0.24250003897634098,0.0024216335041075494,0.0012671964132331234,0.06583065123537256,0.3442366253759255,0.0023871000167427054,0.41357320151759724,0.5097893680972584,0.000711366976903893,0.5540898513539128,0.002330934077660188,0.0007226547491753736,0.06625948346248457,0.33660019051315065,0.000779770162938268,0.36981430064369764,0
2024-06-07,0.5630919916400786,0.0014055334366260414,0.6376933961341701,-0.7066844100523809,0.0010738345992493449,-0.6532641558754713,0.35207937432641184,0.00028906162679180505,0.3735799457045085,0.753445580835537,0.0008225052972049844,0.7992892464717377,0.08592237146301826,0.0008393364103154593,0.13264127846594598,-0.14977763358367835,0.0012651150376889403,-0.08636861585241334,-0.1329770384098905,0.0023834626511456823,-0.06364046226821878,0.30801586085655763,0.0007151506505776565,0.35231634411321194,-1.4651448979715085,0.0007082907202262178,-1.4012163485866842,-0.560045739159689,0.0007713689571263304,-0.5268316290291419,0
2024-06-10,-1.059953716486731,0.001390509099472845,-0.9853523119926395,0.16546994618117047,0.001076195709786216,0.21889020035808013,0.006682488762577258,0.00028909890323027904,0.02818306014067397,-0.13387922012544434,0.0008206610463144295,-0.08803555448924355,-0.11108945702943385,0.0008378452906008431,-0.06437055002650612,0.4556857730097519,0.00127112328605657,0.5190947907410169,-0.5811598039637479,0.002366522189187854,-0.5118232278220761,-0.8243216400627413,0.0007051057466550869,-0.780021156806087,1.150630219598541,0.0007197565565387697,1.2145587689833655,0.11083288816854363,0.0007729446283680336,0.14404699829909062,1
2024-06-11,3.6639573515964496,0.00144256071251626,3.738558756090541,0.4144653001022589,0.0010821295311652717,0.46788555427916856,-0.2299224605572201,0.00028705075863132097,-0.20842188917912338,-1.4075231156913903,0.0008008496085842688,-1.3616794500551894,-0.07177747533943106,0.0008368919017175022,-0.025058568336503335,0.551865630000597,0.0012784063985467496,0.615274647731862,-0.512701037829201,0.0023516378170715343,-0.44336446168752924,-0.12485315741029658,0.0007036080639537378,-0.08055267415364221,-0.3184048806683043,0.0007167218152271779,-0.2544763312834799,-0.4292705586868077,0.0007665016734256293,-0.3960564485562606,1
2024-06-12,1.3960552249739855,0.0014623678851145162,1.4706566294680772,0.28348573234236174,0.001086174887802137,0.3369059865192714,-0.783856080637156,0.0002801269593328744,-0.7623555092590593,-0.7996930359465038,0.0007896367262929799,-0.753849370310303,-0.7679475668019533,0.0008264628083151124,-0.7212286597990256,0.9966104689578685,0.0012916102278611673,1.0600194866891335,0.8870288019093064,0.002378278309294909,0.9563653780509782,-0.9926401117555597,0.0006915344959349828,-0.9483396284989053,-0.530247109587455,0.0007116043882648989,-0.46631856020263057,-0.5772683414866793,0.00075787311469234,-0.5440542313561323,1
2024-06-13,0.20797724072013024,0.0014653064797482786,0.28257864521422177,-0.8057654345683335,0.001074592950289297,-0.7523451803914237,0.0012900851321412132,0.00028012321337091215,0.022790656510237924,0.5299308625727676,0.0007971725395162076,0.5757745282089684,0.19535495077064452,0.0008291529847869555,0.24207385777357224,0.0011192287956817604,0.0012915280889752817,0.06452824652694678,0.6499284589226185,0.002397854847240149,0.7192650350642903,0.14840860390937463,0.0006933774489845206,0.19270908716602897,0.37181555319910253,0.0007153752626555259,0.43574410258392693,-0.4280694805884466,0.0007514683523817625,-0.3948553704578996,0
2024-06-14,-0.4949549002389455,0.0014582847716241674,-0.420353495744854,0.41986422712441923,0.0010805923368002064,0.4732844813013289,0.029773510473331082,0.00028036996848934627,0.051274081851427795,-0.013770152452917414,0.0007970430466699171,0.032073513183283386,-0.0912958163423284,0.0008279426964995074,-0.04457690933940068,0.05929077640195373,0.0012922207450078466,0.12269979413321874,-0.6710459606527553,0.0023782919714624693,-0.6017093845110837,-0.16131728487726907,0.0006914477502059077,-0.11701680162061472,0.29152738307590126,0.0007183507766339187,0.35545593246072565,-0.4491575977384525,0.0007447606167622686,-0.4159434876079054,1
2024-06-17,0.9377040809088615,0.001471550059206985,1.012305485402953,0.07604322583430001,0.0010816592904041044,0.12946348001120966,0.21196861249790822,0.0002822175000591224,0.23346918387600493,0.27475696426069796,0.0008009727207828591,0.3206006298968988,0.37293094531922866,0.0008330399703861733,0.4196498523221564,0.6538622996832233,0.0013008245820112644,0.7172713174144884,1.2347619942935364,0.002415142886414007,1.3040985704352082,0.06852429564540562,0.0006923164429596596,0.11282477890205998,0.3782569079239083,0.0007221745674861724,0.4421854573087327,-0.37150028096832705,0.0007392118996955645,-0.33828617083778,0
2024-06-18,-0.6398690621422501,0.0014624845155278591,-0.5652676576481586,-0.6703744223976235,0.0010720433853367722,-0.6169541682207138,-0.19184396834177894,0.00028051620833492415,-0.17034339696368223,0.4905229417569244,0.0008079298456482507,0.5363666073931251,0.19260190207729905,0.0008356821175665979,0.23932080908022677,-0.3112031155691626,0.0012965827486195675,-0.24779409783789755,-0.4081811070992886,0.0024033673717958424,-0.33884453095761685,0.496718900583442,0.000698388244246307,0.5410193838400963,0.13385981717234252,0.0007235919486332709,0.1977883665571669,0.4300474544501733,0.0007455247001282062,0.4632615645807204,1
2024-06-20,-1.1816602435985244,0.0014457752106821831,-1.107058839104433,0.2980560219860267,0.001076289717519624,0.35147627616293636,1.1905157942292186,0.0002909479391461792,1.2120163656073153,0.39304319285296435,0.000813507507769451,0.43888685848916514,0.23917963580454518,0.0008389521874881756,0.2858985428074729,-0.1418836401756954,0.0012945970065986387,-0.0784746224444304,-0.5074583214024174,0.0023886760387275925,-0.43812174526074565,0.6560128401890779,0.0007063858999258257,0.7003133234457323,0.3854258361624853,0.0007274767388581816,0.44935438554730966,1.0286525166424911,0.0007606741660915559,1.0618666267730381,1
2024-06-21,-0.6120784410472875,0.0014371340451918289,-0.5374770365531959,0.9072331722597469,0.0010892345884806695,0.9606534264366566,0.5224724929849606,0.00029550652314304485,0.5439730643630573,-0.6634506071094983,0.0008042467895697409,-0.6176069414732975,0.23054586685414472,0.0008421004837557414,0.27726477385707243,0.43760311238246963,0.0013003087892169043,0.5010121301137347,0.12589823776128614,0.002392703712147875,0.19523481390295788,-0.3904160467548681,0.0007016718865886079,-0.34611556349821376,-0.1728699627747145,0.0007258794149086195,-0.10894141338989012,-0.46484393766161725,0.0007537476040152565,-0.4316298275310702,1
2024-06-24,0.08660180231445867,0.00143836529506292,0.16120320680855021,-0.1695131645601032,0.0010867858875468776,-0.11609291038319357,0.18466048631583684,0.0002970984079780805,0.20616105769393356,0.6346062471407984,0.0008132074449708173,0.6804499127769992,0.20201039164580406,0.0008448577232005611,0.24872929864873178,-0.3201540182801917,0.0012959578048020958,-0.2567450005489266,-0.12717667114531508,0.002389259803546272,-0.057840095003643344,0.19068778756040883,0.0007040121985132168,0.2349882708170632,1.0161262596672933,0.0007359391119942626,1.0800548090521178,1.4286619845754163,0.0007747716234644272,1.4618760947059632,1
2024-06-25,0.15533885429317967,0.0014405640800252604,0.2299402587872712,1.3115690480891735,0.001105473641832997,1.364989302266083,-1.094141497873802,0.0002874906101380935,-1.0726409264957053,-0.25670331926088874,0.0008096617140642176,-0.21085965362468792,-0.20042755322732222,0.0008421643016021817,-0.1537086462243945,0.3375908273072544,0.001300334237442492,0.40099984503851943,0.573807551234616,0.0024064849830436746,0.6431441273762878,-0.6446228290317203,0.0006962260320829297,-0.6003223457750659,-1.6553461037406605,0.0007198170799198742,-1.5914175543558362,0.10487374342698191,0.0007762455217845578,0.13808785355752892,1
2024-06-26,0.9542634393774806,0.0014540178498673704,1.0288648438715722,-0.09486990651350685,0.0011040809953582918,-0.041449652336597205,-0.2298465765094194,0.00028545914817386034,-0.20834600513132268,-0.2131342259191103,0.0008067313856047506,-0.1672905602829095,-0.43151655251646526,0.0008363494590378343,-0.38479764551353757,0.08345221518292187,0.0013013371180868344,0.14686123291418687,1.1158727070710168,0.002439652958113096,1.1852092832126886,-0.028978676153078725,0.0006959067040665531,0.015321807103575644,0.8920969536354193,0.0007286525946271302,0.9560255030202436,-0.015997041579831162,0.0007759363032542893,0.017217068550715853,0
2024-06-27,0.13051570074290114,0.001455852559784985,0.20511710523699267,0.3697544259621109,0.0011093102764985383,0.42317468013902054,-0.5972634903305704,0.0002802181380910222,-0.5757629189524737,0.41044658375000226,0.0008125332949927499,0.45629024938620305,-1.18812711821881,0.0008203177965831493,-1.1414082112158823,0.020103790690887555,0.0013014998197401941,0.08351280842215257,0.06229442349841086,0.0024417597781521746,0.1316309996400826,-1.5785303483274646,0.0006768361264291174,-1.5342298650708102,-0.508725814745059,0.0007237741010087279,-0.44479726536023456,0.17756252052002355,0.0007784774833836275,0.21077663065057053,0
2024-06-28,-0.9110452941931075,0.0014430285450162065,-0.8364438896990161,-0.9476686645748936,0.0010957750972420213,-0.8942484103979839,0.18313093702251235,0.00028180311876870875,0.20463150840060906,0.7573757658684688,0.0008231791035156735,0.8032194315046696,-0.2392751947901443,0.0008171233676707864,-0.1925562877872166,-0.7764796722797975,0.0012911232532561228,-0.7130706545485326,-0.011975700260760558,0.0024416789179033753,0.057360875880911176,-0.9697116796483182,0.0006651553779508938,-0.9254111963916638,-0.2494759963151724,0.0007214365137023717,-0.185547446930348,0.06101679816509308,0.0007793002190056015,0.0942309082956401,1
2024-07-01,1.4231296185774533,0.0014630440870279432,1.4977310230715448,0.18113478461937993,0.0010983192809044023,0.23455503879628958,0.1372520361554577,0.0002829852462361036,0.1587526075335544,0.7706988805155821,0.0008339957136676135,0.8165425461517829,-0.4781919174573199,0.0008107093836947643,-0.43147301045439224,1.134206580130707,0.0013060223506465066,1.197615597861972,1.421045085722877,0.002483719468169081,1.4903816618645487,0.13136256231522944,0.0006667967676050808,0.17566304557188378,-0.3155946095493018,0.0007184565505564404,-0.2516660601644774,-0.10161281504075755,0.0007777306880888685,-0.06839870491021055,1
2024-07-02,0.7611131251926362,0.0014737287540805256,0.8357145296867278,0.5719350144220436,0.0011064157798131617,0.6253552685989533,-0.25353490715436966,0.00028075624895900424,-0.23203433577627294,0.8059001126236724,0.0008452883092489742,0.8517437782598732,0.8158791710162567,0.0008217555199427225,0.8625980780191844,0.24216376987465907,0.0013091149815783788,0.3055727876059241,2.4409697882416688,0.002555656557746394,2.5103063643833403,1.090807798540265,0.0006800212085375764,1.1351082817969194,0.5838374118758407,0.0007242590017574866,0.6477659612606651,-0.3671419137120377,0.0007722622853029893,-0.33392780358149066,1
2024-07-03,0.2244390538129968,0.00147686267380789,0.29904045830708836,0.10581972841482967,0.0011078786204546315,0.15923998259173933,-0.21446287273868267,0.00027887110989211064,-0.19296230136058595,-0.08054982667531863,0.0008441931886201039,-0.034706161039117826,0.3789468552815448,0.0008268978186231925,0.42566576228447256,0.11415161427718394,0.0013105131762625314,0.17756063200844896,1.5412397260461197,0.002601081820739721,1.6105763021877915,0.12537013329206273,0.0006815771779639418,0.1696706165487171,0.1211094729278699,0.0007255402871537882,0.18503802231269428,0.21678736790045033,0.0007753746489238073,0.2500014780309973,1
2024-07-05,1.0379923476653101,0.0014914067197394634,1.1125937521594016,1.254884522562762,0.0011256519762143382,1.3083047767396716,0.42790609341982055,0.0002825849392188488,0.4494066647979172,-0.7318532748397847,0.0008340165464062262,-0.6860096092035839,0.11000461508631836,0.0008284111811294236,0.1567235220892461,0.7431276848777346,0.0013202068561921684,0.8065367026089997,0.44321485379646397,0.0026142367580949373,0.5125514299381357,0.26066580444884535,0.0006847622540261843,0.3049662877054997,1.8903231626926806,0.0007440616222630122,1.954251712077505,-0.6293158964866957,0.000766069557690711,-0.5961017863561486,0
2024-07-08,0.26188896226547803,0.0014950484286282329,0.3364903667595696,-0.47236747528286754,0.0011188965502678643,-0.4189472211059579,-0.5872969545415672,0.00027745545592782313,-0.5657963831634705,0.050217240267503474,0.0008347535053895539,0.09606090590370428,-0.43441014585102594,0.0008225966930354197,-0.38769123884809825,-0.21792677719437425,0.0013172173856564342,-0.15451775946310922,0.06964524562645535,0.0026164239371471035,0.1389818217681271,-0.921385260524004,0.0006737002098355126,-0.8770847772673497,-0.4447407348819371,0.0007398162477415201,-0.3808121854971127,-0.5498116733106245,0.0007579434379060156,-0.5165975631800774,1
2024-07-09,0.11965741027273044,0.0014966921679714833,0.19425881476682197,-0.06687410456985729,0.0011178991262881528,-0.013453850392947638,0.8729060298662505,0.0002850361499237895,0.8944066012443472,0.5749163129276291,0.0008427963236818885,0.6207599785638299,-0.15260939529744771,0.000820579777484656,-0.10589048829452,-0.8499164213721784,0.0013059069882137488,-0.7865074036409133,0.844545347875891,0.002641302770201784,0.9138819240175627,-0.26007596448677817,0.0006706164824470682,-0.21577548123012383,0.1699703315337837,0.0007415590329649895,0.23389888091860808,-0.5772162858992006,0.0007494275694756211,-0.5440021757686535,1
2024-07-10,0.8930399057423204,0.001509161116356966,0.967641310236412,0.5386561401783885,0.0011254809322579066,0.5920763943552981,1.319875274897191,0.00029649145020202574,1.3413758462752876,-0.003453732883414261,0.0008427790156067922,0.04238993275278654,-1.380260480457002,0.0008020702490656489,-1.3335415734540743,0.7357616592292126,0.001315486071774419,0.7991706769604776,0.01793816910117955,0.0026419540229940604,0.08727474524285128,-0.5947341727570066,0.0006635107145164317,-0.5504336895003522,0.47665255002966195,0.0007462816234812053,0.5405810994144863,0.40152820025699926,0.0007552518419105724,0.4347423103875463,0
2024-07-11,-1.2695586166170238,0.0014913569068070863,-1.1949572121229324,-1.545833760073386,0.001103544708016055,-1.4924135058964763,0.1282426074806096,0.0002975787823724207,0.1497431788587063,-0.1330458910090945,0.0008409596398218225,-0.0872022253728937,0.29701778470675144,0.0008061081494414861,0.34373669170967913,-1.4192207821617833,0.0012967045242381896,-1.355811764430518,-2.1480639337101888,0.002579259113402539,-2.0787273575685172,-0.14676160482132133,0.0006618011381737935,-0.102461121564667,-0.7058055179029902,0.0007395069357391458,-0.6418769685181658,0.5516391330434505,0.0007632636244954159,0.5848532431739975,1
2024-07-12,0.5970006704395864,0.0014996730815753697,0.671602074933678,-0.19045460322824073,0.0011008123891108226,-0.13703434905133108,0.0781541301634817,0.0002982297545152327,0.09965470154157842,-0.6722448161011039,0.0008316502420968756,-0.6264011504649031,0.40663329436314405,0.0008116109859970288,0.45335220136607174,-0.20184313355552902,0.001293951978178073,-0.138434115824264,0.6660301266670394,0.002598894026040965,0.7353667028087112,0.6832509292138769,0.0006700660569644918,0.7275514124705312,-0.6583289873897353,0.0007332030146985347,-0.5944004380049109,-0.024529292646614822,0.0007628414683488763,0.008684817483932196,1
2024-07-15,0.7870182145432721,0.0015106318620102283,0.8616196190373636,0.34780260846133904,0.0011056923736330708,0.4012228626382487,-0.37538301164421894,0.0002949456692465225,-0.35388244026612226,1.2450485114967111,0.0008489775405471187,1.290892177132912,0.42721455099214056,0.0008173818572284829,0.4739334579950682,-0.013932932842709467,0.0012936716239532616,0.049476084888555545,0.36801171885459427,0.002609797622566708,0.43734829499626604,0.5663546100297256,0.0006769156723275757,0.61065509328638,0.33199505102066246,0.0007365177460913581,0.39592360040548685,0.8097088069325509,0.0007746060171500519,0.842922917063098,1
2024-07-16,0.017613550066020455,0.0015108339640046188,0.09221495456011199,-0.765063367901324,0.0010948460610980346,-0.7116431137244144,0.9614187377603264,0.00030325380396170333,0.9829193091384231,0.8340772549012613,0.000860577344272915,0.8799209205374622,-0.10347784646290058,0.000816034199085268,-0.05675893945997286,-0.5987084379761634,0.0012857160594615378,-0.5352994202448983,0.3126310010821964,0.0026190694218690925,0.38196757722386815,0.1341530889579382,0.0006785703000092483,0.17845357221459254,0.34048706855013444,0.0007399100578563862,0.40441561793495884,0.32133349107412423,0.0007792248659142683,0.35454760120467127,1
2024-07-17,-1.376344503502495,0.0014915900114354339,-1.3017430990084036,-0.8553600597564673,0.001082740791641344,-0.8019398055795576,3.0354474913301788,0.00032951494687147087,3.0569480627082752,0.7418248970454289,0.00087088132732668,0.7876685626816297,0.8756820866411829,0.000827797881975954,0.9224009936441105,-0.7939446268501509,0.0012752111367473583,-0.7305356091188859,-0.8427090579721206,0.002594636748887479,-0.7733724818304488,0.7229706338888515,0.0006872815585775747,0.7672711171455059,1.0369708300785576,0.0007500461114483901,1.1008993794633821,0.645388168449302,0.000788563901952277,0.678602278579849,0
2024-07-18,-1.131337437557508,0.00147578907399853,-1.0567360330634166,-0.9890165157402222,0.0010687676945870291,-0.9355962615633124,-0.6354945093996129,0.00032396405460438134,-0.6139939380215163,-1.6906742121692941,0.0008474658204857981,-1.6448305465330932,-0.33670567137378793,0.0008233243728180629,-0.2899867643708602,-0.4521222963540555,0.0012692015206485362,-0.3887132786227904,0.002979802948655308,0.0025948827831863584,0.07231637909032705,-0.8238322143352952,0.0006774498612233863,-0.7795317310786408,-0.28297287999522336,0.0007473871404393488,-0.21904433061039896,0.4520726128327575,0.0007950717673849211,0.4852867229633046,0
2024-07-19,-0.04475822095013706,0.0014751468772898598,0.029843183543954474,-0.06200244945540123,0.001067880589644892,-0.008582195278491578,-0.41076231456184514,0.00032036492749958545,-0.38926174318374845,-0.09514890421502128,0.0008461756344719894,-0.0493052385788205,-0.6477671761276995,0.0008146986254663365,-0.6010482691247718,-0.4685829477349199,0.0012629849268463041,-0.4051739300036548,-1.0600392099746407,0.0025641739445158235,-0.9907026338329689,-0.8652494950374402,0.0006671364425865545,-0.8209490117807858,-0.13716254918028203,0.000746142792098449,-0.07323399979545764,-1.1641652652816774,0.0007780288721130481,-1.1309511551511302,1
2024-07-22,-0.15489507861491533,0.0014729724893018414,-0.0802936741208238,1.0945254430923193,0.0010832839598257237,1.147945697269229,-0.26259198821651286,0.0003180516285516495,-0.24109141683841612,0.07755458957396161,0.0008472768480569302,0.1233982552101624,0.46688326111998385,0.0008209765756976656,0.5136021681229115,0.6665749210817725,0.0012716343371381245,0.7299839388130375,1.1975552802069838,0.0025992019009684415,1.2668918563486555,0.46325071432601334,0.000672730224458355,0.5075511975826678,-0.45137765654581075,0.000741862167192972,-0.38744910716098635,-0.37242232963485467,0.0007725343220623076,-0.3392082195043077,0
2024-07-23,0.16666312450101414,0.0014752741186695954,0.24126452899510567,-0.019822015334003164,0.0010829814021075961,0.03359823884290649,-1.0370578138824704,0.00030905253838930637,-1.015557242504374,-0.033535922055357215,0.0008468405205413426,0.012307743580843581,-0.7912634133067682,0.0008104491706588582,-0.7445445063038405,0.17259632591820423,0.0012738107347237643,0.23600534364946926,-0.5714524905610784,0.0025827409386207385,-0.5021159144194066,-0.6974404249456325,0.0006644409588084865,-0.6531399416889782,0.22030907206669506,0.0007440773757237107,0.28423762145151943,-0.8273499748745791,0.000760430842946794,-0.794135864744032,0
2024-07-24,-1.5543078877853465,0.0014536507126139196,-1.4797064832912548,-2.616101598961446,0.001046164095928906,-2.562681344784536,2.1163918683968372,0.00032728335462489335,2.137892439774934,-0.4741405790058391,0.0008403172671767077,-0.4282969133696384,-1.1719776823006385,0.0007948578932877342,-1.1252587752977108,-2.0257859346483413,0.0012472524607693922,-1.9623769169170764,-3.105799476949103,0.0024926631225744888,-3.0364629008074315,-2.445952473681573,0.0006352765832464212,-2.4016519904249187,-0.11636790122961786,0.0007430388352433542,-0.052439351844793466,0.6611143753516989,0.0007699784907388983,0.694328485482246,0
2024-07-25,-0.3218531371259442,0.0014491772707542266,-0.24725173263185268,-1.6296147112620352,0.0010232638776857704,-1.5761944570851254,1.7603752154046646,0.000342417569129906,1.7818757867827613,-0.025989359891736764,0.0008399907295622323,0.019854305744464035,-0.4000941117238086,0.0007895788863391831,-0.3533752047208809,-1.4033081291609932,0.0012288617564908762,-1.339899111429728,0.4161957288151842,0.002504979381526357,0.48553230495685595,-0.14560589552878156,0.0006336132042791666,-0.10130541227212722,-0.6725873779119872,0.0007366353789650748,-0.6086588285271628,1.002355465926768,0.0007844686500089186,1.035569576057315,1
2024-07-26,0.036607817563769546,0.0014496857598699016,0.11120922205786107,-0.1385522221038857,0.0010213373531528895,-0.08513196792697605,0.49765408208040757,0.0003466473433386905,0.5191546534585042,0.8399003939665073,0.0008516110074636549,0.8857440596027081,1.0241711790363544,0.000803280741886914,1.070890086039282,0.8352684573923318,0.001239712403170313,0.8986774751235969,-0.11963291796451803,0.0025017307398625876,-0.050296341822846286,1.305562701562879,0.0006492624696316639,1.3498631848195333,-0.31785945578054103,0.000733661037690716,-0.25393090639571664,-0.07512663511884697,0.0007833000156115864,-0.041912524988299955,1
2024-07-29,-0.00849506119111285,0.0014495679291158833,0.06610634330297868,0.7170912764293366,0.001031421944221121,0.7705115306062462,-1.0946227870586864,0.00033715776334087747,-1.0731222156805897,-0.3849082343504297,0.0008463285431864619,-0.3390645687142289,0.33506603777235816,0.000807789689616126,0.38178494477528585,0.12449398379102211,0.0012412780490025472,0.18790300152228712,1.308254346859158,0.002539887946122901,1.3775909230008299,0.44960049797615004,0.000654686335564916,0.49390098123280435,-0.23382004344962504,0.0007315005964582704,-0.16989149406480064,-0.5491451069954707,0.0007752582679057549,-0.5159309968649236,1
2024-07-30,0.05744528810099468,0.0014503642316522096,0.13204669259508622,0.17457091470598432,0.001033883681541775,0.22799116888289397,1.4263514918706115,0.00034937785848683116,1.4478520632487082,1.01981386876216,0.0008604063801324291,1.065657534398361,0.7005214014257477,0.0008171536664179999,0.7472403084286754,-0.5520695492878216,0.0012340244031711777,-0.48866053155655653,-1.0748235212102422,0.002508943297192961,-1.0054869450685704,0.29905969130589743,0.0006583092994648116,0.3433601745625518,-0.5215179228882917,0.000726573470082768,-0.4575893735034673,0.8442673114664527,0.0007874225075195893,0.8774814215969998,1
2024-07-31,0.6968349260515144,0.0014600153326809545,0.771436330545606,0.3199033480581204,0.0010383786423736152,0.37332360223503,-1.8092243625243793,0.00033375420266580505,-1.7877237911462827,-0.6208556917327696,0.000851876861168532,-0.5750120260965688,1.901762435565382,0.0008424723853433775,1.9484813425683098,-0.6548324113051361,0.0012254428339609996,-0.5914233935738711,0.9756505691265527,0.0025374109584390342,1.0449871452682244,0.5406165083154562,0.0006648023485859624,0.5849169915721105,-0.6528585562937274,0.000720389806916888,-0.588930006908903,0.14170256337446313,0.0007893944995628558,0.17491667350501014,0
2024-08-01,-0.9366002864633346,0.001447044732974432,-0.8619988819692431,-0.2846757389472396,0.0010344004803306904,-0.23125548477032995,1.5063531170839601,0.0003466468477518751,1.5278536884620568,-1.2233752204730617,0.0008350704445218987,-1.177531554836861,-0.19703038662210326,0.0008398756672346246,-0.15031147961917554,-0.22563993188690049,0.0012224588101323645,-0.16223091415563545,-1.68277775603461,0.0024889223491256344,-1.6134411798929382,0.01428879928631131,0.00066502573391799,0.05858928254296568,1.177352764164792,0.000731809930553714,1.2412813135496163,-0.7138187904343385,0.0007789824031846325,-0.6806046803037914,0
2024-08-02,0.27890136143386113,0.0014509040655323934,0.35350276592795266,-1.2745616346242858,0.0010165751676767818,-1.221141380447376,1.7210174461179073,0.0003613646507157832,1.7425180174960038,-2.241630486340135,0.0008042894685820132,-2.195786820703934,-0.0919498612968007,0.0008386774920047462,-0.045230954293872985,-1.1944905935663956,0.0012068798142260803,-1.1310815758351307,-1.112563818640633,0.0024569888941286012,-1.0432272424989613,0.10207838343806873,0.0006662922728430554,0.1463788666947231,-1.4758439864385138,0.0007177250948792441,-1.4119154370536895,-0.06267500820393755,0.0007780019066539009,-0.029460898073390532,0
2024-08-05,-2.5532943507175623,0.0014156139832637307,-2.4786929462234704,-2.314722361050113,0.0009842291868832032,-2.2613021068732033,-1.4807188452911524,0.00034858496358945517,-1.4592182739130557,-1.1481560131149373,0.0007885741465489269,-1.1023123474787364,-2.370111898058502,0.0008072620418951041,-2.323392991055574,-1.8507591471529647,0.0011827947391167923,-1.7873501294216996,-1.1113121342972323,0.0024251370268679236,-1.0419755581555605,-2.3220078139410254,0.000638764687840474,-2.277707330684371,-1.0054477176795953,0.0007081760784268244,-0.941519168294771,-0.9216802164466293,0.0007646087902694372,-0.8884661063160822,1
2024-08-06,-0.5762532180816604,0.0014076794328430106,-0.5016518135875688,-0.36000785023806586,0.0009792452671375938,-0.3065875960611562,-1.193355884254368,0.00033828777154039597,-1.1718553128762712,1.3992162927562193,0.000807851431224382,1.44505995839242,0.7175314357581044,0.0008168185887893083,0.7642503427610321,0.5543365358329236,0.0011899760152728558,0.6177455535641886,0.14851611934915093,0.0024297030486571856,0.21785269549082267,0.38068375915661357,0.0006433549018262887,0.42498424241326793,0.1004947651281781,0.0007092500898566623,0.1644233145130025,-0.2947868524706281,0.0007602878957807142,-0.2615727423400811,0
2024-08-07,0.5685629558829896,0.0014155562420556111,0.6431643603770811,0.15542074752034887,0.0009814661481943217,0.20884100169725853,-0.057990606785357474,0.00033773480617653364,-0.036490035407260764,-0.030340763474673797,0.0008074903454339404,0.015502902161527003,0.13747619763291397,0.0008186782715159844,0.18419510463584168,-0.22502869456324165,0.0011870335900608401,-0.16161967683197662,-1.1588646726443839,0.0023965438862102962,-1.089528096502712,-0.44773456838410675,0.000638112952164181,-0.4034340851274524,-0.9717030447297549,0.0007000441437802627,-0.9077744953449305,0.6220694100139361,0.0007692043737099082,0.6552835201444832,1
2024-08-08,0.781354521164229,0.0014263566120144046,0.8559559256583206,0.9353579325378297,0.0009945676080497835,0.9887781867147395,0.6669604990931554,0.00034339074075515665,0.688461070471252,0.8997022589701544,0.0008198792582932815,0.9455459246063552,0.6374623796028175,0.0008271533259019276,0.6841812866057452,0.5217784041429514,0.001193779470795327,0.5851874218742165,0.8395676209376929,0.0024210468089636054,0.9089041970793647,0.7283497214877834,0.0006468177575413561,0.7726502047444378,0.7665258577705991,0.000707502658264201,0.8304544071554235,0.9070045228751498,0.000782217200964239,0.9402186330056969,1
2024-08-09,0.6322589885658858,0.0014350868509837222,0.7068603930599773,0.4613537329325391,0.0010010406244211488,0.5147739871094488,0.18541460627771086,0.000344917861595364,0.20691517765580755,0.3956172434123769,0.0008253452543702274,0.4414609090485777,0.09451597648143131,0.0008284348062896746,0.14123488348435903,0.38919027658719896,0.0011987976820207768,0.452599294318464,0.07427794724885016,0.002423467240145236,0.1436145233905219,0.05962850329389366,0.0006475899463862036,0.10392898655054802,0.25361627982782065,0.0007100406520048209,0.31754482921264504,0.3675659895049569,0.0007874379266595349,0.4007800996355039,0
2024-08-12,0.2923076615940302,0.001439122879833224,0.36690906608812174,-0.4822380280783888,0.0009943556602243367,-0.4288177739014791,-0.40332658756113005,0.0003414082819338398,-0.38182601618303336,0.05226574064120077,0.0008261033435035826,0.09810940627740156,-0.17466192236603129,0.0008261565772405362,-0.12794301536310357,0.043077916299358116,0.001199326972423442,0.10648693403062313,-0.37828467196409926,0.0024128553055071606,-0.3089480958224275,-0.014328018790954303,0.0006474857276142757,0.029972464465700066,0.7538239663508967,0.0007173600043224635,0.817752515735721,0.028891715640164704,0.0007877742049965493,0.06210582577071172,1
2024-08-13,0.810159899038689,0.001450280041479951,0.8847613035327805,0.5326079304939458,0.0010018118711643128,0.5860281846708555,-0.7938691039794217,0.00033456637021760213,-0.772368532601325,0.39356401419310194,0.0008315291025121871,0.4394076798293028,0.3851108722299821,0.0008312752030713948,0.4318297792329098,0.9052729565987456,0.0012110121670069805,0.9686819743300107,1.219559823397962,0.0024482265562622103,1.2888963995396339,0.010990818014378928,0.0006476811055595356,0.055291301271033294,-0.6786335310772165,0.0007109758933502621,-0.6147049816923922,-0.5046828036038025,0.0007804317585816276,-0.47146869347325543,0
2024-08-14,0.03005169839512113,0.0014506929083336457,0.10465310288921266,-1.2276317917051958,0.0009847635782077185,-1.174211537528286,0.025584566957977818,0.0003347316647845976,0.04708513833607453,0.5268143292448509,0.0008387686714370203,0.5726579948810517,0.04666167196312853,0.0008319194205304207,0.09338057896605624,0.3133528400569069,0.0012150268992902106,0.37676185778817195,-0.8333377312196424,0.0024245300296437825,-0.7640011550779706,0.18819845038259445,0.0006499705808680887,0.2324989336392488,0.5124178069438269,0.0007159782158833339,0.5763463563286513,0.42193672234922935,0.0007864245159636087,0.4551508324797764,1
2024-08-15,0.6216913765945635,0.0014592360105915526,0.6962927810886551,0.2415268776888271,0.0009881684627399243,0.29494713186573673,0.2974949321589751,0.0003372169948128537,0.31899550353707185,0.27674789480160317,0.0008425820888910907,0.32259156043780396,0.9495534465679484,0.0008444714935066084,0.9962723535708761,0.5837236608874847,0.0012225295559844648,0.6471326786187498,1.4904920555123296,0.0024676263789076866,1.5598286316540013,1.2535582813222996,0.0006648391419190492,1.297858764578954,4.813385604318654,0.0007620289666404481,4.8773141537034785,0.2712528093859804,0.0007902434911481646,0.3044669195165274,1
2024-08-16,0.22996834688301218,0.0014623874488093117,0.3045697513771037,0.4699911295525845,0.0009947431491718062,0.5234113837294941,0.13479859123026655,0.00033831147050562295,0.15629916260836327,0.5464010443826434,0.0008500709796797071,0.5922447100188442,-0.027283346366334865,0.0008441308596561799,0.01943556063659285,-0.3961900239077822,0.001217368578751783,-0.3327810061765171,0.15828278679271862,0.002472416938039285,0.22761936293439036,0.08588202090017308,0.0006659057115960842,0.13018250415682744,0.4213736495752075,0.0007661196779958395,0.4853021989600319,-0.2653429204487241,0.0007863517153483215,-0.23212881031817706,1
2024-08-19,-0.11103342701025828,0.0014608547164184527,-0.03643202251616675,1.1044594623933597,0.001010118548583733,1.1578797165702694,0.10330003198549102,0.0003391359960292568,0.12480060336358773,0.3122621315162066,0.0008543554689504817,0.3581057971524074,-0.26398208301969156,0.0008406731586515148,-0.21726317601676384,0.33680014343203024,0.0012216728632095462,0.4002091611632953,0.682445791585627,0.002492237701927458,0.7517823677272988,-0.2481007790091588,0.0006630318761796468,-0.20380029575250444,0.20842072380684887,0.0007681747100283351,0.27234927319167324,0.11671344036704845,0.0007879477762860048,0.14992755049759546,0
2024-08-20,0.0666455574002262,0.0014617607945252192,0.14124696189431774,0.10220336079914442,0.0010115651000418807,0.1556236149760541,0.2536507388024798,0.00034123961625608524,0.2751513101805765,-0.26932249755322274,0.0008507062749028241,-0.22347883191702195,0.19899623575613976,0.0008433139009364994,0.24571514275906747,0.36116931203011676,0.001226285292586199,0.4245783297613818,-0.24839602058149945,0.0024853457311193664,-0.1790594444398277,0.3085078991523742,0.0006667219495774836,0.35280838240902856,0.7601508693595462,0.0007754823103703179,0.8240794187443706,-1.6733008864604801,0.00076387379719538,-1.6400867763299332,1
2024-08-21,-0.0995945002088194,0.0014603874259670022,-0.024993095714727864,-0.4580319865479643,0.0010052413566400587,-0.40461173237105463,0.635687984633528,0.00034659107885931143,0.6571885560116247,-0.026542033068034952,0.0008503692578659158,0.019301632568165843,-0.1747346521202925,0.0008410354688503943,-0.12801574511736477,-0.14844520211351725,0.0012243247958676111,-0.08503618438225223,0.17227256430060048,0.002490514425944674,0.24160914044227222,-0.00856040181133845,0.0006666726787422463,0.03574008144531592,0.6318190392869363,0.0007815580495494606,0.6957475886717607,-0.34676188607975833,0.0007588421731403477,-0.31354777594921135,0
2024-08-22,-0.4996450611804407,0.00145353752774734,-0.4250436566863492,-0.682066896551763,0.000995822234835624,-0.6286466423748533,0.450823012760329,0.0003503630650304441,0.4723235841384256,0.44390520728990707,0.0008564363890913712,0.4897488729261078,0.04723064387935859,0.0008416775621349136,0.0939495508822863,-1.171869337730662,0.001209189460075236,-1.108460319999397,-1.4596972469310527,0.0024489575415228126,-1.390360670789381,-0.10235210169243893,0.0006655196631715063,-0.05805161843578456,0.27087575200845626,0.0007841919298793908,0.33480430139328066,0.34719068737457587,0.0007637545008525393,0.38040479750512285,1
2024-08-23,0.4548291181580144,0.0014597590544399278,0.529430522652106,0.5116842973282708,0.0010029456865206336,0.5651045515051805,0.8871663389886457,0.0003578374166801724,0.9086669103667424,0.35564899251363175,0.0008612944877146542,0.4014926581498326,-0.31892247381355937,0.0008375097497823811,-0.2722035668106317,0.09991459332726019,0.0012104393909654644,0.1633236110585252,1.0595178785015698,0.0024795258095231913,1.1288544546432415,-0.1560454808441458,0.0006637368108329809,-0.11174499758749144,0.053689098061455984,0.0007847576741727558,0.11761764744628038,0.6488370783127283,0.0007729762092158582,0.6820511884432754,1
2024-08-26,0.002532209271667448,0.001459786592894703,0.07713361376575899,0.11240234848975751,0.0010045343349786885,0.16582260266666718,0.22088413964939013,0.00035964372760805463,0.24238471102748685,0.15810893168725504,0.0008634606408779364,0.20395259732345583,0.20618249045823406,0.0008402396015702549,0.2529013974611618,-0.4967652197253312,0.0012040155306650736,-0.43335620199406616,-0.8637717201633096,0.0024550706586878124,-0.7944351440216378,0.1281131200772959,0.0006652959619223183,0.17241360333395025,0.2590566072611685,0.0007872733301840557,0.3229851566459929,1.0203078526439648,0.0007874966238390426,1.0535219627745118,0
2024-08-27,0.11793880181057848,0.0014613911861567118,0.19254020630467,-0.5064231873297457,0.0009975642165419615,-0.45300293315283596,-0.23457358999086717,0.0003575828449487197,-0.21307301861277045,0.19274169410975256,0.0008660941700054731,0.23858535974595335,0.6798082731892774,0.0008491773963958973,0.7265271801922051,-0.01707607515177742,0.001203764148990945,0.04633294257948759,-0.5311804156150014,0.0024401508864078697,-0.4618438394733297,0.5160779399930595,0.0006714091613144631,0.5603784232497139,0.03350099905666318,0.0007876444875928082,0.09742954844148756,-0.5013004316301012,0.000780254338024373,-0.46808632149955415,0
2024-08-28,-0.42214112760396555,0.001455618226260222,-0.347539723109874,-0.6185917606650988,0.0009890540237679196,-0.5651715064881891,0.4718563131956463,0.0003615148503322397,0.493356884573743,0.21515969032777738,0.0008690282911519642,0.26100335596397817,-0.4068240253569854,0.0008438610481215107,-0.3601051183540577,-0.49190755978619943,0.0011974163796495641,-0.42849854205493443,-0.4764704481558502,0.002426813859821001,-0.40713387201417844,-0.3827202008643332,0.0006669657419673293,-0.33841971760767886,-0.11256803166948035,0.00078662961913572,-0.048639482284655956,-0.5183383353025522,0.0007727789473956427,-0.4851242251720052,1
2024-08-29,0.6751878200902339,0.0014648279071151052,0.7497892245843254,-0.3875995487157655,0.0009837452388334565,-0.33417929453885586,0.13522545697005878,0.0003625889625488706,0.1567260283481555,0.16939759300247037,0.0008713375701603978,0.21524125863867116,0.9761141043279978,0.0008566644524238644,1.0228330113309256,0.2724965589923446,0.0012008854287961367,0.33590557672360966,-0.0059236530571362914,0.002426918580245178,0.06341292308453544,1.0968623612970283,0.0006798803089954431,1.1411628445536828,0.2671564582251215,0.0007892154360629202,0.33108500760994586,0.6468115208018476,0.0007819395121280405,0.6800256309323947,1
2024-08-30,-0.25152107942512303,0.0014613873445099763,-0.17691967493103147,0.4495858539924187,0.000989995340326183,0.5030061081693283,0.8010764497061087,0.0003692995561792381,0.8225770210842054,0.5575943863052634,0.0008789054489897823,0.6034380519414642,0.23654691990501098,0.000859770602225686,0.28326582690793867,0.4691816795505318,0.0012068714621639649,0.5325906972817969,0.8650949683676379,0.0024518527596867046,0.9344315445093097,0.40317747035103907,0.0006846472972476599,0.44747795360769343,0.7213578844341985,0.0007960998003558524,0.7852864338190229,-0.11237176370252729,0.000780262079273048,-0.07915765357198028,0
2024-09-03,-1.4745939616706838,0.0014412845380355275,-1.3999925571765923,-1.9274249956690386,0.0009634618183270512,-1.8740047414921288,0.6280884121832343,0.0003745370161107616,0.6495889835613309,-1.082217064545001,0.0008642513602094068,-1.0363733989088004,-0.1820588590029986,0.0008573976215936442,-0.13533995200007087,-1.0737006939708789,0.0011930804765513414,-1.010291676239614,-0.4729004028984243,0.0024386372830526915,-0.4035638267567525,0.425878930215153,0.0006896734567542381,0.47017941347180736,-0.12149580461045426,0.0007949966333895727,-0.05756725522562987,-1.0639213985460438,0.0007650284350286514,-1.0307072884154969,1
2024-09-04,-0.5181232524760073,0.001434234798525138,-0.44352184798191585,-0.3475236774230881,0.0009587343179279223,-0.29410342324617844,0.07765776830150276,0.00037511298244595064,0.09915833967959947,-0.2737964237301707,0.0008605602467411484,-0.22795275809396992,0.0667230338889888,0.0008582794034331739,0.11344194089191653,-0.13559152448755935,0.0011913201895547012,-0.07218250675629433,0.9604806593110219,0.0024662435958848357,1.0298172354526938,0.3749008376022656,0.0006940959851902535,0.41920132085892,0.0032743139759396495,0.0007950751734458318,0.06720286336076405,-0.6341742844140213,0.0007559352867441339,-0.6009601742834744,1
2024-09-05,0.2819087123526433,0.001438081865908134,0.3565101168467349,0.20338944462832548,0.0009615989364291765,0.25680969880523513,-1.195144157267241,0.0003649335325369654,-1.1736435858891445,-0.4471228690158748,0.0008545298729695862,-0.40127920337967404,-0.688189108881559,0.0008493005907430182,-0.6414702018786314,-0.1316778553862236,0.0011896124427240072,-0.06826883765495857,1.1379166437676635,0.002498858679536954,1.2072532199093353,-0.443517284861014,0.0006889412387053425,-0.39921680160435963,-0.33249639211019644,0.0007919798791861122,-0.26856784272537204,-0.4172357859621006,0.0007499416860857135,-0.38402167583155356,0
2024-09-06,-0.4355992919477145,0.001432166444607425,-0.360997887453623,-2.0976257999552335,0.0009327991424428669,-2.0442055457783237,-0.32789592399150574,0.00036209106305666323,-0.30639535261340906,-1.2757504289795256,0.000837307687574101,-1.2299067633433247,-0.18600225619179922,0.0008468884528778963,-0.1392833491888715,-0.9599822449455379,0.0011773164785781826,-0.8965732272142728,-2.148508242937883,0.002438006207430354,-2.0791716667962112,0.11688861249790146,0.0006903428489772473,0.1611890957545558,-0.3719788487000631,0.0007885159877090799,-0.3080502993152387,-0.2636972676718034,0.0007461396406163649,-0.23048315754125642,1
2024-09-09,-0.05362884791122654,0.0014314499275820732,0.020972556582864992,-0.7316856895506422,0.0009228208909287531,-0.6782654353737325,1.1028153555600533,0.00037132453484526115,1.12431592693815,1.014167780743246,0.0008510399201452552,1.060011446379447,1.1886882293732797,0.0008624084129820556,1.2354071363762074,0.4843100804878712,0.0011834913583222927,0.5477190982191362,0.5778460108567939,0.0024546856477945076,0.6471825869984656,1.2931797485035375,0.0007054795257113338,1.337480231760192,0.6127398849664611,0.0007943515421441769,0.6766684343512855,1.0022950888287374,0.000760331490174543,1.0355091989592844,0
2024-09-10,-0.26096410077794424,0.00142791888334984,-0.18636269628385274,-0.07052021455846805,0.0009219410576234539,-0.0170999603815584,0.3615248525170786,0.0003742946581971008,0.3830254238951753,-2.7322576132652934,0.0008141846910430548,-2.6864139476290925,0.05565518575674877,0.0008631399823285341,0.10237409275967649,1.0805418698363745,0.0011972703064130619,1.1439508875676394,1.0575530618886764,0.0024849591617134405,1.1268896380303481,-0.10090087232165744,0.000704325996325139,-0.056600389065003066,1.3442593782080048,0.0008070788100996277,1.408187927592829,-1.8262032480367238,0.0007343412517416802,-1.7929891379061769,1
2024-09-11,0.5215797919746412,0.001435011978537915,0.5961811964687328,0.8018758367003876,0.0009330408817141079,0.8552960908772974,-1.289071778068705,0.00036335278427566324,-1.2675712066906084,0.3747677550674586,0.0008192894645606436,0.42061142070365937,-0.029141620846021152,0.0008627661538794724,0.01757728615690656,1.1046874059888416,0.0012113380855280499,1.1680964237201066,0.14399999566309787,0.002489275585077097,0.2133365718047696,-0.3339032752045347,0.0007004568171166873,-0.28960279194788036,-0.03572562080269536,0.0008067810386810897,0.02820292858212903,-0.5217185769138526,0.0007268969425099247,-0.48850446678330556,1
2024-09-12,-0.04918326293444091,0.0014343552608150675,0.025418141559650623,1.1342873058280056,0.0009486862026455257,1.1877075600049154,-0.11201652136453648,0.00036233707248495457,-0.09051594998643978,-0.2032338468247003,0.0008165962878220472,-0.1573901811884995,0.3849266444035907,0.0008677818232684485,0.4316455514065184,0.4489227450203768,0.0012170251010212086,0.5123317627516418,0.111950867945446,0.00249267747921937,0.18128744408711775,0.25303448246470495,0.000703433096507911,0.2973349657213593,0.7066557315360874,0.0008134762310239465,0.7705842809209118,0.6440983380668813,0.0007359935210823762,0.6773124481974284,1
2024-09-13,-0.13697543756228892,0.001432509771002855,-0.06237403306819738,0.8573135405326296,0.000960512020502649,0.9107337947095393,0.4214886524236684,0.0003658117970607164,0.4429892238017651,-0.6172034182947194,0.000808330904007072,-0.5713597526585186,0.0894800167225734,0.0008689480281777075,0.1361989237255011,0.39674633091525974,0.0012220393891150681,0.46015534864652474,-0.017919047216475154,0.002492395739962991,0.05141752892519658,0.37118079348063443,0.000707781118865804,0.41548127673728874,0.8103025164314515,0.0008211376619822316,0.8742310658162759,-0.06861289349798119,0.0007349786950847571,-0.035398783367434176,1
2024-09-16,-1.5039264634818348,0.001412155955425849,-1.429325058987743,0.140376368421125,0.0009624980345672619,0.19379662259803465,0.7145319491341102,0.0003717456857320736,0.7360325205122069,0.8511595901707748,0.0008198413731552189,0.8970032558069756,0.42604734974997877,0.0008744868271004761,0.47276625675290646,0.03191665134411811,0.0012224015209579672,0.09532566907538313,-0.44454632781265657,0.0024800375349724882,-0.3752097516709848,0.607955679112853,0.0007148785639810238,0.6522561623695073,-0.10068783149498871,0.0008202196846168632,-0.036759282110164326,0.6575250194068126,0.0007442470795663174,0.6907391295373597,1
2024-09-17,0.037204381289688594,0.0014126855506500346,0.11180578578378013,0.3520117460645067,0.0009673790465248571,0.40543200024141635,0.018217463377126167,0.00037182053997971055,0.03971803475522288,0.30036958021878146,0.0008239272775099994,0.34621324585498225,0.3066366678641642,0.0008784670638013522,0.35335557486709196,0.42003467387545945,0.001227701392004746,0.4834436916067245,0.04898475247640864,0.00248165756746682,0.11832132861808038,0.17834356824282907,0.0007169699675837276,0.22264405149948344,-1.8664694024921378,0.0008027056972861142,-1.8025408531073135,0.6086616893471822,0.0007528111538091128,0.6418757994777292,0
2024-09-18,0.8511572985539294,0.0014242214082845425,0.925758703048021,0.10300027016621655,0.0009688461111064342,0.1564205243431262,-0.4778920888854925,0.00036772963931852804,-0.4563915175073958,-0.4714061430165355,0.0008176337642118639,-0.4255624773803347,-0.7134878107599969,0.0008692020987489339,-0.6667689037570692,-0.6092805602205921,0.0012199064447881338,-0.545871542489327,-0.14171834968273841,0.0024778844828755872,-0.07238177354106667,-0.6768760307002976,0.0007091196401933201,-0.6325755474436433,0.34139835503209354,0.0008059542777668991,0.40532690441691793,0.13919648371167978,0.0007547251379586318,0.1724105938422268,1
2024-09-19,1.832814062225306,0.0014490068310805762,1.9074154667193977,0.6881067015913571,0.000978311414772929,0.7415269557682668,-0.6849143481206718,0.0003619073468863942,-0.6634137767425751,0.6900902746624871,0.0008269502622071141,0.7359339402986877,-0.23637407646294947,0.0008661379231119649,-0.18965516946002176,0.9376912963517025,0.0012317779551372574,1.0011003140829675,1.742298543133822,0.00252733766171717,1.8116351192754938,-0.7168440417174369,0.0007008160713108585,-0.6725435584607825,-0.9920197186674635,0.000796682440931206,-0.9280911692826391,0.57671515058668,0.0007628186092126164,0.609929260717227,0
2024-09-20,-0.22525009368408477,0.0014459655021398388,-0.15064868918999322,0.4014033713281088,0.0009838461341909466,0.4548236255050185,-0.35338164203,0.00035887303662712175,-0.3318810706519033,0.10420411656284559,0.0008283896382803429,0.15004778219904638,-0.07608287764421125,0.0008651554505097798,-0.029363970641283522,-0.49009784971383247,0.00122550427598239,-0.42668883198256746,-0.6415766367138384,0.0025094275458965062,-0.5722400605721666,-0.14296521460837686,0.0006991840299299326,-0.0986647313517225,0.9044174542063399,0.0008052117014327698,0.9683460035911643,-0.3429270427804598,0.0007579152960502173,-0.30971293264991284,1
2024-09-23,-0.46472424661783335,0.0014396967601746102,-0.3901228421237418,-0.5943815082800644,0.0009757765073663179,-0.5409612541031548,-0.49606490628643224,0.00035464737738344934,-0.47456433490833555,0.03999944264767015,0.0008289658137018064,0.08584310828387096,0.4320833186594294,0.0008707558257066274,0.4788022256623571,-0.2847033635333415,0.0012218454003630904,-0.22129434580207646,1.1447445417488742,0.002541933459640211,1.214081117890546,0.7673729391546418,0.0007081115880281342,0.811673422411296,1.1261956905854766,0.0008158079077363385,1.1901242399703011,0.859117219418829,0.0007699801167476493,0.892331329549376,0
2024-09-24,0.12990589528561458,0.0014414555185318124,0.2045072997797061,0.0848386497427336,0.0009769858615251772,0.13825890391964324,-0.24492623451142356,0.0003525304492575085,-0.22342566313332685,-0.009119111166417667,0.0008288828009524014,0.03672455446978313,-1.0961491310902292,0.0008565693548395299,-1.0494302240873015,-0.6113417103158915,0.0012140500204165054,-0.5479326925846264,0.35112958361687746,0.0025520223448797694,0.42046615975854923,-3.3326288650060794,0.0006695113953239128,-3.2883283817494244,0.24963983995610747,0.0008181788957801272,0.31356838934093184,-0.16321416056061475,0.0007676126998401237,-0.13000005043006774,0
2024-09-25,-0.30093266998026347,0.0014374058548064113,-0.22633126548617197,-0.3041159422597049,0.0009728900353740109,-0.25069568808279524,-1.1314072334318612,0.00034299880952393943,-1.1099066620537645,-0.3884008172748421,0.0008237195107964582,-0.34255715163864126,0.17769914859603017,0.0008588778454246598,0.22441805559895792,0.3115199299587572,0.0012179586817890763,0.3749289476900222,0.19690624176550306,0.002557752714203266,0.2662428179071748,-0.7357805105806894,0.0006610390229192151,-0.6914800273240351,0.6065099415414548,0.0008238870032887925,0.6704384909262792,-0.991863729006352,0.0007535722078859498,-0.9586496188758049,0
2024-09-26,0.18682814188844363,0.0014399303160228577,0.2614295463825352,0.337094052147483,0.0009775369019513278,0.39051430632439266,0.3861644134803278,0.000346169892200461,0.4076649848584245,-0.14683074635912857,0.0008217969109543615,-0.10098708072292778,0.1526605509899518,0.0008608595247718736,0.1993794579928795,-0.16474434472395405,0.0012158315439288502,-0.10133532699268905,-0.33752003315278495,0.0025484306078067125,-0.2681834570111132,0.41319967310587585,0.0006658755921241102,0.4575001563625302,-1.41097939721602,0.0008107159992354854,-1.3470508478311958,-0.877974272761959,0.0007411548606900819,-0.8447601626314121,1
2024-09-27,-0.013533049884132406,0.0014397549519982295,0.06106835460995913,0.3278744404847613,0.000982051794597491,0.38129469466167093,-0.01638103764201051,0.00034597294082827634,0.005119533736086202,0.13185107754872846,0.0008236046837061004,0.17769474318492925,0.21195338567646932,0.0008636042596914788,0.25867229267939706,-0.48088858524137573,0.0012097071567375708,-0.4174795675101107,0.534913816105094,0.0025636641257885404,0.6042503922467658,0.7226882377095375,0.0006742847070165396,0.7669887209661919,-0.19370945972398015,0.0008089414570295299,-0.12978091033915576,1.284419194537348,0.0007591824244170901,1.317633304667895,1
2024-09-30,1.102398900863455,0.0014545869140813593,1.1770003053575466,0.5359904291150549,0.0009893922656202111,0.5894106832919646,0.31742948702965257,0.0003485636294160042,0.33893005840774926,0.04269198404659263,0.0008242181679329119,0.08853564968279343,-0.02934509024262876,0.000863230847002752,0.017373816760298953,0.2281348148743505,0.0012125563610646127,0.2915438326056155,0.04124749425250962,0.00256499868640997,0.11058407039418136,-0.09216806842487749,0.000673264867049718,-0.04786758516822311,0.836869312482458,0.000816795860589172,0.9007978618672823,0.5616851920051589,0.0007670222590460626,0.594899302135706,0
2024-10-01,-1.5742445594540764,0.0014334276804505862,-1.499643154959985,0.29617186322744976,0.0009934616372766025,0.3495921174043594,-0.057295702417769705,0.00034802388778462526,-0.03579513103967299,-0.9837695625751555,0.0008111196175242814,-0.9379258969389547,0.23343578437092988,0.0008662472191831937,0.2801546913738576,-1.2857326178276445,0.0011962730464257093,-1.2223236000963793,-0.4090121432501318,0.0025536825239472326,-0.33967556710846003,0.5328327147713451,0.0006794645930176623,0.5771331980279995,0.413161028564779,0.0008206843388039365,0.4770895779496034,1.1045835384746452,0.0007824799759205011,1.1377976486051922,0
2024-10-02,0.055065726608477784,0.0014341784170193513,0.12966713110256933,-0.3975811057317343,0.000988098558213506,-0.3441608515548246,-0.4410430035672477,0.00034428497427130424,-0.419542432189151,0.016673990337132297,0.0008113935811545586,0.0625176559733331,-0.13421941254408812,0.0008645207935424413,-0.0875005055411604,-0.5265656221363465,0.0011895981166942645,-0.46315660440508144,-0.9280162213629153,0.002527812004357339,-0.8586796452212435,-0.1737202203707801,0.0006775013852138867,-0.12941973711412574,-0.8296931260908558,0.0008129741647490441,-0.7657645767060314,0.6192642894029201,0.0007911014076215056,0.6524783995334672,0
2024-10-03,-0.32647788923931537,0.0014298077382231928,-0.25187648474522384,-0.053420254176909654,0.0009874161697064523,0.0,-0.3660242785142494,0.00034117634465137683,-0.3445237071361527,-0.5603489371263659,0.0008039701015921605,-0.5145052714901652,-0.11163286222996684,0.0008630876646069059,-0.0649139552270391,-0.14082551622502745,0.0011877997205425406,-0.07741649849376245,-0.8957832200032063,0.0025028814694443386,-0.8264466438615345,-0.07458655625222275,0.0006766842057411362,-0.03028607299556838,-0.0639285493848244,0.0008124127185026704,0.0,0.3960844043422568,0.0007965791727829812,0.4292985144728038,1
2024-10-04,0.18308177627059474,0.0014322767477321669,0.25768318076468627,0.31455273820017743,0.000991727897455721,0.3679729923770871,-0.1299462650139687,0.00034003785037849913,-0.10844569363587196,1.7917575576008633,0.0008279105995205508,1.837601223237064,0.24901666865658037,0.0008662984320057897,0.2957355756595081,-0.12647397958293652,0.0011861847710524494,-0.0630649618516715,0.8942475720586874,0.002528167507291505,0.9635841482003592,0.18712970927840727,0.0006788844663606511,0.2314301925350616,0.40585713303908066,0.00081622813466779,0.46978568242390506,0.8701424673003061,0.0008086969779263991,0.9033565774308532,0
2024-10-07,-1.2340454931392528,0.00141575050118545,-1.1594440886451614,-1.2955303245744658,0.0009742008771210248,-1.242110070397556,-0.41446518994125964,0.000336533343572486,-0.39296461856316295,-0.11693046776586442,0.0008263926885516266,-0.07108680212966363,-0.736218743448825,0.0008568325563726785,-0.6894998364458973,-0.9210961006692915,0.0011745592434586562,-0.8576870829380264,-0.9798901773827019,0.0025009148652059485,-0.9105536012410301,-0.936272506090382,0.0006681432725520703,-0.8919720228337277,-1.748149718043219,0.0007999873969722936,-1.6842211686583948,0.17968825874426092,0.0008111226749771312,0.21290236887480793,1
2024-10-08,0.8724791961333371,0.0014274584943642357,0.9470806006274287,0.3834613214811917,0.000979449529079417,0.4368815756581014,0.06162514318550898,0.000336992653394827,0.0831257145636057,-0.09002369737601894,0.0008252350444183416,-0.044180031739818146,0.581912998902198,0.0008643220101453411,0.6286319059051257,0.6275122408975539,0.001182449861567134,0.6909212586288189,0.30580742494879576,0.0025096936678668884,0.3751440010904675,0.21159483354025418,0.0006706279615810447,0.2558953167969085,0.5074115559669697,0.0008047508002569083,0.5713401053517941,-1.3404315928044568,0.0007922581396628669,-1.3072174826739098,1
2024-10-09,0.7846978054786091,0.0014379755653395236,0.8592992099727006,-0.8331038617765424,0.000968216993981348,-0.7796836075996326,0.4767373339685503,0.00034090086832195806,0.49823790534664697,0.6100661212444428,0.0008333919557389749,0.6559097868806436,0.33673649896404106,0.0008686520023774339,0.3834554059669688,0.29952428307986917,0.0011862024214712098,0.36293330081113423,-0.4166988067045854,0.0024982473106808746,-0.34736223056291365,0.3847358870732936,0.0006751005772482609,0.42903637032994796,0.5774075236870827,0.0008101583127172417,0.6413360730719071,-0.013055692545841019,0.0007919945998718752,0.020158417584706,0
2024-10-10,-0.186692042052779,0.001435486807172842,-0.11209063755868749,0.015690439627270472,0.0009684858460853014,0.06911069380418013,-0.09372744451476642,0.0003400664652017495,-0.0722268731366697,-0.18654787187307903,0.0008309479565946011,-0.14070420623687824,-0.253712511850821,0.0008653972896940573,-0.2069936048478933,-0.27580853044464,0.0011827151804282047,-0.21239951271337495,-0.3021833476177416,0.0024900182255668374,-0.23284677147606983,0.07245506439268849,0.0006759778695964775,0.11675554764934286,-0.7919159328292181,0.0008028381498279203,-0.7279873834443937,0.3900468471700508,0.0007973684703428,0.4232609573005978,0
2024-10-11,-0.4093760786897861,0.001430025347734464,-0.33477467419569457,0.3105917822696403,0.0009727422032042171,0.36401203644654995,0.46903607786577123,0.00034390328169554455,0.49053664924386786,2.2528359203692787,0.0008609126427399326,2.2986795860054796,0.40978428336965983,0.0008706575509335071,0.4565031903725875,-0.00022159898051876318,0.001182695774874142,0.06318741875074625,-2.2313651829833328,0.0024279032837355033,-2.162028606841661,0.035547086797433285,0.0006764300489854691,0.07984757005408766,0.39208785968334026,0.0008065192098573444,0.45601640906816465,0.15463402220250436,0.0007994451641872417,0.18784813233305137,1
2024-10-14,0.7734634127630733,0.0014403689277998932,0.8480648172571649,0.4824668237250671,0.0009793153341299695,0.5358870779019768,0.05035572268201741,0.0003442628089737408,0.07185629406011412,-0.23449373225800138,0.0008578166026267259,-0.18865006662180056,0.4230032319531908,0.000876080020979493,0.4697221389561185,0.3073218641456664,0.001186538345966715,0.3707308818769315,0.08438115625150083,0.0024305262117223316,0.15371773239317257,0.5677864994740308,0.0006829904361973802,0.6120869827306852,0.11180380531148294,0.0008075951103146702,0.17573235469630732,0.15391331875736566,0.000801508938896106,0.18712742888791267,1
2024-10-15,0.49273385776301803,0.0014469515627909034,0.5673352622571095,0.10073910929616274,0.0009807245212311376,0.1541593634730724,1.2606405035581136,0.00035465154901284575,1.2821410749362103,0.16687614511820323,0.0008600493791147552,0.21271981075440402,0.013605282347072187,0.0008762510171487544,0.060324189349999904,-0.11564657266236292,0.001185067897813066,-0.052237554931097906,-0.023282382334188445,0.00243014178164408,0.046054193807483296,-0.34084865542772147,0.0006791200266886539,-0.2965481721710671,1.191027305369823,0.0008186742455762932,1.2549558547546473,-1.512682910463522,0.000780311962898196,-1.479468800332975,1
2024-10-16,-0.5301199448022165,0.001439883086590345,-0.4555185403081249,-0.14563824486118354,0.0009788069365744994,-0.09221799068427389,0.06940443349915375,0.0003551609553170189,0.09090500487725046,0.2451549106303807,0.0008633168223284808,0.2909985762665815,0.6763350441934123,0.0008849049340035532,0.72305395119634,-0.40585568428604873,0.0011799601951776302,-0.34244666655478373,0.12798793858119956,0.0024339753437021606,0.1973245147228713,1.7202301481058804,0.0006988786889695326,1.7645306313625349,-0.45410049114346507,0.0008144978314454142,-0.3901719417586407,0.093556186492557,0.0007815443104619647,0.12677029662310402,0
2024-10-17,0.00754054846077849,0.0014399903102941247,0.08214195295487002,-0.7401381547824346,0.0009688747689489014,-0.686717900605525,0.07434239015976989,0.00035571052787336337,0.0958429615378666,0.1347203093019542,0.000865116770139953,0.180563974938155,-0.07905366710385321,0.0008838843918079331,-0.032334760100925494,0.015513959585420293,0.0011801399237388762,0.07892297731668531,-0.11827585280627674,0.002430942443767603,-0.048939276664605,0.5534321498826664,0.0007052457661319322,0.5977326331393208,-0.36494827238324673,0.0008111524793244664,-0.30101972299842233,-0.15965870540852534,0.0007792461151556533,-0.12644459527797833,1
2024-10-18,0.5571624015968637,0.001447417792383445,0.6317638060909553,0.09954411806411294,0.0009702721102694339,0.1529643722410226,0.30603893711170604,0.0003581754829485694,0.32753950848980273,0.17332397035653552,0.0008674253128690236,0.2191676359927363,0.22255129357389222,0.0008867205974945077,0.26927020057681994,0.1257081880673385,0.0011816993665480292,0.1891172057986035,-0.09051169588241634,0.002428686713721144,-0.021175119740744597,0.003124068069059194,0.0007053052175757746,0.04742455132571356,0.32074525976165297,0.000814155219147922,0.38467380914647736,-0.17225260658850022,0.000776775679437933,-0.13903849645795321,0
2024-10-21,0.24948788976688094,0.0014507399943368645,0.3240892942609725,0.14887405305045218,0.0009723318720081941,0.20229430722736183,-1.1708979862946176,0.0003484311243597617,-1.149397414916521,-0.5902858912216344,0.00085962841540945,-0.5444422255854336,-0.18483225189036773,0.0008843489917738531,-0.13811334488744,0.017745115678730203,0.0011819055792882834,0.08115413340999522,-0.27568920189402035,0.0024212818747342785,-0.2063526257523486,-0.8210895891825417,0.0006959369927841238,-0.7767891059258873,-0.5195131669058417,0.0008093857489230225,-0.45558461752101725,-0.004508314881454287,0.000776643142882034,0.02870579524909273,1
2024-10-22,-0.20951971270618835,0.0014479525018924403,-0.13491830821209683,0.27826777994804136,0.0009761301885868394,0.331688034124951,0.29407426605719117,0.00035079887491805357,0.31557483743528786,0.21417487577733432,0.0008624776270409614,0.26001854141353514,-0.2539085387874398,0.0008810988545837623,-0.2071896317845121,1.0775408289182191,0.0011953651469644793,1.140949846649484,-0.16832428362808755,0.002416872344935113,-0.09898770748641582,-0.47432336431679106,0.0006905452901578451,-0.4300228810601367,1.0454057038059568,0.0008190804080624964,1.109334253190781,0.2208932667606784,0.0007796455782317215,0.25410737689122537,0
2024-10-23,-1.1873313904479177,0.0014321720872956891,-1.112729985953826,-0.7802502450432212,0.0009656875687088682,-0.7268299908663115,1.2004954278645723,0.0003606441287491327,1.221995999242669,-0.2098525848936565,0.0008597208875759255,-0.16400891925745567,0.027486369942740677,0.0008814427908797516,0.07420527694566839,-0.43596328639397863,0.0011898916059081787,-0.3725542686627136,-0.5572362232120603,0.002401662942051476,-0.4878996470703886,-0.2608736642198078,0.0006875991229372402,-0.21657318096315342,1.0651772449764554,0.0008289443406882782,1.1291057943612797,-0.20854072480401437,0.0007766756038771355,-0.17532661467346736,1
2024-10-24,-0.11696811543858915,0.001430630420214025,-0.04236671094449762,-0.07217038732869858,0.0009647755017605097,-0.018750133151788927,-1.1158098917643189,0.0003513723985993265,-1.0943093203862222,0.3179815362932711,0.0008639366488261796,0.3638252019294719,-0.3713171013152293,0.0008767023791794925,-0.3245981943123016,-0.04664982401264969,0.0011892875841719409,0.01675919371861532,5.326566983637659,0.0025498438632824074,5.395903559779331,-0.15825882996810428,0.000685828314668695,-0.11395834671144991,-0.26855848017434164,0.0008264898329050696,-0.20462993078951727,-0.31147275503216476,0.0007722801112046463,-0.2782586449016178,1
2024-10-25,0.1128708479364965,0.0014321416260110582,0.18747225243058804,0.7436055069498969,0.0009748208559397434,0.7970257611268066,-1.4342786811335624,0.00033948858542346284,-1.4127781097554657,-0.6602634924001219,0.0008552401888372118,-0.6144198267639212,-0.38904118663957804,0.000871742654204071,-0.34232227963665035,0.3772922288053716,0.0011939752754790407,0.4407012465366366,0.7538268666276224,0.0025709424901506663,0.8231634427692942,-0.35932455609218006,0.0006817663611999498,-0.3150240728355257,-0.5368019432109526,0.0008215655726039316,-0.4728733938261283,-0.0743735342019329,0.0007711813425028038,-0.04115942407138589,1
2024-10-28,0.36793292798911326,0.001437034023500192,0.4425343324832048,0.3927991032006806,0.0009801442512324592,0.4462193573775903,0.3494137961780153,0.000342311760094949,0.37091436755611196,0.6970589853523096,0.0008644511923695549,0.7429026509885104,0.04310958260482844,0.0008722911628034093,0.08982848960775615,-0.2628281205616321,0.0011906731808897283,-0.19941910283036704,-0.6802220628126151,0.00255224890560707,-0.6108854866709433,0.4785655302201592,0.0006872612728172863,0.5228660134768136,0.15159116619739277,0.0008229904328581711,0.21551971558221716,-0.2762163639569322,0.0007672845931347084,-0.2430022538263852,0
2024-10-29,-0.015071534956936763,0.0014368428735577487,0.05952986953715477,0.8495402614231133,0.0009915862198701475,0.9029605156000231,-0.795929333002507,0.0003357042966085102,-0.7744287616244103,-0.6427808305919617,0.0008559965881743834,-0.596937164955761,-0.2503449638372874,0.0008691056705263266,-0.20362605683435966,0.6242878604651009,0.0011984318849634036,0.6876968781963659,-0.3497321035022327,0.0025427384214201424,-0.28039552736056095,-0.5310357842845345,0.0006812478391554818,-0.4867353010278801,-1.0040247284909545,0.0008137735327098143,-0.94009617910613,-0.703762566844629,0.000757467307143739,-0.670548456714082,1
2024-10-30,-0.8608128386502353,0.0014254489965538197,-0.7862114341561437,1.3793332442857449,0.0010101133563722763,1.4327534984626547,0.24771504940697017,0.0003376897374708857,0.2692156207850669,0.3048842768866469,0.000860030948088242,0.35072794252284767,0.7380645519671634,0.0008784902389902292,0.784783458970091,0.010085028137484285,0.0011985303037493594,0.0734940458687493,-0.2562060783001098,0.002535830663709755,-0.186869502158438,1.7146448767629514,0.000700806782331531,1.7589453600196059,-0.34504057787576814,0.0008106323642003938,-0.2811120284909438,-0.280795414761312,0.0007535217956214345,-0.24758130463076494,0
2024-10-31,-1.011666682262845,0.0014120737405285456,-0.9370652777687535,-1.0300279110225794,0.0009963448014229503,-0.9766076568456697,-0.4085212724409269,0.00033427865595858235,-0.38702070106283026,-0.6202978779170621,0.0008518866937602172,-0.5744542122808614,-1.5184865806284078,0.0008591938748513637,-1.47176767362548,-3.3761782162274825,0.0011564824492157045,-3.3127691984962175,-0.8053248690817165,0.002513737429143398,-0.7359882929400448,-0.10827675011033097,0.0006996016023217736,-0.0639762668536766,0.44582611485367574,0.0008147671062187815,0.5097546642385001,0.004734639495618889,0.000753533756017919,0.03794874962616591,1
2024-11-01,-0.7579798371983307,0.0014020725448414997,-0.6833784327042393,6.893219499419107e-05,0.0009963824890824378,0.05348918637190384,0.11848189133580783,0.0003352008783734088,0.13998246271390455,0.19211787704872707,0.0008544356407824398,0.23796154268492786,0.8644841559770478,0.0008701774067667019,0.9112030629799754,0.47804238821971307,0.0011624296206534746,0.5414514059509781,-0.1550576918978515,0.00250965583069108,-0.08572111575617979,0.13956131317349915,0.0007012155387577784,0.18386179643015352,0.15304986878286847,0.0008162061175424136,0.21697841816769287,-0.8044348988543039,0.0007423533959606985,-0.7712207887237568,0
2024-11-04,-0.2823747994453234,0.001398372131124514,-0.20777339495123187,-0.6620930985122311,0.0009875633402286778,-0.6086728443353214,-0.9997006789087791,0.0003269436482009507,-0.9782001075306824,-0.7796814556132776,0.000844212031376566,-0.7338377899770768,-0.31055589862858285,0.000866238116861957,-0.2638369916256551,-0.3181452498289006,0.001158472665488133,-0.2547362320976355,-0.6764175474034637,0.0024911726544237863,-0.607080971261792,0.18432173960274698,0.0007033357792220764,0.22862222285940134,0.17043335627629155,0.0008178027862021688,0.23436190566111595,1.5337933428141677,0.0007635082465226499,1.5670074529447147,1
2024-11-05,0.2591751445029855,0.001401830803536125,0.33377654899707704,0.09684049424492265,0.0009889004398767728,0.1502607484218323,0.03610322007625274,0.0003271938872472518,0.057603791454349455,0.35696962803885496,0.0008489273494090369,0.40281329367505575,-0.048841845781408204,0.0008656223241516708,-0.0021229387784804854,0.3385730700476196,0.0011626780739916872,0.40198208777888467,0.8024723058073646,0.002513554107550811,0.8718088819490364,0.2511435794771827,0.0007062117489762685,0.29544406273383705,1.0413214198502718,0.0008273883417303956,1.1052499692350963,0.11201233128239216,0.0007649952241183259,0.14522644141293917,1
2024-11-06,-0.2427119472743675,0.0013986591853069113,-0.16811054278027598,1.9750759595133123,0.001015324032463754,2.028496213690222,-0.26749304353299175,0.0003249552118063256,-0.24599247215489503,5.931057122016503,0.0009267782227197581,5.976900787652704,1.6046264819973768,0.0008859566225354256,1.6513453890003045,1.096505250631378,0.0011762855165750232,1.1599142683626429,3.561988809349244,0.002612057348267315,3.6313253854909155,2.8365204813238236,0.0007384150233485684,2.880820964580478,-0.27641429712231913,0.0008248778640901933,-0.21248574773749473,0.8107510701314509,0.0007761253269345788,0.843965180261998,1
2024-11-07,1.025220354369618,0.0014122189386181231,1.0998217588637094,1.168290477871725,0.0010309425215305238,1.2217107320486347,-0.6251702573467628,0.00031978969108017124,-0.6036696859686661,-2.283884249967489,0.0008968019012352608,-2.238040584331288,-0.3811154253291845,0.0008811212691122136,-0.3343965183262568,0.620442974091159,0.001183969425458205,0.6838519918224241,0.6456469662134858,0.0026300014985108588,0.7149835423551576,-0.35597528555321584,0.0007343801597418542,-0.31167480229656147,0.3001123040529979,0.0008276536807132458,0.3640408534378223,0.027797372444316674,0.0007764400352864386,0.06101148257486369,1
2024-11-08,-0.13574657004505497,0.0014104547485068813,-0.061145165550963436,-0.7287310777750886,0.0010212349575758463,-0.675310823598179,-0.6877752822513664,0.00031411870295401005,-0.6662747108732697,0.08557214625472569,0.000897915557352428,0.1314158118909265,0.6656139488715203,0.0008895364233940101,0.712332855874448,-0.4352053688520834,0.001178557571071986,-0.3717963511208184,1.9462563817769936,0.0026837644918831396,2.0155929579186656,0.3610422657149416,0.0007384743283743982,0.40534274897159595,0.8019859014354261,0.0008350214288178568,0.8659144508202505,-0.04946259996276311,0.0007756892939852073,-0.016248489832216093,1
2024-11-11,-0.6936013956163736,0.0014013434875744597,-0.6189999911222821,0.5169087168248414,0.0010281452026991234,0.5703289710017511,-0.2507321682555928,0.0003120305545175764,-0.2292315968774961,0.4588096191750718,0.0009039152831493118,0.5046532848112726,0.5009481855251706,0.0008958581142415808,0.5476670925280983,-0.6501792812146607,0.0011704901424146328,-0.5867702634833957,2.1362846835665743,0.0027426879813335168,2.2056212597082463,0.5489176768392119,0.0007446900650523329,0.5932181600958663,-0.6054282543293139,0.0008295001169449125,-0.5414997049444895,-0.2932856603150669,0.0007715807676360923,-0.26007155018451994,0
2024-11-12,-0.07460140449409153,0.001400394067867431,0.0,0.3047266636054994,0.0010322195682393577,0.35814691778240904,-1.3044448735435363,0.0003013313739136346,-1.2829443021654396,0.012579077314613225,0.000904067407393126,0.058422742950814024,-0.14280469858345451,0.0008940370674966296,-0.0960857915805268,0.5938718659005695,0.0011778334429064716,0.6572808836318346,-1.5822542999768348,0.002699192142078597,-1.512917723835163,-0.13691229369267166,0.0007431376948987246,-0.09261181043601731,0.6223191327734046,0.000835213636584016,0.686247682158229,-0.0822413257135395,0.0007703830958967762,-0.04902721558299247,1
2024-11-13,0.12965314212732207,0.0014021332431448073,0.2042545466214136,-0.820702296958485,0.0010213065211157435,-0.7672820427815752,0.3042807276134327,0.0003037887429832541,0.32578129899152947,0.2999397775057053,0.0009079772454883363,0.34578344314190607,-0.7853950012965353,0.0008841045021428443,-0.7386760942936076,0.21735453348734318,0.0011805091416700467,0.28076355121860824,0.06181051305735064,0.0027009715701377082,0.13114708919902238,-0.11581126292018423,0.0007418260085057196,-0.07151077966352987,0.3806515062098302,0.0008387109440754328,0.4445800555946546,0.42479097201177607,0.000776162249768244,0.4580050821423231,0
2024-11-14,0.6340318851915899,0.0014105015191604607,0.7086332896856814,-0.9916894087151127,0.001008133572790781,-0.9382691545382029,-0.7624328838049785,0.0002975344456238105,-0.7409323124268818,0.10658001384521848,0.0009093548681323478,0.15242367948141927,-0.19876394403683015,0.0008815877529471815,-0.15204503703390243,0.15412117874012377,0.0011823995290665568,0.21753019647138877,-1.4901463152443981,0.002660094326119283,-1.4208097391027263,-0.2822879564064193,0.0007386350790034803,-0.23798747314976496,-0.9564480226129685,0.0008299927250847358,-0.8925194732281441,-0.0005342283306389722,0.000776086376574352,0.032679881799908043,0
2024-11-15,-0.8006660230705174,0.0014000081592818194,-0.7260646185764259,-0.9484784824561895,0.0009955528908819995,-0.8950582282792797,1.1408580882784418,0.0003068160166353526,1.1623586596565385,0.6904942341185126,0.0009183563594078949,0.7363378997547134,0.10678815425833062,0.0008829273945377475,0.15350706126125835,-1.5878200285876607,0.001162768044533184,-1.5244110108563955,0.6853729727870801,0.00267902429983373,0.7547095489287519,0.2257215177793646,0.0007411845761203051,0.270022001036019,-0.2568894496805452,0.0008276705546501274,-0.19296090029572083,-0.5434902425018923,0.000768551302975898,-0.5102761323713452,1
2024-11-18,0.6161078234123705,0.0014081312197585674,0.690709227906462,0.7751166957280685,0.001005887482934973,0.8285369499049782,0.3928881934393617,0.0003099870868943827,0.4143887648174584,-0.10494388276220014,0.0009169645400710377,-0.059100217125999346,-0.07342609822566044,0.0008819942739837581,-0.02670719122273272,0.03682389478606892,0.001163219795177188,0.10023291251733393,1.313819613100865,0.0027151776934473443,1.3831561892425368,0.4430367270022903,0.0007461827516103331,0.48733721025894466,-0.21342127221412932,0.0008257479502813024,-0.14949272282930495,0.379286998206079,0.0007736952543269896,0.412501108336626,1
2024-11-19,-0.015920758271622135,0.0014079503788006953,0.0586806462224694,0.7647359143459572,0.0010160703013184595,0.8181561685228669,-0.9693182589507783,0.0003020557422822304,-0.9478176875726816,-0.45574735048776843,0.0009109994069378855,-0.4099036848515677,-0.2697723110915506,0.0008785898471070761,-0.22305340408862287,0.20382461718742337,0.001165731216618582,0.2672336349186884,0.45827398678428877,0.0027278159235356913,0.5276105629259605,-0.1037616326748777,0.0007450084246698209,-0.05946114941822333,2.156574548470114,0.0008454276126876078,2.2205030978549387,-0.7204547384375912,0.0007637440593743556,-0.6872406283070442,0
2024-11-20,0.08770816566304733,0.0014091285933981862,0.16230957015713884,-0.6644608833480125,0.0010072778639556692,-0.6110406291711028,0.038076059668621993,0.0003023369796337256,0.0595766310467187,-0.5378160569957233,0.0009039727026748092,-0.4919723913595226,-0.7610142931643638,0.0008690080320883694,-0.7142953861614361,-0.3647181706335766,0.0011612298933193304,-0.30130915290231153,-0.35179679349595516,0.002718233057212556,-0.2824602173542834,-0.9007011570779809,0.0007348553768352332,-0.8564006738213266,0.4322713235179205,0.0008493763641753701,0.4961998729027449,0.6679027697613511,0.0007728413816459926,0.7011168798918982,1
2024-11-21,-0.18246411693815506,0.0014067650331053316,-0.10786271244406352,-2.4666195712403436,0.0009746037136955382,-2.413199317063434,1.272210790701092,0.00031265898772320303,1.2937113620791887,0.8099296242930464,0.000914509124643231,0.8557732899292472,0.22108845447517647,0.0008717899730207195,0.2678073614781042,-0.29967288032339623,0.0011575360193705076,-0.2362638625921312,-0.24135444621483845,0.0027116882980598726,-0.17201787007316668,0.4446439831340566,0.0007398658083568492,0.488944466390711,0.9643630600155249,0.0008581626285804214,1.0282916094003491,0.6253349063839709,0.0007813432015882297,0.658549016514518,1
2024-11-22,0.22939858937798197,0.0014097978392375089,0.3039999938720735,-0.9241907731205778,0.0009624098106547124,-0.8707705189436681,-0.1973911504557827,0.00031101818690278837,-0.175890579077686,0.7558379730393336,0.0009243273071681641,0.8016816386755344,0.5528770983080131,0.0008787378964613408,0.5995960053109407,0.4840767632127423,0.0011634966632689666,0.5474857809440073,0.8671161013562223,0.002735494590300518,0.9364526774978941,-0.04043033997844178,0.0007394107983907238,0.003870143278212587,1.6543539743071882,0.0008732127791030783,1.7182825236920125,-0.08972056081518368,0.0007800430019218648,-0.05650645068463666,1
2024-11-25,0.5970020433572364,0.0014176369427220663,0.671603447851328,0.8386808487303689,0.0009735735426156984,0.8921011029072786,0.3043108339716259,0.00031345603913516477,0.32581140534972264,0.31659777239829157,0.0009284191081954051,0.36244143803449236,0.5441665498158424,0.0008855670669060695,0.5908854568187701,0.17152905057150616,0.001165603777663836,0.23493806830277117,-1.0447891455574436,0.002706969365107435,-0.9754525694157717,0.5875117505996089,0.000746018066020973,0.6318122338562633,-0.8339684415665851,0.0008656256703241819,-0.7700398921817607,-0.7686747464039319,0.000769454551712134,-0.7354606362733849,1
2024-11-26,0.4093537656676422,0.0014230116219083753,0.4839551701617337,0.39252991385448566,0.0009788189858176883,0.4459501680313953,-0.032227751856525814,0.0003131579975370998,-0.010727180478429101,-0.1120349316833889,0.0009269339663078993,-0.06619126604718811,0.14470846403204973,0.0008873736396425152,0.19142737103497745,1.1389370155572645,0.0011796027696004084,1.2023460332885296,-0.09550957303842664,0.0027044322460414824,-0.026172996896754893,-0.3062338853395672,0.0007425723859670019,-0.2619334020829129,1.4343817554054215,0.0008786525052164999,1.4983103047902457,-0.8536710827995951,0.0007577181462867844,-0.8204569726690482,0
2024-11-27,-0.1030629896535749,0.0014216827123484986,-0.02846158515948336,-0.020332132517755473,0.0009785982473398621,0.03308812165915418,0.4504882436033011,0.0003167772592354834,0.4719888149813977,-0.08312698413699889,0.0009258263193122442,-0.037283318500798086,0.34897484361206105,0.0008917397076277197,0.3956937506149888,-0.7028132046673932,0.0011709530192999483,-0.6394041869361281,-0.45799811595675505,0.0026919961370229454,-0.3886615398150833,0.5087624727074128,0.0007482842390370001,0.5530629559640672,0.398557856229414,0.0008822596174965725,0.46248640561423837,-0.16254132939484267,0.0007554414048245734,-0.12932721926429566,1
2024-11-29,0.45110917686803437,0.001427592749535029,0.5257105813621259,-0.13757050558615846,0.0009768286464395851,-0.08415025140924881,-0.2294890615931757,0.00031487782446693805,-0.20798849021507898,-0.060353728685450164,0.000925015773607503,-0.014510063049249374,0.00968134802175756,0.0008918473212568473,0.05640025502468528,-0.002592476880610517,0.001170912850008101,0.060816540850654494,0.8380370525211386,0.002714957825018971,0.9073736286628103,0.02799320731356881,0.0007485927157876667,0.07229369057022318,0.43601546207668873,0.0008862016567154168,0.4999440114615131,0.09227263513475664,0.0007566472653835755,0.12548674526530365,1
2024-12-02,0.4154359213857607,0.0014330292897256703,0.4900373258798522,0.7111966434158915,0.0009862692912503874,0.7646168975928012,-0.1337774464022797,0.0003137565305927408,-0.112276875024183,-0.7652498309445172,0.0009150624255026713,-0.7194061653083165,-0.20568764034190506,0.0008892572436468353,-0.15896873333897735,0.9085356736149808,0.0011820528917068094,0.9719446913462458,0.7815319505797336,0.002736347147517545,0.8508685267214053,0.2540799959079363,0.0007514364581935676,0.2983804791645906,0.04820214888423004,0.0008866229373448508,0.11213069826905443,-0.07911056819656422,0.0007555128018480923,-0.04589645806601721,0
2024-12-03,0.5826420302023143,0.0014406392143642094,0.6572434346964058,-0.09791478462591979,0.0009850202149175773,-0.04449453044901013,-1.3278396907235848,0.00030296727047597085,-1.3063391193454883,-0.3464896209660747,0.000910550936754702,-0.30064595532987387,-0.5694258936337576,0.0008821177940441206,-0.5227069866308299,-0.035468376108055644,0.0011816021880383227,0.02794064162320937,-0.4602196037431553,0.0027238540941970685,-0.3908830276014835,-0.7326419133649504,0.0007432172153745456,-0.6883414301082961,0.6318439049814687,0.0008923307179856164,0.695772454366293,-0.10838477056850243,0.0007539806518493104,-0.07517066043795542,0
2024-12-04,0.0017456794898927756,0.0014406680324885296,0.0763470839839843,0.8459830482836104,0.0009962201531440152,0.8994033024605201,-1.0495851893137136,0.00029444426614186244,-1.028084617935617,-0.34613694626709796,0.0009060500683837893,-0.30029328063089716,-0.5603023291396669,0.000875102042650114,-0.5135834221367394,0.7260865463248759,0.0011904843466306765,0.789495564056141,0.3866959932159823,0.002734451631564994,0.45603256935765407,-0.6392750684739674,0.0007360547504024191,-0.5949745852173131,0.6808241960862484,0.0008984742450019876,0.7447527454710728,-1.4510653731588263,0.0007341528425760861,-1.4178512630282791,1
2024-12-05,-0.06824396576186796,0.0014397852390949932,0.006357438732223569,-0.55800428382803,0.000988902870826847,-0.5045840296511204,-0.5447539169710736,0.0002900153114500931,-0.5232533455929769,0.3965870124907958,0.0009111704537749174,0.4424306781269966,0.326755097430904,0.0008791839560793488,0.3734740044338317,0.5872246996302725,0.0011976540964415455,0.6506337173615375,0.7257279894830055,0.002754265545788822,0.7950645656246772,-0.20274379127205835,0.0007337879657657931,-0.158443308015404,0.602825967104397,0.0009039039173131729,0.6667545164892213,0.18210240169718092,0.0007365930957710242,0.21531651182772793,1
2024-12-06,-0.11694874682899017,0.0014382697027830614,-0.04234734233489864,0.5564009358124077,0.0009962715528793963,0.6098211899893173,-0.1379087798542267,0.0002888802862744865,-0.11640820847612998,0.3506534556371871,0.0009156897276328708,0.39649712127338793,0.3415615583684131,0.000883445358944625,0.3882804653713408,0.05407066506105261,0.0011982896096599438,0.11747968279231763,1.245184025820178,0.0027881863043095574,1.3145206019618498,0.32961805373292585,0.0007374789339211618,0.3739185369895802,0.24702943096844202,0.0009061097201688009,0.31095798035326644,-0.5520246970835846,0.0007290389819517263,-0.5188105869530376,0
2024-12-09,0.7539703282140161,0.0014480842056166813,0.8285717327081076,0.1972139544056189,0.0009989032229473453,0.25063420858252855,0.1394742669264789,0.0002899870040451391,0.16097483830457562,-0.7888630676629318,0.0009054706478682087,-0.743019402026731,-0.6300179054846734,0.0008755725253599175,-0.5832989984817457,0.2388836815947843,0.0012011844628820347,0.30229269932604935,-0.03328468642424433,0.00278730029353654,0.036051889717427406,-0.5660756415286572,0.0007311529140831097,-0.5217751582720028,-1.5116085166366209,0.0008924241598833423,-1.4476799672517966,-0.3235588699460104,0.0007246022037637499,-0.29034475981546337,1
2024-12-10,0.1381247327829149,0.00144988065717593,0.21272613727700646,2.7886916329563,0.0010356141871578984,2.842111887133209,-0.2264713611756912,0.0002881387383493464,-0.2049707897975945,-0.24757770843274116,0.000902258596486527,-0.20173404279654034,0.5881092938592596,0.0008829063171987229,0.6348282008621873,-0.3934951767714833,0.001196346870877836,-0.33008615904021826,0.6380052795211307,0.0028046555260856695,0.7073418556628025,0.7481551829164438,0.0007395159776990448,0.792455666173098,0.5045782668801798,0.000896959958526876,0.5685068162650042,-0.13347854323919728,0.0007227547973323087,-0.10026443310865027,1
2024-12-11,-0.3404517542752437,0.001445458203389078,-0.2658503497811522,2.7563839740727234,0.001071851449973916,2.809804228249633,-1.4599063748423489,0.00027634469311942615,-1.4384058034642522,0.09698982201882525,0.0009034996445052,0.14283348765502604,0.5046766004619374,0.0008891901803748223,0.5513955074648651,0.6353498965438907,0.0012040812968967573,0.6987589142751558,1.3905564831592483,0.0028424219481399896,1.45989305930092,0.22597913392791555,0.0007420387902002921,0.2702796171845699,0.2573360633335738,0.0008992589704241423,0.3212646127183982,-0.36081632950076814,0.0007178221129868019,-0.32760221937022116,0
2024-12-12,0.23229061425830133,0.0014484763664570452,0.30689201875239286,-0.9487970443212599,0.0010593752909859085,-0.8953767901443501,-0.24757539639707554,0.00027433790925991946,-0.22607482501897883,-0.47102849706123623,0.0008974100943079203,-0.42518483142503544,-0.25138827299855554,0.0008860463670907812,-0.20466936599562782,0.0060704625211795895,0.0012041249713659525,0.0694794802524446,-0.4558936662617776,0.0028300338401545415,-0.3865570901201058,0.03966937581993994,0.0007424798387902534,0.08396985907659431,-0.7426963164326426,0.0008925382265189758,-0.6787677670478182,-0.07719181412905195,0.0007167456908506007,-0.04397770399850494,1
2024-12-13,-0.0393184631663494,0.0014479671246983418,0.03528294132774214,-0.6204070176784225,0.0010512260873162416,-0.5669867635015129,0.1938476069235018,0.00027588934150294645,0.21534817830159853,-0.38666593921376075,0.000892416448065225,-0.3408222735775599,-0.3901397197329479,0.0008811792982839425,-0.34342081273002023,-0.3422039104400989,0.0011999207016325614,-0.2787948927088339,0.998145261618549,0.0028570917901303812,1.0674818377602209,0.05289005398804893,0.0007430676844097271,0.09719053724470329,0.2264840397157072,0.0008945591324782804,0.2904125891005316,-0.46453591083881,0.0007104167441531789,-0.431321800708263,1
2024-12-16,0.5289123744170121,0.0014548248656853107,0.6035137789111037,1.7792567125980268,0.0010745636399928716,1.8326769667749365,-1.5872445143293108,0.0002631020835315661,-1.565743942951214,-0.12352394557686032,0.0008908201628657972,-0.07768027994065953,0.08606017919555431,0.0008822434478173174,0.13277908619848203,0.4652192079501614,0.0012055635727607802,0.5286282256814264,1.4424816081409768,0.0028961547747131345,1.5118181842826486,0.1744847850482509,0.00074500939564837,0.21878526830490527,0.4234362982074224,0.0008983507716264796,0.4873648475922468,-1.0855374402147229,0.0006956785539287476,-1.052323330084176,1
2024-12-17,0.4255697588304104,0.0014603346663556783,0.500171163324502,-0.37410607797770135,0.00106964370010259,-0.3206858238007917,1.4534151082017996,0.00027479086866498913,1.4749156795798963,-0.3094778871701061,0.0008868315064753253,-0.2636342215339053,0.02405972342655486,0.0008825353031966743,0.07077863042948257,0.28442467002761945,0.001208996717906954,0.34783368775888446,0.8259972648334336,0.0029184706129831515,0.8953338409751054,0.4125446594286048,0.0007495989025315987,0.45684514268525916,0.3655865714882521,0.0009016168026133732,0.4295151208730765,-0.24192909074487629,0.0006923875187139812,-0.20871498061432928,0
2024-12-18,-1.1769732668850155,0.0014450901193139587,-1.1023718623909238,-1.8804290098337384,0.0010449985218866193,-1.8270087556568286,-0.961189004154453,0.00026705400133984194,-0.9396884327763563,-1.781295662108365,0.0008639084259369653,-1.7354519964721644,-1.1624980817598516,0.0008680836731702453,-1.115779174756924,-2.119179942579427,0.001183167232158948,-2.055770924848162,-2.107535474879067,0.002861366406248869,-2.038198898737395,-1.647132619876232,0.0007312666302855364,-1.6028321366195775,-1.5158649239898028,0.0008879597838427378,-1.4519363746049785,-0.7576980562813526,0.0006821189257780447,-0.7244839461508055,1
2024-12-19,0.2863735220032575,0.0014487981878006533,0.360974926497349,-0.023719095497248148,0.0010446915895656686,0.029701158679661506,-0.6913835102545305,0.00026149485516266304,-0.6698829388764338,0.5362261942817366,0.0008708184953240325,0.5820698599179374,0.2956437325437953,0.0008717567783812142,0.34236263954672297,-0.10845194233050018,0.0011818315809876735,-0.04504292459923516,-0.2908275433517815,0.0028534711408784354,-0.22149096721010975,0.9415305160025045,0.0007417406753980076,0.9858309992591588,-0.18272524264342146,0.0008863010469402308,-0.11879669325859708,-0.4540511871615591,0.0006759717243401725,-0.4208370770310121,1
2024-12-20,0.8936724239155391,0.0014603531350295706,0.9682738284096306,0.7289945215514327,0.0010542319756301015,0.7824147757283424,0.492233351663534,0.0002654450882079944,0.5137339230416307,0.9853364521946761,0.0008834909484609026,1.031180117830877,0.4399962208897622,0.0008772162029639212,0.4867151278926899,-0.1172637335682864,0.0011803905876747276,-0.05385471583702138,-0.9221457495376089,0.002828523727451646,-0.8528091733959371,0.49388023043282386,0.0007472269197215663,0.5381807136894782,-0.9840726728248256,0.0008774480977886662,-0.9201441234400012,0.13470673402079003,0.000677792088641578,0.16792084415133704,1
2024-12-23,0.08312074306807829,0.0014614200011523408,0.15772214756216982,0.8021608428465947,0.001064716191713738,0.8555810970235045,0.4374314536830688,0.00026895041553187606,0.4589320250611655,0.12630145278403945,0.000885114311062005,0.17214511842024025,0.047723922519876866,0.0008778040682023021,0.09444282952280458,-0.23263819674293035,0.0011775499076565128,-0.16922917901166531,0.48842363207024514,0.0028417076371580574,0.5577602082119169,-0.13665144553953573,0.0007457046597066369,-0.09235096228288137,-1.5819829044668834,0.0008632410189893701,-1.518054355082059,0.16667857619258633,0.0006800419704308727,0.19989268632313334,1
2024-12-24,0.5160655820475466,0.001468075587106635,0.5906669865416382,0.3333218044547938,0.0010690613293398918,0.38674205863170347,0.3093935189829565,0.00027142457223076113,0.33089409036105316,0.8054777064204378,0.0008954521065467636,0.8513213720566386,0.6375114890593432,0.0008856998434368421,0.6842303960622709,0.4496313340057484,0.001182995906349756,0.5130403517370135,1.7418107887257799,0.002888704337918913,1.8111473648674516,0.6031606176443368,0.0007523935853787333,0.6474611009009912,1.8466886932188677,0.0008798027402020173,1.910617242603692,0.013077522811459037,0.0006802150976843997,0.046291632942006056,0
2024-12-26,0.08882116158617821,0.0014692094629410381,0.16342256608026975,-0.18568138766762685,0.0010666246835133216,-0.1322611334907172,-0.1749098095194547,0.00027001523959652434,-0.15340923814135798,0.131497912137889,0.0008971320183495487,0.1773415777740898,-0.002684295847631828,0.0008856570471568003,0.04403461115529589,-0.2153909093313633,0.0011803665157231963,-0.15198189160009823,-0.5033417706362455,0.0028750797038094244,-0.43400519449457375,0.004255480472111813,0.000752432420913314,0.04855596372876618,0.0240055709745134,0.0008800066522278468,0.08793412035933779,0.00841402890395237,0.0006803250750932743,0.041628139034499384,0
2024-12-27,-0.7560478046564941,0.001459447453545912,-0.6814464001624025,-0.7918802936295162,0.0010562820985414855,-0.7384600394526065,-0.3232305377415427,0.00026742023083013196,-0.301729966363446,-0.46532038361999145,0.0008911602630046939,-0.4194767179837907,-0.44174898377426886,0.0008801806064028693,-0.39503007677134117,-1.010352089737266,0.001168102417510304,-0.9469430720060009,-1.2873880631350987,0.002840338956715491,-1.218051486993427,-0.46413482970263964,0.0007472807119405389,-0.4198343464459853,-0.9661651911845056,0.0008713417675286328,-0.9022366417996812,-0.03783019863776801,0.0006798113927724151,-0.0046160885072209865,0
2024-12-30,-0.757141583359815,0.0014496842964545308,-0.6825401788657235,-0.45446485506753126,0.0010503526237645288,-0.4010446008906216,-0.9985629902756197,0.0002594251244669656,-0.977062418897523,-0.4429877703695345,0.0008854824757085199,-0.3971441047333338,-0.7167031227239226,0.0008713109551290705,-0.6699842157209949,-0.7880223559659915,0.0011585483474283724,-0.7246133382347265,-0.8820095211287367,0.0028165641347476507,-0.8126729449870649,-0.6738155449978399,0.0007398137879425332,-0.6295150617411855,-0.9449669830209859,0.0008628781118868185,-0.8810384336361615,-0.36599639664229494,0.0006748766407657987,-0.3327822865117479,0
