Date,AAPL,GOOGL,JNJ,JPM,MA,MSFT,TSLA,V,WMT,XOM
2019-01-02,37.469200134277344,52.270511627197266,103.79098510742188,80.4739761352539,181.548095703125,94.193115234375,20.674667358398438,126.06807708740234,27.913776397705078,49.66474914550781
2019-01-03,33.737003326416016,50.822845458984375,102.1417007446289,79.33029174804688,173.35769653320312,90.72795104980469,20.02400016784668,121.52501678466797,27.77022933959961,48.90220642089844
2019-01-04,35.17720031738281,53.42972946166992,103.85599517822266,82.25482177734375,181.5672607421875,94.9476547241211,21.179332733154297,126.76045227050781,27.943679809570312,50.70520782470703
2019-01-07,35.098907470703125,53.323177337646484,103.18976593017578,82.31204223632812,182.96417236328125,95.06874084472656,22.33066749572754,129.04620361328125,28.272642135620117,50.968894958496094
2019-01-08,35.768001556396484,53.79151916503906,105.58650207519531,82.15681457519531,184.29647827148438,95.7580795288086,22.356666564941406,129.7480926513672,28.47001838684082,51.339473724365234
2019-01-09,36.375404357910156,53.607154846191406,104.74966430664062,82.01795959472656,187.6416015625,97.12734985351562,22.568666458129883,131.27511596679688,28.377309799194336,51.61027526855469
2019-01-10,36.491661071777344,53.46739196777344,105.38338470458984,82.00978088378906,188.77259826660156,96.50324249267578,22.99799919128418,131.5216827392578,28.39824867248535,51.34661102294922
2019-01-11,36.13338851928711,52.75570297241211,105.41590881347656,81.61766052246094,187.76612854003906,95.7580795288086,23.150667190551758,130.943115234375,28.36235809326172,51.11142349243164
2019-01-14,35.590057373046875,52.1134033203125,104.2215576171875,82.45907592773438,187.3157501220703,95.05943298339844,22.293333053588867,130.03260803222656,28.395254135131836,51.04728698730469
2019-01-15,36.3184700012207,53.848018646240234,105.09905242919922,83.06359100341797,188.36045837402344,97.816650390625,22.961999893188477,130.26023864746094,28.78402328491211,51.07579040527344
2019-01-16,36.76215362548828,53.996700286865234,104.0265884399414,83.73346710205078,189.55857849121094,98.16130828857422,23.06999969482422,130.26023864746094,28.81393051147461,51.054412841796875
2019-01-17,36.980430603027344,54.47298049926758,104.8796615600586,84.07657623291016,191.03460693359375,98.85062408447266,23.15399932861328,130.20335388183594,28.930564880371094,51.40360641479492
2019-01-18,37.20820236206055,54.878379821777344,106.17959594726562,85.44078826904297,193.61289978027344,100.3316879272461,20.150667190551758,131.3604736328125,29.226627349853516,52.0164909362793
2019-01-22,36.37303161621094,53.45747756958008,104.6440658569336,84.09291076660156,191.1783905029297,98.44078063964844,19.92799949645996,130.9336395263672,29.154850006103516,51.23258590698242
2019-01-23,36.52014923095703,53.74394607543945,104.6440658569336,83.88050842285156,190.11447143554688,99.40021514892578,19.172666549682617,129.94723510742188,29.519699096679688,50.812110900878906
2019-01-24,36.23067092895508,53.72362518310547,103.20600128173828,83.92950439453125,191.49472045898438,98.92514038085938,19.43400001525879,130.6016845703125,29.41502571105957,50.88337707519531
2019-01-25,37.43124008178711,54.59142303466797,104.18097686767578,84.46052551269531,194.5138702392578,99.82870483398438,19.80266761779785,131.5216827392578,28.990371704101562,51.11142349243164
2019-01-28,37.084835052490234,53.51844024658203,104.79840850830078,84.86076354980469,191.8493194580078,97.88188934326172,19.7586669921875,128.97987365722656,29.02625846862793,50.76935577392578
2019-01-29,36.70045471191406,53.032745361328125,105.88711547851562,85.09770202636719,190.96751403808594,95.88846588134766,19.83066749572754,128.0408477783203,28.92159080505371,50.961769104003906
2019-01-30,39.2083625793457,54.4169807434082,106.95143127441406,85.29377746582031,195.5490264892578,99.09280395507812,20.584667205810547,130.50682067871094,28.350393295288086,51.517642974853516
2019-01-31,39.49072265625,55.79970932006836,108.12136840820312,84.55036163330078,202.36386108398438,97.2763900756836,20.468000411987305,128.05035400390625,28.658424377441406,52.22317886352539
2019-02-01,39.509708404541016,55.43940353393555,109.03131866455078,84.86076354980469,204.8942413330078,95.73942565917969,20.81399917602539,132.92543029785156,28.069284439086914,54.10456085205078
2019-02-04,40.63197708129883,56.56938934326172,107.95884704589844,85.16304779052734,205.9868927001953,98.49662780761719,20.859333038330078,134.205810546875,28.341426849365234,53.320655822753906
2019-02-05,41.32716751098633,57.08729553222656,107.95884704589844,84.78728485107422,206.89744567871094,99.87527465820312,21.42333221435547,135.18272399902344,28.58963966369629,53.869388580322266
2019-02-06,41.34140396118164,55.651031494140625,108.05638122558594,84.7464370727539,206.3606414794922,98.76679992675781,21.148000717163086,134.19630432128906,28.601600646972656,53.634220123291016
2019-02-07,40.558414459228516,54.80949401855469,107.28453826904297,83.63540649414062,205.08592224121094,98.05884552001953,20.500667572021484,132.9443817138672,28.927568435668945,53.22087860107422
2019-02-08,40.6060791015625,54.63454055786133,107.56887817382812,82.80217742919922,207.5875701904297,98.43145751953125,20.386667251586914,133.1435089111328,28.583663940429688,53.30733871459961
2019-02-11,40.372554779052734,54.62166213989258,107.24393463134766,82.4100570678711,208.0859832763672,98.04022216796875,20.856000900268555,133.5418701171875,28.769073486328125,53.393821716308594
2019-02-12,40.720462799072266,55.88347244262695,108.99883270263672,83.81514739990234,209.82081604003906,99.56787109375,20.78733253479004,134.67054748535156,28.99934196472168,54.33055114746094
2019-02-13,40.55127716064453,55.935508728027344,109.23441314697266,84.2154312133789,211.38314819335938,99.49336242675781,20.544666290283203,136.0932159423828,29.289426803588867,54.943023681640625
2019-02-14,40.699005126953125,55.9637565612793,109.12065887451172,83.66810607910156,210.68344116210938,99.57720184326172,20.251333236694336,136.01719665527344,29.46287727355957,54.95743179321289
2019-02-15,40.60845947265625,55.48945617675781,110.80245208740234,86.22503662109375,212.88796997070312,100.8067626953125,20.525333404541016,137.679931640625,29.902496337890625,55.99504852294922
2019-02-19,40.729984283447266,55.8304443359375,110.24185943603516,85.92279052734375,211.43101501464844,100.76019287109375,20.375999450683594,137.23333740234375,30.563400268554688,56.369747161865234
2019-02-20,40.992103576660156,55.53703689575195,110.77808380126953,86.33938598632812,211.92945861816406,100.236328125,20.17066764831543,137.50885009765625,29.869598388671875,56.58592224121094
2019-02-21,40.760948181152344,54.72523880004883,110.02250671386719,86.15968322753906,210.2041473388672,102.35051727294922,19.415332794189453,136.8153076171875,29.723060607910156,56.074310302734375
2019-02-22,41.21608352661133,55.337310791015625,110.9811782836914,85.7757339477539,214.04774475097656,103.80985260009766,19.6473331451416,138.59197998046875,29.77091407775879,56.50664520263672
2019-02-25,41.516319274902344,55.37546920776367,111.3901138305664,86.67433166503906,214.04774475097656,104.38983917236328,19.917999267578125,138.77252197265625,29.642318725585938,56.56430435180664
2019-02-26,41.540157318115234,55.607418060302734,111.31651306152344,86.01263427734375,214.69944763183594,105.11017608642578,19.857332229614258,139.70364379882812,29.51372528076172,56.67960739135742
2019-02-27,41.6688232421875,55.651031494140625,111.12022399902344,85.90646362304688,215.2458038330078,104.93243408203125,20.982667922973633,139.87461853027344,29.340274810791016,57.26325607299805
2019-02-28,41.25898361206055,55.83241271972656,111.74996185302734,85.2529296875,215.4375,104.80146026611328,21.325332641601562,140.72972106933594,29.603435516357422,56.946197509765625
2019-03-01,41.692657470703125,56.9212646484375,113.14849090576172,85.31011962890625,217.81454467773438,105.2691879272461,19.652666091918945,142.01235961914062,29.286441802978516,57.6451416015625
2019-03-04,41.90233612060547,57.164119720458984,113.25482940673828,85.11404418945312,216.89434814453125,105.0166244506836,19.02400016784668,140.5777130126953,29.262514114379883,57.86851501464844
2019-03-05,41.82609939575195,57.94568634033203,113.49198150634766,85.04867553710938,216.82728576660156,104.49275207519531,18.43600082397461,140.5682373046875,29.409053802490234,57.78205490112305
2019-03-06,41.58543014526367,57.73505401611328,113.7536849975586,84.73008728027344,215.1499481201172,104.53953552246094,18.416000366210938,140.4352264404297,29.385129928588867,57.12635040283203
2019-03-07,41.10408401489258,57.036739349365234,113.05851745605469,84.1174087524414,213.1754913330078,103.26730346679688,18.439332962036133,139.504150390625,29.142892837524414,57.76044464111328
2019-03-08,41.20179748535156,56.993125915527344,112.91131591796875,84.15007781982422,212.65792846679688,103.37953186035156,18.94266700744629,139.99815368652344,29.184762954711914,56.931793212890625
2019-03-11,42.629112243652344,58.444759368896484,113.32022094726562,85.24474334716797,216.27139282226562,105.54984283447266,19.39466667175293,143.15252685546875,29.450916290283203,57.48661804199219
2019-03-12,43.10806655883789,59.33635330200195,113.82727813720703,84.99149322509766,217.51739501953125,106.28885650634766,18.890666961669922,144.15957641601562,29.418018341064453,57.6451416015625
2019-03-13,43.29869842529297,59.426055908203125,114.01541137695312,85.2774429321289,219.01260375976562,107.11209106445312,19.263999938964844,144.86268615722656,29.615398406982422,58.15674591064453
2019-03-14,43.780029296875,59.102420806884766,112.87862396240234,86.05347442626953,219.98068237304688,107.19627380371094,19.33066749572754,146.50634765625,29.531211853027344,57.96221160888672
2019-03-15,44.34952163696289,58.991905212402344,112.53512573242188,87.04193115234375,221.57174682617188,108.43111419677734,18.36199951171875,147.70350646972656,29.591339111328125,57.75323486328125
2019-03-18,44.80227279663086,58.905174255371094,112.18342590332031,87.56475830078125,220.8241729736328,109.98397827148438,17.965999603271484,147.22845458984375,29.96417236328125,58.4233512878418
2019-03-19,44.44722366333008,59.594566345214844,113.22208404541016,87.24617767333984,221.41842651367188,110.05882263183594,17.83133316040039,146.87693786621094,30.02129554748535,58.27205276489258
2019-03-20,44.83562469482422,60.782527923583984,112.28158569335938,85.38362121582031,220.34487915039062,109.93722534179688,18.239999771118164,146.07882690429688,29.65749740600586,58.59629821777344
2019-03-21,46.4869384765625,61.26326370239258,112.94400024414062,84.03571319580078,226.07662963867188,112.4630126953125,18.26799964904785,148.0265655517578,29.783767700195312,58.934959411621094
2019-03-22,45.524269104003906,59.85177993774414,111.9708023071289,81.4951171875,221.1788330078125,109.49757385253906,17.635332107543945,145.4327850341797,29.549253463745117,57.99102783203125
2019-03-25,44.97383499145508,59.34280014038086,111.72542572021484,80.81708526611328,220.8528594970703,110.06820678710938,17.3613338470459,145.39476013183594,29.51617431640625,57.587501525878906
2019-03-26,44.50917434692383,58.9691047668457,113.32840728759766,81.62582397460938,223.60374450683594,110.30206298828125,17.851333618164062,147.551513671875,29.561277389526367,58.336891174316406
2019-03-27,44.90950012207031,58.38280487060547,113.43476104736328,81.34806823730469,222.86569213867188,109.23561096191406,18.32200050354004,146.52540588378906,29.2275447845459,57.8901481628418
2019-03-28,44.96906661987305,58.09832763671875,113.58195495605469,82.27118682861328,225.1085662841797,109.38529205322266,18.57466697692871,146.95294189453125,29.2034854888916,58.17836380004883
2019-03-29,45.262149810791016,58.327301025390625,114.326171875,82.69600677490234,225.674072265625,110.33010864257812,18.657333374023438,148.39712524414062,29.323755264282227,58.22159194946289
2019-04-01,45.56955337524414,59.42209243774414,113.66373443603516,85.48164367675781,229.12460327148438,111.34044647216797,19.278667449951172,149.41372680664062,29.41094398498535,58.8917121887207
2019-04-02,46.23197937011719,59.74720764160156,112.62506866455078,85.89009857177734,229.32591247558594,111.49947357177734,19.058666229248047,149.9077606201172,29.146360397338867,58.6395263671875
2019-04-03,46.54889678955078,60.008384704589844,112.18342590332031,86.06167602539062,229.00955200195312,112.22916412353516,19.45400047302246,150.55384826660156,29.221534729003906,58.29365539550781
2019-04-04,46.62991714477539,60.43659591674805,110.87488555908203,86.8930435180664,226.25872802734375,111.65849304199219,17.851999282836914,149.77474975585938,29.498144149780273,59.12230682373047
2019-04-05,46.94205856323242,60.04010772705078,111.37374877929688,86.68726348876953,226.80508422851562,112.15430450439453,18.33066749572754,149.7842254638672,29.714622497558594,59.43934631347656
2019-04-08,47.68075942993164,59.88300704956055,111.34107208251953,86.96713256835938,226.7762908935547,112.1917495727539,18.213333129882812,149.87925720214844,29.83488655090332,59.80683135986328
2019-04-09,47.53777313232422,59.605960845947266,110.87488555908203,86.32506561279297,226.43072509765625,111.58365631103516,18.15399932861328,149.6322479248047,29.672529220581055,59.03584289550781
2019-04-10,47.804656982421875,59.79230880737305,110.88307189941406,86.71194458007812,227.53453063964844,112.43494415283203,18.40399932861328,150.6488494873047,29.946128845214844,58.769222259521484
2019-04-11,47.406715393066406,59.94792556762695,110.58045959472656,87.44458770751953,226.5554962158203,112.56591033935547,17.89466667175293,149.98377990722656,30.306922912597656,59.05024719238281
2019-04-12,47.38765335083008,60.599159240722656,111.210205078125,91.5439224243164,229.2333984375,113.14590454101562,17.84666633605957,151.6749725341797,30.53543472290039,58.30805969238281
2019-04-15,47.47343444824219,60.7874870300293,111.65184020996094,90.49850463867188,229.54055786132812,113.23944854736328,17.7586669921875,152.4350128173828,30.797014236450195,58.11350631713867
2019-04-16,47.47820281982422,61.05411911010742,112.87862396240234,91.4533920288086,230.4427947998047,112.9775161743164,18.224000930786133,152.23550415039062,30.947343826293945,58.50982666015625
2019-04-17,48.40275192260742,61.462005615234375,113.28749084472656,94.08748626708984,231.31622314453125,113.91301727294922,18.082000732421875,152.4350128173828,31.01649284362793,58.675559997558594
2019-04-18,48.57670211791992,61.527923583984375,112.46967315673828,93.39602661132812,231.21063232421875,115.40974426269531,18.21733283996582,152.16900634765625,31.022504806518555,58.45939254760742
2019-04-22,48.7363395690918,62.137020111083984,112.72319793701172,93.51127624511719,233.28384399414062,115.77460479736328,17.516666412353516,152.39700317382812,30.778968811035156,59.73478698730469
2019-04-23,49.43928527832031,62.97111892700195,114.41612243652344,93.62652587890625,233.70616149902344,117.34620666503906,17.593332290649414,153.59425354003906,30.98944091796875,60.080657958984375
2019-04-24,49.36304473876953,62.448753356933594,113.8436508178711,93.47014617919922,235.43382263183594,116.9439468383789,17.243999481201172,153.43263244628906,31.127735137939453,58.91334533691406
2019-04-25,48.91505432128906,62.81005096435547,114.21166229248047,93.51951599121094,235.740966796875,120.81683349609375,16.5086669921875,152.9861297607422,31.124736785888672,59.24479675292969
2019-04-26,48.681541442871094,63.30961990356445,114.81687927246094,94.2274398803711,236.76795959472656,121.50906372070312,15.675999641418457,154.80084228515625,30.526416778564453,57.998199462890625
2019-04-29,48.755409240722656,64.24036407470703,114.36705780029297,95.58564758300781,237.1998748779297,121.39682006835938,16.097999572753906,155.95994567871094,30.53543472290039,57.62354278564453
2019-04-30,47.816566467285156,59.42109680175781,115.4793472290039,95.52801513671875,244.02423095703125,122.17327880859375,15.912667274475098,156.22596740722656,30.920286178588867,57.846900939941406
2019-05-01,50.16367721557617,58.15037536621094,116.09270477294922,94.79544067382812,238.7548065185547,119.62876892089844,15.600666999816895,154.66778564453125,30.475292205810547,56.686805725097656
2019-05-02,49.83721160888672,57.812862396240234,115.5447998046875,95.00120544433594,237.25747680664062,118.06651306152344,16.273332595825195,153.08108520507812,30.41215705871582,55.69241714477539
2019-05-03,50.45677185058594,58.954742431640625,116.14179992675781,95.58564758300781,237.98696899414062,120.58294677734375,17.00200080871582,153.9552001953125,30.691768646240234,55.822105407714844
2019-05-06,49.67757034301758,59.14851760864258,116.20716857910156,94.73779296875,238.64918518066406,119.8813247680664,17.022666931152344,154.1832275390625,30.806028366088867,55.57713317871094
2019-05-07,48.33841323852539,58.42494201660156,114.47337341308594,93.19026184082031,235.2130889892578,117.42105102539062,16.470666885375977,152.21653747558594,30.457256317138672,55.28168487548828
2019-05-08,48.34794998168945,58.02449035644531,114.326171875,92.69633483886719,235.47219848632812,117.41168975830078,16.32266616821289,152.7390594482422,30.156597137451172,55.36814498901367
2019-05-09,47.828487396240234,57.88521194458008,113.45922088623047,92.62226867675781,235.45301818847656,117.40232849121094,16.131999969482422,151.8364715576172,30.087074279785156,55.31772994995117
2019-05-10,47.1658821105957,57.86886215209961,113.72095489501953,92.61404418945312,237.48779296875,118.92716979980469,15.968000411987305,152.6915740966797,30.80342674255371,55.79875946044922
2019-05-13,44.42463684082031,56.33000564575195,112.20796203613281,90.09514617919922,231.6809539794922,115.39106750488281,15.133999824523926,149.48019409179688,30.192859649658203,55.17924880981445
2019-05-14,45.12788772583008,55.748661041259766,111.89718627929688,90.81132507324219,236.0576934814453,116.6820068359375,15.487333297729492,152.21653747558594,30.313772201538086,55.252113342285156
2019-05-15,45.66849136352539,58.025474548339844,111.9708023071289,90.465576171875,239.13870239257812,118.32516479492188,15.463333129882812,154.66778564453125,30.189836502075195,55.6602783203125
2019-05-16,45.467567443847656,58.7044563293457,113.03397369384766,91.62623596191406,243.23715209960938,121.05748748779297,15.222000122070312,156.88494873046875,30.62207794189453,55.65297317504883
2019-05-17,45.20922088623047,57.925357818603516,113.36111450195312,91.18170928955078,242.40213012695312,120.25000762939453,14.0686674118042,156.1427001953125,30.48605728149414,55.32500457763672
2019-05-20,43.79553985595703,56.72996520996094,113.20574951171875,91.6591796875,243.30430603027344,118.512939453125,13.690667152404785,155.55279541015625,30.685556411743164,55.31772232055664
2019-05-21,44.63513946533203,57.214664459228516,112.96038055419922,91.97196960449219,245.0991973876953,119.15142059326172,13.67199993133545,155.92384338378906,30.56464385986328,55.57280349731445
2019-05-22,43.721378326416016,57.2845458984375,113.48381042480469,91.22289276123047,246.57730102539062,119.8743896484375,12.84866714477539,156.28549194335938,30.900156021118164,55.069923400878906
2019-05-23,42.97507095336914,56.76366424560547,114.326171875,89.42840576171875,239.69541931152344,118.47539520263672,13.03266716003418,153.68771362304688,30.78832244873047,53.77991485595703
2019-05-24,42.81002426147461,56.43012619018555,114.33441925048828,90.3091812133789,241.37510681152344,118.53173065185547,12.708666801452637,154.7629852294922,31.033157348632812,54.00584411621094
2019-05-28,42.63301086425781,56.47720718383789,112.86869049072266,89.32962799072266,243.2467803955078,118.45660400390625,12.579999923706055,155.78114318847656,30.957595825195312,52.919883728027344
2019-05-29,42.4296989440918,55.50482940673828,108.14217376708984,89.08265686035156,243.37152099609375,117.31110382080078,12.657333374023438,154.8485565185547,30.866910934448242,52.591915130615234
2019-05-30,42.649757385253906,55.57767868041992,108.78443908691406,88.1278076171875,243.9761505126953,118.0528564453125,12.54800033569336,154.8771209716797,30.888076782226562,52.45344161987305
2019-05-31,41.87713623046875,54.8387336730957,107.99393463134766,87.2223129272461,241.3846893310547,116.1280288696289,12.343999862670898,153.51641845703125,30.66136360168457,51.57884979248047
2019-06-03,41.45374298095703,51.48051071166992,108.23273468017578,87.63391876220703,232.5255889892578,112.52249908447266,11.9313325881958,150.91864013671875,30.818540573120117,52.38784408569336
2019-06-04,42.97028350830078,52.26108932495117,110.11839294433594,90.33386993408203,239.16748046875,115.63980102539062,12.90666675567627,154.4679718017578,30.999910354614258,53.6341438293457
2019-06-05,43.66397476196289,51.772918701171875,110.65362548828125,90.65489959716797,245.9630584716797,118.14675903320312,13.105999946594238,157.3797607421875,31.562097549438477,53.18955612182617
2019-06-06,44.30503845214844,51.92755126953125,112.5475082397461,90.85247039794922,247.46995544433594,120.0152587890625,13.729999542236328,158.8356475830078,31.770671844482422,54.15888214111328
2019-06-07,45.48430252075195,52.9489860534668,114.08736419677734,89.85643768310547,255.1197052001953,123.37666320800781,13.633333206176758,161.8140869140625,32.057823181152344,54.35567855834961
2019-06-10,46.06557846069336,53.662166595458984,114.47438049316406,90.82778930664062,255.40771484375,124.50334930419922,14.192000389099121,162.54681396484375,32.499122619628906,54.59618377685547
2019-06-11,46.59897232055664,53.57691192626953,115.10022735595703,91.10765075683594,253.06578063964844,124.03389739990234,14.473333358764648,162.06149291992188,32.62606430053711,54.54517364501953
2019-06-12,46.45066833496094,53.480770111083984,116.66474151611328,89.94698333740234,253.24807739257812,123.46115112304688,13.950667381286621,163.27947998046875,32.892051696777344,53.954811096191406
2019-06-13,46.441104888916016,54.07103729248047,115.86602783203125,90.16924285888672,250.70452880859375,124.24048614501953,14.260666847229004,161.1480255126953,32.84068298339844,54.428550720214844
2019-06-14,46.10383987426758,53.83760452270508,115.35546112060547,90.39971160888672,249.64871215820312,124.36254119873047,14.32800006866455,161.44297790527344,32.96762466430664,54.18804931640625
2019-06-17,46.37891387939453,54.21377182006836,114.82022094726562,89.90583038330078,248.78489685058594,124.73811340332031,15.001999855041504,161.34779357910156,32.99481964111328,54.727359771728516
2019-06-18,47.46968460083008,54.77628707885742,115.47074890136719,91.13231658935547,248.41062927246094,126.9070816040039,14.982666969299316,161.0813751220703,33.1429328918457,55.201114654541016
2019-06-19,47.33094024658203,54.74010467529297,115.65190887451172,90.47382354736328,249.42800903320312,127.40471649169922,15.095333099365234,162.42306518554688,33.13386535644531,54.8950080871582
2019-06-20,47.711280822753906,55.17078399658203,117.10116577148438,90.70429229736328,256.0699462890625,128.5877685546875,14.641332626342773,165.32537841796875,33.3454475402832,55.83518600463867
2019-06-21,47.548622131347656,55.77394104003906,117.00231170654297,90.08692932128906,253.8431854248047,128.60650634765625,14.790666580200195,165.0399169921875,33.59029006958008,56.6223258972168
2019-06-24,47.50077438354492,55.34424591064453,117.80105590820312,89.44486236572266,254.6397705078125,129.36708068847656,14.909333229064941,165.42999267578125,33.62352752685547,56.082969665527344
2019-06-25,46.78077697753906,53.90105056762695,118.77274322509766,88.70401763916016,249.29359436035156,125.28273010253906,14.650667190551758,162.98448181152344,33.46635055541992,55.58738327026367
2019-06-26,47.7926025390625,53.541236877441406,116.80471801757812,89.29669189453125,250.80050659179688,125.75213623046875,14.618000030517578,162.7751007080078,33.29708480834961,55.82790756225586
2019-06-27,47.778255462646484,53.358360290527344,115.84954071044922,89.59303283691406,250.60853576660156,125.958740234375,14.855999946594238,162.9369354248047,33.278953552246094,55.25943374633789
2019-06-28,47.342899322509766,53.66415023803711,114.68848419189453,92.02960968017578,253.9007110595703,125.78036499023438,14.897333145141602,165.14456176757812,33.39684295654297,55.84976577758789
2019-07-01,48.211212158203125,54.51659393310547,114.75437927246094,93.57713317871094,256.05072021484375,127.395263671875,15.14466667175293,165.515625,33.436126708984375,55.79875946044922
2019-07-02,48.493465423583984,55.14105224609375,115.3060531616211,93.6759262084961,259.6980285644531,128.2403564453125,14.970000267028809,166.79074096679688,33.73234558105469,55.186546325683594
2019-07-03,48.89532470703125,55.65598678588867,117.04350280761719,93.52669525146484,262.1071472167969,129.0666046142578,15.65999984741211,168.30372619628906,33.94997024536133,55.71128845214844
2019-07-05,48.85226821899414,56.1357307434082,115.75074005126953,94.08212280273438,261.2048034667969,128.6910858154297,15.539999961853027,168.1039581298828,33.84719467163086,55.485347747802734
2019-07-08,47.8452262878418,55.34871292114258,116.08011627197266,93.56815338134766,260.6476135253906,128.59713745117188,15.355999946594238,167.6566925048828,34.07088088989258,55.740447998046875
2019-07-09,48.137054443359375,55.72041320800781,116.4423828125,93.96602630615234,262.6752014160156,128.127685546875,15.337332725524902,169.12213134765625,34.119232177734375,55.70399856567383
2019-07-10,48.613067626953125,56.54411315917969,116.27772521972656,93.69248962402344,264.6355895996094,129.4327850341797,15.928000450134277,170.6256103515625,34.14945983886719,56.491127014160156
2019-07-11,48.259056091308594,56.70121383666992,115.37193298339844,94.58779907226562,267.4610290527344,129.94924926757812,15.90666675567627,171.98631286621094,34.4335823059082,56.53485107421875
2019-07-12,48.62980270385742,56.76366424560547,110.5877456665039,95.58258819580078,268.6333923339844,130.418701171875,16.338666915893555,171.59616088867188,34.639122009277344,56.57857894897461
2019-07-15,49.086692810058594,57.01988983154297,110.92539978027344,94.42200469970703,268.4700012207031,130.418701171875,16.899999618530273,171.82456970214844,34.75399398803711,56.177738189697266
2019-07-16,48.91685485839844,57.16609573364258,109.10559844970703,95.43338775634766,265.82733154296875,128.7098388671875,16.825332641601562,170.6256103515625,34.68748474121094,55.3395881652832
2019-07-17,48.64177703857422,56.83304977416992,108.5785903930664,94.49659729003906,264.5395202636719,127.94927978515625,16.99066734313965,170.47329711914062,34.639122009277344,55.011627197265625
2019-07-18,49.1943244934082,56.85783004760742,108.75149536132812,95.06033325195312,265.9810485839844,128.09011840820312,16.902666091918945,171.78646850585938,34.6754035949707,54.54517364501953
2019-07-19,48.45997619628906,56.08022689819336,107.30223846435547,94.1235580444336,264.84710693359375,128.27792358398438,17.211999893188477,170.55894470214844,34.427528381347656,54.65449905395508
2019-07-22,49.567481994628906,56.45985794067383,105.92707824707031,94.7287368774414,267.73968505859375,129.97740173339844,17.045333862304688,171.82456970214844,34.101097106933594,54.71281433105469
2019-07-23,49.95499038696289,56.897972106933594,106.09178924560547,96.4613265991211,268.085693359375,130.78489685058594,17.344667434692383,172.13856506347656,33.880462646484375,54.93144607543945
2019-07-24,49.91432571411133,56.485626220703125,106.86582946777344,96.85094451904297,269.31561279296875,132.1275634765625,17.658666610717773,174.45091247558594,33.85325241088867,54.924171447753906
2019-07-25,49.5196533203125,56.29779052734375,107.96920776367188,95.9224853515625,268.4507141113281,131.62991333007812,15.254667282104492,172.795166015625,33.91974639892578,54.610755920410156
2019-07-26,49.691871643066406,61.71377182006836,107.64807891845703,96.34526824951172,271.06463623046875,132.70968627929688,15.202667236328125,174.79345703125,34.161556243896484,54.5233039855957
2019-07-29,50.155921936035156,61.5462532043457,109.53376007080078,96.03854370117188,270.4591979980469,132.41860961914062,15.718000411987305,174.33668518066406,33.93486022949219,54.90958023071289
2019-07-30,49.940635681152344,60.86033630371094,108.75970458984375,95.82298278808594,267.3072814941406,131.78013610839844,16.150667190551758,172.73805236816406,33.87139129638672,54.9168701171875
2019-07-31,50.95964431762695,60.37464141845703,107.22814178466797,96.16287994384766,261.6470031738281,127.94927978515625,16.107332229614258,169.37908935546875,33.36357879638672,54.195335388183594
2019-08-01,49.85692596435547,60.05646514892578,107.28577423095703,93.62615966796875,263.4632263183594,129.62998962402344,15.59000015258789,170.49232482910156,33.061317443847656,52.810569763183594
2019-08-02,48.80203628540039,59.29026412963867,107.92806243896484,93.61788177490234,258.9370422363281,128.5408477783203,15.62266731262207,168.82708740234375,33.06736755371094,52.29310607910156
2019-08-05,46.24736022949219,57.23002624511719,107.17874145507812,90.83248138427734,246.8190155029297,124.13722229003906,15.221332550048828,160.6816864013672,31.98527717590332,51.22172546386719
2019-08-06,47.122825622558594,58.03934860229492,107.6810302734375,91.54540252685547,254.35308837890625,126.46575927734375,15.383333206176758,164.12635803222656,32.42354965209961,51.717342376708984
2019-08-07,47.610816955566406,58.27873229980469,107.21990203857422,89.55582427978516,258.802490234375,127.0196762084961,15.561332702636719,166.828857421875,32.70465087890625,51.382076263427734
2019-08-08,48.66090393066406,59.779422760009766,108.43032836914062,91.0728759765625,267.1918640136719,130.4093017578125,15.886667251586914,171.18698120117188,32.96284484863281,52.75226974487305
2019-08-09,48.25992965698242,58.922523498535156,108.72679138183594,90.97339630126953,264.222412109375,129.3013916015625,15.667332649230957,170.3782196044922,32.58619689941406,51.62986373901367
2019-08-12,48.13747024536133,58.20884704589844,108.63621520996094,89.26569366455078,259.46551513671875,127.49858856201172,15.267333030700684,167.7994384765625,31.960464477539062,51.378990173339844
2019-08-13,50.1760139465332,59.310577392578125,109.86315155029297,90.64178466796875,263.81878662109375,130.1370391845703,15.666666984558105,169.95950317382812,32.62569046020508,52.01356506347656
2019-08-14,48.682525634765625,57.70085144042969,107.26107025146484,86.8781967163086,256.7267150878906,126.21802520751953,14.641332626342773,165.1065216064453,32.25815200805664,49.91796875
2019-08-15,48.440006256103516,57.952125549316406,107.49164581298828,87.20978546142578,261.28179931640625,125.9354019165039,14.37600040435791,167.974853515625,34.22948455810547,49.62282943725586
2019-08-16,49.58293533325195,58.44227981567383,108.16683959960938,89.29883575439453,263.6554260253906,128.24349975585938,14.662667274475098,169.84259033203125,34.32060623168945,50.39760971069336
2019-08-19,50.50736618041992,59.49445343017578,108.89971160888672,90.10297393798828,267.220703125,130.39138793945312,15.121999740600586,171.2815704345703,34.56967544555664,51.24616622924805
2019-08-20,50.509761810302734,58.6563835144043,107.54105377197266,88.95896911621094,266.23089599609375,129.3079833984375,15.057332992553711,170.80503845214844,34.035072326660156,50.936248779296875
2019-08-21,51.057220458984375,59.05534362792969,108.30683898925781,89.20765686035156,271.00701904296875,130.74935913085938,14.722000122070312,172.42507934570312,34.025970458984375,51.445404052734375
2019-08-22,51.013999938964844,59.052371978759766,108.09276580810547,90.12783813476562,269.81524658203125,129.79786682128906,14.8100004196167,171.61508178710938,33.9925537109375,51.3347282409668
2019-08-23,48.656105041503906,57.17203903198242,105.17776489257812,87.88955688476562,261.28179931640625,125.66222381591797,14.09333324432373,166.9838104248047,33.66450119018555,49.799903869628906
2019-08-26,49.58053970336914,58.0443000793457,106.02395629882812,88.5942153930664,265.64471435546875,127.60283660888672,14.333333015441895,169.23269653320312,34.0168571472168,50.0655517578125
2019-08-27,49.02106857299805,58.026466369628906,107.5504379272461,87.65744018554688,265.84649658203125,127.8760757446289,14.272000312805176,169.98561096191406,34.147464752197266,49.57855224609375
2019-08-28,49.35002517700195,58.17167663574219,106.75402069091797,88.53618621826172,267.38409423828125,127.70647430419922,14.37266731262207,170.2619171142578,34.238590240478516,49.94011688232422
2019-08-29,50.185611724853516,59.18717956542969,106.38900756835938,90.54234313964844,270.401611328125,130.11814880371094,14.780667304992676,172.64427185058594,34.65168380737305,50.493534088134766
2019-08-30,50.12078857421875,59.003299713134766,106.4885482788086,91.0728759765625,270.3918762207031,129.87322998046875,15.040666580200195,172.31069946289062,34.706363677978516,50.53042221069336
2019-09-03,49.390846252441406,57.96352005004883,106.80381774902344,89.99517059326172,269.1811218261719,128.15870666503906,15.000666618347168,170.76693725585938,34.8217887878418,50.589454650878906
2019-09-04,50.22884750366211,58.593929290771484,106.90335083007812,91.08116149902344,274.93743896484375,129.6565704345703,14.711999893188477,173.21600341796875,35.20754623413086,51.12809753417969
2019-09-05,51.21088409423828,60.0767822265625,106.67106628417969,93.15364074707031,280.68402099609375,131.93638610839844,15.305333137512207,176.0366668701172,35.06478500366211,51.851226806640625
2019-09-06,51.20608901977539,59.78587341308594,106.36412811279297,93.35260009765625,280.0113220214844,131.04139709472656,15.16333293914795,176.9991912841797,34.8491096496582,52.33823013305664
2019-09-09,51.424583435058594,59.73382568359375,105.31881713867188,95.6655044555664,272.30438232421875,129.55294799804688,15.452667236328125,173.00636291503906,35.335121154785156,52.7514533996582
2019-09-10,52.03206253051758,59.75514221191406,107.47578430175781,96.88411712646484,261.7046203613281,128.1963653564453,15.702667236328125,168.0511016845703,35.25006866455078,53.17942810058594
2019-09-11,53.686431884765625,60.46385955810547,108.81974029541016,97.14938354492188,259.4175109863281,128.23403930664062,16.47333335876465,166.7455291748047,35.24095916748047,53.07612609863281
2019-09-12,53.56637954711914,61.205772399902344,108.20584106445312,97.74626922607422,265.6158752441406,129.55294799804688,16.391332626342773,169.60438537597656,35.51433181762695,53.11302185058594
2019-09-13,52.52429962158203,61.45655059814453,108.4961929321289,99.66951751708984,265.5389709472656,129.3645477294922,16.34666633605957,168.9277801513672,35.669246673583984,53.60002517700195
2019-09-16,52.800418853759766,61.04024124145508,107.46748352050781,98.78250885009766,263.3863525390625,128.43185424804688,16.187332153320312,167.82235717773438,35.104278564453125,54.40431594848633
2019-09-17,52.99251174926758,60.95351028442383,107.57535552978516,98.29338836669922,265.47174072265625,129.4304962158203,16.319332122802734,168.1463623046875,35.389793395996094,53.99111557006836
2019-09-18,53.48954391479492,61.090789794921875,108.18924713134766,99.27989196777344,264.3666076660156,130.49505615234375,16.232667922973633,167.04095458984375,35.58723068237305,53.73285675048828
2019-09-19,53.05494689941406,61.39311599731445,107.94037628173828,98.96487426757812,265.1449890136719,132.89730834960938,16.440000534057617,167.67942810058594,35.572052001953125,53.37128829956055
2019-09-20,52.27938461303711,60.9515266418457,109.21795654296875,98.56696319580078,260.5898742675781,131.36172485351562,16.041332244873047,165.86883544921875,35.532562255859375,53.18682098388672
2019-09-23,52.517086029052734,61.19190216064453,109.29259490966797,98.5503921508789,262.4926452636719,131.07907104492188,16.082000732421875,166.67884826660156,35.726959228515625,53.22370147705078
2019-09-24,52.26737594604492,60.38108825683594,109.1349868774414,97.26544189453125,260.5419006347656,129.42098999023438,14.880666732788086,166.26905822753906,35.963890075683594,52.49320983886719
2019-09-25,53.071754455566406,61.74945831298828,108.67042541503906,97.82084655761719,262.1083068847656,131.2863311767578,15.24666690826416,167.0314178466797,35.985145568847656,52.64814376831055
2019-09-26,52.79802322387695,61.56855010986328,106.89505767822266,97.01673126220703,263.20379638671875,131.45590209960938,16.17066764831543,167.38401794433594,35.933502197265625,52.367759704589844
2019-09-27,52.541099548339844,60.75873565673828,106.68765258789062,97.5887680053711,258.6295471191406,129.75074768066406,16.142000198364258,165.81166076660156,35.979068756103516,52.74407958984375
2019-09-30,53.777671813964844,60.520347595214844,107.33476257324219,97.56388854980469,260.9742736816406,130.97543334960938,16.058000564575195,163.915283203125,36.0489387512207,52.10211944580078
2019-10-01,53.926536560058594,59.77000045776367,107.8408203125,95.78983306884766,260.3689270019531,129.12901306152344,16.312667846679688,166.0880126953125,35.79682159423828,50.87723159790039
2019-10-02,52.57472610473633,58.37834548950195,109.50831604003906,93.88316345214844,254.16099548339844,126.84918975830078,16.208667755126953,161.83790588378906,35.27134323120117,49.54902267456055
2019-10-03,53.02132797241211,58.94878387451172,108.83635711669922,93.74943542480469,257.822265625,128.38478088378906,15.535332679748535,164.73480224609375,35.329044342041016,50.16147232055664
2019-10-04,54.507606506347656,60.01582717895508,110.8854751586914,95.7800521850586,263.3671569824219,130.11814880371094,15.428667068481445,167.69847106933594,35.8909912109375,50.891990661621094
2019-10-07,54.519622802734375,59.88151168823242,110.47069549560547,95.57115173339844,261.5700378417969,129.17608642578125,15.847999572753906,166.66928100585938,35.60849380493164,50.19099426269531
2019-10-08,53.88092041015625,58.98347473144531,109.3755874633789,93.4402847290039,256.9613952636719,127.81011199951172,16.003332138061523,164.3060302734375,35.714813232421875,49.216983795166016
2019-10-09,54.51242446899414,59.59158706665039,107.2020034790039,94.11713409423828,261.9356689453125,130.2312469482422,16.302000045776367,166.65028381347656,36.1248664855957,49.76301956176758
2019-10-10,55.247154235839844,59.94198226928711,107.06928253173828,95.43744659423828,263.4655456542969,131.04139709472656,16.31599998474121,166.65028381347656,36.331417083740234,50.36069869995117
2019-10-11,56.71663284301758,60.25123596191406,108.9525146484375,97.05020904541016,265.46685791015625,131.58779907226562,16.525999069213867,168.72769165039062,36.52278518676758,50.89936828613281
2019-10-14,56.63499450683594,60.35333251953125,108.44644165039062,97.30923461914062,265.9190673828125,131.46533203125,17.130666732788086,169.0135498046875,36.19776916503906,51.04694747924805
2019-10-15,56.5029411315918,61.56608581542969,110.2052001953125,100.2423095703125,268.0165100097656,133.3682861328125,17.19266700744629,170.33815002441406,36.307106018066406,51.224029541015625
2019-10-16,56.27482223510742,61.6037483215332,112.13818359375,100.00834655761719,267.73748779296875,132.2755126953125,17.316667556762695,169.49957275390625,36.273704528808594,50.34596252441406
2019-10-17,56.493324279785156,62.08944320678711,112.96778869628906,100.56820678710938,266.0440673828125,131.59722900390625,17.46466636657715,169.56626892089844,36.40128707885742,50.279541015625
2019-10-18,56.76466369628906,61.67363357543945,105.94100952148438,100.74368286132812,260.38665771484375,129.4493408203125,17.1299991607666,167.4412078857422,36.188655853271484,49.888465881347656
2019-10-21,57.749114990234375,61.66718673706055,106.20649719238281,103.24221801757812,263.9177551269531,130.41021728515625,16.899999618530273,168.1273193359375,36.370906829833984,50.72227478027344
2019-10-22,57.61705780029297,61.51453399658203,107.18541717529297,104.27843475341797,251.37135314941406,128.4696044921875,17.038667678833008,162.8195037841797,36.322303771972656,50.980525970458984
2019-10-23,58.39020919799805,62.328819274902344,107.76615905761719,104.55419921875,250.97689819335938,129.2891387939453,16.978666305541992,163.25775146484375,36.25243377685547,51.467529296875
2019-10-24,58.486244201660156,62.40217590332031,105.77510070800781,104.47895812988281,258.577880859375,131.83277893066406,19.978666305541992,167.87002563476562,36.176513671875,50.980525970458984
2019-10-25,59.20659637451172,62.65938949584961,106.48026275634766,105.3145980834961,259.9634094238281,132.57696533203125,21.875333786010742,169.4805145263672,36.158287048339844,51.09859085083008
2019-10-28,59.79965591430664,63.88253402709961,107.16883850097656,105.71570587158203,265.486083984375,135.83651733398438,21.847333908081055,171.37684631347656,36.21295166015625,50.64847946166992
2019-10-29,58.4166259765625,62.47898483276367,107.11904907226562,105.64885711669922,263.9081726074219,134.55528259277344,21.08133316040039,169.27081298828125,35.58420181274414,50.500911712646484
2019-10-30,58.40940475463867,62.4809684753418,110.2052001953125,105.06391143798828,266.65985107421875,136.23216247558594,21.000667572021484,170.81459045410156,35.87275314331055,49.969627380371094
2019-10-31,59.73003005981445,62.38679885864258,109.54151916503906,104.3870620727539,266.332763671875,135.0640411376953,20.994667053222656,170.4429473876953,35.61760330200195,49.85894775390625
2019-11-01,61.42521667480469,63.05339050292969,108.84464263916016,106.79364776611328,268.488037109375,135.3937530517578,20.887332916259766,172.41554260253906,35.726959228515625,51.35685729980469
2019-11-04,61.828590393066406,63.91375732421875,108.0399169921875,107.64601135253906,265.8710021972656,136.17564392089844,21.1646671295166,170.52871704101562,35.711769104003906,52.884273529052734
2019-11-05,61.73975372314453,64.00447082519531,108.19756317138672,107.87998962402344,258.8183288574219,136.09092712402344,21.148000717163086,168.0701141357422,36.103607177734375,53.93208312988281
2019-11-06,61.76616668701172,63.983150482177734,108.64552307128906,108.047119140625,259.6457824707031,135.71408081054688,21.77199935913086,168.45132446289062,36.29800796508789,52.7514533996582
2019-11-07,62.47902297973633,64.77265167236328,109.03543853759766,108.6320571899414,262.4649658203125,135.9024658203125,22.369333267211914,170.033203125,36.51974105834961,53.873043060302734
2019-11-08,62.6500358581543,64.87474060058594,110.33792877197266,108.9496078491211,264.48541259765625,137.50401306152344,22.47599983215332,170.54782104492188,36.27977752685547,52.84994125366211
2019-11-11,63.146141052246094,64.34345245361328,109.49172973632812,108.56521606445312,266.51556396484375,137.645263671875,23.006000518798828,171.09092712402344,36.158287048339844,52.528839111328125
2019-11-12,63.088340759277344,64.29041290283203,108.96907806396484,107.93013763427734,266.6502990722656,138.54966735839844,23.32866668701172,171.2815704345703,36.18259048461914,51.80445098876953
2019-11-13,63.69282531738281,64.23937225341797,108.9027328491211,107.36189270019531,267.5450744628906,138.7757568359375,23.073999404907227,170.9670867919922,36.7475471496582,51.3787841796875
2019-11-14,63.252098083496094,64.88217163085938,108.64552307128906,107.46217346191406,269.0460510253906,139.48231506347656,23.290000915527344,171.57797241210938,36.64733123779297,51.154747009277344
2019-11-15,64.00350189208984,66.09095764160156,111.9473876953125,108.23931121826172,270.1525573730469,141.28167724609375,23.47800064086914,171.59706115722656,36.10664749145508,51.670040130615234
2019-11-18,64.32622528076172,65.41197967529297,111.85610961914062,109.15015411376953,270.2294006347656,141.63021850585938,23.332666397094727,171.4920654296875,36.52581024169922,51.16969299316406
2019-11-19,64.13115692138672,65.05267333984375,111.84780883789062,109.11670684814453,274.51104736328125,141.67733764648438,23.968000411987305,174.46070861816406,36.416465759277344,50.64693069458008
2019-11-20,63.384552001953125,64.52088165283203,112.7769775390625,108.32286834716797,274.5783386230469,141.43157958984375,23.481332778930664,173.40115356445312,36.185611724853516,50.80375671386719
2019-11-21,63.100372314453125,64.43563842773438,113.1917953491211,108.57355499267578,273.6836242675781,141.29920959472656,23.655332565307617,171.71160888671875,36.40735626220703,52.02848815917969
2019-11-22,63.04497528076172,64.11498260498047,114.54408264160156,109.29219818115234,271.874755859375,141.40321350097656,22.202667236328125,171.31068420410156,36.2554817199707,51.80445098876953
2019-11-25,64.150390625,64.70821380615234,114.59414672851562,109.87715148925781,276.7239685058594,142.95339965820312,22.422666549682617,172.7425079345703,36.12183380126953,51.4609260559082
2019-11-26,63.64947509765625,65.07298278808594,114.58583068847656,110.02757263183594,278.42706298828125,143.7096710205078,21.92799949645996,174.2506866455078,36.20384216308594,51.3339729309082
2019-11-27,64.50442504882812,65.02986145019531,115.07034301757812,110.35344696044922,280.6592102050781,143.98377990722656,22.086000442504883,175.9879608154297,36.07323455810547,51.30411148071289
2019-11-29,64.36234283447266,64.63140106201172,114.85316467285156,110.10277557373047,281.1692199707031,143.09523010253906,21.996000289916992,176.12159729003906,36.17347717285156,50.87843704223633
2019-12-02,63.61817932128906,63.87660217285156,114.74453735351562,109.86041259765625,275.6271057128906,141.36534118652344,22.32466697692871,173.52525329589844,36.231178283691406,51.09500503540039
2019-12-03,62.483848571777344,64.16800689697266,114.57747650146484,108.44819641113281,276.2237243652344,141.1385498046875,22.413333892822266,173.63023376464844,36.04589080810547,50.691741943359375
2019-12-04,63.03535079956055,65.36737823486328,116.43196105957031,110.5874252319336,275.9831237792969,141.64898681640625,22.20199966430664,172.38931274414062,36.051971435546875,51.26676559448242
2019-12-05,63.96014404296875,65.76484680175781,116.58232879638672,111.18910217285156,278.8791809082031,141.724609375,22.024667739868164,173.6206512451172,36.204524993896484,51.08753204345703
2019-12-06,65.19561004638672,66.3808822631836,117.267333984375,112.8436508178711,279.4083557128906,143.4449920654297,22.392667770385742,173.887939453125,36.5462532043457,51.90900802612305
2019-12-09,64.2828369140625,66.5593032836914,117.3675765991211,112.31719207763672,278.11907958984375,143.07638549804688,22.635332107543945,174.6038360595703,36.41810989379883,52.02101516723633
2019-12-10,64.65856170654297,66.5543441772461,116.94156646728516,112.39241790771484,277.68609619140625,142.8589324951172,23.256000518798828,173.97389221191406,36.350982666015625,51.57294464111328
2019-12-11,65.21005249023438,66.62174224853516,117.76852416992188,112.12498474121094,279.07159423828125,143.3977508544922,23.51333236694336,173.73521423339844,36.30826187133789,51.49825668334961
2019-12-12,65.37622833251953,66.8318862915039,118.06925964355469,115.33380126953125,281.14990234375,144.85345458984375,23.978666305541992,174.33660888671875,36.5401496887207,52.528839111328125
2019-12-13,66.26492309570312,66.75160217285156,118.10265350341797,114.32270812988281,284.883056640625,146.0728759765625,23.892667770385742,176.72296142578125,36.70185470581055,51.69990539550781
2019-12-16,67.39921569824219,67.4370346069336,118.44515228271484,114.76559448242188,285.72003173828125,147.01809692382812,25.433332443237305,177.77294921875,36.778133392333984,52.27492904663086
2019-12-17,67.53166961669922,67.1490707397461,119.92376708984375,115.46749877929688,284.79644775390625,146.22410583496094,25.266000747680664,177.08563232421875,37.00392150878906,52.035953521728516
2019-12-18,67.37032318115234,67.00138092041016,119.61468505859375,115.35051727294922,283.5841369628906,145.921630859375,26.209999084472656,176.49386596679688,36.57066345214844,52.17784118652344
2019-12-19,67.43775939941406,67.22590637207031,121.41903686523438,114.77394104003906,286.2685546875,147.18824768066406,26.93600082397461,178.05929565429688,36.637794494628906,51.81937789916992
2019-12-20,67.298095703125,66.9671859741211,122.01214599609375,114.68203735351562,287.2691955566406,148.7952423095703,27.03933334350586,179.45294189453125,36.70185470581055,52.23012924194336
2019-12-23,68.39627838134766,66.93794250488281,122.32958221435547,114.64859771728516,286.0183410644531,148.7952423095703,27.947999954223633,178.57476806640625,36.31740951538086,52.49148941040039
2019-12-24,68.46129608154297,66.63066864013672,121.90355682373047,114.96612548828125,286.22039794921875,148.766845703125,28.350000381469727,179.04249572753906,36.463863372802734,52.289859771728516
2019-12-26,69.819580078125,67.52473449707031,121.82000732421875,116.1861801147461,287.8753967285156,149.98626708984375,28.729333877563477,180.5601806640625,36.46692657470703,52.37200927734375
2019-12-27,69.7930908203125,67.13667297363281,121.75318145751953,116.2697525024414,289.35699462890625,150.2604217529297,28.691999435424805,180.77969360351562,36.48828125,52.19277572631836
2019-12-30,70.20732116699219,66.39673614501953,121.37726593017578,115.84355926513672,286.45135498046875,148.96534729003906,27.64666748046875,179.2906494140625,36.43030548095703,51.8865966796875
2019-12-31,70.72028350830078,66.3808822631836,121.85340881347656,116.4869613647461,287.2883605957031,149.0693817138672,27.8886661529541,179.3574676513672,36.25945281982422,52.110633850097656
2020-01-02,72.3338623046875,67.83251953125,121.93695068359375,117.8991928100586,291.9067077636719,151.82957458496094,28.68400001525879,182.43106079101562,36.28996276855469,52.9470329284668
2020-01-03,71.63064575195312,67.4776611328125,120.52519989013672,116.34335327148438,289.0587158203125,149.93899536132812,29.534000396728516,180.9801483154297,35.9695930480957,52.52136993408203
2020-01-06,72.20140075683594,69.27620697021484,120.3748779296875,116.2508544921875,289.8284912109375,150.32656860351562,30.1026668548584,180.5888214111328,35.896366119384766,52.92462921142578
2020-01-07,71.86184692382812,69.14241790771484,121.10997772216797,114.27452850341797,288.84710693359375,148.95591735839844,31.270666122436523,180.1114959716797,35.56379699707031,52.49148941040039
2020-01-08,73.01782989501953,69.63453674316406,121.09326171875,115.16593933105469,293.94366455078125,151.32855224609375,32.80933380126953,183.19467163085938,35.44175338745117,51.69990539550781
2020-01-09,74.56877899169922,70.36555480957031,121.45246887207031,115.58646392822266,297.79742431640625,153.2190704345703,32.089332580566406,184.46420288085938,35.80788040161133,52.095706939697266
2020-01-10,74.73738098144531,70.82002258300781,121.1767807006836,114.43431854248047,299.79168701171875,152.5101318359375,31.876667022705078,184.96060180664062,35.50886917114258,51.632694244384766
2020-01-13,76.3340835571289,71.36865234375,121.71141052246094,115.38462829589844,303.6839294433594,154.34397888183594,34.990665435791016,186.44969177246094,35.3563117980957,52.12556838989258
2020-01-14,75.30333709716797,70.90081024169922,122.39641571044922,116.73023986816406,299.2811279296875,153.25694274902344,35.861331939697266,187.1369171142578,35.4478645324707,51.67749786376953
2020-01-15,74.9806137084961,71.32752990722656,122.80569458007812,114.98091888427734,302.7591247558594,154.2494659423828,34.56666564941406,190.71644592285156,35.17325210571289,51.59534454345703
2020-01-16,75.91986083984375,71.8707046508789,123.79977416992188,115.4266586303711,308.58782958984375,157.07583618164062,34.232666015625,191.8141326904297,35.36241912841797,51.393714904785156
2020-01-17,76.7603530883789,73.32579803466797,124.6100845336914,116.22562408447266,311.824951171875,157.9549102783203,34.03333282470703,195.3936004638672,35.07561111450195,51.19955825805664
2020-01-21,76.24015045166016,73.46110534667969,124.69364929199219,115.08185577392578,310.1582336425781,157.38775634765625,36.47999954223633,197.86590576171875,35.267826080322266,50.467708587646484
2020-01-22,76.51232147216797,73.5413818359375,123.84156036376953,114.94730377197266,312.4512023925781,156.63150024414062,37.97066879272461,198.4481964111328,35.42344284057617,50.17646026611328
2020-01-23,76.88077545166016,73.58201599121094,124.07548522949219,114.8295669555664,313.09674072265625,157.59573364257812,38.14666748046875,197.13092041015625,35.33495330810547,49.86281204223633
2020-01-24,76.65921020507812,72.6641616821289,123.90006256103516,111.97859954833984,311.8346252441406,156.00762939453125,37.654666900634766,195.68003845214844,34.895591735839844,49.526763916015625
2020-01-27,74.405029296875,70.95731353759766,124.25926208496094,111.03668975830078,304.2235107421875,153.39871215820312,37.201332092285156,192.52053833007812,35.35021209716797,48.34683609008789
2020-01-28,76.50989532470703,71.88755798339844,124.88574981689453,113.05506134033203,308.5589294433594,156.4046630859375,37.793331146240234,193.62777709960938,35.57599639892578,48.27962875366211
2020-01-29,78.11141967773438,72.19483184814453,125.7545394897461,112.88685607910156,308.6070251464844,158.84347534179688,38.732666015625,195.54640197753906,35.359375,47.876365661621094
2020-01-30,77.99822998046875,72.07342529296875,125.60417175292969,114.2829360961914,312.595703125,163.32403564453125,42.72066879272461,198.74407958984375,35.56989288330078,48.38418197631836
2020-01-31,74.53990936279297,71.00935363769531,124.35948181152344,111.31422424316406,304.38726806640625,160.91363525390625,43.371334075927734,189.92420959472656,34.932212829589844,46.390254974365234
2020-02-03,74.3351821899414,73.47844696044922,125.44547271728516,112.16361999511719,312.6535339355469,164.8365478515625,52.0,191.68052673339844,34.865089416503906,45.35222625732422
2020-02-04,76.78925323486328,71.63529968261719,126.6400146484375,113.77832794189453,317.0852966308594,170.26234436035156,59.137332916259766,194.3054962158203,35.170204162597656,44.784690856933594
2020-02-05,77.41543579101562,71.66699981689453,128.63650512695312,115.71259307861328,316.3145446777344,170.05435180664062,48.97999954223633,193.58961486816406,35.64006423950195,46.84579086303711
2020-02-06,78.3209457397461,73.14986419677734,128.2522735595703,115.72944641113281,317.2586364746094,173.5802459716797,49.930667877197266,193.80911254882812,35.48751449584961,46.21104049682617
2020-02-07,77.25636291503906,73.30548095703125,126.88228607177734,115.35936737060547,315.04278564453125,173.8260498046875,49.871334075927734,193.52279663085938,35.53022384643555,45.90485382080078
2020-02-10,77.623291015625,74.77000427246094,126.85723114013672,115.8387451171875,318.20294189453125,178.372802734375,51.41866683959961,196.62501525878906,35.16409683227539,45.420047760009766
2020-02-11,77.15497589111328,74.83939361572266,126.96581268310547,116.05741882324219,318.8194885253906,174.3459014892578,51.62533187866211,194.66819763183594,35.209861755371094,45.85182571411133
2020-02-12,78.98722076416016,75.26411437988281,126.21399688720703,116.05741882324219,321.9409484863281,174.6011505126953,51.15266799926758,198.00909423828125,35.347164154052734,46.41238021850586
2020-02-13,78.42476654052734,75.00443267822266,125.37862396240234,115.95648193359375,323.5596618652344,173.65589904785156,53.599998474121094,198.2576446533203,35.832298278808594,46.15482711791992
2020-02-14,78.44408416748047,75.26908111572266,125.41202545166016,115.60330200195312,328.4828186035156,175.20611572265625,53.33533477783203,201.020263671875,35.9695930480957,45.94272232055664
2020-02-18,77.00772094726562,75.30425262451172,124.58499908447266,114.07266235351562,328.7621154785156,176.9832000732422,57.22666549682617,201.89015197753906,36.500484466552734,45.359439849853516
2020-02-19,78.12299346923828,75.57337188720703,124.41797637939453,115.62850952148438,331.960693359375,177.51405334472656,61.16133117675781,203.9071502685547,35.905513763427734,45.70789337158203
2020-02-20,77.32154083251953,75.18284606933594,123.94181060791016,115.62850952148438,331.8548278808594,174.80316162109375,59.96066665649414,202.1291046142578,35.90856170654297,45.344303131103516
2020-02-21,75.57136535644531,73.52108001708984,125.2450180053711,114.21563720703125,327.27850341796875,169.2771759033203,60.06666564941406,199.60549926757812,36.180110931396484,44.79130935668945
2020-02-24,71.981689453125,70.36902618408203,122.66405487060547,111.1460189819336,312.7980651855469,161.9787139892578,55.58599853515625,190.02716064453125,35.49057388305664,42.69302749633789
2020-02-25,69.54351043701172,68.70677185058594,121.60480499267578,106.18413543701172,291.81451416015625,159.30580139160156,53.32733154296875,180.09518432617188,34.901695251464844,41.05682373046875
2020-02-26,70.64673614501953,68.91244506835938,120.78929138183594,106.50370788574219,287.1418151855469,161.29624938964844,51.91999816894531,178.95767211914062,34.71558380126953,40.15537643432617
2020-02-27,66.02867889404297,65.16962432861328,116.95581817626953,102.0716781616211,275.3686828613281,149.9314422607422,45.266666412353516,172.07504272460938,33.684303283691406,37.73893737792969
2020-02-28,65.99006652832031,66.37395477294922,113.05503845214844,97.64802551269531,279.6366882324219,153.56175231933594,44.53266525268555,173.74783325195312,32.854400634765625,38.96609878540039
2020-03-02,72.13378143310547,68.70677185058594,117.71247863769531,102.19779205322266,295.52362060546875,163.77963256835938,49.574668884277344,183.85195922851562,35.3563117980957,40.814414978027344
2020-03-03,69.84285736083984,66.2981185913086,113.98820495605469,98.36287689208984,281.32269287109375,155.93141174316406,49.70066833496094,177.54287719726562,34.450138092041016,38.86004638671875
2020-03-04,73.0824966430664,68.47284698486328,120.6212158203125,100.79334259033203,291.3038330078125,161.6564178466797,49.96666717529297,185.7255401611328,35.62786865234375,39.70845413208008
2020-03-05,70.7119140625,65.16021728515625,119.38538360595703,95.84829711914062,280.0991516113281,157.59963989257812,48.30266571044922,178.7186279296875,35.36851501464844,37.958614349365234
2020-03-06,69.77285766601562,64.21756744384766,119.4022445678711,90.89482116699219,276.5151672363281,153.1446990966797,46.89866638183594,176.23329162597656,35.768218994140625,36.12544250488281
2020-03-09,64.25437927246094,60.25520324707031,114.7027816772461,78.5826644897461,252.42935180664062,142.76571655273438,40.53333282470703,163.5864715576172,35.746856689453125,31.70919418334961
2020-03-10,68.8820571899414,63.19811248779297,119.0743637084961,84.68827056884766,270.3106689453125,152.52862548828125,43.02199935913086,174.5508575439453,36.54930114746094,32.88332748413086
2020-03-11,66.48976135253906,60.01285171508789,110.8020248413086,80.70195770263672,259.89593505859375,145.6187744140625,42.28200149536133,165.3262176513672,34.913902282714844,31.80009651184082
2020-03-12,59.92359161376953,55.08900833129883,105.43006134033203,74.04969024658203,232.66928100585938,131.8085479736328,37.369998931884766,153.02354431152344,31.746849060058594,28.164066314697266
2020-03-13,67.10292053222656,60.17987060546875,112.89533996582031,87.38787078857422,260.13671875,150.5475616455078,36.44133377075195,168.0792694091797,34.81321716308594,28.876117706298828
2020-03-16,58.470359802246094,53.17845916748047,106.87603759765625,74.31037902832031,227.03314208984375,128.35833740234375,29.67133331298828,145.30923461914062,32.57369613647461,26.126375198364258
2020-03-17,61.04129409790039,55.41164779663086,114.82889556884766,78.85176849365234,229.18162536621094,138.9269561767578,28.68000030517578,150.9300994873047,36.38759231567383,27.8837890625
2020-03-18,59.547000885009766,54.07996368408203,113.45860290527344,70.55113983154297,219.59542846679688,133.07864379882812,24.08133316040039,141.93487548828125,37.400569915771484,25.088592529296875
2020-03-19,59.09074401855469,55.09495544433594,106.80880737304688,71.73694610595703,218.84400939941406,135.26817321777344,28.50933265686035,145.53871154785156,36.60682678222656,26.08092498779297
2020-03-20,55.3393440246582,52.94105911254883,100.78949737548828,70.2231674194336,203.68917846679688,130.18772888183594,28.50200080871582,140.3576202392578,34.92741012573242,24.80074691772461
2020-03-23,54.1637077331543,52.243247985839844,93.43350982666016,66.46388244628906,195.86605834960938,128.88909912109375,28.952667236328125,129.75648498535156,35.02242660522461,23.823556900024414
2020-03-24,59.59769821166992,56.003902435302734,100.19261932373047,74.36925506591797,228.40121459960938,140.6046142578125,33.66666793823242,147.71817016601562,35.25226593017578,26.846010208129883
2020-03-25,59.26938247680664,54.59687805175781,100.37757873535156,77.14454650878906,247.10153198242188,139.25865173339844,35.95000076293945,154.64862060546875,33.526885986328125,28.247392654418945
2020-03-26,62.388328552246094,57.63494110107422,106.40525817871094,82.51850128173828,253.5565185546875,147.96942138671875,35.21066665649414,161.43565368652344,33.65559768676758,29.40637969970703
2020-03-27,59.805301666259766,55.025081634521484,103.53853607177734,76.63995361328125,238.59434509277344,141.89369201660156,34.29066848754883,154.43826293945312,33.58205032348633,27.989845275878906
2020-03-30,61.51203536987305,56.81174087524414,111.81925201416016,78.63310241699219,243.98959350585938,151.8745880126953,33.47533416748047,158.2715606689453,35.30130386352539,28.406461715698242
2020-03-31,61.38649368286133,57.58686828613281,110.23878479003906,75.71485137939453,232.72706604003906,149.4860076904297,34.93333435058594,154.01771545410156,34.820152282714844,28.76250457763672
2020-04-01,58.15650939941406,54.62066650390625,108.28836822509766,70.9463882446289,220.25059509277344,144.1780242919922,32.104000091552734,146.3607635498047,34.97950744628906,28.429187774658203
2020-04-02,59.1269645690918,55.36060333251953,111.93693542480469,73.59552764892578,230.14508056640625,147.16372680664062,30.29800033569336,150.4521026611328,36.361656188964844,30.603235244750977
2020-04-03,58.277217864990234,54.1547966003418,112.79446411132812,71.42022705078125,228.36268615722656,145.80831909179688,32.000667572021484,145.15634155273438,36.61602020263672,29.701799392700195
2020-04-06,63.361167907714844,58.6395378112793,117.49388122558594,76.01730346679688,256.21563720703125,156.6517791748047,34.41600036621094,161.97093200683594,38.63560104370117,30.6562557220459
2020-04-07,62.62730026245117,58.608306884765625,115.57709503173828,77.01998138427734,249.60643005371094,154.96463012695312,36.36333465576172,161.158447265625,37.38523483276367,31.239543914794922
2020-04-08,64.23021697998047,59.81956481933594,120.4362564086914,80.1300048828125,261.4461364746094,156.51910400390625,36.589332580566406,167.22853088378906,37.339271545410156,33.21662139892578
2020-04-09,64.69373321533203,59.798255920410156,118.72969055175781,87.31876373291016,259.9504089355469,156.52853393554688,38.20000076293945,166.03363037109375,37.32701110839844,32.671226501464844
2020-04-13,65.9635238647461,59.988563537597656,117.50228118896484,83.43547058105469,254.10301208496094,156.87925720214844,43.39666748046875,161.54074096679688,38.399627685546875,32.390953063964844
2020-04-14,69.29486846923828,62.70547866821289,122.76496887207031,81.14968872070312,261.2239990234375,164.6421661376953,47.32600021362305,166.922607421875,39.53352737426758,32.14097213745117
2020-04-15,68.66239929199219,62.31246566772461,124.13530731201172,77.14743041992188,248.12046813964844,162.91709899902344,48.65533447265625,158.64431762695312,39.459983825683594,30.663835525512695
2020-04-16,69.2079849243164,62.318904876708984,125.82502746582031,74.20732879638672,238.10452270507812,167.8080291748047,49.680667877197266,155.26039123535156,40.55404281616211,29.65635871887207
2020-04-17,68.26890563964844,63.38792419433594,127.80061340332031,80.87776947021484,250.85122680664062,169.28665161132812,50.259334564208984,162.0665283203125,40.48969268798828,32.73939895629883
2020-04-20,66.85186767578125,62.50326919555664,127.50640106201172,77.92920684814453,242.9002227783203,165.93125915527344,49.75733184814453,156.9810333251953,39.79402160644531,31.194087982177734
2020-04-21,64.78545379638672,60.0753059387207,125.83345794677734,75.66891479492188,236.74400329589844,159.06884765625,45.781333923339844,153.45370483398438,39.5978889465332,31.02743911743164
2020-04-22,66.65151977539062,62.36747741699219,128.61610412597656,75.9153060913086,247.8985137939453,164.4716033935547,48.807334899902344,159.24658203125,40.327274322509766,31.91372299194336
2020-04-23,66.39320373535156,62.9998664855957,130.73463439941406,75.95780944824219,246.8853302001953,162.48104858398438,47.04199981689453,159.04586791992188,39.38949966430664,32.91362762451172
2020-04-24,68.30996704101562,63.26898193359375,130.18817138671875,77.07946014404297,249.68365478515625,165.4478302001953,48.34333419799805,159.9444122314453,39.66838455200195,33.125728607177734
2020-04-27,68.35823822021484,62.984500885009766,129.70901489257812,80.40190887451172,255.820556640625,164.9739532470703,53.25,164.1886444091797,39.31901168823242,33.2848014831543
2020-04-28,67.25019073486328,61.087825775146484,127.27104949951172,80.97125244140625,255.3187713623047,160.9550018310547,51.27466583251953,163.70114135742188,39.22706985473633,34.06503677368164
2020-04-29,69.45903778076172,66.51917266845703,126.30420684814453,83.15507507324219,273.7391662597656,168.1776885986328,53.367332458496094,173.77659606933594,37.878631591796875,35.95122146606445
2020-04-30,70.92436218261719,66.74317169189453,126.13610076904297,81.37061309814453,265.3249816894531,169.8648681640625,52.12533187866211,170.84188842773438,37.250389099121094,35.2012939453125
2020-05-01,69.78253173828125,65.28707122802734,124.66488647460938,79.23777770996094,259.31353759765625,165.46682739257812,46.75466537475586,167.8307342529297,37.67024230957031,32.678802490234375
2020-05-04,70.76985931396484,65.56363677978516,124.64810180664062,78.29457092285156,259.8154296875,169.51414489746094,50.74599838256836,168.38516235351562,37.90929412841797,33.996864318847656
2020-05-05,71.83203887939453,66.858154296875,125.68212127685547,78.17562866210938,264.3697204589844,171.3340301513672,51.2140007019043,170.5741729736328,38.224937438964844,33.958980560302734
2020-05-06,72.57313537597656,66.68023681640625,124.48834991455078,76.70557403564453,262.8838195800781,173.02122497558594,52.172000885009766,170.8992156982422,37.78669738769531,33.32268524169922
2020-05-07,73.32389831542969,67.86224365234375,124.07640838623047,77.50433349609375,268.7022705078125,174.02593994140625,52.00266647338867,174.6656036376953,37.51890563964844,33.51206588745117
2020-05-08,75.06913757324219,68.60862731933594,125.0095443725586,78.77043151855469,272.5329895019531,175.04962158203125,54.62799835205078,176.93104553222656,37.84210205078125,34.981624603271484
2020-05-11,76.25037384033203,69.56267547607422,125.35426330566406,76.45063781738281,271.3653869628906,177.00221252441406,54.08599853515625,175.46853637695312,38.06680679321289,34.6483154296875
2020-05-12,75.37895965576172,68.15465545654297,123.69813537597656,73.95242309570312,262.5653381347656,172.9927520751953,53.96066665649414,171.558837890625,38.10067367553711,34.069175720214844
2020-05-13,74.46881866455078,66.8239517211914,123.68970489501953,71.40322875976562,259.7187805175781,170.37669372558594,52.73066711425781,169.56723022460938,38.07912826538086,32.3780632019043
2020-05-14,74.92633056640625,67.24671173095703,124.11844635009766,74.36880493164062,267.5829162597656,171.1160125732422,53.55533218383789,173.21533203125,37.989864349365234,32.663780212402344
2020-05-15,74.48334503173828,68.04959106445312,126.47238159179688,72.99222564697266,269.1557922363281,173.6088409423828,53.27799987792969,175.69532775878906,38.765541076660156,32.43212890625
2020-05-18,76.2382583618164,68.65026092529297,126.5396728515625,76.8585433959961,279.7313537597656,175.26763916015625,54.242000579833984,183.25010681152344,39.29496765136719,35.0112419128418
2020-05-19,75.79773712158203,68.11600494384766,125.27859497070312,75.34600067138672,280.53228759765625,174.0543670654297,53.867332458496094,181.31594848632812,38.46080780029297,33.93016815185547
2020-05-20,77.27185821533203,69.8387222290039,124.15209197998047,77.6063003540039,288.31915283203125,176.46864318847656,54.37066650390625,185.624755859375,38.614715576171875,35.03441619873047
2020-05-21,76.69576263427734,69.71927642822266,123.33663940429688,76.62059020996094,283.9383850097656,174.3489990234375,55.17333221435547,182.5224151611328,38.47312545776367,34.408931732177734
2020-05-22,77.1895523071289,70.04092407226562,122.21077728271484,76.02580261230469,284.56561279296875,174.42506408691406,54.45866775512695,182.75221252441406,38.26996612548828,34.4398307800293
2020-05-26,76.66670227050781,70.44384765625,122.37161254882812,81.42160034179688,292.6902770996094,172.5811004638672,54.591331481933594,185.01199340820312,38.12529754638672,35.4514045715332
2020-05-27,77.00074005126953,70.38984680175781,122.65096282958984,86.13762664794922,289.2551574707031,172.80921936035156,54.68199920654297,184.62893676757812,37.70051956176758,35.70622634887695
2020-05-28,77.03462982177734,70.28873443603516,124.41165924072266,84.85453033447266,291.69635009765625,172.41952514648438,53.72066879272461,186.00775146484375,38.07297134399414,34.77958679199219
2020-05-29,76.95960998535156,71.04601287841797,125.91846466064453,82.6877212524414,290.33587646484375,174.1779327392578,55.66666793823242,186.94618225097656,38.186851501464844,35.111637115478516
2020-06-01,77.90604400634766,71.11292266845703,124.59793090820312,83.78386688232422,290.8279724121094,173.77871704101562,59.87333297729492,186.09396362304688,38.15607452392578,35.73711013793945
2020-06-02,78.26671600341797,71.48165893554688,125.49524688720703,84.06428527832031,292.9411926269531,175.75576782226562,58.770668029785156,188.01861572265625,38.149906158447266,36.532470703125
2020-06-03,78.69754791259766,71.33000183105469,125.83381652832031,88.60185241699219,296.2991638183594,176.18344116210938,58.86399841308594,188.50692749023438,38.00524139404297,38.02280807495117
2020-06-04,78.0197982788086,70.09345245361328,124.20852661132812,90.4457778930664,290.7989807128906,173.86424255371094,57.62533187866211,185.41416931152344,37.586631774902344,37.9146842956543
2020-06-05,80.24189758300781,71.36815643310547,124.69100189208984,94.51602935791016,300.9403991699219,177.93238830566406,59.04399871826172,191.13050842285156,37.417335510253906,40.98802947998047
2020-06-08,80.71630859375,71.76563262939453,124.24240112304688,96.40242004394531,299.5218811035156,179.0349578857422,63.327999114990234,191.12094116210938,37.3188362121582,42.269866943359375
2020-06-09,83.26519012451172,71.96585845947266,123.5567398071289,93.9297103881836,300.5640563964844,180.4036865234375,62.711334228515625,190.62301635742188,37.35269546508789,41.327781677246094
2020-06-10,85.40738677978516,72.59130859375,125.11429595947266,90.12289428710938,302.1658630371094,187.0951385498047,68.336669921875,191.96353149414062,37.29420852661133,39.11159133911133
2020-06-11,81.30693817138672,69.47891235351562,119.24796295166016,82.60272216796875,281.0339660644531,177.04843139648438,64.85600280761719,180.8563232421875,36.96485137939453,35.659889221191406
2020-06-12,82.00890350341797,70.02507781982422,120.33148956298828,84.863037109375,287.3446044921875,178.44564819335938,62.35200119018555,184.09274291992188,36.24150848388672,36.42435836791992
2020-06-15,83.02312469482422,70.41263580322266,119.56964874267578,86.0356674194336,286.746337890625,179.5862579345703,66.05999755859375,183.6139678955078,36.34615707397461,36.40119934082031
2020-06-16,85.22340393066406,71.68783569335938,122.28690338134766,86.72393798828125,293.7999267578125,183.987060546875,65.47533416748047,184.6864471435547,36.82941436767578,37.219730377197266
2020-06-17,85.10482025146484,71.98866271972656,121.91447448730469,84.5316390991211,293.10516357421875,184.6238555908203,66.11933135986328,185.33755493164062,36.63856887817383,36.00737380981445
2020-06-18,85.1386947631836,71.07576751708984,121.39813232421875,84.07279205322266,294.15692138671875,186.6009063720703,66.9306640625,185.67262268066406,36.31845474243164,36.23130798339844
2020-06-19,84.65217590332031,70.6059341430664,121.75363159179688,83.11257934570312,286.09991455078125,185.48880004882812,66.72666931152344,184.03526306152344,36.89097595214844,35.50545883178711
2020-06-22,86.86700439453125,71.89549255371094,121.38117980957031,82.21184539794922,293.7613830566406,190.64048767089844,66.28800201416016,186.67807006835938,37.45426940917969,35.84520721435547
2020-06-23,88.72112274169922,72.5556411743164,120.9324951171875,83.21454620361328,296.1158142089844,191.91412353515625,66.78533172607422,189.56021118164062,37.26650619506836,36.06142807006836
2020-06-24,87.15504455566406,71.00537872314453,118.359130859375,80.4359130859375,283.6971740722656,188.04562377929688,64.0566635131836,183.2788848876953,37.029483795166016,34.362606048583984
2020-06-25,88.31207275390625,71.42168426513672,118.23217010498047,83.2400131225586,287.5569152832031,190.42185974121094,65.73200225830078,185.73968505859375,36.84788513183594,34.879974365234375
2020-06-26,85.59860229492188,67.52821350097656,116.65766143798828,78.67696380615234,279.1910095214844,186.6103973388672,63.982666015625,181.2297821044922,36.42002487182617,33.683082580566406
2020-06-29,87.57137298583984,69.24449920654297,117.69884490966797,79.02534484863281,282.655029296875,188.6159210205078,67.29000091552734,183.25010681152344,36.64781951904297,34.22360610961914
2020-06-30,88.30238342285156,70.27930450439453,119.0448226928711,79.92606353759766,285.32794189453125,193.4348907470703,71.98733520507812,184.9641571044922,36.86943054199219,34.5324821472168
2020-07-01,88.13536071777344,71.46629333496094,118.83319091796875,79.24627685546875,290.6061096191406,194.5660400390625,74.64199829101562,185.54820251464844,36.841739654541016,33.7525749206543
2020-07-02,88.13536071777344,72.85050964355469,119.33262634277344,79.503662109375,291.81219482421875,196.04873657226562,80.57733154296875,187.35789489746094,36.6939697265625,34.03828430175781
2020-07-06,90.49299621582031,74.3234634399414,121.03411865234375,81.51144409179688,294.8516845703125,200.2689971923828,91.43866729736328,189.35910034179688,36.595481872558594,34.27765655517578
2020-07-07,90.21222686767578,73.84123229980469,120.92407989501953,79.21196746826172,289.3901672363281,197.9402618408203,92.65733337402344,185.9503173828125,39.07642364501953,33.389644622802734
2020-07-08,92.31328582763672,74.51922607421875,121.27959442138672,80.05282592773438,290.0085754394531,202.29351806640625,91.05867004394531,186.7833709716797,38.303829193115234,33.31241989135742
2020-07-09,92.71025085449219,75.2656021118164,120.61933135986328,78.31964111328125,284.63641357421875,203.70977783203125,92.9520034790039,184.04486083984375,39.32268142700195,31.93792152404785
2020-07-10,92.87240600585938,76.274169921875,120.51773834228516,82.60111236572266,285.6896667480469,203.09188842773438,102.97666931152344,184.3704071044922,40.22455596923828,32.934051513671875
2020-07-13,92.4439697265625,74.94693756103516,122.92182922363281,83.78518676757812,280.3755187988281,196.81866455078125,99.80400085449219,180.99038696289062,39.867496490478516,32.9417610168457
2020-07-14,93.97376251220703,75.37464141845703,125.21592712402344,84.26567840576172,288.84918212890625,198.0353546142578,101.12000274658203,185.1172637939453,40.633949279785156,34.03055953979492
2020-07-15,94.62006378173828,75.17737579345703,125.50366973876953,85.56983184814453,295.3904113769531,197.74066162109375,103.06732940673828,188.20046997070312,40.630863189697266,34.46298599243164
2020-07-16,93.45577239990234,75.08026123046875,126.3416976928711,85.81010437011719,289.23565673828125,193.82464599609375,100.04266357421875,185.28004455566406,40.69243240356445,34.192718505859375
2020-07-17,93.2669677734375,75.17588806152344,126.42640686035156,84.22279357910156,293.78643798828125,192.8361053466797,100.05599975585938,186.80258178710938,40.55083084106445,33.60585021972656
2020-07-20,95.23247528076172,77.50474548339844,126.63798522949219,83.48487091064453,301.41949462890625,201.1244354248047,109.53333282470703,190.03895568847656,40.46772384643555,32.81821823120117
2020-07-21,93.91810607910156,77.11222076416016,126.75654602050781,85.29529571533203,297.2069091796875,198.41551208496094,104.55733489990234,188.13348388671875,40.73243713378906,34.47843551635742
2020-07-22,94.18193817138672,77.5548095703125,126.98506164550781,84.6775131225586,302.7819519042969,201.2670135498047,106.15533447265625,190.41238403320312,40.83401870727539,33.67534637451172
2020-07-23,89.8951187133789,75.17095184326172,126.646484375,84.92634582519531,299.4291687011719,192.512939453125,100.87133026123047,189.0430908203125,40.520057678222656,33.74484634399414
2020-07-24,89.67244720458984,74.7477035522461,125.38514709472656,84.32572174072266,296.54986572265625,191.33433532714844,94.46666717529297,186.85997009277344,40.396934509277344,33.536354064941406
2020-07-27,91.79767608642578,75.79936981201172,124.58946228027344,83.14166259765625,298.42425537109375,193.75808715820312,102.63999938964844,188.5452117919922,40.387699127197266,34.03055953979492
2020-07-28,90.28966522216797,74.52169799804688,124.29315948486328,83.50203704833984,295.9797668457031,192.01870727539062,98.43267059326172,188.38241577148438,40.55698776245117,33.629024505615234
2020-07-29,92.02040100097656,75.50597381591797,124.04764556884766,85.52693939208984,298.8494873046875,193.95773315429688,99.94066619873047,190.14425659179688,40.227638244628906,33.99967575073242
2020-07-30,93.13385772705078,76.24243927001953,124.3016128540039,83.24462127685547,298.5595397949219,193.80560302734375,99.16600036621094,185.81631469726562,40.052188873291016,32.33173370361328
2020-07-31,102.8839111328125,73.74360656738281,123.38739776611328,82.91858673095703,298.10546875,194.86062622070312,95.38400268554688,182.31178283691406,39.83056640625,32.49390411376953
2020-08-03,105.476318359375,73.48638916015625,124.73331451416016,82.45526123046875,302.0282287597656,205.8198699951172,99.0,182.58946228027344,39.799774169921875,32.62517166137695
2020-08-04,106.18070220947266,73.01753997802734,124.62329864501953,81.98334503173828,303.7675476074219,202.73074340820312,99.13333129882812,184.12144470214844,40.520057678222656,33.56725311279297
2020-08-05,106.56558990478516,73.30448150634766,125.6221923828125,83.40765380859375,316.9176025390625,202.39808654785156,99.00133514404297,187.76963806152344,39.95677185058594,33.86066818237305
2020-08-06,110.28358459472656,74.58612060546875,124.90266418457031,83.43340301513672,318.9852294921875,205.6392822265625,99.30533599853516,190.32618713378906,39.81516647338867,33.698516845703125
2020-08-07,107.77619171142578,74.26002502441406,125.7915267944336,85.2695541381836,316.93695068359375,201.9608612060547,96.84733581542969,188.01861572265625,40.00600814819336,33.544071197509766
2020-08-10,109.34268951416016,74.18319702148438,125.30896759033203,86.35063934326172,311.9706115722656,197.9402618408203,94.57133483886719,188.43032836914062,40.59392166137695,34.370323181152344
2020-08-11,106.09088134765625,73.37635040283203,124.41165924072266,89.07914733886719,317.43939208984375,193.31137084960938,91.6259994506836,189.36868286132812,40.07680892944336,34.72554016113281
2020-08-12,109.61672973632812,74.69961547851562,126.68875885009766,88.3240737915039,316.5601806640625,198.833740234375,103.65066528320312,190.29747009277344,40.59701156616211,34.7176628112793
2020-08-13,111.55665588378906,75.16598510742188,125.2835693359375,87.83502197265625,315.1687927246094,198.36798095703125,108.06666564941406,189.4727783203125,40.75154113769531,33.867244720458984
2020-08-14,111.45724487304688,74.57026672363281,125.4867935180664,87.86933135986328,315.75811767578125,198.55809020996094,110.04733276367188,188.5713348388672,40.98334884643555,34.0168571472168
2020-08-17,111.166259765625,75.14566802978516,126.12163543701172,85.55270385742188,319.07232666015625,199.86978149414062,122.3759994506836,191.246826171875,41.91057205200195,33.57589340209961
2020-08-18,112.09256744384766,77.10528564453125,127.05280303955078,84.36003875732422,319.8161315917969,201.0198516845703,125.80599975585938,190.84408569335938,41.63549041748047,33.41053009033203
2020-08-19,112.23322296142578,76.55169677734375,127.30677032470703,84.5573959350586,321.16888427734375,199.80027770996094,125.23533630371094,192.7428741455078,40.924625396728516,33.040428161621094
2020-08-20,114.7236099243164,78.11978149414062,128.17861938476562,83.5449447631836,325.9227600097656,204.44993591308594,133.45533752441406,195.77317810058594,40.355918884277344,32.5364875793457
2020-08-21,120.63562774658203,78.08610534667969,129.31298828125,83.50203704833984,325.710205078125,202.96356201171875,136.6653289794922,195.75399780273438,40.68354415893555,32.29238510131836
2020-08-24,122.07844543457031,78.5608901977539,129.65382385253906,85.85298919677734,332.0291442871094,203.60198974609375,134.27999877929688,197.94046020507812,40.590824127197266,33.245174407958984
2020-08-25,121.07694244384766,79.5867919921875,129.57713317871094,86.23054504394531,335.9133605957031,206.25070190429688,134.8893280029297,199.5610809326172,40.37446594238281,32.19002151489258
2020-08-26,122.7235107421875,81.48395538330078,129.78164672851562,85.0207290649414,339.1598205566406,210.7097930908203,143.54466247558594,201.6324920654297,40.39611053466797,31.504961013793945
2020-08-27,121.25639343261719,80.71031951904297,130.3611297607422,87.81785583496094,343.97149658203125,215.88339233398438,149.25,202.37086486816406,42.22890853881836,31.292346954345703
2020-08-28,121.05997467041016,81.25102233886719,130.9235382080078,88.1781997680664,353.74969482421875,218.10340881347656,147.55999755859375,206.85890197753906,43.36323547363281,32.0404052734375
2020-08-31,125.16539001464844,80.76038360595703,130.72756958007812,85.96455383300781,346.0876159667969,214.88299560546875,166.10667419433594,203.29147338867188,42.915069580078125,31.4498348236084
2020-09-01,130.1510467529297,82.02664184570312,129.11697387695312,85.9216537475586,344.8411560058594,216.5408477783203,158.35000610351562,204.59571838378906,45.61637878417969,31.048250198364258
2020-09-02,127.45452117919922,85.11476135253906,131.08543395996094,87.21725463867188,348.5127868652344,220.7140655517578,149.1233367919922,207.59725952148438,45.644195556640625,30.859264373779297
2020-09-03,117.25040435791016,80.75938415527344,127.4382553100586,86.94268798828125,332.2223815917969,207.04151916503906,135.6666717529297,200.38583374023438,44.6737060546875,30.796276092529297
2020-09-04,117.3280258178711,78.36561584472656,126.62020874023438,88.82172393798828,323.6907958984375,204.1355438232422,139.44000244140625,196.26226806640625,44.145179748535156,30.77265739440918
2020-09-08,109.43244171142578,75.51042175292969,125.48687744140625,85.73287200927734,318.73406982421875,193.09268188476562,110.06999969482422,191.90855407714844,42.79143524169922,30.063974380493164
2020-09-09,113.79730987548828,76.68154907226562,127.5660629272461,86.5479736328125,328.164306640625,201.31524658203125,122.09333038330078,195.68690490722656,43.23651123046875,29.882863998413086
2020-09-10,110.08231353759766,75.63185119628906,125.1885986328125,85.65567016601562,321.6327209472656,195.67471313476562,123.77999877929688,193.2703094482422,42.28456115722656,29.134803771972656
2020-09-11,108.6370620727539,75.12187194824219,125.92996978759766,86.7195816040039,318.9949951171875,194.39794921875,124.23999786376953,192.44554138183594,42.250553131103516,29.056060791015625
2020-09-14,111.89614868164062,74.77840423583984,126.41569519042969,87.92080688476562,327.159423828125,195.71279907226562,139.8733367919922,196.56912231445312,42.44218444824219,28.86708641052246
2020-09-15,112.07073211669922,76.08135986328125,126.87586212158203,85.18376159667969,327.68121337890625,198.92376708984375,149.9199981689453,196.9623260498047,42.45454406738281,28.559980392456055
2020-09-16,108.76313018798828,74.93999481201172,126.45829010009766,85.54412078857422,330.2996826171875,195.36984252929688,147.25332641601562,196.7130126953125,42.11455535888672,29.772621154785156
2020-09-17,107.02690124511719,73.69849395751953,125.4101791381836,84.56597137451172,327.9613952636719,193.3308563232422,141.14332580566406,196.84722900390625,42.247459411621094,29.76474380493164
2020-09-18,103.63197326660156,71.91678619384766,127.12296295166016,84.38578796386719,323.9323425292969,190.9298095703125,147.38333129882812,194.29638671875,41.814754486083984,29.284412384033203
2020-09-21,106.77468872070312,70.8785171508789,123.6462173461914,81.7774429321289,316.77264404296875,192.97828674316406,149.79666137695312,189.3480987548828,42.36491394042969,28.685964584350586
2020-09-22,108.45274353027344,72.34945678710938,122.8877944946289,80.88508605957031,323.98065185546875,197.6279296875,141.41000366210938,192.33045959472656,42.748165130615234,27.97728729248047
2020-09-23,103.90357971191406,69.8501205444336,123.08380889892578,79.57231140136719,313.56488037109375,191.120361328125,126.78666687011719,187.3534393310547,42.031105041503906,27.079618453979492
2020-09-24,104.97052764892578,70.5177001953125,123.27979278564453,79.503662109375,317.1204528808594,193.59764099121094,129.26333618164062,187.49725341796875,42.250553131103516,27.024494171142578
2020-09-25,108.90864562988281,71.32060241699219,124.1234130859375,80.19869232177734,320.5699157714844,198.00906372070312,135.77999877929688,189.1562957763672,42.42673110961914,27.276479721069336
2020-09-28,111.50814819335938,72.2919692993164,125.35904693603516,82.50672912597656,326.95648193359375,199.5525665283203,140.39999389648438,192.10035705566406,42.4205436706543,27.804054260253906
2020-09-29,110.66429138183594,72.65673828125,125.3164291381836,81.81175231933594,324.86956787109375,197.4754638671875,139.69000244140625,191.25645446777344,42.386539459228516,26.993003845214844
2020-09-30,112.33263397216797,72.63592529296875,126.86734771728516,82.60111236572266,326.744140625,200.4005584716797,143.00332641601562,191.76466369628906,43.24267578125,27.032379150390625
2020-10-01,113.28321838378906,73.74111938476562,125.53797912597656,83.20174407958984,331.7682800292969,202.4300079345703,149.3866729736328,195.0060272216797,44.22245407104492,26.087461471557617
2020-10-02,109.62642669677734,72.14031219482422,124.61766815185547,83.99109649658203,327.3817138671875,196.45599365234375,138.3633270263672,193.19357299804688,43.42504119873047,25.96934700012207
2020-10-05,113.00194549560547,73.48983764648438,126.31346893310547,85.766357421875,331.6523132324219,200.4481964111328,141.89332580566406,195.18821716308594,43.82684326171875,26.567790985107422
2020-10-06,109.76222229003906,71.913330078125,124.63471984863281,84.88304901123047,326.02899169921875,196.18923950195312,137.9933319091797,192.22500610351562,43.46521759033203,26.292190551757812
2020-10-07,111.62456512451172,72.31575775146484,126.0151596069336,86.3638916015625,332.2802734375,199.92413330078125,141.76666259765625,194.162109375,43.54557418823242,26.37880516052246
2020-10-08,111.51786804199219,73.51959228515625,126.87586212158203,88.13912963867188,333.87646484375,200.6387481689453,141.97332763671875,194.65122985839844,43.69084930419922,27.76468849182129
2020-10-09,113.45781707763672,74.85871887207031,128.64830017089844,87.63687133789062,340.87994384765625,205.62185668945312,144.6666717529297,198.1610107421875,44.129730224609375,27.35521697998047
2020-10-12,120.66471862792969,77.54192352294922,129.3896942138672,88.710693359375,340.5414733886719,210.9479522705078,147.43333435058594,197.9308624267578,44.584068298339844,27.268596649169922
2020-10-13,117.46379089355469,77.66482543945312,126.42422485351562,87.27316284179688,334.5439453125,212.3390655517578,148.88333129882812,195.9362335205078,45.19603729248047,26.945758819580078
2020-10-14,117.55111694335938,77.48491668701172,126.20266723632812,86.78821563720703,331.50653076171875,210.4334259033203,153.76666259765625,193.90316772460938,44.48826217651367,26.89063835144043
2020-10-15,117.08551025390625,77.08992767333984,125.42720794677734,88.08718872070312,327.5113830566406,209.29010009765625,149.6266632080078,191.36192321777344,44.67061233520508,27.126861572265625
2020-10-16,115.44625091552734,77.69606018066406,126.20266723632812,87.90531158447266,328.3143005371094,209.29010009765625,146.55667114257812,192.04278564453125,44.72624588012695,26.851261138916016
2020-10-19,112.49755859375,75.82512664794922,122.9815444946289,86.42449951171875,320.8367919921875,204.1068572998047,143.61000061035156,188.8877716064453,44.18227767944336,26.31580924987793
2020-10-20,113.98159790039062,76.87234497070312,123.17758178710938,86.91810607910156,320.8851318359375,204.5166473388672,140.64666748046875,189.58786010742188,44.475894927978516,26.53629493713379
2020-10-21,113.36084747314453,78.6025161743164,122.64923095703125,86.05213928222656,322.5295104980469,204.65953063964844,140.8800048828125,190.28787231445312,44.63043212890625,26.111085891723633
2020-10-22,112.27445983886719,79.6269302368164,123.62916564941406,89.09171295166016,322.7037048339844,204.7453155517578,141.92999267578125,189.865966796875,44.36771011352539,27.449710845947266
2020-10-23,111.58576965332031,80.9313735961914,123.76555633544922,89.8970718383789,318.8440856933594,206.02200317382812,140.2100067138672,189.88510131835938,44.460445404052734,26.89851188659668
2020-10-26,111.595458984375,78.51825714111328,122.68328094482422,87.6715087890625,307.67132568359375,200.1623992919922,140.0933380126953,185.14779663085938,43.938106536865234,26.26069450378418
2020-10-27,113.09893798828125,79.2413558959961,121.98453521728516,86.01750946044922,306.7523498535156,203.18275451660156,141.55999755859375,182.26133728027344,44.157554626464844,25.843355178833008
2020-10-28,107.86105346679688,74.87606048583984,117.90274810791016,83.60142517089844,281.8627624511719,193.1116485595703,135.33999633789062,173.44839477539062,43.28285217285156,24.859073638916016
2020-10-29,111.85735321044922,77.15982055664062,116.90574645996094,84.14698028564453,283.60394287109375,195.05538940429688,136.94332885742188,177.2842559814453,43.24578094482422,25.961471557617188
2020-10-30,105.59134674072266,80.09526824951172,116.83759307861328,84.90038299560547,279.2123107910156,192.91165161132812,129.34666442871094,174.25396728515625,42.88416290283203,25.685869216918945
2020-11-02,105.5040283203125,80.50216674804688,118.18399047851562,86.81419372558594,280.4988708496094,192.77825927734375,133.50332641601562,177.1596221923828,43.39413070678711,26.7646484375
2020-11-03,107.12389373779297,81.55978393554688,118.02207946777344,89.55068969726562,285.74176025390625,196.68466186523438,141.3000030517578,180.6119384765625,44.129730224609375,26.307941436767578
2020-11-04,111.49845123291016,86.52526092529297,118.78898620605469,86.81419372558594,297.1661071777344,206.17445373535156,140.32666015625,186.0108642578125,43.87629318237305,26.16620445251465
2020-11-05,115.45596313476562,87.35045623779297,119.09576416015625,90.36470031738281,306.1913146972656,212.7487335205078,146.02999877929688,189.5302734375,44.342987060546875,26.118959426879883
2020-11-06,115.32479095458984,87.21316528320312,121.21759796142578,89.1609878540039,303.39569091796875,213.15843200683594,143.31666564941406,190.3262481689453,45.053871154785156,25.811859130859375
2020-11-09,113.02200317382812,87.29692077636719,124.48135375976562,101.23270416259766,333.3056640625,208.08006286621094,140.4199981689453,203.9531707763672,44.3646240234375,29.07968521118164
2020-11-10,112.68191528320312,86.1223373413086,126.35604858398438,100.90363311767578,323.8451843261719,201.04844665527344,136.7866668701172,204.55735778808594,44.988956451416016,29.724828720092773
2020-11-11,116.10211181640625,86.5936508178711,125.94701385498047,99.39684295654297,321.5332946777344,206.32691955566406,139.0433349609375,203.97232055664062,45.73693084716797,29.418384552001953
2020-11-12,115.83003997802734,86.37509155273438,126.37307739257812,98.17583465576172,317.5671081542969,205.26931762695312,137.25332641601562,200.01544189453125,45.8141975402832,28.410350799560547
2020-11-13,115.87865447998047,87.83415222167969,127.73652648925781,98.79065704345703,324.0870056152344,206.28880310058594,136.1666717529297,202.14756774902344,46.52814865112305,29.095815658569336
2020-11-16,116.88915252685547,87.921875,128.54605102539062,101.57909393310547,324.49334716796875,206.97482299804688,136.02999877929688,204.27967834472656,47.115386962890625,30.773178100585938
2020-11-17,116.00492858886719,87.30879974365234,127.26785278320312,100.54859924316406,325.50909423828125,204.33563232421875,147.20333862304688,202.3684844970703,46.166534423828125,31.184452056884766
2020-11-18,114.68350219726562,86.26705169677734,125.58058166503906,99.8038330078125,324.96728515625,201.64170837402344,162.2133331298828,199.60247802734375,46.07999038696289,30.007068634033203
2020-11-19,115.27620697021484,87.15565490722656,125.38460540771484,100.07231140136719,322.97467041015625,202.92173767089844,166.42333984375,199.35276794433594,47.01649856567383,30.160282135009766
2020-11-20,114.0130615234375,86.05592346191406,124.71992492675781,99.2149887084961,312.4499816894531,200.98257446289062,163.20333862304688,195.8088836669922,46.4354362487793,29.789339065551758
2020-11-23,110.62203979492188,85.6187973022461,123.45000457763672,102.07271575927734,321.1946716308594,200.71507263183594,173.9499969482422,199.91940307617188,46.64868927001953,31.74087905883789
2020-11-24,111.90460205078125,87.41983795166016,123.45000457763672,106.79228210449219,331.2066650390625,204.29742431640625,185.1266632080078,201.37924194335938,46.78158950805664,33.853729248046875
2020-11-25,112.7402114868164,87.43122100830078,123.28693389892578,105.67517852783203,330.1716003417969,204.30691528320312,191.3333282470703,202.5413818359375,46.92686080932617,32.91020965576172
2020-11-27,113.2843246459961,88.565673828125,123.56153106689453,104.97372436523438,327.9950866699219,205.6061553955078,195.25332641601562,202.64697265625,46.85576248168945,32.41022491455078
2020-11-30,115.6745834350586,86.94900512695312,124.14502716064453,102.08135986328125,325.5187072753906,204.49798583984375,189.1999969482422,202.02273559570312,47.223575592041016,30.748981475830078
2020-12-01,119.24051666259766,88.97899627685547,126.52186584472656,103.69207000732422,327.811279296875,206.5423126220703,194.9199981689453,202.83908081054688,47.177223205566406,31.0473575592041
2020-12-02,119.59031677246094,90.44648742675781,127.11392974853516,105.68383026123047,329.1075134277344,205.73983764648438,189.60667419433594,201.85943603515625,46.521968841552734,32.2086067199707
2020-12-03,119.45428466796875,90.2913589477539,127.85186004638672,104.99103546142578,324.1934509277344,204.66036987304688,197.7933349609375,199.8137664794922,46.14490509033203,32.42633819580078
2020-12-04,118.78387451171875,90.38653564453125,128.9416046142578,105.94361114501953,333.10260009765625,204.7750244140625,199.67999267578125,204.26048278808594,46.02436828613281,33.61178970336914
2020-12-07,120.2413330078125,90.05297088623047,127.82612609863281,105.54524993896484,329.8233947753906,204.7081298828125,213.9199981689453,204.23170471191406,45.777095794677734,32.9827766418457
2020-12-08,120.85346221923828,89.7704849243164,130.03993225097656,105.64918518066406,329.6589660644531,206.3512725830078,216.6266632080078,204.34693908691406,46.19125747680664,34.06339645385742
2020-12-09,118.32718658447266,88.11167907714844,131.3699188232422,104.82649993896484,325.84765625,202.32948303222656,201.4933319091797,201.28321838378906,45.8265495300293,34.51498794555664
2020-12-10,119.74578094482422,87.60568237304688,130.64059448242188,104.15105438232422,320.691650390625,201.1067352294922,209.02333068847656,199.39117431640625,45.61250686645508,35.490760803222656
2020-12-11,118.93932342529297,87.96002960205078,131.2412567138672,103.53620147705078,316.72564697265625,203.72421264648438,203.3300018310547,198.07542419433594,45.600101470947266,35.3214111328125
2020-12-14,118.32718658447266,86.84294891357422,127.91194152832031,102.44508361816406,320.3338317871094,204.6221923828125,213.27667236328125,199.0454559326172,45.181331634521484,34.047264099121094
2020-12-15,124.25423431396484,87.28006744384766,129.1990509033203,104.19435119628906,322.7521667480469,204.55531311035156,211.0833282470703,200.11151123046875,45.15961837768555,34.708526611328125
2020-12-16,124.18621063232422,87.08727264404297,128.42677307128906,104.4974365234375,321.2528381347656,209.47500610351562,207.58999633789062,200.02503967285156,45.11307907104492,35.24076843261719
2020-12-17,125.05097198486328,86.26060485839844,131.81613159179688,103.6314697265625,325.89593505859375,209.6088104248047,218.63333129882812,202.81982421875,45.320919036865234,35.063358306884766
2020-12-18,123.06883239746094,85.5523910522461,132.57981872558594,103.12055206298828,329.2138671875,208.8158416748047,231.6666717529297,202.94473266601562,45.274391174316406,34.45853805541992
2020-12-21,124.59429168701172,85.96571350097656,131.30126953125,106.99146270751953,323.4486083984375,212.63705444335938,216.6199951171875,200.7357635498047,45.28059005737305,33.82952880859375
2020-12-22,128.14083862304688,85.25502014160156,131.0438995361328,105.3634262084961,321.3882141113281,213.9266357421875,213.44667053222656,197.69125366210938,44.73153305053711,33.25696563720703
2020-12-23,127.24687194824219,85.6520004272461,130.3745574951172,108.30775451660156,318.4765319824219,211.13723754882812,215.32666015625,197.17263793945312,44.42753601074219,33.68437194824219
2020-12-24,128.22825622558594,85.94588470458984,130.82936096191406,107.83145904541016,325.02532958984375,212.7898406982422,220.58999633789062,200.4380645751953,44.51438903808594,33.54727554321289
2020-12-28,132.81443786621094,87.91840362548828,131.44717407226562,108.54154968261719,333.2187194824219,214.9010772705078,221.22999572753906,204.2124786376953,45.047943115234375,33.66018295288086
2020-12-29,131.0460662841797,87.11552429199219,132.26234436035156,108.25579833984375,335.3372497558594,214.1272735595703,221.99667358398438,205.88356018066406,44.76255416870117,33.281150817871094
2020-12-30,129.9286651611328,86.04949188232422,133.90121459960938,108.55888366699219,343.9367370605469,211.76771545410156,231.5933380126953,209.71563720703125,44.72533416748047,33.54727554321289
2020-12-31,128.9278564453125,86.86178588867188,135.0424346923828,110.03970336914062,345.2814025878906,212.474609375,235.22332763671875,210.0709686279297,44.71603012084961,33.24083709716797
2021-01-04,125.74089813232422,85.54793548583984,134.287353515625,109.00052642822266,340.0093994140625,207.95611572265625,243.2566680908203,209.1393585205078,45.45431137084961,33.466636657714844
2021-01-05,127.29547119140625,86.23780822753906,135.86624145507812,109.59361267089844,336.0723876953125,208.15673828125,245.0366668701172,206.0180206298828,45.21234893798828,35.07948684692383
2021-01-06,123.01051330566406,85.3868408203125,137.14476013183594,114.73971557617188,336.1981201171875,202.7593536376953,251.9933319091797,204.2028350830078,45.49463653564453,35.97461700439453
2021-01-07,127.20803833007812,87.93724822998047,137.60809326171875,118.5076675415039,338.86163330078125,208.529296875,272.0133361816406,205.34576416015625,45.49152755737305,36.25686264038086
2021-01-08,128.30599975585938,89.10143280029297,137.32492065429688,118.63848114013672,342.7261962890625,209.7998046875,293.3399963378906,206.92083740234375,45.485328674316406,36.66007995605469
2021-01-11,125.32304382324219,87.04266357421875,136.75003051757812,120.40908813476562,337.25384521484375,207.7650909423828,270.39666748046875,204.46218872070312,45.6900634765625,37.7729377746582
2021-01-12,125.14816284179688,86.10796356201172,135.68601989746094,122.30178833007812,332.1398010253906,205.3195343017578,283.14666748046875,200.59170532226562,46.211204528808594,38.611637115478516
2021-01-13,127.17887878417969,86.59464263916016,135.4800567626953,122.41516876220703,335.442626953125,206.66647338867188,284.8033447265625,201.06231689453125,45.73969650268555,39.047096252441406
2021-01-14,125.25501251220703,85.78532409667969,137.84829711914062,123.13037872314453,316.6524353027344,203.49493408203125,281.6666564941406,193.8688201904297,45.59080505371094,40.57123947143555
2021-01-15,123.53522491455078,85.62176513671875,137.54800415039062,120.9237060546875,313.097900390625,203.1415252685547,275.38665771484375,193.60946655273438,44.868011474609375,38.61968231201172
2021-01-19,124.20564270019531,88.43930053710938,139.676025390625,120.40036010742188,315.6936340332031,206.76202392578125,281.51666259765625,193.6767578125,44.48026657104492,39.38578796386719
2021-01-20,128.2865753173828,93.17727661132812,139.33277893066406,118.59490966796875,324.381591796875,214.30880737304688,283.48333740234375,197.85452270507812,45.137901306152344,39.942230224609375
2021-01-21,132.9893341064453,93.37947845458984,138.7751007080078,117.60054016113281,323.9263916015625,214.9105987548828,281.663330078125,197.0189971923828,44.93316650390625,38.79710006713867
2021-01-22,135.12698364257812,93.7962875366211,140.3367156982422,116.69344329833984,318.647705078125,215.84678649902344,282.21331787109375,194.0225067138672,45.39226531982422,38.248741149902344
2021-01-25,138.86778259277344,93.88152313232422,142.4218292236328,115.23685455322266,318.8414306640625,219.2667236328125,293.6000061035156,193.02365112304688,45.35193634033203,37.82133865356445
2021-01-26,139.1009521484375,94.55902099609375,146.28309631347656,114.765869140625,317.3982849121094,221.9414825439453,294.36334228515625,194.0128631591797,45.7583122253418,36.99071502685547
2021-01-27,138.0321502685547,90.14764404296875,144.0521240234375,111.5212173461914,305.5721435546875,222.48602294921875,288.0533447265625,187.25155639648438,44.61985397338867,36.57137680053711
2021-01-28,133.20309448242188,91.8455810546875,145.1504669189453,113.48370361328125,314.08575439453125,228.24636840820312,278.4766540527344,190.37289428710938,44.591941833496094,37.14393615722656
2021-01-29,128.2185516357422,90.56493377685547,139.97634887695312,112.22771453857422,306.3470153808594,221.58804321289062,264.510009765625,185.5996856689453,43.58067321777344,36.160091400146484
2021-02-01,130.33673095703125,93.82157135009766,139.615966796875,113.05632019042969,311.45123291015625,228.93421936035156,279.9366760253906,190.50738525390625,43.20222473144531,36.224605560302734
2021-02-02,131.1626434326172,95.11260986328125,138.36317443847656,116.53643798828125,323.8586120605469,228.8004608154297,290.92999267578125,194.58914184570312,43.66752243041992,36.79717254638672
2021-02-03,130.1424102783203,102.0392074584961,137.71961975097656,117.87093353271484,322.3573303222656,232.13441467285156,284.89666748046875,193.3886260986328,43.80091857910156,38.24067306518555
2021-02-04,133.49459838867188,101.77900695800781,138.99815368652344,120.58348846435547,330.1155090332031,231.18869018554688,283.3299865722656,200.96624755859375,44.2134895324707,38.97452163696289
2021-02-05,133.08102416992188,103.52352905273438,141.1090087890625,120.34801483154297,328.1009521484375,231.37017822265625,284.07666015625,200.50527954101562,44.781166076660156,40.28093338012695
2021-02-08,133.2270050048828,103.30992126464844,141.51231384277344,122.23199462890625,326.43499755859375,231.6281280517578,287.8066711425781,198.69972229003906,44.98900604248047,42.014739990234375
2021-02-09,132.3511962890625,102.8574447631836,142.670654296875,121.74354553222656,322.9577941894531,232.87001037597656,283.1533203125,198.34437561035156,45.23717498779297,41.522666931152344
2021-02-10,131.74789428710938,103.40706634521484,143.13401794433594,121.81336212158203,323.7035827636719,231.9624481201172,268.2733459472656,198.26751708984375,44.709815979003906,41.92452621459961
2021-02-11,131.494873046875,103.51956176757812,142.490478515625,121.47322845458984,332.0914001464844,233.55780029296875,270.5533447265625,202.63453674316406,44.67568588256836,40.87478256225586
2021-02-12,131.72842407226562,103.830810546875,142.93667602539062,123.20015716552734,330.2801513671875,234.03541564941406,272.0400085449219,201.96121215820312,44.815284729003906,41.43245315551758
2021-02-16,129.60707092285156,104.607421875,141.64096069335938,126.16567993164062,330.4834899902344,232.80308532714844,265.40667724609375,199.97967529296875,45.18442916870117,42.67903518676758
2021-02-17,127.32029724121094,104.99992370605469,142.14724731445312,126.55819702148438,326.7256164550781,233.81800842285156,266.04998779296875,199.6045684814453,45.662147521972656,43.34333419799805
2021-02-18,126.22067260742188,104.36505889892578,142.21592712402344,126.98558044433594,327.8199768066406,233.4254608154297,262.4599914550781,201.3744659423828,42.70279312133789,42.66263961791992
2021-02-19,126.37635040283203,103.52252960205078,139.84762573242188,129.1050262451172,322.6963195800781,230.725341796875,260.4333190917969,196.93048095703125,42.913734436035156,42.94968032836914
2021-02-22,122.61048126220703,101.81022644042969,139.76126098632812,130.31744384765625,329.9508056640625,224.53997802734375,238.1666717529297,200.38369750976562,42.71208953857422,44.53249740600586
2021-02-23,122.4742431640625,102.10064697265625,138.526611328125,131.3640899658203,339.4039611816406,223.35272216796875,232.94667053222656,204.029296875,42.02344512939453,45.14760208129883
2021-02-24,121.97797393798828,103.27474212646484,140.38294982910156,133.67544555664062,355.7727355957031,224.57826232910156,247.33999633789062,211.07044982910156,41.32236862182617,46.500797271728516
2021-02-25,117.7352523803711,99.91156768798828,140.52976989746094,131.86123657226562,343.423583984375,219.25466918945312,227.4066619873047,205.60682678222656,40.931522369384766,45.72987747192383
2021-02-26,117.99797821044922,100.2069320678711,136.81704711914062,128.36366271972656,342.7261962890625,222.5005645751953,225.1666717529297,204.29864501953125,40.30180358886719,44.58991622924805
2021-03-01,124.35234069824219,102.57347106933594,137.5595703125,131.2681121826172,351.4917907714844,226.86669921875,239.47666931152344,208.37710571289062,40.7515983581543,46.254756927490234
2021-03-02,121.75415802001953,102.3167495727539,137.300537109375,130.84072875976562,351.41424560546875,223.92718505859375,228.81333923339844,207.5498809814453,40.360748291015625,45.98411178588867
2021-03-03,118.77645111083984,99.68656158447266,134.88294982910156,133.37014770507812,348.9249572753906,217.88548278808594,217.73333740234375,206.66488647460938,39.57901382446289,46.353172302246094
2021-03-04,116.89838409423828,100.80266571044922,132.16323852539062,131.3204803466797,338.5129699707031,217.0907745361328,207.14666748046875,203.4425506591797,39.5604133605957,48.14923095703125
2021-03-05,118.1536865234375,103.93190002441406,134.7793731689453,131.625732421875,349.5352478027344,221.7537384033203,199.31666564941406,207.20359802246094,40.05364227294922,49.969905853271484
2021-03-08,113.22979736328125,99.4927749633789,135.9018096923828,133.37014770507812,359.6566467285156,217.72268676757812,187.6666717529297,211.87841796875,39.66899108886719,49.92069625854492
2021-03-09,117.83256530761719,101.12134552001953,136.16085815429688,132.42819213867188,364.68353271484375,223.8410186767578,224.52667236328125,211.96502685546875,39.982303619384766,49.14978790283203
2021-03-10,116.75243377685547,100.9146728515625,137.41281127929688,135.3065185546875,369.7007141113281,222.538818359375,222.68666076660156,214.66795349121094,41.002872467041016,50.65879821777344
2021-03-11,118.67916107177734,104.1038818359375,137.40414428710938,134.6000213623047,372.2964782714844,227.04864501953125,233.1999969482422,217.53440856933594,40.98735809326172,50.28154373168945
2021-03-12,117.774169921875,101.5990982055664,137.80133056640625,136.19615173339844,370.67901611328125,225.72726440429688,231.2433319091797,215.8125762939453,41.604671478271484,50.82282257080078
2021-03-15,120.65455627441406,101.81915283203125,138.5093536376953,135.51580810546875,369.7589111328125,224.82723999023438,235.97999572753906,214.76416015625,41.39061737060547,49.52703857421875
2021-03-16,122.19202423095703,103.27870178222656,139.32962036132812,133.8935089111328,370.3592834472656,227.60394287109375,225.6266632080078,216.13967895507812,41.37821578979492,48.477291107177734
2021-03-17,121.40381622314453,103.19593048095703,138.8115234375,135.2716064453125,366.77569580078125,226.96243286132812,233.93666076660156,214.523681640625,41.033878326416016,48.69051742553711
2021-03-18,117.28762817382812,100.17869567871094,138.55252075195312,137.50448608398438,355.46282958984375,220.9111328125,217.72000122070312,212.25355529785156,40.49810791015625,46.590999603271484
2021-03-19,116.76214599609375,100.45722961425781,138.1812744140625,135.315185546875,345.3026428222656,220.55685424804688,218.2899932861328,199.0177459716797,41.03700637817383,46.32856750488281
2021-03-22,120.07068634033203,100.64207458496094,138.57839965820312,131.67808532714844,347.13311767578125,225.9570770263672,223.3333282470703,200.07586669921875,41.23324966430664,45.85289764404297
2021-03-23,119.2435531616211,101.1694107055664,138.44888305664062,130.36105346679688,344.1015625,227.4794921875,220.72000122070312,200.2201690673828,41.72230529785156,45.28701400756836
2021-03-24,116.85945892333984,100.7332763671875,139.79580688476562,131.37278747558594,348.3438720703125,225.44961547851562,210.08999633789062,200.1431884765625,41.46376419067383,46.205562591552734
2021-03-25,117.34600067138672,100.72980499267578,139.84762573242188,133.05616760253906,347.0944519042969,222.46224975585938,213.4633331298828,200.04701232910156,41.744110107421875,46.074337005615234
2021-03-26,117.94933319091797,100.34669494628906,142.40335083007812,135.2716064453125,354.6298828125,226.4262237548828,206.23666381835938,205.39520263671875,42.09298324584961,47.32912063598633
2021-03-29,118.1244888305664,101.39045715332031,143.3617706298828,133.16957092285156,351.5013732910156,225.23898315429688,203.76333618164062,206.33786010742188,42.57270050048828,47.074886322021484
2021-03-30,116.67457580566406,101.42416381835938,142.472412109375,134.7395477294922,346.9395446777344,221.99307250976562,211.8733367919922,203.82733154296875,42.28301239013672,46.49259948730469
2021-03-31,118.86404418945312,102.21958923339844,141.902587890625,132.7770538330078,344.85699462890625,225.7464141845703,222.64332580566406,203.66380310058594,42.3110466003418,45.787288665771484
2021-04-01,119.69119262695312,105.55304718017578,140.59019470214844,134.0679168701172,351.8791809082031,232.04666137695312,220.5833282470703,208.598388671875,42.245628356933594,47.066680908203125
2021-04-05,122.51317596435547,109.97283935546875,141.1082000732422,134.7786102294922,356.7413330078125,238.48101806640625,230.35000610351562,210.6953125,43.43242645263672,46.33677291870117
2021-04-06,122.8148193359375,109.49210357666016,141.07366943359375,133.8310546875,357.95196533203125,237.32244873046875,230.5399932861328,210.3201446533203,43.641151428222656,46.205562591552734
2021-04-07,124.45938110351562,110.967529296875,141.2636260986328,135.92791748046875,359.4145202636719,239.27566528320312,223.6566619873047,210.91651916503906,43.54768753051758,46.410587310791016
2021-04-08,126.85318756103516,111.53251647949219,140.71104431152344,136.09466552734375,366.2994384765625,242.4832763671875,227.93333435058594,212.2920684814453,43.5196647644043,45.92671585083008
2021-04-09,129.42218017578125,112.53562927246094,139.2259521484375,137.1123504638672,368.56854248046875,244.97271728515625,225.67333984375,214.04275512695312,43.54146957397461,45.820098876953125
2021-04-12,127.70951843261719,111.24457550048828,139.56271362304688,136.8227996826172,368.3359375,245.03018188476562,233.9933319091797,213.03273010253906,43.54768753051758,45.51665115356445
2021-04-13,130.81369018554688,111.73075103759766,137.69772338867188,135.19091796875,366.6777648925781,247.50051879882812,254.10667419433594,212.599853515625,43.413753509521484,45.68886947631836
2021-04-14,128.478271484375,111.1102523803711,138.07766723632812,132.66419982910156,366.8619384765625,244.7238006591797,244.07666015625,213.5232696533203,43.39817810058594,47.0092658996582
2021-04-15,130.8818359375,113.25821685791016,138.48345947265625,133.5064239501953,374.78448486328125,248.46754455566406,246.28334045410156,217.65945434570312,43.65983963012695,46.73042297363281
2021-04-16,130.55096435546875,113.1343002319336,140.08074951171875,134.49783325195312,374.4742736816406,249.6548614501953,246.5933380126953,217.7845458984375,43.800018310546875,46.46799087524414
2021-04-19,131.21267700195312,113.48172760009766,140.4693145751953,133.92755126953125,370.585693359375,247.73983764648438,238.2100067138672,217.18817138671875,43.5196647644043,46.32036590576172
2021-04-20,129.5292205810547,112.94896697998047,143.7416229248047,130.96209716796875,365.22314453125,247.28030395507812,239.663330078125,214.77377319335938,43.856082916259766,45.34442901611328
2021-04-21,129.9087371826172,112.91624450683594,143.8366241455078,132.0763397216797,371.4971008300781,249.50160217285156,248.0399932861328,218.78488159179688,43.98379135131836,45.92671585083008
2021-04-22,128.3907012939453,111.63609313964844,142.619140625,129.29518127441406,371.74932861328125,246.2366180419922,239.89666748046875,218.9003448486328,43.50719451904297,45.328025817871094
2021-04-23,130.70668029785156,113.98574829101562,142.9127655029297,131.769287109375,375.3373107910156,250.04737854003906,243.13333129882812,221.2377471923828,43.57883834838867,45.57405090332031
2021-04-26,131.09591674804688,114.48136901855469,141.7039794921875,132.0939178466797,375.73486328125,250.43038940429688,246.06666564941406,221.5648193359375,42.95895767211914,45.664276123046875
2021-04-27,130.77479553222656,113.54219818115234,140.89234924316406,132.69924926757812,377.2862854003906,250.83255004882812,234.913330078125,221.1511993408203,43.1053581237793,46.26295852661133
2021-04-28,129.986572265625,116.91529083251953,139.8562469482422,133.55908203125,383.6671142578125,243.7375946044922,231.46665954589844,224.55633544921875,42.95273971557617,47.65716552734375
2021-04-29,129.8892364501953,118.58646392822266,141.7730255126953,136.15602111816406,377.1700134277344,241.77471923828125,225.6666717529297,227.83641052246094,43.49474334716797,48.33785629272461
2021-04-30,127.92362976074219,116.6407241821289,140.5038299560547,134.94532775878906,370.4886779785156,241.45877075195312,236.47999572753906,224.66212463378906,43.58195495605469,46.943660736083984
2021-05-03,128.97454833984375,116.12429809570312,142.64511108398438,134.55047607421875,367.9092102050781,241.15235900878906,228.3000030517578,223.7483367919922,44.27037811279297,48.23944091796875
2021-05-04,124.41070556640625,114.32774353027344,144.85543823242188,136.41046142578125,364.5249328613281,237.25540161132812,224.53334045410156,223.19041442871094,43.83427429199219,48.54289245605469
2021-05-05,124.65399169921875,114.72124481201172,144.2510986328125,138.2002716064453,357.9600524902344,235.99154663085938,223.64666748046875,220.4779052734375,43.796897888183594,50.00270462036133
2021-05-06,126.24987030029297,115.84031677246094,144.82957458496094,140.98150634765625,364.10797119140625,239.11293029785156,221.17999267578125,222.5074462890625,44.109615325927734,50.478370666503906
2021-05-07,126.92241668701172,116.56289672851562,145.48574829101562,141.4640350341797,364.0303955078125,241.72686767578125,224.1233367919922,223.27699279785156,43.84380340576172,51.200077056884766
2021-05-10,123.64727783203125,113.58036041259766,147.01402282714844,141.44644165039062,355.2448425292969,236.67132568359375,209.67999267578125,217.36131286621094,44.037689208984375,51.32310104370117
2021-05-11,122.73102569580078,112.50538635253906,145.8138427734375,139.09515380859375,356.4762878417969,235.76171875,205.73333740234375,216.88995361328125,43.640533447265625,49.69106674194336
2021-05-12,119.6702880859375,109.04557037353516,145.22674560546875,138.13882446289062,345.81927490234375,228.83909606933594,196.6300048828125,212.2247314453125,42.511592864990234,49.95732879638672
2021-05-13,121.81476593017578,110.4724349975586,146.74636840820312,141.69215393066406,349.1162109375,232.69778442382812,190.56333923339844,215.5288543701172,43.230873107910156,49.341590881347656
2021-05-14,124.23213195800781,112.91773223876953,146.97084045410156,143.89425659179688,352.8883972167969,237.60009765625,196.5800018310547,218.61141967773438,43.63114547729492,50.56473159790039
2021-05-17,123.0819320678711,113.44010162353516,147.1175994873047,144.47328186035156,352.296875,234.75634765625,192.27667236328125,218.1298065185547,43.43412780761719,51.74626922607422
2021-05-18,121.69779205322266,112.12922668457031,147.16941833496094,142.43788146972656,352.0738525390625,232.74562072753906,192.6233367919922,217.29168701171875,44.3785514831543,50.28182601928711
2021-05-19,121.54180908203125,112.5767593383789,146.84994506835938,141.3499755859375,350.047119140625,233.32147216796875,187.82000732421875,216.34765625,44.381683349609375,49.07533264160156
2021-05-20,124.09563446044922,114.33367919921875,147.70474243164062,141.1042938232422,356.5635681152344,236.5460662841797,195.5933380126953,218.1298065185547,44.53804397583008,48.95884704589844
2021-05-21,122.26312255859375,113.69831848144531,147.60975646972656,142.7098388671875,356.4666442871094,235.28883361816406,193.6266632080078,218.44769287109375,44.328521728515625,49.02540969848633
2021-05-24,123.89096069335938,117.0144271850586,148.17445373535156,143.48191833496094,361.1019287109375,240.67274475097656,202.14666748046875,220.904052734375,44.33164596557617,49.599544525146484
2021-05-25,123.69601440429688,117.1051025390625,147.76617431640625,141.99917602539062,356.0981750488281,241.57484436035156,201.56333923339844,220.61512756347656,44.513031005859375,48.47624588012695
2021-05-26,123.64727783203125,117.96943664550781,146.8886260986328,141.9816131591797,351.6665344238281,241.3541717529297,206.3766632080078,218.73663330078125,44.459869384765625,49.04204559326172
2021-05-27,122.1169204711914,117.09568786621094,146.66273498535156,144.1925811767578,351.0362243652344,239.261962890625,210.28334045410156,218.53436279296875,44.30976486206055,48.72586441040039
2021-05-28,121.46382904052734,116.80674743652344,147.04501342773438,144.0960693359375,349.6591796875,239.6171112060547,208.4066619873047,218.9582061767578,44.41608810424805,48.567771911621094
2021-06-01,121.14214324951172,118.01255798339844,143.81309509277344,145.68409729003906,348.8931579589844,237.42897033691406,207.96665954589844,218.3127899169922,44.300384521484375,50.30678939819336
2021-06-02,121.9024658203125,117.48770904541016,144.3951873779297,145.69284057617188,355.7393798828125,237.33299255371094,201.7066650390625,221.23159790039062,44.20343017578125,50.7061882019043
2021-06-03,120.42086791992188,116.34732055664062,144.2561492919922,145.78932189941406,350.8616638183594,235.8070831298828,190.94667053222656,219.73849487304688,44.281612396240234,50.905879974365234
2021-06-04,122.71150207519531,118.62661743164062,144.19532775878906,146.0262908935547,354.9345397949219,240.68235778808594,199.68333435058594,221.69400024414062,44.35979461669922,51.13053512573242
2021-06-07,122.72126770019531,119.05926513671875,143.213623046875,145.34190368652344,353.0532531738281,243.58062744140625,201.7100067138672,222.83067321777344,44.062713623046875,50.797706604003906
2021-06-08,123.5400390625,118.86795806884766,141.9538116455078,144.7628936767578,354.1974792480469,242.390625,201.19667053222656,223.5338897705078,43.72809600830078,51.696346282958984
2021-06-09,123.92021942138672,119.33879852294922,143.86520385742188,142.9554901123047,352.3259582519531,243.3694610595703,199.5933380126953,223.78431701660156,43.49354934692383,52.1290168762207
2021-06-10,122.92595672607422,120.68635559082031,145.1597137451172,140.72706604003906,353.2665710449219,246.87237548828125,203.3733367919922,225.36415100097656,43.74372482299805,52.212223052978516
2021-06-11,124.1346664428711,120.44203186035156,143.31785583496094,140.6304931640625,354.43023681640625,247.49615478515625,203.29666137695312,226.3370819091797,44.01579666137695,51.72962188720703
2021-06-14,127.18562316894531,121.36929321289062,143.67404174804688,138.244140625,355.4194030761719,249.41563415527344,205.89666748046875,225.48939514160156,43.956390380859375,51.64641571044922
2021-06-15,126.36685180664062,120.35231018066406,142.90951538085938,136.14724731445312,356.970947265625,247.94723510742188,199.7866668701172,224.4297637939453,43.7812614440918,53.52688980102539
2021-06-16,126.86397552490234,119.71099090576172,142.85740661621094,137.1035919189453,352.8012390136719,247.00674438476562,201.6233367919922,221.17381286621094,42.8900032043457,53.335514068603516
2021-06-17,128.46253967285156,120.6734619140625,143.54376220703125,133.14674377441406,356.166015625,250.3848876953125,205.53334045410156,223.6301727294922,43.06824493408203,51.579856872558594
2021-06-18,127.1661148071289,119.05531311035156,140.7288360595703,129.77767944335938,356.2921142578125,248.9741668701172,207.77000427246094,221.95407104492188,42.27080535888672,50.25687026977539
2021-06-21,128.9596710205078,120.7418441772461,142.34475708007812,131.9798583984375,361.7903747558594,252.04515075683594,206.94332885742188,225.7205810546875,42.65545654296875,52.0791015625
2021-06-22,130.5972442626953,121.25529479980469,142.15367126464844,131.7868194580078,366.5904541015625,254.8090362548828,207.90333557128906,227.27145385742188,42.85247039794922,53.077579498291016
2021-06-23,130.32431030273438,121.0535888671875,141.29354858398438,132.58522033691406,363.7782897949219,254.5787353515625,218.85667419433594,226.0673065185547,42.51784896850586,53.468658447265625
2021-06-24,130.04168701171875,121.42330932617188,141.9364471435547,133.80471801757812,363.400146484375,255.94154357910156,226.60667419433594,227.57009887695312,42.814945220947266,53.68498229980469
2021-06-25,129.7492218017578,121.4317398071289,142.66629028320312,135.15585327148438,368.11285400390625,254.3388214111328,223.9566650390625,228.61045837402344,43.32154846191406,53.801475524902344
2021-06-28,131.37705993652344,121.45899963378906,142.50120544433594,135.4015350341797,356.5441589355469,257.8896789550781,229.57333374023438,225.49900817871094,43.18708419799805,52.428558349609375
2021-06-29,132.887939453125,121.19781494140625,142.50985717773438,135.23484802246094,356.8544921875,260.46173095703125,226.9199981689453,227.290771484375,42.93690490722656,52.10405731201172
2021-06-30,133.50204467773438,121.01643371582031,143.12669372558594,136.4630889892578,354.0326843261719,259.98187255859375,226.56666564941406,225.23890686035156,44.10023880004883,52.486820220947266
2021-07-01,133.80418395996094,121.3683090209961,144.18667602539062,137.81419372558594,359.482421875,260.6536560058594,225.97332763671875,226.52015686035156,43.568607330322266,52.63657760620117
2021-07-02,136.42628479003906,124.15658569335938,146.81044006347656,137.68186950683594,363.6716613769531,266.4598388671875,226.3000030517578,229.87245178222656,43.8156623840332,52.56169509887695
2021-07-06,138.43431091308594,125.08089447021484,145.93295288085938,135.36996459960938,364.72857666015625,266.4693603515625,219.86000061035156,230.80682373046875,43.762489318847656,51.0639762878418
2021-07-07,140.91990661621094,125.36238098144531,147.18406677246094,135.5287628173828,362.5951843261719,268.64794921875,214.88333129882812,231.19215393066406,43.69057083129883,50.26519775390625
2021-07-08,139.6234893798828,123.94495391845703,146.89730834960938,133.1904296875,359.401123046875,266.239013671875,217.60333251953125,227.926513671875,43.653038024902344,50.040531158447266
2021-07-09,141.4462127685547,124.41527557373047,147.47940063476562,137.4524383544922,362.0709533691406,266.7381591796875,218.98333740234375,229.7183074951172,43.87507629394531,50.94748306274414
2021-07-12,140.85162353515625,125.85948181152344,147.24484252929688,139.42022705078125,364.6146240234375,266.1430969238281,228.56666564941406,229.14028930664062,43.796897888183594,50.89755630493164
2021-07-13,141.962890625,126.22225952148438,147.0624237060547,137.34654235839844,372.5270080566406,269.65557861328125,222.84666442871094,233.4558868408203,43.96263885498047,50.65626907348633
2021-07-14,145.38424682617188,127.10989379882812,148.06150817871094,136.87890625,379.4104309082031,271.1239318847656,217.7933349609375,236.96231079101562,44.26598358154297,49.53297424316406
2021-07-15,144.73118591308594,125.88871002197266,146.280517578125,137.17893981933594,378.8570861816406,269.70355224609375,216.86666870117188,239.4283447265625,44.300384521484375,49.05036926269531
2021-07-16,142.69395446777344,125.8540267944336,146.04591369628906,134.04635620117188,375.8376159667969,269.434814453125,214.74000549316406,239.0141143798828,44.26911926269531,47.69409942626953
2021-07-19,138.85340881347656,123.48304748535156,144.98599243164062,129.687255859375,354.79925537109375,265.84564208984375,215.4066619873047,231.5870819091797,44.16591262817383,46.0549201965332
2021-07-20,142.4600067138672,125.10021209716797,146.34999084472656,132.10507202148438,363.47869873046875,268.0625,220.1666717529297,233.79302978515625,44.36605453491211,46.562496185302734
2021-07-21,141.7289276123047,126.42794036865234,147.25355529785156,134.88467407226562,368.9834289550781,270.05859375,218.42999267578125,234.71780395507812,44.14714431762695,48.060211181640625
2021-07-22,143.09361267089844,127.29275512695312,147.67926025390625,133.1815948486328,371.02227783203125,274.6076354980469,216.4199981689453,235.18017578125,44.178409576416016,47.519371032714844
2021-07-23,144.80917358398438,131.8459014892578,149.25177001953125,132.92572021484375,381.7987060546875,277.995361328125,214.4600067138672,239.88107299804688,44.541168212890625,47.461124420166016
2021-07-26,145.228271484375,132.85691833496094,149.3212890625,133.81692504882812,381.35211181640625,277.4002685546875,219.2066650390625,241.06593322753906,44.603721618652344,48.6592903137207
2021-07-27,143.0643768310547,130.74066162109375,150.00765991210938,133.6404266357422,378.8958740234375,274.9914855957031,214.92666625976562,241.72097778320312,44.606849670410156,48.11845779418945
2021-07-28,141.31951904296875,134.8978271484375,149.5906219482422,133.86102294921875,372.264892578125,274.6844787597656,215.66000366210938,237.87742614746094,44.42547607421875,48.44296646118164
2021-07-29,141.962890625,134.58412170410156,149.5906219482422,135.00814819335938,377.4784240722656,274.9530944824219,225.78334045410156,238.82142639160156,44.48175048828125,49.03372573852539
2021-07-30,142.1773223876953,133.5423583984375,149.60801696777344,133.93165588378906,374.69207763671875,273.4272766113281,229.06666564941406,237.34762573242188,44.57870864868164,47.90211868286133
2021-08-02,141.8458709716797,133.6692352294922,149.66880798339844,133.3933563232422,364.3233337402344,273.3408508300781,236.55667114257812,230.9801788330078,44.47549819946289,47.91044235229492
2021-08-03,143.63946533203125,134.4379119873047,151.51063537597656,134.91110229492188,356.8865661621094,275.548095703125,236.5800018310547,228.38890075683594,44.975860595703125,48.42631912231445
2021-08-04,143.23977661132812,133.9378662109375,150.61581420898438,133.4551239013672,357.2846984863281,274.96270751953125,236.97332763671875,227.98431396484375,44.669395446777344,47.29470443725586
2021-08-05,143.34698486328125,135.05392456054688,150.90249633789062,135.1405487060547,361.10015869140625,277.8513488769531,238.2100067138672,231.39442443847656,45.49811935424805,47.5942497253418
2021-08-06,142.66368103027344,134.54544067382812,150.39859008789062,138.97900390625,363.6146240234375,277.7938232421875,233.03334045410156,232.54074096679688,45.416812896728516,48.143409729003906
2021-08-09,142.61483764648438,135.70965576171875,150.91986083984375,138.82899475097656,359.8768615722656,276.7093811035156,237.9199981689453,231.19215393066406,45.5262565612793,47.5942497253418
2021-08-10,142.13650512695312,135.60458374023438,150.97201538085938,140.5320587158203,357.11956787109375,274.8955993652344,236.663330078125,229.33294677734375,46.49570083618164,48.40968704223633
2021-08-11,142.3903350830078,135.0812225341797,150.998046875,142.20864868164062,353.6245422363281,275.3849792480469,235.94000244140625,226.4334259033203,46.91162109375,48.5511360168457
2021-08-12,145.34825134277344,135.9881591796875,152.21441650390625,142.76454162597656,351.43035888671875,278.129638671875,240.75,223.58778381347656,46.78607177734375,48.44131851196289
2021-08-13,145.55325317382812,136.51695251464844,153.12664794921875,141.16737365722656,352.17791748046875,281.0472412109375,239.05667114257812,224.4173583984375,46.9335823059082,47.9514274597168
2021-08-16,147.5252227783203,137.0938720703125,154.50804138183594,140.24082946777344,352.9643859863281,282.7266845703125,228.72332763671875,227.031494140625,47.316505432128906,47.25035095214844
2021-08-17,146.61734008789062,135.46031188964844,155.92417907714844,138.54661560058594,352.6439514160156,281.2678527832031,221.90333557128906,226.23081970214844,47.300819396972656,46.929378509521484
2021-08-18,142.87844848632812,134.2584991455078,153.94334411621094,137.28477478027344,350.4303894042969,279.5467224121094,229.663330078125,223.4334716796875,46.798622131347656,45.941123962402344
2021-08-19,143.2103729248047,134.48744201660156,155.1422882080078,136.1376495361328,346.8965148925781,285.3544006347656,224.49000549316406,223.37554931640625,47.115638732910156,44.53898620605469
2021-08-20,144.66490173339844,136.2216033935547,155.8981475830078,136.52593994140625,344.6440734863281,292.6524963378906,226.75332641601562,223.17300415039062,47.53622055053711,44.54743957519531
2021-08-23,146.14874267578125,138.81065368652344,155.2252197265625,138.27305603027344,350.4886779785156,292.9312438964844,235.43333435058594,225.85464477539062,47.222354888916016,46.3803596496582
2021-08-24,146.06089782714844,140.0198974609375,153.28494262695312,139.12899780273438,351.2362365722656,290.9794616699219,236.163330078125,225.95111083984375,46.73584747314453,46.76044845581055
2021-08-25,144.83087158203125,140.8302459716797,152.27120971679688,141.99684143066406,348.6343078613281,290.3929443359375,237.06666564941406,224.3594970703125,46.75467300415039,46.84491729736328
2021-08-26,144.03033447265625,140.1973419189453,151.45835876464844,142.72923278808594,342.5761413574219,287.5851745605469,233.72000122070312,222.36273193359375,46.24934387207031,46.2114143371582
2021-08-27,145.065185546875,142.73829650878906,151.13504028320312,143.87632751464844,345.3625793457031,288.19091796875,237.30667114257812,224.45596313476562,45.988826751708984,47.10676574707031
2021-08-30,149.47756958007812,143.31964111328125,151.77304077148438,141.57330322265625,342.7605895996094,291.9121398925781,243.6366729736328,223.04763793945312,46.35919189453125,46.591514587402344
2021-08-31,148.21829223632812,143.42568969726562,151.30979919433594,141.1409149169922,336.1394348144531,290.2678527832031,245.24000549316406,220.9929962158203,46.4847526550293,46.050941467285156
2021-09-01,148.8821563720703,143.9391632080078,151.8429412841797,140.93792724609375,339.3820495605469,290.2197570800781,244.69667053222656,221.97686767578125,46.384307861328125,45.41743469238281
2021-09-02,149.99501037597656,142.02760314941406,152.8829345703125,141.5909423828125,331.333740234375,289.56597900390625,244.1300048828125,216.24710083007812,46.629119873046875,46.52394485473633
2021-09-03,150.62954711914062,142.4761199951172,152.9790802001953,140.7349853515625,330.3143005371094,289.5563049316406,244.52333068847656,217.14418029785156,46.845703125,46.3465690612793
2021-09-07,152.96270751953125,143.01239013671875,150.60189819335938,140.48794555664062,334.6636962890625,288.6332702636719,250.97332763671875,218.26312255859375,46.22422790527344,46.07627487182617
2021-09-08,151.42031860351562,142.4280548095703,150.23483276367188,139.8614044189453,340.8092346191406,288.662109375,251.2899932861328,220.9833526611328,46.28386688232422,45.65393829345703
2021-09-09,150.40505981445312,142.27935791015625,146.88751220703125,140.4702606201172,341.1684265136719,285.81591796875,251.6199951171875,219.4400177001953,45.95743942260742,45.6877326965332
2021-09-10,145.42637634277344,139.63778686523438,145.92616271972656,138.85546875,337.26556396484375,284.335205078125,245.42333984375,216.95126342773438,45.79108428955078,45.59481430053711
2021-09-13,145.99253845214844,141.08152770996094,144.9036407470703,141.06149291992188,337.6830139160156,285.5659484863281,247.6666717529297,216.68118286132812,45.53056716918945,46.76890182495117
2021-09-14,144.5965576171875,141.29164123535156,144.02967834472656,138.5995635986328,335.7219543457031,288.2582702636719,248.163330078125,215.13780212402344,45.29203414916992,46.101619720458984
2021-09-15,145.4849395751953,143.16006469726562,144.571533203125,139.56141662597656,334.70257568359375,293.09478759765625,251.94332885742188,215.89019775390625,45.37049865722656,47.65578079223633
2021-09-16,145.25062561035156,142.34774780273438,144.396728515625,139.49961853027344,336.217041015625,293.47943115234375,252.3300018310547,216.3917999267578,45.52114486694336,47.14899444580078
2021-09-17,142.5855712890625,139.56246948242188,143.9859619140625,139.13783264160156,333.0424499511719,288.33526611328125,253.163330078125,213.903076171875,45.4269905090332,46.591514587402344
2021-09-20,139.53981018066406,137.50025939941406,143.1644744873047,134.97288513183594,329.7900390625,282.9794921875,243.38999938964844,212.2632598876953,44.8023796081543,45.34986114501953
2021-09-21,140.01812744140625,137.8109893798828,143.793701171875,134.99053955078125,327.54730224609375,283.4602355957031,246.4600067138672,212.37901306152344,44.89026641845703,45.3076286315918
2021-09-22,142.380615234375,139.05050659179688,143.269287109375,137.5760040283203,333.40155029296875,287.09478759765625,250.64666748046875,214.86770629882812,44.78668212890625,46.633750915527344
2021-09-23,143.33729553222656,139.9748077392578,144.08212280273438,142.2262420654297,343.7508544921875,288.037109375,251.2133331298828,220.23095703125,44.811798095703125,48.21326446533203
2021-09-24,143.42510986328125,140.96502685546875,143.64512634277344,143.8675537109375,347.7218017578125,287.8351745605469,258.1300048828125,223.39488220214844,44.93735122680664,48.64404296875
2021-09-27,141.91200256347656,139.8320770263672,142.6051025390625,147.34420776367188,346.3721923828125,282.8544921875,263.78668212890625,221.47532653808594,44.64858627319336,50.08841323852539
2021-09-28,138.53428649902344,134.63616943359375,142.2904815673828,146.55001831054688,340.9450988769531,272.61407470703125,259.1866760253906,217.5782470703125,44.09929656982422,50.612098693847656
2021-09-29,139.4324188232422,133.17262268066406,143.3479766845703,146.43531799316406,342.896484375,273.07562255859375,260.4366760253906,218.6586151123047,44.080474853515625,50.578311920166016
2021-09-30,138.13404846191406,132.5010986328125,141.14556884765625,144.44107055664062,337.5470886230469,271.0756530761719,258.49334716796875,214.86770629882812,43.747764587402344,49.6829719543457
2021-10-01,139.25669860839844,135.34286499023438,140.2454071044922,147.47659301757812,349.68280029296875,277.9794616699219,258.40667724609375,222.30487060546875,43.016441345214844,51.465213775634766
2021-10-04,135.83018493652344,132.48472595214844,139.15292358398438,147.31773376464844,334.1685485839844,272.21978759765625,260.510009765625,216.7776641845703,42.602115631103516,52.13249588012695
2021-10-05,137.75331115722656,134.82745361328125,139.46759033203125,149.72348022460938,333.2074890136719,277.65252685546875,260.1966552734375,216.3435516357422,42.8814582824707,52.04802322387695
2021-10-06,138.62216186523438,136.3559112548828,139.75595092773438,150.0430450439453,338.5277404785156,281.8351745605469,260.9166564941406,218.49465942382812,43.19534683227539,51.09356689453125
2021-10-07,139.88143920898438,138.00131225585938,141.00576782226562,150.99293518066406,344.02972412109375,283.50830078125,264.53668212890625,222.3916778564453,43.70382308959961,51.237159729003906
2021-10-08,139.50076293945312,138.55690002441406,140.6473846435547,151.10830688476562,345.0504150390625,283.50830078125,261.8299865722656,222.12156677246094,43.835655212402344,52.521034240722656
2021-10-11,139.4128875732422,137.69302368164062,140.05313110351562,147.9302978515625,337.45843505859375,282.912109375,263.9800109863281,217.14418029785156,43.79484176635742,51.99734878540039
2021-10-12,138.143798828125,135.2497100830078,137.8157958984375,146.79400634765625,335.6989440917969,281.6140441894531,268.5733337402344,216.1217041015625,43.747764587402344,51.72705841064453
2021-10-13,137.5580596923828,136.37274169921875,139.13543701171875,142.9235076904297,332.7924499511719,284.91217041015625,270.3599853515625,214.58799743652344,43.430747985839844,51.58346176147461
2021-10-14,140.34030151367188,139.91036987304688,139.93075561523438,145.11618041992188,334.960205078125,291.1043701171875,272.7733459472656,217.21173095703125,43.90155792236328,52.36899948120117
2021-10-15,141.3946075439453,140.12547302246094,140.97080993652344,147.9036102294922,346.0613708496094,292.5082702636719,281.010009765625,222.8161163330078,44.1150016784668,52.86735534667969
2021-10-18,143.0638885498047,141.5230712890625,139.93946838378906,147.85037231445312,348.4331970214844,295.4697265625,290.03668212890625,222.48817443847656,44.46968078613281,52.84200668334961
2021-10-19,145.22132873535156,141.97805786132812,143.21685791015625,149.64358520507812,351.990966796875,296.3736572265625,288.0899963378906,225.25657653808594,45.41443634033203,53.635986328125
2021-10-20,145.70945739746094,140.52294921875,143.13819885253906,151.65872192382812,346.8098449707031,295.5851135253906,288.6000061035156,223.2308807373047,45.82560348510742,53.93162155151367
2021-10-21,145.9241943359375,140.63890075683594,142.8061065673828,150.46914672851562,346.2654724121094,298.8063049316406,298.0,222.0926513671875,46.07984924316406,52.95181655883789
2021-10-22,145.15301513671875,136.35740661621094,143.08580017089844,152.49317932128906,348.65679931640625,297.267822265625,303.2266540527344,223.04763793945312,46.560081481933594,53.31501770019531
2021-10-25,145.10418701171875,136.2389373779297,143.40037536621094,151.74749755859375,350.78570556640625,296.2775573730469,341.6199951171875,225.60385131835938,47.09994125366211,54.35394287109375
2021-10-26,145.76803588867188,138.08409118652344,144.8599090576172,152.15585327148438,347.344482421875,298.1813049316406,339.4766540527344,223.6167449951172,46.68876266479492,55.61250305175781
2021-10-27,145.30921936035156,144.9323272705078,143.10330200195312,148.98667907714844,326.3475341796875,310.7389831542969,345.9533386230469,208.14430236816406,46.30583953857422,54.168128967285156
2021-10-28,148.9407501220703,144.56707763671875,142.32542419433594,151.2326202392578,323.732666015625,311.8735046386719,359.0133361816406,202.41453552246094,46.594608306884766,54.32016372680664
2021-10-29,146.2366180419922,146.7447967529297,142.3516387939453,150.81536865234375,326.1531066894531,318.8639221191406,371.3333435058594,204.27621459960938,46.8990592956543,54.45530700683594
2021-11-01,145.4165802001953,142.23574829101562,142.47402954101562,150.7354736328125,324.72412109375,316.7004699707031,402.86334228515625,204.94186401367188,47.01519012451172,55.43511199951172
2021-11-02,146.45140075683594,144.15423583984375,144.72010803222656,151.33023071289062,319.3096923828125,320.31585693359375,390.6666564941406,201.73931884765625,46.99321365356445,54.75094223022461
2021-11-03,147.88641357421875,145.30950927734375,144.2569122314453,151.3834991455078,320.233154296875,321.1523742675781,404.6199951171875,200.73609924316406,47.13759994506836,53.99919509887695
2021-11-04,147.3690185546875,146.96432495117188,143.85488891601562,149.39503479003906,326.0656433105469,323.4985046386719,409.9700012207031,201.39205932617188,47.48286056518555,54.404640197753906
2021-11-05,147.89691162109375,147.54368591308594,142.8323211669922,149.18197631835938,339.0526428222656,323.1330871582031,407.36334228515625,209.00279235839844,47.15330123901367,54.91987609863281
2021-11-08,147.07571411132812,147.7211151123047,142.34291076660156,150.07859802246094,339.9080810546875,324.0273132324219,387.64666748046875,212.68768310546875,46.85198211669922,55.51113510131836
2021-11-09,147.43743896484375,147.60960388183594,142.0282745361328,148.9422607421875,335.0282287597656,323.0274353027344,341.1666564941406,205.83892822265625,47.01519012451172,56.05171585083008
2021-11-10,144.612060546875,144.61119079589844,143.56643676757812,148.80023193359375,347.947265625,318.075439453125,355.98333740234375,208.29815673828125,46.591468811035156,54.94746398925781
2021-11-11,144.5631866455078,144.4853057861328,142.50892639160156,148.7913360595703,344.44769287109375,319.64276123046875,354.5033264160156,203.331298828125,46.61030960083008,55.05018997192383
2021-11-12,146.63580322265625,147.37120056152344,144.21316528320312,148.12557983398438,353.3518981933594,323.7677001953125,344.47332763671875,204.94508361816406,46.37802505493164,54.630741119384766
2021-11-15,146.64556884765625,147.14723205566406,142.9110107421875,147.85922241210938,351.2716979980469,323.142822265625,337.7966613769531,205.14796447753906,46.11123275756836,55.1015510559082
2021-11-16,147.6232147216797,146.5762939453125,142.16810607910156,146.79400634765625,359.2427978515625,326.4504089355469,351.57666015625,207.93096923828125,44.93735122680664,55.657958984375
2021-11-17,150.0574951171875,146.74575805664062,142.7012481689453,146.00389099121094,349.14288330078125,326.6719970703125,363.0033264160156,198.15191650390625,44.55128479003906,55.05018997192383
2021-11-18,154.33956909179688,148.52154541015625,141.93212890625,144.7433319091797,338.4985656738281,328.7430419921875,365.4599914550781,196.4801788330078,44.9342155456543,54.45098114013672
2021-11-19,156.95965576171875,147.61753845214844,142.3603973388672,142.8524627685547,330.23583984375,330.5154724121094,379.0199890136719,194.09335327148438,44.69252014160156,51.93429946899414
2021-11-22,157.41912841796875,145.01612854003906,140.4866485595703,145.89739990234375,312.330078125,327.35589599609375,385.6233215332031,188.99124145507812,45.442684173583984,52.653358459472656
2021-11-23,157.80043029785156,144.5006866455078,141.3575439453125,149.38612365722656,319.8150939941406,325.28485107421875,369.6766662597656,191.80322265625,45.76597213745117,54.04010009765625
2021-11-24,158.31854248046875,144.83570861816406,140.961669921875,148.21435546875,330.508056640625,325.50628662109375,372.0,196.40283203125,45.995113372802734,54.339698791503906
2021-11-26,153.30325317382812,140.93331909179688,140.04676818847656,143.74911499023438,315.1199951171875,317.5784912109375,360.6400146484375,190.99151611328125,45.4803466796875,52.4307861328125
2021-11-29,156.65660095214844,144.2513885498047,140.5306854248047,143.12770080566406,313.9923400878906,324.27337646484375,378.9966735839844,189.67733764648438,44.767860412597656,52.72183609008789
2021-11-30,161.60342407226562,140.65032958984375,137.1702423095703,140.9971466064453,306.1282653808594,318.45501708984375,381.586669921875,187.2422332763672,44.14011001586914,51.223812103271484
2021-12-01,161.08523559570312,139.811767578125,139.06155395507812,140.16268920898438,297.72943115234375,317.96380615234375,365.0,183.7538604736328,43.04468536376953,51.18101501464844
2021-12-02,160.0978546142578,141.7094268798828,138.19065856933594,143.10995483398438,311.2608337402344,317.3954162597656,361.5333251953125,191.6099395751953,42.52051544189453,52.45646286010742
2021-12-03,158.2207794189453,140.75343322753906,140.20513916015625,140.5177459716797,313.1175231933594,311.15338134765625,338.3233337402344,189.70635986328125,43.16081619262695,52.12263107299805
2021-12-06,161.62298583984375,141.8967742919922,143.33685302734375,142.17782592773438,324.02423095703125,314.2166442871094,336.336669921875,195.85208129882812,43.62848663330078,52.71327209472656
2021-12-07,167.3519287109375,145.97508239746094,143.7063446044922,144.31724548339844,330.0317077636719,322.62615966796875,350.5833435058594,200.38406372070312,43.48725891113281,53.303924560546875
2021-12-08,171.16468811035156,146.884033203125,144.56838989257812,142.6660919189453,332.78265380859375,322.6742858886719,356.32000732421875,201.94952392578125,43.04782485961914,53.45800018310547
2021-12-09,170.65634155273438,146.34088134765625,145.94073486328125,142.4441375732422,334.90185546875,320.87298583984375,334.6000061035156,204.26866149902344,43.64658737182617,53.594966888427734
2021-12-10,175.43695068359375,146.70066833496094,145.58004760742188,141.8760223388672,340.1510925292969,329.9664611816406,339.010009765625,206.21095275878906,44.44388198852539,53.937374114990234
2021-12-13,171.80996704101562,144.54478454589844,148.18394470214844,140.18934631347656,335.6697692871094,326.9416809082031,322.13665771484375,203.9111328125,45.24433898925781,52.756072998046875
2021-12-14,170.43145751953125,142.64219665527344,149.80255126953125,141.2635040283203,331.0426330566406,316.28765869140625,319.5033264160156,202.90614318847656,45.67607879638672,52.679039001464844
2021-12-15,175.29029846191406,145.1538848876953,150.55032348632812,140.2071075439453,336.6807556152344,322.36602783203125,325.3299865722656,205.15765380859375,45.93763732910156,52.44791030883789
2021-12-16,168.40774536132812,143.17544555664062,152.1953125,142.39976501464844,343.0674133300781,312.97393798828125,308.97332763671875,207.1482391357422,45.17185592651367,52.533512115478516
2021-12-17,167.3128204345703,140.47935485839844,147.99041748046875,139.15953063964844,339.55810546875,311.914306640625,310.8566589355469,204.7421417236328,43.725372314453125,51.386451721191406
2021-12-20,165.9539031982422,140.36236572265625,147.5681610107422,136.65618896484375,327.6112060546875,308.1671142578125,299.9800109863281,201.70790100097656,43.86717987060547,50.641727447509766
2021-12-21,169.12144470214844,142.21145629882812,147.0931396484375,138.5647735595703,340.94818115234375,315.2761535644531,312.84332275390625,208.1242218017578,43.99954605102539,51.788780212402344
2021-12-22,171.7122039794922,145.1280975341797,147.72645568847656,139.10629272460938,347.5001220703125,320.96929931640625,336.2900085449219,210.6173095703125,44.0562629699707,52.208229064941406
2021-12-23,172.3378448486328,145.62521362304688,148.00802612304688,139.60337829589844,350.5134582519531,322.4045715332031,355.6666564941406,209.32247924804688,43.95856857299805,52.233909606933594
2021-12-27,176.29730224609375,146.60650634765625,149.2572021484375,140.40235900878906,350.2509460449219,329.8797302246094,364.64666748046875,210.2984619140625,44.358802795410156,52.9786376953125
2021-12-28,175.28053283691406,145.397705078125,149.8553924560547,140.82847595214844,350.7079162597656,328.7237548828125,362.8233337402344,210.7042999267578,44.995384216308594,52.80742645263672
2021-12-29,175.36856079101562,145.3660125732422,150.91102600097656,140.75747680664062,351.2037048339844,329.3981018066406,362.0633239746094,210.82025146484375,44.97332000732422,52.345191955566406
2021-12-30,174.21495056152344,144.91551208496094,151.57952880859375,140.6864471435547,350.9120178222656,326.8646240234375,356.7799987792969,210.53038024902344,45.118282318115234,52.03702163696289
2021-12-31,173.5990447998047,143.57887268066406,150.4887237548828,140.57106018066406,349.2886657714844,323.9747619628906,352.260009765625,209.40940856933594,45.5972900390625,52.37943649291992
2022-01-03,177.93971252441406,143.7171173095703,150.90219116210938,143.544921875,360.5940246582031,322.4623718261719,399.9266662597656,213.97039794921875,45.584686279296875,54.39106369018555
2022-01-04,175.68138122558594,143.13034057617188,150.49752807617188,148.98667907714844,364.9100646972656,316.93310546875,383.1966552734375,214.9657440185547,44.74956512451172,56.436927795410156
2022-01-05,171.00828552246094,136.56405639648438,151.50039672851562,146.2628936767578,363.4615783691406,304.7666931152344,362.7066650390625,212.5885772705078,45.35463333129883,57.138858795166016
2022-01-06,168.1536102294922,136.5367889404297,150.98135375976562,147.81680297851562,360.14251708984375,302.3584899902344,354.8999938964844,212.34701538085938,45.228580474853516,58.482810974121094
2022-01-07,168.31976318359375,135.81272888183594,153.0222625732422,149.2814178466797,359.8018493652344,302.51263427734375,342.32000732421875,209.6510009765625,45.660316467285156,58.962162017822266
2022-01-10,168.33934020996094,137.45069885253906,152.26571655273438,149.4242706298828,354.2147216796875,302.7341613769531,352.7066650390625,204.82908630371094,45.572086334228516,58.6112060546875
2022-01-11,171.16468811035156,138.50782775878906,150.64712524414062,149.5760955810547,356.53131103515625,303.4180603027344,354.79998779296875,207.1579132080078,45.44287109375,61.076507568359375
2022-01-12,171.60462951660156,140.18740844726562,149.3627166748047,150.42445373535156,357.52398681640625,306.5873107910156,368.739990234375,208.4431610107422,45.203372955322266,60.89675521850586
2022-01-13,168.33934020996094,137.36891174316406,148.45663452148438,150.23692321777344,359.67523193359375,293.6117248535156,343.85333251953125,207.75698852539062,45.84309768676758,60.46018981933594
2022-01-14,169.19964599609375,138.2545623779297,147.64732360839844,141.0028533935547,362.2254333496094,298.8135070800781,349.8699951171875,207.4381561279297,45.71389389038086,61.52164077758789
2022-01-18,166.00277709960938,134.80267333984375,146.9963836669922,135.0908966064453,356.5411071777344,291.5406188964844,343.5033264160156,208.4431610107422,44.9134407043457,62.55742645263672
2022-01-19,162.5126190185547,133.9288787841797,146.53895568847656,133.0011749267578,351.119384765625,292.19573974609375,331.8833312988281,207.4477996826172,45.360939025878906,62.583099365234375
2022-01-20,160.8310546875,132.1358184814453,145.3689422607422,131.8670196533203,354.30230712890625,290.52923583984375,332.0899963378906,207.12890625,44.50376510620117,62.72005844116211
2022-01-21,158.77806091308594,129.20579528808594,145.03466796875,129.5629425048828,345.6199035644531,285.16363525390625,314.6333312988281,198.99258422851562,44.179176330566406,61.77845764160156
2022-01-24,158.0056915283203,129.65432739257812,143.36322021484375,129.44686889648438,340.11077880859375,285.4912109375,310.0,195.05003356933594,44.182334899902344,62.309181213378906
2022-01-25,156.2068634033203,125.81932067871094,147.46258544921875,130.8578643798828,329.73480224609375,277.9003601074219,306.1333312988281,195.1949920654297,43.221153259277344,64.14104461669922
2022-01-26,156.118896484375,128.09713745117188,148.1223602294922,132.0991973876953,335.47760009765625,285.8187255859375,312.4700012207031,198.93460083007812,42.77996063232422,63.49046325683594
2022-01-27,155.6593780517578,127.87115478515625,150.0664520263672,129.76834106445312,341.1911926269531,288.833740234375,276.3666687011719,199.20516967773438,42.80832290649414,64.3036880493164
2022-01-28,166.52093505859375,132.17893981933594,151.12210083007812,130.92930603027344,372.31915283203125,296.94476318359375,282.1166687011719,220.31912231445312,43.33774948120117,64.44064331054688
2022-01-31,170.87139892578125,134.1142578125,151.5619659423828,132.70648193359375,376.0860290527344,299.5649108886719,312.239990234375,218.5507354736328,44.059417724609375,65.02274322509766
2022-02-01,170.7052459716797,136.4342041015625,150.3215789794922,134.98373413085938,381.6148376464844,297.42645263671875,310.4166564941406,224.53221130371094,44.40607452392578,69.1915283203125
2022-02-02,171.90771484375,146.69918823242188,151.98422241210938,133.90316772460938,386.1798095703125,301.9537658691406,301.88665771484375,227.48910522460938,44.38716506958008,69.01176452636719
2022-02-03,169.033447265625,141.8323211669922,151.97537231445312,132.79576110839844,379.6778259277344,290.1920166015625,297.0466613769531,223.73980712890625,44.431278228759766,68.20710754394531
2022-02-04,168.7495574951172,142.0335693359375,150.98135375976562,136.242919921875,372.0174560546875,294.7099304199219,307.7733459472656,220.69593811035156,43.90815353393555,69.68799591064453
2022-02-07,168.03497314453125,137.9775390625,150.47994995117188,136.69834899902344,366.1091613769531,289.903076171875,302.4466552734375,219.5074005126953,43.47641372680664,70.52689361572266
2022-02-08,171.13804626464844,138.17379760742188,150.87579345703125,139.27029418945312,364.39605712890625,293.38055419921875,307.3333435058594,220.26112365722656,43.48587417602539,68.70359802246094
2022-02-09,172.55738830566406,140.34750366210938,150.85821533203125,139.85081481933594,371.2095642089844,299.786376953125,310.6666564941406,223.0924072265625,43.391334533691406,68.37470245361328
2022-02-10,168.4852752685547,137.401611328125,149.0372314453125,139.27029418945312,364.41552734375,291.28057861328125,301.51666259765625,218.34490966796875,42.88395690917969,67.71693420410156
2022-02-11,165.07876586914062,133.10227966308594,147.5330047607422,137.4574737548828,359.9185791015625,284.2099914550781,286.6666564941406,217.47386169433594,42.64760971069336,69.42196655273438
2022-02-14,165.31369018554688,134.33482360839844,145.6768341064453,136.180419921875,364.191650390625,284.1715087890625,291.9200134277344,218.10299682617188,42.21271896362305,68.35739135742188
2022-02-15,169.14112854003906,135.40780639648438,147.18109130859375,138.17189025878906,371.3750915527344,289.4407043457031,307.4766540527344,220.50332641601562,42.3450813293457,67.50054931640625
2022-02-16,168.90621948242188,136.5273895263672,147.0931396484375,138.42193603515625,372.7279968261719,289.10284423828125,307.7966613769531,221.4712371826172,42.08035659790039,67.81212615966797
2022-02-17,165.31369018554688,131.37408447265625,146.19589233398438,135.23374938964844,363.7440185546875,280.6372985839844,292.1166687011719,217.39637756347656,43.76633834838867,67.70829772949219
2022-02-18,163.76705932617188,129.25685119628906,144.62881469726562,135.8678436279297,360.0938720703125,277.9344482421875,285.6600036621094,215.53805541992188,43.48587417602539,66.95528411865234
2022-02-22,160.8499755859375,128.6725311279297,142.663330078125,135.62673950195312,358.4780578613281,277.7317810058594,273.84332275390625,214.21206665039062,43.00056076049805,66.17633819580078
2022-02-23,156.6897430419922,126.46658325195312,142.73414611816406,132.7868194580078,351.60614013671875,270.5404052734375,254.67999267578125,209.0145263671875,42.55936050415039,66.44464111328125
2022-02-24,159.30335998535156,131.52471923828125,140.00732421875,129.08963012695312,359.53900146484375,284.3633117675781,266.92333984375,210.3211669921875,42.39548110961914,65.60508728027344
2022-02-25,161.36883544921875,133.27769470214844,146.9661102294922,132.1438446044922,359.2567138671875,286.9888916015625,269.9566650390625,212.22789001464844,42.97849655151367,67.3707046508789
2022-02-28,161.63308715820312,133.86996459960938,145.70008850097656,126.63375854492188,351.2070617675781,288.41754150390625,290.1433410644531,209.17909240722656,42.59402084350586,67.87271881103516
2022-03-01,159.75364685058594,132.88319396972656,145.1953887939453,121.85596466064453,335.30230712890625,284.7108154296875,288.1233215332031,202.2587127685547,42.8555908203125,68.52184295654297
2022-03-02,163.04266357421875,133.38870239257812,147.0015106201172,124.38326263427734,334.9228210449219,289.76885986328125,293.2966613769531,201.784423828125,42.9091682434082,69.69892120361328
2022-03-03,162.7196807861328,132.72262573242188,149.16171264648438,123.49915313720703,331.9053039550781,285.6471252441406,279.7633361816406,200.57456970214844,43.89554977416992,70.14031982421875
2022-03-04,159.72427368164062,130.7471160888672,150.0470428466797,120.02523040771484,321.94793701171875,279.7974548339844,279.42999267578125,193.85748291015625,45.00798034667969,72.78010559082031
2022-03-07,155.9359893798828,125.2677230834961,152.4640350341797,115.39034271240234,304.5832824707031,269.2276916503906,268.1933288574219,184.57545471191406,44.645572662353516,75.402587890625
2022-03-08,154.11532592773438,125.98734283447266,149.37425231933594,114.57765197753906,305.9556579589844,266.27386474609375,274.79998779296875,185.55303955078125,43.72222900390625,75.97380065917969
2022-03-09,159.5089111328125,132.24732971191406,149.9407958984375,119.16790771484375,319.38787841796875,278.4846496582031,286.3233337402344,193.34451293945312,43.94912338256836,71.65496063232422
2022-03-10,155.17250061035156,131.26556396484375,150.20640563964844,117.75688934326172,315.94232177734375,275.6756896972656,279.4333190917969,191.61199951171875,44.94810104370117,73.87931823730469
2022-03-11,151.46253967285156,128.72901916503906,149.93199157714844,115.10456848144531,316.13690185546875,270.3473205566406,265.1166687011719,190.39248657226562,44.77162551879883,73.49848175048828
2022-03-14,147.4392852783203,124.84397888183594,152.003662109375,116.24764251708984,319.8357238769531,266.8433532714844,255.4566650390625,193.89617919921875,45.39560317993164,70.86734771728516
2022-03-15,151.81488037109375,128.0624542236328,155.9434051513672,118.31058502197266,326.0749206542969,277.1816101074219,267.2966613769531,199.5196075439453,45.94078826904297,66.8341064453125
2022-03-16,156.2198944091797,132.1090545654297,154.50918579101562,123.59740447998047,335.4970397949219,284.1702575683594,280.07666015625,205.06558227539062,45.80528259277344,66.58312225341797
2022-03-17,157.2281036376953,132.66265869140625,156.5277557373047,125.16024780273438,337.2101745605469,284.971435546875,290.5333251953125,206.59483337402344,45.874881744384766,68.35739135742188
2022-03-18,160.51715087890625,134.92906188964844,154.79246520996094,125.11558532714844,340.762939453125,290.0005798339844,301.7966613769531,212.07305908203125,46.01091384887695,68.08909606933594
2022-03-21,161.8876495361328,134.90525817871094,155.66893005371094,124.7137222290039,336.37310791015625,288.7746276855469,307.0533447265625,210.06948852539062,45.62812042236328,71.1443099975586
2022-03-22,165.2549591064453,138.63868713378906,154.93414306640625,127.36605834960938,340.2178649902344,293.5045471191406,331.32666015625,211.45358276367188,45.49208450317383,70.83273315429688
2022-03-23,166.6156463623047,137.06016540527344,154.34979248046875,124.8298110961914,333.0636901855469,289.09320068359375,333.03668212890625,207.78530883789062,44.906829833984375,71.94923400878906
2022-03-24,170.3941192626953,140.32769775390625,155.1466064453125,125.64246368408203,340.0426330566406,293.54315185546875,337.97332763671875,210.3308563232422,45.18522644042969,72.16561889648438
2022-03-25,171.0303497314453,140.4277801513672,156.6339874267578,126.74092102050781,339.721435546875,293.1377868652344,336.8800048828125,211.41490173339844,45.38136291503906,73.74081420898438
2022-03-28,171.8917999267578,140.2122344970703,157.4396209716797,125.80325317382812,341.1522521972656,299.9140930175781,363.9466552734375,213.67970275878906,46.18807601928711,71.67227172851562
2022-03-29,175.1808319091797,141.25296020507812,157.3599395751953,126.08003234863281,357.7577819824219,304.4605712890625,366.5233459472656,220.7936553955078,46.57719421386719,71.29145812988281
2022-03-30,174.0159912109375,140.6909637451172,158.99781799316406,125.50852966308594,352.5892028808594,302.9643859863281,364.663330078125,216.75759887695312,47.412384033203125,72.51180267333984
2022-03-31,170.92271423339844,137.84521484375,156.9083709716797,121.73987579345703,347.85870361328125,297.6070861816406,359.20001220703125,214.6476593017578,47.11183547973633,71.48185729980469
2022-04-01,170.62904357910156,138.91867065429688,157.7583770751953,120.83789825439453,354.2730712890625,298.678466796875,361.5299987792969,219.09024047851562,47.77302551269531,71.94058227539062
2022-04-04,174.6718292236328,141.71490478515625,156.23558044433594,121.37371063232422,357.13482666015625,304.0357666015625,381.8166809082031,220.4259033203125,47.78251647949219,71.97521209716797
2022-04-05,171.3631591796875,139.35531616210938,157.24490356445312,119.96123504638672,353.6404113769531,300.0877380371094,363.7533264160156,218.828857421875,47.91853713989258,71.60304260253906
2022-04-06,168.20138549804688,135.3478546142578,161.33514404296875,118.29688262939453,344.1307678222656,289.10284423828125,348.586669921875,211.97625732421875,49.032127380371094,72.39928436279297
2022-04-07,168.50486755371094,134.69412231445312,160.9190216064453,117.93700408935547,340.7095031738281,290.9079284667969,352.4200134277344,209.20811462402344,49.5224723815918,73.61100769042969
2022-04-08,166.4981231689453,132.11599731445312,161.2377166748047,120.09619140625,343.3606872558594,286.66070556640625,341.8299865722656,210.011474609375,49.79770278930664,75.16023254394531
2022-04-11,162.24978637695312,127.69123077392578,159.2191619873047,119.65535736083984,338.5846252441406,275.35723876953125,325.30999755859375,207.85305786132812,48.8106689453125,72.5724105834961
2022-04-12,164.1194305419922,126.59197998046875,159.27227783203125,118.34185791015625,337.0542907714844,272.26824951171875,328.98333740234375,204.6106414794922,48.475341796875,74.08702850341797
2022-04-13,166.8015899658203,128.75230407714844,159.9451446533203,114.52727508544922,346.1581115722656,277.6352233886719,340.7900085449219,206.4206085205078,49.73759078979492,75.13426971435547
2022-04-14,161.7995147705078,125.61614227294922,159.27227783203125,113.46568298339844,348.7703552246094,270.1157531738281,328.3333435058594,205.9560089111328,49.69330978393555,76.01708984375
2022-04-18,161.5841522216797,126.55431365966797,157.2891387939453,115.5708999633789,347.776123046875,270.7817687988281,334.7633361816406,206.3238067626953,49.31367874145508,76.6402587890625
2022-04-19,163.86497497558594,128.86631774902344,162.08766174316406,117.96399688720703,354.6673278808594,275.395751953125,342.7166748046875,208.77252197265625,49.87363052368164,75.95650482177734
2022-04-20,163.6985626220703,126.91461181640625,162.80477905273438,118.37784576416016,356.0514221191406,276.4189758300781,325.73333740234375,210.79542541503906,50.500022888183594,76.12962341308594
2022-04-21,162.90567016601562,123.71746063232422,162.3355712890625,117.46017456054688,355.222900390625,271.0616760253906,336.260009765625,209.49847412109375,50.5759391784668,75.32470703125
2022-04-22,158.37339782714844,118.58399200439453,160.72421264648438,114.0864486694336,342.29827880859375,264.5170593261719,335.01666259765625,201.48439025878906,49.62370681762695,73.68022918701172
2022-04-25,159.44039916992188,121.99227142333984,164.68170166015625,114.05043029785156,345.6318359375,270.974853515625,332.67333984375,203.20726013183594,49.649017333984375,71.19625091552734
2022-04-26,153.48880004882812,117.6071548461914,163.50418090820312,110.67671203613281,335.4070129394531,260.8393249511719,292.1400146484375,194.6414337158203,49.13019561767578,71.22221374511719
2022-04-27,153.263671875,113.2899398803711,161.2200469970703,109.23725891113281,352.4255676269531,273.3880310058594,293.836669921875,207.23358154296875,48.79484558105469,73.25614929199219
2022-04-28,160.18434143066406,117.48075866699219,162.42410278320312,110.96460723876953,369.2489013671875,279.5755615234375,292.5033264160156,213.57325744628906,49.418067932128906,75.4718246459961
2022-04-29,154.3208465576172,113.10655212402344,159.76808166503906,107.38395690917969,354.1897277832031,267.8858642578125,290.2533264160156,206.2851104736328,48.399410247802734,73.78409576416016
2022-05-02,154.62429809570312,115.5583267211914,158.1567840576172,108.36457061767578,349.9595031738281,274.5946044921875,300.9800109863281,204.7364959716797,48.07988739013672,74.78809356689453
2022-05-03,156.11216735839844,116.30272674560547,157.846923828125,110.68571472167969,348.74114990234375,271.99798583984375,303.0833435058594,201.8618927001953,48.24755859375,76.32866668701172
2022-05-04,162.5141143798828,121.18640899658203,159.53787231445312,114.34734344482422,359.19976806640625,279.9133605957031,317.5400085449219,207.6304931640625,48.91507339477539,79.36658477783203
2022-05-05,153.45944213867188,115.48150634765625,156.4923095703125,111.48641204833984,344.4329528808594,267.7217712402344,291.09332275390625,198.64849853515625,48.49595642089844,78.1635513305664
2022-05-06,154.1848907470703,114.72916412353516,156.14703369140625,111.30646514892578,338.3408508300781,265.1927185058594,288.54998779296875,196.3062286376953,47.486289978027344,79.3579330444336
2022-05-09,149.06759643554688,111.5221176147461,156.9969940185547,109.63310241699219,319.69476318359375,255.3950653076172,262.3699951171875,186.8015899658203,48.04193115234375,73.100341796875
2022-05-10,151.46937561035156,113.3895492553711,156.78453063964844,106.96110534667969,317.1020812988281,260.144287109375,266.67999267578125,187.3629608154297,47.36563491821289,73.58501434326172
2022-05-11,143.61700439453125,112.60401153564453,155.93458557128906,106.28636169433594,317.62835693359375,251.50498962402344,244.6666717529297,190.40213012695312,46.87032699584961,75.11698150634766
2022-05-12,139.75453186035156,111.85218811035156,157.4750213623047,106.19638061523438,313.115478515625,246.4855194091797,242.6666717529297,188.09901428222656,46.82587432861328,75.45796966552734
2022-05-13,144.2150115966797,115.03048706054688,156.57199096679688,107.14103698730469,324.38311767578125,252.05520629882812,256.5299987792969,193.19979858398438,47.00685501098633,77.69635772705078
2022-05-16,142.67591857910156,113.43910217285156,157.6610107421875,106.39431762695312,321.3907470703125,252.42201232910156,241.4566650390625,191.82276916503906,47.057655334472656,79.52377319335938
2022-05-17,146.30307006835938,115.44930267333984,158.3161163330078,109.92098999023438,330.2898864746094,257.55731201171875,253.8699951171875,197.825439453125,41.704498291015625,80.5380630493164
2022-05-18,138.04879760742188,110.91597747802734,155.37680053710938,108.04070281982422,327.4047546386719,245.830810546875,236.60333251953125,193.93682861328125,38.87234115600586,79.26145935058594
2022-05-19,134.64710998535156,109.41381072998047,153.9956817626953,106.43929290771484,323.81781005859375,244.92132568359375,236.47332763671875,191.39608764648438,37.805519104003906,79.6899185180664
2022-05-20,134.88233947753906,107.95079040527344,156.6870880126953,105.56661224365234,327.6776428222656,244.3601837158203,221.3000030517578,193.00588989257812,37.84678649902344,80.31946563720703
2022-05-23,140.2937469482422,110.50809478759766,159.88587951660156,112.09819030761719,339.6177978515625,252.18746948242188,224.96665954589844,201.2776641845703,38.92631149291992,82.09442901611328
2022-05-24,137.59786987304688,105.03860473632812,161.6322784423828,113.68158721923828,332.0735778808594,251.19097900390625,209.3866729736328,196.4969024658203,39.412105560302734,82.54037475585938
2022-05-25,137.75469970703125,104.87504577636719,160.04627990722656,114.47329711914062,336.04058837890625,253.99681091308594,219.60000610351562,197.6702880859375,39.17078399658203,84.20166778564453
2022-05-26,140.95050048828125,106.84508514404297,159.90371704101562,116.45255279541016,341.0409240722656,257.2670593261719,235.91000366210938,202.23773193359375,40.00583267211914,84.49893951416016
2022-05-27,146.69520568847656,111.32931518554688,161.3560791015625,118.09893035888672,348.7313537597656,264.3687744140625,253.2100067138672,206.43666076660156,40.79325485229492,85.32958984375
2022-05-31,145.91094970703125,112.7621078491211,159.96604919433594,118.96263122558594,348.81903076171875,263.043212890625,252.75332641601562,205.74813842773438,40.84087371826172,83.9393539428711
2022-06-01,145.7835235595703,112.8909683227539,158.3444061279297,116.87540435791016,348.0295715332031,263.57537841796875,246.7899932861328,203.575927734375,39.83120346069336,85.54818725585938
2022-06-02,148.2342987060547,116.58867645263672,157.8454132080078,118.75569915771484,353.8973388671875,265.66522216796875,258.3333435058594,208.54095458984375,40.485267639160156,85.39954376220703
2022-06-03,142.51907348632812,113.53426361083984,157.19496154785156,117.1003189086914,348.7703552246094,261.2532958984375,234.51666259765625,206.21360778808594,39.78993225097656,86.6411361694336
2022-06-06,143.2640838623047,115.79373168945312,157.17713928222656,116.71343231201172,351.03167724609375,260.0245666503906,238.27999877929688,206.4948272705078,39.64704895019531,86.42253112792969
2022-06-07,145.7835235595703,116.11983489990234,158.90573120117188,117.01934814453125,354.8135070800781,263.6528015136719,238.8866729736328,208.0076141357422,39.17078399658203,90.3834457397461
2022-06-08,145.04830932617188,116.16395568847656,157.96124267578125,115.15704345703125,353.166259765625,261.630615234375,241.86666870117188,207.03790283203125,38.83106231689453,91.4501724243164
2022-06-09,139.83297729492188,113.82617950439453,154.78030395507812,112.7369384765625,340.1734619140625,256.19305419921875,239.7066650390625,199.87155151367188,38.424644470214844,89.47410583496094
2022-06-10,134.431396484375,110.1844711303711,153.74668884277344,107.55487060546875,326.2837829589844,244.77621459960938,232.22999572753906,193.47132873535156,38.64055633544922,87.83902740478516
2022-06-13,129.28472900390625,105.4573745727539,152.19631958007812,104.35206604003906,311.6534118652344,234.39454650878906,215.73666381835938,186.44076538085938,37.9134635925293,83.80818939208984
2022-06-14,130.1473846435547,105.77755737304688,149.86181640625,102.61571502685547,313.9927062988281,236.55218505859375,220.88999938964844,187.66262817382812,37.92933654785156,84.02678680419922
2022-06-15,132.76486206054688,108.79975128173828,151.46566772460938,103.83027648925781,317.1605529785156,243.5861358642578,233.0,190.2227325439453,37.90393829345703,82.96878814697266
2022-06-16,127.50052642822266,105.10154724121094,151.54588317871094,102.04893493652344,300.9706115722656,237.0166473388672,213.10000610351562,183.3279266357422,38.29765319824219,79.90849304199219
2022-06-17,128.9710235595703,106.20177459716797,150.99342346191406,101.68907928466797,302.832275390625,239.60960388183594,216.75999450683594,184.2588348388672,37.557857513427734,75.30059051513672
2022-06-21,133.1962127685547,110.56360626220703,154.15658569335938,104.20812225341797,309.37261962890625,245.50186157226562,237.0366668701172,188.50631713867188,38.789791107177734,79.9872055053711
2022-06-22,132.68646240234375,110.50760650634766,156.58908081054688,103.62335205078125,308.1542053222656,244.9116668701172,236.086669921875,187.95355224609375,38.31986999511719,76.82197570800781
2022-06-23,135.54893493652344,111.2554702758789,160.08189392089844,102.48976135253906,308.748779296875,250.4556427001953,235.07000732421875,190.68820190429688,39.25016403198242,74.50491333007812
2022-06-24,138.8722686767578,116.9380874633789,162.42529296875,105.54862976074219,322.1412353515625,259.0086975097656,245.7066650390625,199.28968811035156,39.281925201416016,75.98259735107422
2022-06-27,138.8722686767578,114.81541442871094,162.27383422851562,104.70292663574219,320.5135192871094,256.289794921875,244.9199981689453,197.3987274169922,39.40892028808594,77.84500885009766
2022-06-28,134.73532104492188,111.02303314208984,157.65830993652344,104.19912719726562,310.2400817871094,248.15293884277344,232.663330078125,192.12339782714844,38.85329055786133,80.00468444824219
2022-06-29,136.49008178710938,110.7197265625,157.70286560058594,103.73131561279297,314.43133544921875,251.81021118164062,228.49000549316406,193.4615936279297,38.71040344238281,77.04933166503906
2022-06-30,134.02947998046875,108.00528717041016,158.16619873046875,101.31120300292969,307.501220703125,248.4915313720703,224.47332763671875,190.9306182861328,38.60246276855469,74.88088989257812
2022-07-01,136.19598388671875,107.78176879882812,159.95718383789062,102.60671997070312,310.19134521484375,251.15220642089844,227.26333618164062,193.1513214111328,38.93583297729492,76.5509262084961
2022-07-05,138.77423095703125,112.26750946044922,158.72752380371094,102.2164535522461,311.1855773925781,254.3161163330078,233.06666564941406,194.47012329101562,39.4501953125,74.15515899658203
2022-07-06,140.10745239257812,113.56498718261719,158.87013244628906,101.55387115478516,312.07257080078125,257.5670166015625,231.73333740234375,195.0325927734375,39.729610443115234,72.81737518310547
2022-07-07,143.46995544433594,117.73897552490234,159.04832458496094,104.12245178222656,316.3580322265625,259.68585205078125,244.5433349609375,196.66172790527344,39.78993225097656,75.1432113647461
2022-07-08,144.14633178710938,118.3044662475586,158.85227966308594,103.79570770263672,315.37213134765625,258.9700012207031,250.76333618164062,197.408447265625,39.815330505371094,75.265625
2022-07-11,142.01905822753906,114.6597900390625,158.9146728515625,102.43427276611328,316.47528076171875,255.92222595214844,234.3433380126953,198.8533172607422,39.83120346069336,74.88088989257812
2022-07-12,142.9896240234375,113.01834869384766,156.6870880126953,102.53412628173828,315.1768798828125,245.43414306640625,233.07000732421875,198.62060546875,39.71055603027344,73.88410949707031
2022-07-13,142.6268768310547,110.3747787475586,156.32177734375,101.57203674316406,315.6747131347656,244.51498413085938,237.0399932861328,197.9709014892578,39.805809020996094,74.181396484375
2022-07-14,145.5482635498047,109.39744567871094,156.53561401367188,98.02323913574219,317.2951965332031,245.830810546875,238.31333923339844,199.6776123046875,40.58368682861328,72.69497680664062
2022-07-15,147.21478271484375,110.79505157470703,158.8077392578125,102.51596069335938,324.6557922363281,248.38510131835938,240.06666564941406,203.6826171875,40.98058319091797,73.91907501220703
2022-07-18,144.17581176757812,108.07168579101562,155.24363708496094,101.4631118774414,323.1329650878906,245.9952850341797,240.54666137695312,200.9382781982422,40.88533020019531,75.28309631347656
2022-07-19,148.02847290039062,112.8096923828125,152.9804229736328,103.97723388671875,332.2799377441406,251.1038360595703,245.52999877929688,207.1930389404297,41.13615798950195,77.18046569824219
2022-07-20,150.02828979492188,112.8989028930664,152.10720825195312,103.95907592773438,333.14874267578125,253.75491333007812,247.5,206.9118194580078,41.47905731201172,78.02861785888672
2022-07-21,152.2928466796875,113.33502960205078,152.64186096191406,104.66703796386719,338.6643371582031,256.2414855957031,271.7066650390625,209.646484375,42.08551025390625,76.72581481933594
2022-07-22,151.0576171875,106.9516372680664,153.36358642578125,104.15876770019531,335.69659423828125,251.90692138671875,272.24334716796875,207.23182678222656,41.97754669189453,76.13997650146484
2022-07-25,149.94009399414062,106.5650634765625,153.66650390625,104.5762710571289,336.01873779296875,250.42657470703125,268.4333190917969,207.7845916748047,41.91722106933594,78.67565155029297
2022-07-26,148.6166534423828,104.09693908691406,154.7535400390625,102.94255065917969,333.1584777832031,243.7216339111328,258.8599853515625,206.05848693847656,38.72945785522461,78.36962890625
2022-07-27,153.70449829101562,112.0662841796875,154.32586669921875,104.59441375732422,335.10113525390625,260.01483154296875,274.82000732421875,204.09957885742188,40.19315719604492,80.06591033935547
2022-07-28,154.2534942626953,113.21609497070312,155.21693420410156,104.20414733886719,344.062744140625,267.4358215332031,280.8999938964844,204.9529571533203,41.19647979736328,81.00146484375
2022-07-29,159.31195068359375,115.2976303100586,155.50204467773438,104.70333099365234,345.3708801269531,271.625244140625,297.1499938964844,205.68994140625,41.92675018310547,84.75251007080078
2022-08-01,158.33160400390625,113.85047149658203,154.95852661132812,103.6595458984375,342.1981506347656,268.98394775390625,297.27667236328125,204.96267700195312,42.08232116699219,82.61029815673828
2022-08-02,156.86114501953125,114.11808776855469,154.0763702392578,102.04400634765625,340.7045593261719,265.8974609375,300.586669921875,200.0170135498047,42.12678527832031,82.25181579589844
2022-08-03,162.86074829101562,117.04216766357422,155.56442260742188,103.11499786376953,345.7027282714844,273.2990417480469,307.39666748046875,202.16981506347656,41.43461990356445,79.58499145507812
2022-08-04,162.5469970703125,117.15119934082031,153.0695343017578,101.98046875,347.5965576171875,274.4407653808594,308.6333312988281,207.0087890625,39.86930847167969,76.23616790771484
2022-08-05,162.32122802734375,116.4375228881836,152.46363830566406,105.0663833618164,349.00225830078125,273.7248229980469,288.1700134277344,209.33616638183594,40.189979553222656,77.3378677368164
2022-08-08,161.85000610351562,116.26902770996094,151.6527862548828,103.78663635253906,343.77960205078125,271.2188720703125,290.42333984375,206.86331176757812,40.517024993896484,77.7750473022461
2022-08-09,161.89907836914062,115.60488891601562,151.63499450683594,104.72147369384766,338.2933349609375,273.13458251953125,283.3333435058594,203.89598083496094,40.91707992553711,79.20901489257812
2022-08-10,166.13998413085938,118.64791107177734,152.0716094970703,107.45342254638672,344.9705505371094,279.7718505859375,294.3566589355469,205.6802520751953,41.002803802490234,79.9609603881836
2022-08-11,165.40371704101562,117.79546356201172,148.92623901367188,109.04176330566406,342.2372131347656,277.7013244628906,286.6300048828125,205.05368041992188,41.398223876953125,82.27406311035156
2022-08-12,168.9475860595703,120.61051940917969,147.28677368164062,110.84793853759766,345.8393249511719,282.4326171875,300.0299987792969,205.29656982421875,42.16355514526367,82.98919677734375
2022-08-15,170.01760864257812,121.00700378417969,147.99069213867188,111.14744567871094,351.38427734375,283.9420166015625,309.32000732421875,210.2412109375,42.28474426269531,81.50597381591797
2022-08-16,169.86053466796875,120.63034057617188,149.3094024658203,112.2093734741211,350.700927734375,283.20660400390625,306.5633239746094,210.94064331054688,44.443634033203125,80.7467269897461
2022-08-17,171.35267639160156,118.4992446899414,149.3183135986328,111.26544952392578,346.8741760253906,282.4600830078125,303.9966735839844,208.39547729492188,44.491455078125,81.40003967285156
2022-08-18,170.96002197265625,119.11378479003906,148.59657287597656,110.4031982421875,348.8558349609375,281.34503173828125,302.8699951171875,209.10462951660156,44.347957611083984,83.3246841430664
2022-08-19,168.37820434570312,116.17980194091797,150.85977172851562,107.67127227783203,345.8492126464844,277.44732666015625,296.6666564941406,206.74400329589844,43.6942253112793,83.05982971191406
2022-08-22,164.50059509277344,113.23590087890625,150.33055114746094,105.89230346679688,337.2879333496094,269.30279541015625,289.913330078125,202.65420532226562,42.91294860839844,82.99801635742188
2022-08-23,164.16676330566406,112.85926055908203,149.0209197998047,104.84854125976562,332.7778625488281,268.03265380859375,296.4533386230469,200.89590454101562,42.73119354248047,86.52066040039062
2022-08-24,164.46128845214844,112.69075012207031,148.52755737304688,105.1026840209961,331.62591552734375,267.4024353027344,297.0966796875,200.76959228515625,43.040504455566406,87.03270721435547
2022-08-25,166.91549682617188,115.62472534179688,149.91790771484375,107.59864807128906,336.46795654296875,270.3692932128906,296.07000732421875,203.82965087890625,43.327518463134766,87.48296356201172
2022-08-26,160.62289428710938,109.37019348144531,147.35244750976562,104.07708740234375,324.0603332519531,259.9364929199219,288.0899963378906,197.0975341796875,41.965850830078125,86.40587615966797
2022-08-29,158.4239501953125,108.45828247070312,146.2132568359375,103.82294464111328,321.5124206542969,257.16351318359375,284.82000732421875,196.55349731445312,42.374019622802734,88.39231872558594
2022-08-30,155.9991912841797,107.98250579833984,145.7019500732422,103.84109497070312,320.009033203125,254.9722900390625,277.70001220703125,195.63059997558594,42.2464714050293,85.02861022949219
2022-08-31,154.34014892578125,107.26882934570312,144.72421264648438,103.22390747070312,316.6510009765625,253.51785278320312,275.6099853515625,193.03684997558594,42.268795013427734,84.3929443359375
2022-09-01,155.06658935546875,108.77546691894531,148.31227111816406,103.93186950683594,317.5100402832031,252.48037719726562,277.1600036621094,194.41632080078125,42.88426208496094,82.87443542480469
2022-09-02,152.95596313476562,106.90206909179688,145.98004150390625,103.20574188232422,314.88397216796875,248.27239990234375,270.2099914550781,192.1139373779297,42.412296295166016,84.3929443359375
2022-09-06,151.69940185546875,105.8712158203125,146.37472534179688,103.23298645019531,316.3678894042969,245.5478515625,274.4200134277344,192.9688262939453,42.20183181762695,83.82791900634766
2022-09-07,153.1032257080078,108.48802185058594,147.17308044433594,105.19345092773438,320.7998046875,250.24066162109375,283.70001220703125,194.6980438232422,43.28605270385742,83.11280059814453
2022-09-08,151.63070678710938,107.42742156982422,148.35714721679688,107.64403533935547,322.2153015136719,250.6575927734375,289.260009765625,194.97976684570312,43.50608444213867,83.7926025390625
2022-09-09,154.4874267578125,109.6774673461914,148.64419555664062,108.16136932373047,327.8576965332031,256.4169616699219,299.67999267578125,199.34153747558594,43.636837005615234,85.19635009765625
2022-09-12,160.43637084960938,109.88561248779297,148.5813751220703,109.44111633300781,330.3666687011719,258.54034423828125,304.4200134277344,200.730712890625,44.02906799316406,86.17631530761719
2022-09-13,151.0220184326172,103.4030990600586,144.71522521972656,105.63817596435547,317.6954650878906,244.3262176513672,292.1300048828125,193.96945190429688,43.1202278137207,84.16339111328125
2022-09-14,152.46511840820312,104.0771255493164,147.70230102539062,105.39312744140625,318.0956726074219,244.5491943359375,302.6099853515625,193.7168731689453,43.024566650390625,86.22930908203125
2022-09-15,149.5789794921875,102.00550079345703,148.0790252685547,106.98147583007812,309.41729736328125,237.91720581054688,303.75,189.7921905517578,42.56217956542969,83.72197723388672
2022-09-16,147.93959045410156,101.8964614868164,150.33949279785156,106.26444244384766,307.6308288574219,237.29669189453125,303.3500061035156,187.78131103515625,42.47288131713867,82.29173278808594
2022-09-19,151.6503143310547,102.16409301757812,149.1554412841797,107.24466705322266,306.5569763183594,237.0834197998047,309.07000732421875,187.6161651611328,42.836421966552734,82.28288269042969
2022-09-20,154.02601623535156,100.25105285644531,147.9803924560547,105.1299057006836,305.8150939941406,235.07632446289062,308.7300109863281,186.58641052246094,42.587684631347656,81.61190795898438
2022-09-21,150.90423583984375,98.40739440917969,146.4644317626953,102.09847259521484,297.2537841796875,231.6827392578125,300.79998779296875,181.6806182861328,42.97673034667969,80.29644775390625
2022-09-22,149.94219970703125,99.25984191894531,149.0657501220703,100.93669891357422,291.2598571777344,233.65101623535156,288.5899963378906,180.48570251464844,42.53666687011719,79.96096801757812
2022-09-23,147.67453002929688,97.87215423583984,149.5501251220703,99.05791473388672,286.5936279296875,230.68409729003906,275.3299865722656,178.70794677734375,41.47476577758789,75.70555877685547
2022-09-26,148.00831604003906,97.30715942382812,148.6351776123047,96.92501068115234,283.2062072753906,230.2283935546875,276.010009765625,175.43417358398438,41.87336349487305,74.14289093017578
2022-09-27,148.9801483154297,96.6430435180664,147.95347595214844,96.07184600830078,279.6626281738281,229.22000122070312,282.94000244140625,172.7918243408203,41.758583068847656,75.69672393798828
2022-09-28,147.09532165527344,99.17063903808594,149.22723388671875,98.01414489746094,283.2745666503906,233.73831176757812,287.80999755859375,174.06442260742188,42.44736862182617,78.45127868652344
2022-09-29,139.87013244628906,96.5637435913086,147.58570861816406,96.35320281982422,279.94573974609375,230.27685546875,268.2099914550781,174.91929626464844,42.17312240600586,78.29236602783203
2022-09-30,135.66854858398438,94.8093032836914,146.5361785888672,94.8465576171875,277.57354736328125,225.8167724609375,265.25,172.57809448242188,41.35996627807617,77.08280944824219
2022-10-03,139.8406982421875,97.77302551269531,146.3926544189453,97.7781753540039,283.56744384765625,233.4183349609375,242.39999389648438,176.46388244628906,42.262420654296875,81.15283203125
2022-10-04,143.42379760742188,100.74665069580078,148.56341552734375,102.35258483886719,294.10064697265625,241.31077575683594,249.44000244140625,180.34970092773438,42.81090545654297,84.11042785644531
2022-10-05,143.71832275390625,100.53850555419922,148.10597229003906,101.0888671875,296.96099853515625,241.62107849121094,240.80999755859375,182.31201171875,42.38678741455078,87.50946044921875
2022-10-06,142.76608276367188,100.52859497070312,145.23550415039062,99.02845764160156,292.5804443359375,239.28433227539062,238.1300048828125,180.29141235351562,41.99135971069336,90.1050796508789
2022-10-07,137.52391052246094,97.81266784667969,143.70159912109375,97.05045318603516,288.4151306152344,227.11602783203125,223.07000732421875,178.58168029785156,40.996421813964844,89.19573211669922
2022-10-10,137.84786987304688,96.9998779296875,143.88999938964844,96.14385223388672,285.2959899902344,222.27780151367188,222.9600067138672,176.978759765625,41.23877716064453,87.26223754882812
2022-10-11,136.43421936035156,96.32585144042969,145.97105407714844,93.36914825439453,279.69342041015625,218.55458068847656,216.5,174.0255889892578,42.307064056396484,86.52066040039062
2022-10-12,135.8059844970703,96.7025146484375,145.93521118164062,94.88011169433594,277.08270263671875,218.8842315673828,217.24000549316406,173.15126037597656,41.8287239074707,86.90027618408203
2022-10-13,140.3708038330078,98.1893310546875,148.14183044433594,100.1548080444336,287.4276123046875,227.11602783203125,221.72000122070312,179.38795471191406,42.18269348144531,89.93733978271484
2022-10-14,135.84524536132812,95.71129608154297,147.5229034423828,101.82146453857422,282.27471923828125,221.60877990722656,204.99000549316406,177.40623474121094,41.592742919921875,87.5712661743164
2022-10-17,139.8014373779297,99.0913314819336,149.4335174560547,106.09796905517578,288.48358154296875,230.3059539794922,219.35000610351562,179.96112060546875,41.89250183105469,88.833740234375
2022-10-18,141.1168670654297,99.8843002319336,148.91323852539062,108.82689666748047,293.7048645019531,231.2464141845703,220.19000244140625,181.8262939453125,42.77582931518555,88.99267578125
2022-10-19,141.22488403320312,98.75431060791016,147.7292022705078,106.69322204589844,291.14312744140625,229.2878875732422,222.0399932861328,181.08802795410156,42.654659271240234,91.6324462890625
2022-10-20,140.76348876953125,99.0913314819336,148.10597229003906,106.3452377319336,289.696044921875,228.96791076660156,207.27999877929688,181.87486267089844,42.7598876953125,91.75601959228516
2022-10-21,144.57237243652344,100.24114227294922,151.33518981933594,111.93126678466797,295.65069580078125,234.75636291503906,214.44000244140625,184.93495178222656,43.624080657958984,93.4599609375
2022-10-24,146.7124481201172,101.6189193725586,153.37142944335938,112.068603515625,298.80889892578125,239.7303466796875,211.25,185.2652587890625,44.45637893676758,94.11328125
2022-10-25,149.5495147705078,103.56169128417969,153.1292266845703,112.3616714477539,304.4898681640625,243.03663635253906,222.4199981689453,188.8304901123047,44.66684341430664,93.47761535644531
2022-10-26,146.61428833007812,94.09563446044922,154.47476196289062,113.65284729003906,312.4098815917969,224.2848358154297,224.63999938964844,197.5249481201172,45.00804901123047,94.59003448486328
2022-10-27,142.1476287841797,91.40945434570312,154.564453125,114.10157775878906,312.27294921875,219.8538055419922,225.08999633789062,198.4575653076172,44.87731170654297,94.95199584960938
2022-10-28,152.88726806640625,95.44367980957031,156.86077880859375,115.4568862915039,322.1485595703125,228.6964874267578,228.52000427246094,203.3633270263672,45.44493865966797,97.73301696777344
2022-10-31,150.53118896484375,93.67932891845703,156.05349731445312,115.27371978759766,320.8871765136719,225.07022094726562,227.5399932861328,201.24559020996094,45.38753128051758,97.83013153076172
2022-11-01,147.8904571533203,89.67485046386719,155.2641143798828,117.35246276855469,325.7857971191406,221.23062133789062,227.82000732421875,201.0221710205078,45.183448791503906,98.80128479003906
2022-11-02,142.3734130859375,86.2055892944336,152.8780517578125,116.27188110351562,312.7129211425781,213.40606689453125,214.97999572753906,195.212890625,44.883689880371094,96.77069091796875
2022-11-03,136.33607482910156,82.69671630859375,153.13819885253906,116.48249816894531,302.29962158203125,207.73399353027344,215.30999755859375,189.1898956298828,44.87411880493164,98.0861587524414
2022-11-04,136.0706024169922,85.81903076171875,153.81993103027344,119.66928100585938,311.2951354980469,214.65682983398438,207.47000122070312,191.3562469482422,44.953857421875,99.15443420410156
2022-11-07,136.60154724121094,87.71223449707031,155.16546630859375,120.30113983154297,317.90496826171875,220.93975830078125,197.0800018310547,194.38719177246094,45.425804138183594,100.32864379882812
2022-11-08,137.17190551757812,88.11863708496094,155.93690490722656,120.3744125366211,318.5111083984375,221.90931701660156,191.3000030517578,196.0192108154297,45.534217834472656,100.64646911621094
2022-11-09,132.61915588378906,86.55252838134766,154.6900177001953,118.8084945678711,308.62579345703125,217.6819305419922,177.58999633789062,188.81436157226562,44.47550964355469,96.14386749267578
2022-11-10,144.41888427734375,93.11434173583984,156.5019989013672,123.69855499267578,329.7751770019531,235.59019470214844,190.72000122070312,200.1473388671875,45.397098541259766,97.55644989013672
2022-11-11,147.20164489746094,95.56262969970703,151.819580078125,123.90001678466797,331.7503356933594,239.59461975097656,195.97000122070312,199.5924072265625,45.467254638671875,100.6023178100586
2022-11-14,145.80538940429688,94.85885620117188,154.2056427001953,122.62713623046875,331.8284606933594,234.20372009277344,190.9499969482422,201.40333557128906,44.131107330322266,100.8960189819336
2022-11-15,147.53599548339844,97.57478332519531,154.63623046875,121.7388687133789,335.87646484375,234.61094665527344,194.4199981689453,204.45077514648438,47.017059326171875,101.57238006591797
2022-11-16,146.3068389892578,97.98119354248047,155.59603881835938,121.90369415283203,335.1431579589844,235.0387420654297,186.9199981689453,204.59678649902344,47.35508728027344,100.48664093017578
2022-11-17,148.2046356201172,97.49549102783203,156.85183715820312,121.37255096435547,333.68621826171875,234.99012756347656,183.1699981689453,205.42440795898438,47.19563293457031,100.62013244628906
2022-11-18,148.76513671875,96.57366180419922,158.0538330078125,122.56305694580078,336.052490234375,234.54286193847656,180.19000244140625,205.2394256591797,47.906761169433594,99.74796295166016
2022-11-21,145.5398712158203,94.75975036621094,158.86634826660156,121.83960723876953,330.73333740234375,235.3498992919922,167.8699951171875,200.87757873535156,48.20013427734375,98.76008605957031
2022-11-22,147.6736602783203,96.1969985961914,159.6337432861328,123.66194152832031,337.29425048828125,238.24737548828125,169.91000366210938,204.7817840576172,48.37234115600586,101.61688995361328
2022-11-23,148.54881286621094,97.59459686279297,159.80526733398438,124.98059844970703,340.8924865722656,240.726806640625,183.1999969482422,206.14486694335938,48.60513687133789,101.10961151123047
2022-11-25,145.63819885253906,96.60337829589844,160.01292419433594,125.21871185302734,343.483642578125,240.63931274414062,182.86000061035156,208.15052795410156,48.81240463256836,100.75362396240234
2022-11-28,141.81312561035156,95.20579528808594,160.0941619873047,123.03008270263672,336.9324951171875,235.06788635253906,182.9199981689453,205.687255859375,48.95271301269531,97.72772979736328
2022-11-29,138.81405639648438,94.35335540771484,158.97470092773438,125.05387115478516,335.50494384765625,233.67750549316406,180.8300018310547,203.5452880859375,48.780521392822266,98.37740325927734
2022-11-30,145.5595245361328,100.10237121582031,160.6990509033203,126.53733825683594,348.4800109863281,248.0775604248047,194.6999969482422,211.27581787109375,48.60513687133789,99.0893783569336
2022-12-01,145.83485412597656,100.10237121582031,161.36715698242188,124.76081848144531,352.7822570800781,247.64002990722656,194.6999969482422,211.27581787109375,48.90807342529297,98.60879516601562
2022-12-02,145.3431854248047,99.55720520019531,161.49349975585938,123.7718276977539,352.0586853027344,247.9608917236328,194.86000061035156,211.91844177246094,48.86024475097656,97.772216796875
2022-12-05,144.1829071044922,98.60563659667969,161.4032440185547,120.30113983154297,348.1768798828125,243.27430725097656,182.4499969482422,208.04345703125,48.359580993652344,95.0934066772461
2022-12-06,140.52499389648438,96.12760925292969,158.98373413085938,120.50260925292969,339.80712890625,238.33489990234375,179.82000732421875,203.5647735595703,47.79833984375,92.45018768310547
2022-12-07,138.58786010742188,94.10556030273438,159.94973754882812,120.42020416259766,339.6996154785156,237.6056365966797,174.0399932861328,202.3282470703125,47.54960632324219,92.2455062866211
2022-12-08,140.2693328857422,92.8863525390625,159.97677612304688,121.6839370727539,343.3663024902344,240.55177307128906,173.44000244140625,203.58424377441406,47.623226165771484,92.9307861328125
2022-12-09,139.7875213623047,92.01409912109375,158.65869140625,121.02459716796875,341.0782775878906,238.6265869140625,179.0500030517578,203.19480895996094,46.51251220703125,92.14761352539062
2022-12-12,142.07861328125,92.4898681640625,160.55459594726562,122.90185546875,350.2107238769531,245.52035522460938,167.82000732421875,208.9293975830078,47.37995910644531,94.41703033447266
2022-12-13,143.0422821044922,94.78946685791016,161.79144287109375,122.78282165527344,349.2133483886719,249.80831909179688,160.9499969482422,207.42030334472656,47.21031188964844,95.44939422607422
2022-12-14,140.8199920654297,94.23440551757812,162.2879638671875,122.16927337646484,349.56536865234375,250.09999084472656,156.8000030517578,207.69290161132812,46.947837829589844,94.7463150024414
2022-12-15,134.2219696044922,90.0614013671875,160.23863220214844,119.13817596435547,338.55560302734375,242.11721801757812,157.6699981689453,202.42564392089844,46.52851867675781,93.83854675292969
2022-12-16,132.2651824951172,89.46668243408203,158.59552001953125,118.39640045166016,338.15472412109375,237.91680908203125,150.22999572753906,201.4325408935547,45.69306564331055,93.1799545288086
2022-12-19,130.160888671875,87.66268157958984,158.4239959716797,119.10153198242188,333.676513671875,233.79417419433594,149.8699951171875,199.41714477539062,45.70907211303711,93.59825134277344
2022-12-20,130.09207153320312,88.23756408691406,158.59552001953125,119.67843627929688,335.3289794921875,235.1068115234375,137.8000030517578,199.9429168701172,46.109195709228516,94.95101165771484
2022-12-21,133.18948364257812,88.79265594482422,160.41015625,121.02459716796875,338.008056640625,237.66400146484375,137.57000732421875,201.3546142578125,46.47090148925781,96.17027282714844
2022-12-22,130.02322387695312,86.9886474609375,159.82334899902344,119.65097045898438,333.9306640625,231.5967559814453,125.3499984741211,199.65078735351562,45.92673873901367,94.23013305664062
2022-12-23,129.65940856933594,88.44573974609375,160.22955322265625,120.21873474121094,335.9644470214844,232.12176513671875,123.1500015258789,200.40048217773438,46.01956558227539,96.72203063964844
2022-12-27,127.85994720458984,86.62189483642578,160.18441772460938,120.63996887207031,338.46759033203125,230.4008026123047,109.0999984741211,200.84837341308594,46.03237533569336,98.06591033935547
2022-12-28,123.93653106689453,85.26394653320312,159.48931884765625,121.29931640625,334.3511657714844,228.03807067871094,112.70999908447266,199.58267211914062,45.22574234008789,96.45506286621094
2022-12-29,127.44695281982422,87.6725845336914,160.30181884765625,121.99527740478516,340.4720458984375,234.3386688232422,121.81999969482422,202.57168579101562,45.50102233886719,97.18482971191406
2022-12-30,127.76160430908203,87.45452117919922,159.48023986816406,122.80116271972656,340.002685546875,233.181640625,123.18000030517578,202.27957153320312,45.38578414916992,98.16382598876953
2023-01-03,122.98271942138672,88.33670806884766,160.87060546875,123.73519897460938,339.0933837890625,232.94825744628906,108.0999984741211,201.9193572998047,45.965152740478516,94.79082489013672
2023-01-04,124.2511978149414,87.30584716796875,162.6220245361328,124.88903045654297,347.25775146484375,222.75836181640625,113.63999938964844,207.00164794921875,46.016361236572266,95.06669616699219
2023-01-05,122.93355560302734,85.44236755371094,161.42129516601562,124.86134338378906,343.952880859375,216.1562957763672,110.33999633789062,205.54124450683594,45.85953140258789,97.19373321533203
2023-01-06,127.456787109375,86.57234954833984,162.73036193847656,127.25064849853516,360.08306884765625,218.70375061035156,113.05999755859375,212.0060272216797,46.9830436706543,98.36849975585938
2023-01-09,127.97793579101562,87.2463607788086,158.51429748535156,126.72482299804688,363.31494140625,220.8331756591797,119.7699966430664,212.83363342285156,46.39727783203125,96.53514099121094
2023-01-10,128.54823303222656,87.6428451538086,158.13507080078125,127.8594970703125,363.3541564941406,222.51527404785156,118.8499984741211,215.25794982910156,46.368465423583984,97.9769058227539
2023-01-11,131.26220703125,90.71560668945312,157.88232421875,128.8096923828125,370.06280517578125,229.2437286376953,123.22000122070312,216.24131774902344,46.77499008178711,99.11605072021484
2023-01-12,131.18353271484375,90.32903289794922,157.0878143310547,128.68052673339844,371.9725036621094,231.9078826904297,123.55999755859375,217.72119140625,46.35245895385742,100.76251983642578
2023-01-13,132.51100158691406,91.31033325195312,156.57322692871094,131.9277801513672,367.77105712890625,232.60794067382812,122.4000015258789,217.17601013183594,46.506107330322266,100.70022583007812
2023-01-17,133.67132568359375,90.48763275146484,155.60723876953125,129.88902282714844,367.26177978515625,233.6969757080078,131.49000549316406,217.11756896972656,46.224422454833984,100.50442504882812
2023-01-18,132.9534912109375,90.31912231445312,153.25994873046875,125.98681640625,361.3072509765625,229.28262329101562,128.77999877929688,213.67095947265625,45.081703186035156,98.43968200683594
2023-01-19,133.0124969482422,92.23216247558594,153.05230712890625,124.30784606933594,360.3475036621094,225.51002502441406,127.16999816894531,214.59591674804688,44.438323974609375,99.07158660888672
2023-01-20,135.569091796875,97.1584701538086,152.33909606933594,124.61226654052734,368.5153503417969,233.57057189941406,133.4199981689453,218.39305114746094,44.98567581176758,100.87821960449219
2023-01-23,138.75503540039062,98.91291809082031,151.9508819580078,126.63256072998047,370.7581481933594,235.8651885986328,143.75,218.26646423339844,45.657867431640625,100.35313415527344
2023-01-24,140.1513214111328,96.8412857055664,151.9508819580078,127.72109985351562,372.16839599609375,235.34014892578125,143.88999938964844,217.98411560058594,45.77949523925781,101.28761291503906
2023-01-25,139.49249267578125,94.38309478759766,153.03424072265625,128.33917236328125,374.49932861328125,233.94976806640625,144.42999267578125,218.96742248535156,45.56182861328125,100.75362396240234
2023-01-26,141.55746459960938,96.6628646850586,152.47450256347656,129.13258361816406,369.45550537109375,241.1352081298828,160.27000427246094,218.782470703125,45.52022171020508,104.80298614501953
2023-01-27,143.49456787109375,98.4966049194336,151.87864685058594,129.4462432861328,366.3118896484375,241.29074096679688,177.89999389648438,225.33494567871094,45.869117736816406,102.88954162597656
2023-01-30,140.61349487304688,96.08797454833984,146.25421142578125,128.34841918945312,363.46185302734375,235.9916229248047,166.66000366210938,223.05667114257812,45.50102233886719,101.06510925292969
2023-01-31,141.88192749023438,97.97126770019531,147.53619384765625,129.11410522460938,362.95263671875,240.950439453125,173.22000122070312,224.1374053955078,46.05158233642578,103.24552917480469
2023-02-01,143.00289916992188,99.54728698730469,148.890380859375,128.7727813720703,366.3607482910156,245.75367736816406,181.41000366210938,224.80917358398438,46.30765151977539,102.11528778076172
2023-02-02,148.30299377441406,106.79304504394531,149.45010375976562,128.1731719970703,367.20306396484375,257.2756652832031,188.27000427246094,223.50454711914062,45.971553802490234,98.92027282714844
2023-02-03,151.92156982421875,103.85905456542969,148.6105499267578,130.15655517578125,366.1942138671875,251.19874572753906,189.97999572753906,224.0594940185547,45.36017608642578,99.60554504394531
2023-02-06,149.19778442382812,101.99559783935547,147.4819793701172,130.92222595214844,365.273681640625,249.6624298095703,194.75999450683594,223.3877410888672,45.03048324584961,99.43647766113281
2023-02-07,152.0690460205078,106.69391632080078,147.5181121826172,132.5181427001953,367.3205261230469,260.15374755859375,196.80999755859375,225.21810913085938,45.12651443481445,102.27547454833984
2023-02-08,149.38462829589844,98.4966049194336,147.7077178955078,131.58642578125,362.707763671875,259.34674072265625,201.2899932861328,224.12765502929688,44.883243560791016,101.38549041748047
2023-02-09,148.35215759277344,94.17493438720703,145.71249389648438,129.53846740722656,362.77630615234375,256.3227844238281,207.32000732421875,223.73745727539062,45.29936218261719,101.7681884765625
2023-02-10,148.71653747558594,93.7387924194336,146.38961791992188,130.11041259765625,359.26043701171875,255.81719970703125,196.88999938964844,221.6400146484375,46.003562927246094,106.05784606933594
2023-02-13,151.51339721679688,93.7784423828125,146.93124389648438,131.5218505859375,363.1778869628906,263.8096923828125,194.63999938964844,223.27894592285156,46.70456314086914,105.6452865600586
2023-02-14,150.8732452392578,93.84783935546875,146.29031372070312,132.10304260253906,362.3257751464844,264.63616943359375,209.25,223.7764434814453,46.57012176513672,104.40769958496094
2023-02-15,152.9709014892578,96.08797454833984,143.87982177734375,132.6565399169922,362.01239013671875,262.52093505859375,214.24000549316406,223.31796264648438,46.91582107543945,104.09379577636719
2023-02-16,151.3755340576172,94.67052459716797,142.85963439941406,130.8300018310547,359.9655456542969,255.53195190429688,202.0399932861328,220.30360412597656,46.17961502075195,103.78888702392578
2023-02-17,150.23313903808594,93.52071380615234,145.8421173095703,131.2174072265625,353.6779479980469,251.54522705078125,208.30999755859375,218.08914184570312,46.874210357666016,99.79804229736328
2023-02-21,146.2249298095703,90.98322296142578,143.66891479492188,128.8096923828125,348.61468505859375,246.2913055419922,197.3699951171875,215.22105407714844,47.15910339355469,99.69939422607422
2023-02-22,146.64845275878906,90.84445190429688,143.46888732910156,127.82258605957031,347.6451416015625,245.16053771972656,200.86000061035156,214.6357421875,46.17000961303711,98.4079818725586
2023-02-23,147.13099670410156,90.09114837646484,143.42343139648438,128.8465576171875,348.1935729980469,248.3382568359375,202.07000732421875,215.7185821533203,45.481815338134766,99.31376647949219
2023-02-24,144.48184204101562,88.34661102294922,141.82301330566406,130.0089111328125,345.83331298828125,242.9283905029297,196.8800048828125,214.17723083496094,45.60344696044922,99.3227310180664
2023-02-27,145.67344665527344,89.08011627197266,141.51388549804688,131.1436004638672,348.14459228515625,243.8446502685547,207.6300048828125,214.9576873779297,45.27375411987305,99.14337158203125
2023-02-28,145.17120361328125,89.2684326171875,139.35885620117188,132.2414093017578,347.95849609375,243.12330627441406,205.7100067138672,214.55770874023438,45.49462127685547,98.56941223144531
2023-03-01,143.10311889648438,89.56580352783203,138.7314453125,131.50338745117188,346.20550537109375,240.05282592773438,202.77000427246094,213.016357421875,44.86083984375,99.44828796386719
2023-03-02,143.69400024414062,91.19139099121094,138.62229919433594,130.13807678222656,348.2326965332031,244.77066040039062,190.89999389648438,213.6992645263672,44.972869873046875,99.9056625366211
2023-03-03,148.73622131347656,92.8268814086914,140.04995727539062,132.52737426757812,354.04034423828125,248.8450927734375,197.7899932861328,218.2939910888672,45.02727508544922,101.1701889038086
2023-03-06,151.49368286132812,94.29386901855469,141.4502410888672,131.75245666503906,359.3583068847656,250.38522338867188,193.80999755859375,221.2010498046875,45.020877838134766,102.06700897216797
2023-03-07,149.29754638671875,93.03504180908203,140.1135711669922,127.8779525756836,352.5125732421875,247.73387145996094,187.7100067138672,217.70867919921875,44.57275390625,100.093994140625
2023-03-08,150.5482635498047,93.4216079711914,139.08607482910156,127.12149047851562,351.6213684082031,247.29527282714844,182.0,216.75267028808594,44.204647064208984,98.63218688964844
2023-03-09,148.3029022216797,91.50857543945312,137.52207946777344,120.23957824707031,347.1260681152344,245.9501190185547,172.9199981689453,214.62599182128906,43.90696716308594,97.86988067626953
2023-03-10,146.2446746826172,89.83342742919922,137.85850524902344,123.2930908203125,339.9473876953125,242.3142547607422,173.44000244140625,210.85069274902344,43.84294891357422,96.65917205810547
2023-03-13,148.18472290039062,90.30921173095703,139.17703247070312,121.07905578613281,337.5968017578125,247.50970458984375,174.47999572753906,209.22158813476562,43.970985412597656,95.54711151123047
2023-03-14,150.27252197265625,93.1440658569336,139.95896911621094,124.18789672851562,345.53948974609375,254.2062225341797,183.25999450683594,213.30905151367188,44.204647064208984,95.9058609008789
2023-03-15,150.66644287109375,95.2652587890625,140.34999084472656,118.32077026367188,340.89727783203125,258.7389221191406,180.4499969482422,211.0750732421875,44.69758987426758,91.134765625
2023-03-16,153.48301696777344,99.43827056884766,140.0590057373047,120.61781311035156,340.8189392089844,269.227294921875,184.1300048828125,212.12863159179688,44.44369125366211,90.60565948486328
2023-03-17,152.6459197998047,100.72684478759766,138.55870056152344,116.06063842773438,342.4446716308594,272.3757019042969,180.1300048828125,212.07012939453125,44.803646087646484,89.5384292602539
2023-03-20,155.00946044921875,100.33035278320312,139.9317169189453,117.2875747680664,342.1117248535156,265.3575134277344,183.25,212.8115234375,45.2857551574707,91.8791275024414
2023-03-21,156.86093139648438,103.99783325195312,139.9317169189453,120.43331909179688,347.25335693359375,266.8682861328125,197.5800018310547,216.51852416992188,45.13147735595703,95.99553680419922
2023-03-22,155.4329376220703,102.46146392822266,137.3492889404297,117.32445526123047,343.786376953125,265.4159851074219,191.14999389648438,214.65525817871094,44.842220306396484,93.79832458496094
2023-03-23,156.51622009277344,104.6718521118164,137.4220733642578,117.01081085205078,347.0574951171875,270.6503601074219,192.22000122070312,217.1428680419922,45.20539855957031,92.74007415771484
2023-03-24,157.81622314453125,104.51325988769531,138.80419921875,115.23038482666016,344.3740539550781,273.4869384765625,190.41000366210938,215.6307830810547,45.57502365112305,92.84769439697266
2023-03-27,155.8760986328125,101.5594482421875,139.39523315429688,118.532958984375,347.3023681640625,269.4027404785156,191.80999755859375,216.38192749023438,46.33674621582031,94.88349151611328
2023-03-28,155.2556610107422,100.14201354980469,138.0494842529297,118.89273071289062,347.0182800292969,268.2817687988281,189.19000244140625,214.93820190429688,46.1567497253418,96.0672836303711
2023-03-29,158.32833862304688,100.49884033203125,139.404296875,119.13257598876953,352.11102294921875,273.42852783203125,193.8800048828125,217.8354949951172,46.35602951049805,97.7174301147461
2023-03-30,159.89414978027344,100.00324249267578,139.51344299316406,118.77279663085938,351.8465881347656,276.87908935546875,195.27999877929688,216.9185028076172,46.81884765625,98.1927490234375
2023-03-31,162.3955841064453,102.81829833984375,140.9410400390625,120.2119140625,355.9109802246094,281.0218200683594,207.4600067138672,219.942626953125,47.39095687866211,98.34520721435547
2023-04-03,163.64627075195312,103.4427490234375,142.62326049804688,120.07354736328125,358.9078674316406,279.9787902832031,194.77000427246094,223.39599609375,47.78948974609375,104.1476058959961
2023-04-04,163.11451721191406,103.7995834350586,144.11447143554688,118.46837615966797,356.3908386230469,279.9300231933594,192.5800018310547,222.08880615234375,47.320247650146484,103.15215301513672
2023-04-05,161.2728729248047,103.55179595947266,150.58865356445312,118.64502716064453,356.8420715332031,277.1617431640625,185.52000427246094,222.58628845214844,48.104461669921875,104.91887664794922
2023-04-06,162.15921020507812,107.4670639038086,150.17039489746094,118.51486206054688,354.5663757324219,284.238525390625,185.05999755859375,220.4596710205078,48.467655181884766,103.17906188964844
2023-04-10,159.5691680908203,105.50447082519531,149.4156951904297,118.90534973144531,353.26177978515625,282.0842590332031,184.50999450683594,220.88888549804688,48.37444305419922,102.7216796875
2023-04-11,158.3578643798828,104.4240493774414,149.37020874023438,119.49110412597656,357.1755676269531,275.6898498535156,186.7899932861328,222.8594512939453,48.23302459716797,103.4480972290039
2023-04-12,157.66847229003906,103.72028350830078,149.05194091796875,119.47250366210938,354.8704528808594,276.33319091796875,180.5399932861328,222.235107421875,47.99840545654297,103.34049224853516
2023-04-13,163.04556274414062,106.48576354980469,151.04331970214844,119.9280776977539,362.5902099609375,282.5228576660156,185.89999389648438,226.99569702148438,48.04661178588867,103.82477569580078
2023-04-14,162.7008514404297,107.9131088256836,150.7978057861328,128.9838104248047,365.3170166015625,278.91632080078125,185.0,228.2931671142578,47.72199630737305,104.07587432861328
2023-04-17,162.72056579589844,105.03860473632812,150.6432342529297,130.00653076171875,365.6407775878906,281.5091857910156,187.0399932861328,227.76637268066406,48.056243896484375,102.86517333984375
2023-04-18,163.94174194335938,103.58151245117188,146.40589904785156,131.4662322998047,365.2091979980469,281.0899963378906,184.30999755859375,227.8834228515625,48.162315368652344,104.8740463256836
2023-04-19,165.08413696289062,103.26433563232422,147.78802490234375,131.2989044189453,365.6799621582031,281.16796875,180.58999633789062,226.8786163330078,48.213748931884766,104.54222106933594
2023-04-20,164.1189727783203,104.36457824707031,148.74278259277344,130.917724609375,367.83795166015625,278.8870849609375,162.99000549316406,228.8589630126953,48.52228927612305,103.70817565917969
2023-04-21,162.51376342773438,104.48353576660156,147.93353271484375,130.6666259765625,368.0733642578125,278.54583740234375,165.0800018310547,228.3223876953125,48.76655197143555,104.03999328613281
2023-04-24,162.81906127929688,105.03860473632812,148.83372497558594,130.8433074951172,367.5731506347656,274.6565856933594,162.5500030517578,227.06394958496094,49.097599029541016,106.0040283203125
2023-04-25,161.28273010253906,102.9372329711914,150.19766235351562,127.99827575683594,361.4915771484375,268.4669189453125,160.6699981689453,223.97154235839844,48.71513748168945,104.49737548828125
2023-04-26,161.2728729248047,102.7984619140625,147.869873046875,125.72969818115234,359.75537109375,287.91326904296875,153.75,222.56680297851562,48.50299835205078,103.53778076171875
2023-04-27,165.85223388671875,106.64434814453125,148.21543884277344,127.42183685302734,366.5333557128906,297.1344299316406,160.19000244140625,223.40576171875,48.65406799316406,104.77538299560547
2023-04-28,167.10293579101562,106.39655303955078,148.85191345214844,128.52822875976562,372.7718811035156,299.503173828125,164.30999755859375,227.0347137451172,48.52228927612305,106.12958526611328
2023-05-01,167.0143280029297,106.25778198242188,148.76100158691406,131.28028869628906,372.60516357421875,297.8460693359375,161.8300018310547,226.8201141357422,48.7215576171875,102.8382568359375
2023-05-02,165.98028564453125,104.39430236816406,150.061279296875,129.1604766845703,368.8482971191406,297.6997985839844,160.30999755859375,221.42543029785156,48.589786529541016,98.73979949951172
2023-05-03,164.9068603515625,104.48353576660156,148.0972137451172,126.42698669433594,367.73980712890625,296.7153015136719,160.61000061035156,220.4499053955078,48.4098014831543,96.793701171875
2023-05-04,163.2720489501953,103.76985168457031,147.42431640625,124.69766998291016,368.9365539550781,297.6997985839844,161.1999969482422,220.07920837402344,48.54530715942383,95.09871673583984
2023-05-05,170.9339141845703,104.6421127319336,147.9244384765625,127.13359832763672,377.3134765625,302.80755615234375,170.05999755859375,226.10794067382812,48.9647102355957,97.46630096435547
2023-05-08,170.86495971679688,106.82276916503906,147.58798217773438,127.4404296875,378.147216796875,300.8580017089844,171.7899932861328,226.5469207763672,49.27119827270508,97.8519515991211
2023-05-09,169.16122436523438,106.40646362304688,146.4423065185547,126.82679748535156,375.6263427734375,299.2496643066406,169.14999389648438,227.55174255371094,49.35508728027344,97.87884521484375
2023-05-10,170.9240264892578,110.76780700683594,146.98785400390625,126.89187622070312,375.2339782714844,304.4256591796875,168.5399932861328,225.61044311523438,49.21635055541992,96.62329864501953
2023-05-11,171.11117553710938,115.5454330444336,146.38772583007812,126.49209594726562,376.0677490234375,302.2810974121094,172.0800018310547,225.79615783691406,49.400264739990234,94.87450408935547
2023-05-12,170.18414306640625,116.4771728515625,146.19674682617188,124.6790771484375,374.6258544921875,301.1699523925781,167.97999572753906,226.15780639648438,49.384124755859375,94.86555480957031
2023-05-15,169.69107055664062,115.4859619140625,145.07833862304688,125.72969818115234,376.08734130859375,301.64764404296875,166.35000610351562,227.55551147460938,49.00020217895508,95.04646301269531
2023-05-16,169.69107055664062,118.45958709716797,144.88739013671875,124.88363647460938,372.9779052734375,303.8700256347656,166.52000427246094,225.26832580566406,48.322689056396484,92.73971557617188
2023-05-17,170.30252075195312,119.77789306640625,144.56915283203125,128.7234649658203,379.6087951660156,306.7420349121094,173.86000061035156,227.3991241455078,48.24203109741211,94.8203125
2023-05-18,172.62986755371094,121.75041198730469,144.10537719726562,129.69970703125,384.53289794921875,311.1575622558594,176.88999938964844,228.32769775390625,48.8679313659668,95.67967224121094
2023-05-19,172.73834228515625,121.68102264404297,144.49636840820312,129.40219116210938,378.20611572265625,310.9817199707031,180.13999938964844,228.0442352294922,48.3646354675293,96.12294006347656
2023-05-22,171.79159545898438,123.95091247558594,143.7176513671875,128.33297729492188,377.1859436035156,313.756103515625,188.8699951171875,226.06007385253906,47.93877410888672,94.95599365234375
2023-05-23,169.1881103515625,121.48277282714844,143.66270446777344,126.99412536621094,366.61181640625,307.97296142578125,185.77000427246094,219.5112762451172,47.848426818847656,96.24958038330078
2023-05-24,169.46424865722656,119.83737182617188,143.5252685546875,125.83198547363281,361.46209716796875,306.59552001953125,182.89999389648438,217.23387145996094,47.62904357910156,97.3260498046875
2023-05-25,170.59835815429688,122.39469909667969,141.4639129638672,126.13877868652344,362.97271728515625,318.3865966796875,184.47000122070312,218.33837890625,47.15479278564453,95.5801773071289
2023-05-26,173.00460815429688,123.5147705078125,141.408935546875,127.31954956054688,367.2200012207031,325.1954650878906,193.1699981689453,219.93154907226562,47.238677978515625,94.95599365234375
2023-05-30,174.84878540039062,122.58302307128906,141.42724609375,127.80303192138672,360.481201171875,323.55419921875,201.16000366210938,216.63763427734375,47.122535705566406,94.11471557617188
2023-05-31,174.79945373535156,121.7900619506836,142.05938720703125,126.17601013183594,358.048583984375,320.79949951171875,203.92999267578125,216.04141235351562,47.38386154174805,92.4321517944336
2023-06-01,177.6001739501953,122.6325912475586,141.5830078125,127.91461944580078,363.796630859375,324.892578125,207.52000427246094,221.38796997070312,47.55807113647461,93.49959564208984
2023-06-02,178.44830322265625,123.57424926757812,143.8092803955078,130.60157775878906,366.5922546386719,327.64739990234375,213.97000122070312,223.6262664794922,48.012969970703125,95.67063903808594
2023-06-05,177.0972442626953,124.9024658203125,145.04608154296875,129.31854248046875,363.4435729980469,328.1749267578125,217.61000061035156,221.65185546875,48.32914352416992,95.24547576904297
2023-06-06,176.73236083984375,126.1910400390625,144.9178009033203,129.55096435546875,372.7032470703125,325.9671630859375,221.30999755859375,223.06910705566406,48.322689056396484,96.0234375
2023-06-07,175.36158752441406,121.42330932617188,145.22930908203125,130.8061065673828,364.29693603515625,315.9052429199219,224.57000732421875,220.18569946289062,48.393672943115234,98.1763916015625
2023-06-08,178.0735626220703,121.06647491455078,146.8234100341797,130.8433074951172,360.56951904296875,317.7418212890625,234.86000061035156,218.0158233642578,49.0937614440918,97.86881256103516
2023-06-09,178.45816040039062,121.15569305419922,146.59437561035156,131.10362243652344,362.1683349609375,319.2364501953125,244.39999389648438,218.51431274414062,49.39057540893555,97.14512634277344
2023-06-12,181.24903869628906,122.55328369140625,146.4936065673828,131.09432983398438,368.1420593261719,324.1794738769531,249.8300018310547,221.0653839111328,49.7164306640625,96.26765441894531
2023-06-13,180.7756805419922,122.74163055419922,147.26315307617188,132.04266357421875,364.2871398925781,326.56304931640625,258.7099914550781,218.35794067382812,50.103580474853516,96.2857666015625
2023-06-14,181.4068145751953,122.58302307128906,148.0144500732422,131.5499267578125,367.60260009765625,329.5425720214844,256.7900085449219,218.39700317382812,50.6100959777832,95.12786865234375
2023-06-15,183.4383544921875,123.99054718017578,150.0024871826172,133.03749084472656,371.80084228515625,340.0538635253906,255.89999389648438,221.0653839111328,50.8875617980957,95.7882308959961
2023-06-16,182.3634033203125,122.44426727294922,150.4605712890625,133.195556640625,369.33868408203125,334.4172058105469,260.5400085449219,223.74354553222656,50.17778015136719,95.10072326660156
2023-06-20,182.45217895507812,122.01803588867188,150.3689422607422,132.51687622070312,367.4651794433594,330.2361145019531,274.45001220703125,221.358642578125,49.73578643798828,92.92064666748047
2023-06-21,181.41671752929688,119.49046325683594,150.13990783691406,132.3216094970703,368.9562072753906,325.8499755859375,259.4599914550781,222.12103271484375,49.832576751708984,93.96095275878906
2023-06-22,184.4146728515625,122.06759643554688,151.73402404785156,129.77407836914062,370.5845031738281,331.8577880859375,264.6099853515625,223.2352752685547,50.24876403808594,93.4453125
2023-06-23,184.09906005859375,121.26471710205078,151.60577392578125,129.0953826904297,372.55609130859375,327.2761535644531,256.6000061035156,224.36911010742188,50.15519332885742,92.63118743896484
2023-06-26,182.7085723876953,117.29986572265625,149.91087341308594,129.4114990234375,370.2117919921875,321.0046081542969,241.0500030517578,221.19247436523438,50.02292251586914,94.34086608886719
2023-06-27,185.45999145507812,117.28996276855469,149.59938049316406,129.42080688476562,374.4983215332031,326.8365478515625,250.2100067138672,222.208984375,49.84225082397461,94.57608032226562
2023-06-28,186.633544921875,119.12369537353516,149.29705810546875,128.8536376953125,372.968017578125,328.0870056152344,256.239990234375,222.8149871826172,50.113258361816406,95.34497833251953
2023-06-29,186.96885681152344,118.05318450927734,150.34146118164062,133.35360717773438,380.2659606933594,327.3055114746094,257.5,229.0314483642578,49.77450180053711,96.5209732055664
2023-06-30,191.28829956054688,118.64791107177734,151.64242553710938,135.22242736816406,385.7884521484375,332.6686096191406,261.7699890136719,232.1201171875,50.71010971069336,97.01848602294922
2023-07-03,189.7991943359375,118.8461685180664,149.65432739257812,136.3102264404297,386.43585205078125,330.1775207519531,279.82000732421875,232.5990753173828,51.039188385009766,97.20844268798828
2023-07-05,188.68478393554688,120.6799087524414,149.15963745117188,135.4021759033203,387.1911315917969,330.33380126953125,282.4800109863281,234.045654296875,51.01014709472656,96.71094512939453
2023-07-06,189.1581573486328,119.05431365966797,148.0510711669922,134.0635223388672,386.1892395019531,333.3817138671875,276.5400085449219,233.48855590820312,50.687530517578125,93.1015625
2023-07-07,188.04376220703125,118.42985534667969,145.89810180664062,135.121337890625,381.8080749511719,329.42535400390625,274.42999267578125,231.11337280273438,49.51962661743164,93.31867218017578
2023-07-10,186.00238037109375,115.42648315429688,146.13629150390625,135.87957763671875,385.2265625,324.1599426269531,269.6099853515625,232.78477478027344,49.96807861328125,94.70270538330078
2023-07-11,185.47972106933594,116.11042785644531,145.33010864257812,138.00462341308594,390.7667236328125,324.7851257324219,269.7900085449219,235.12086486816406,49.89387893676758,95.860595703125
2023-07-12,187.1463623046875,117.88469696044922,144.82618713378906,138.68798828125,393.605712890625,329.40582275390625,271.989990234375,236.74337768554688,50.01969528198242,96.33098602294922
2023-07-13,187.9057159423828,123.44538116455078,145.49497985839844,139.36199951171875,393.47802734375,334.7395935058594,277.8999938964844,237.8185272216797,49.72610855102539,94.56702423095703
2023-07-14,188.05364990234375,124.31765747070312,146.46612548828125,140.2045440673828,395.3935241699219,337.2599792480469,281.3800048828125,237.6719512939453,49.8971061706543,91.3104476928711
2023-07-17,191.30801391601562,123.55441284179688,145.73318481445312,143.5839385986328,395.0890197753906,337.7386474609375,290.3800048828125,238.48321533203125,49.95840072631836,91.70848083496094
2023-07-18,191.0515899658203,122.6722412109375,145.72402954101562,143.84608459472656,391.1204833984375,351.1805725097656,293.3399963378906,235.3358612060547,49.868064880371094,91.29235076904297
2023-07-19,192.40264892578125,120.95744323730469,145.43087768554688,144.3983917236328,391.2284851074219,346.87249755859375,291.260009765625,235.97120666503906,49.88420104980469,91.92560577392578
2023-07-20,190.4599151611328,118.15231323242188,154.2626190185547,146.1770477294922,391.0221862792969,338.852294921875,262.8999938964844,234.2118377685547,50.80690002441406,93.54483032226562
2023-07-21,189.28636169433594,118.9651107788086,155.92086791992188,145.05368041992188,390.4623107910156,335.823974609375,260.0199890136719,233.85020446777344,51.09403610229492,93.97901916503906
2023-07-24,190.08514404296875,120.46183776855469,156.73626708984375,147.90892028808594,397.63323974609375,337.1330261230469,269.05999755859375,235.3065643310547,51.394073486328125,95.45352172851562
2023-07-25,190.94313049316406,121.13585662841797,157.93641662597656,146.8042449951172,394.1852722167969,342.8673400878906,265.2799987792969,233.30284118652344,51.352142333984375,95.5982666015625
2023-07-26,191.8109588623047,128.13380432128906,158.23873901367188,147.68418884277344,395.2953186035156,329.962646484375,264.3500061035156,231.7487335205078,51.53602600097656,95.0645523071289
2023-07-27,190.5486602783203,128.26268005371094,159.1273956298828,146.05535888671875,387.5251159667969,323.0755920410156,255.7100067138672,229.14874267578125,51.34891128540039,95.3630599975586
2023-07-28,193.12255859375,131.4147186279297,159.85118103027344,146.8885040283203,386.01239013671875,330.54876708984375,266.44000244140625,230.42916870117188,51.590877532958984,94.22328186035156
2023-07-31,193.7340087890625,131.55349731445312,153.48388671875,147.87142944335938,387.30902099609375,328.15545654296875,267.42999267578125,232.364501953125,51.57474136352539,97.00943756103516
2023-08-01,192.90562438964844,130.39376831054688,154.72987365722656,147.14126586914062,390.04974365234375,328.5656433105469,261.07000732421875,234.3682098388672,51.33277893066406,96.44860076904297
2023-08-02,189.91751098632812,127.25162506103516,155.6643524169922,145.4749298095703,383.12432861328125,319.9300231933594,254.11000061035156,232.19833374023438,51.368263244628906,95.24547576904297
2023-08-03,188.52700805664062,127.32101440429688,156.33314514160156,146.36428833007812,386.0614929199219,319.10943603515625,259.32000732421875,233.3712615966797,51.38117599487305,96.90090942382812
2023-08-04,179.47390747070312,126.98401641845703,154.86724853515625,146.05535888671875,384.43084716796875,320.20355224609375,253.86000061035156,233.59605407714844,51.0843505859375,97.1722640991211
2023-08-07,176.3773651123047,130.3739471435547,158.58688354492188,146.7480926513672,389.8532409667969,322.47967529296875,251.4499969482422,236.0591583251953,51.77799606323242,96.97325897216797
2023-08-08,177.31422424316406,130.2450714111328,158.66015625,145.92430114746094,386.2383117675781,318.5135498046875,249.6999969482422,233.8892822265625,51.829620361328125,97.45271301269531
2023-08-09,175.72642517089844,128.5203857421875,158.5594024658203,143.9677734375,386.7098388671875,314.7818298339844,242.19000244140625,234.3486785888672,51.91350173950195,99.10812377929688
2023-08-10,175.5094757080078,128.5501251220703,157.73484802246094,143.75245666503906,390.11846923828125,315.4656677246094,245.33999633789062,235.1810760498047,51.887596130371094,99.61469268798828
2023-08-11,175.56874084472656,128.42124938964844,159.27401733398438,144.58560180664062,387.9966735839844,313.5900573730469,242.64999389648438,235.06353759765625,52.19194412231445,101.16156005859375
2023-08-14,177.2178955078125,130.17572021484375,158.8983917236328,144.8851776123047,391.532958984375,316.5500183105469,239.75999450683594,237.86424255371094,51.80341720581055,101.24296569824219
2023-08-15,175.23297119140625,128.63934326171875,158.4403076171875,141.1968231201172,387.47601318359375,314.42034912109375,232.9600067138672,234.8578643798828,51.53792953491211,98.64373016357422
2023-08-16,174.364013671875,127.56880187988281,157.93641662597656,140.59771728515625,387.39739990234375,313.6568298339844,225.60000610351562,234.32911682128906,51.563819885253906,96.98384094238281
2023-08-17,171.8260955810547,128.77809143066406,159.4205780029297,139.1373291015625,385.6783752441406,310.2109069824219,219.22000122070312,232.4488983154297,50.40796661376953,98.86260986328125
2023-08-18,172.3099822998047,126.33970642089844,158.02806091308594,139.4556121826172,385.2362976074219,309.8193359375,215.49000549316406,233.2322998046875,51.133209228515625,100.35832977294922
2023-08-21,173.64309692382812,127.24171447753906,153.31898498535156,139.93307495117188,386.2481384277344,315.10565185546875,231.27999877929688,234.49559020996094,50.997222900390625,99.14533233642578
2023-08-22,175.0157470703125,127.94546508789062,152.10047912597656,137.03103637695312,390.80609130859375,315.6734313964844,233.19000244140625,235.5825653076172,50.83534240722656,98.58899688720703
2023-08-23,178.85714721679688,131.20655822753906,150.7354278564453,137.95779418945312,393.9691467285156,320.117919921875,236.86000061035156,237.27667236328125,51.188255310058594,97.72259521484375
2023-08-24,174.17637634277344,128.63934326171875,151.24847412109375,137.8267364501953,390.6390686035156,313.2358703613281,230.0399932861328,234.50535583496094,50.796485900878906,96.99298095703125
2023-08-25,176.3784942626953,128.73843383789062,153.41705322265625,137.65823364257812,395.7668151855469,316.1824951171875,238.58999633789062,237.54110717773438,51.097599029541016,98.72581481933594
2023-08-28,177.9387664794922,129.85850524902344,151.60836791992188,138.1356658935547,400.2363586425781,316.88739013671875,238.82000732421875,238.77496337890625,51.38899612426758,99.55575561523438
2023-08-29,181.8196563720703,133.38723754882812,151.62680053710938,139.25901794433594,404.3719177246094,321.4982604980469,257.17999267578125,240.253662109375,51.81960678100586,100.1485595703125
2023-08-30,185.3055419921875,134.6857147216797,151.091552734375,138.69735717773438,406.5919189453125,321.8702697753906,256.8999938964844,241.1251983642578,52.19194412231445,101.12442016601562
2023-08-31,185.5227813720703,134.97312927246094,149.19981384277344,136.9842529296875,405.34442138671875,320.8619384765625,258.0799865722656,240.5866241455078,52.64847183227539,101.40713500976562
2023-09-01,187.09292602539062,134.4676513671875,148.09243774414062,137.4429168701172,408.22259521484375,321.74298095703125,245.00999450683594,242.9662322998047,52.31174087524414,103.5321273803711
2023-09-05,187.32997131347656,134.57666015625,148.27699279785156,135.92642211914062,404.224609375,326.530029296875,256.489990234375,240.253662109375,51.890838623046875,103.541259765625
2023-09-06,180.62478637695312,133.2781982421875,145.8131103515625,135.70172119140625,405.8748779296875,325.8741455078125,251.9199981689453,241.0566864013672,52.279361724853516,104.4350357055664
2023-09-07,175.3416290283203,134.0711669921875,147.67718505859375,134.54090881347656,407.2894592285156,322.9667053222656,251.49000549316406,242.01634216308594,52.926902770996094,103.9242935180664
2023-09-08,175.953857421875,135.1813201904297,148.16627502441406,134.64389038085938,407.5054931640625,327.23492431640625,248.5,242.16323852539062,53.0240364074707,105.43824768066406
2023-09-11,177.11912536621094,135.71656799316406,150.10414123535156,135.2336883544922,409.3228454589844,330.82769775390625,273.5799865722656,242.0946807861328,53.208587646484375,104.11582946777344
2023-09-12,174.09738159179688,134.1504669189453,150.9531707763672,136.99359130859375,408.9102478027344,324.78753662109375,267.4800109863281,242.17303466796875,53.26686477661133,107.1528549194336
2023-09-13,172.03347778320312,135.5084228515625,151.33151245117188,137.05911254882812,408.9396667480469,328.98724365234375,271.29998779296875,242.69207763671875,53.27981185913086,106.1952133178711
2023-09-14,173.54437255859375,136.88619995117188,151.1007843017578,139.7177276611328,406.031982421875,331.5716857910156,276.0400085449219,236.4932403564453,53.50321578979492,108.09222412109375
2023-09-15,172.82350158691406,136.19235229492188,148.987548828125,139.3058319091797,406.9848937988281,323.2701110839844,274.3900146484375,236.0722198486328,53.30571746826172,106.43234252929688
2023-09-18,175.7465057373047,136.99520874023438,149.92881774902344,139.5960235595703,409.7550964355469,322.1345520019531,265.2799987792969,239.5877685546875,52.91072082519531,107.2896499633789
2023-09-19,176.83274841308594,136.82672119140625,149.67965698242188,139.41815185546875,406.21875,321.733154296875,266.5,238.51058959960938,52.897769927978516,107.00691986083984
2023-09-20,173.29747009277344,132.56454467773438,150.33486938476562,138.82843017578125,403.26190185546875,314.01904296875,262.5899963378906,236.84579467773438,53.069358825683594,106.15874481201172
2023-09-21,171.7569580078125,129.2935028076172,149.1813507080078,137.7424774169922,396.22845458984375,312.8051452636719,255.6999969482422,231.7046356201172,52.42505645751953,104.66304779052734
2023-09-22,172.60623168945312,129.10520935058594,148.1108856201172,136.4225311279297,395.1086730957031,310.3381652832031,244.8800048828125,230.2063446044922,52.56428146362305,104.82718658447266
2023-09-25,173.88011169433594,129.95761108398438,147.88941955566406,137.09657287597656,395.3738708496094,310.8570556640625,246.99000549316406,228.5220184326172,52.797393798828125,106.00370788574219
2023-09-26,169.81158447265625,127.43997192382812,146.74514770507812,135.67364501953125,388.3896179199219,305.5706787109375,244.1199951171875,224.888916015625,52.61285400390625,106.16785430908203
2023-09-27,168.3007049560547,129.3926239013672,144.98255920410156,136.46934509277344,388.48779296875,306.2069396972656,240.5,224.74208068847656,52.36030578613281,109.6244125366211
2023-09-28,168.5574493408203,131.1470947265625,144.77035522460938,138.16375732421875,392.3778076171875,307.0390625,246.3800048828125,226.8572998046875,52.62580108642578,108.95863342285156
2023-09-29,169.07098388671875,129.7098388671875,143.72756958007812,135.75791931152344,388.9101867675781,309.1047058105469,250.22000122070312,225.24147033691406,51.780757904052734,107.23492431640625
2023-10-02,171.5792236328125,132.99072265625,143.1738739013672,134.5877227783203,388.85125732421875,315.0273132324219,251.60000610351562,226.4753875732422,51.83580017089844,105.45649719238281
2023-10-03,170.24607849121094,131.26605224609375,143.3491973876953,133.59544372558594,384.1459655761719,306.7943115234375,246.52999877929688,224.06634521484375,51.508785247802734,105.6388931274414
2023-10-04,171.49032592773438,134.05136108398438,143.51531982421875,134.19454956054688,386.7981872558594,312.2471008300781,261.1600036621094,226.42640686035156,52.12718963623047,101.68985748291016
2023-10-05,172.72474670410156,133.88284301757812,145.01026916503906,134.7603759765625,387.7917785644531,312.638671875,260.04998779296875,228.6395263671875,51.50555419921875,99.40070343017578
2023-10-06,175.2725067138672,136.3707733154297,145.4716796875,136.8350830078125,391.50054931640625,320.3724365234375,260.5299987792969,230.16722106933594,50.641082763671875,97.74083709716797
2023-10-09,176.7537384033203,137.20338439941406,146.3022003173828,136.52386474609375,388.322998046875,322.8785400390625,259.6700134277344,229.5796356201172,50.4565315246582,101.160888671875
2023-10-10,176.1612548828125,136.84654235839844,146.13612365722656,137.35374450683594,393.86151123046875,321.47869873046875,263.6199951171875,231.69488525390625,51.026371002197266,100.73223114013672
2023-10-11,177.5536346435547,139.31468200683594,144.12437438964844,137.82528686523438,393.310546875,325.42376708984375,262.989990234375,230.79391479492188,51.230342864990234,97.12065124511719
2023-10-12,178.4522705078125,137.74853515625,144.26278686523438,137.50460815429688,393.3990783691406,324.1903381347656,258.8699951171875,231.8711395263672,51.46344757080078,97.10242462158203
2023-10-13,176.61553955078125,136.1527099609375,144.74264526367188,139.5699005126953,391.5595703125,320.8326110839844,251.1199951171875,232.74267578125,51.74837112426758,100.20328521728516
2023-10-16,176.48712158203125,137.87741088867188,145.3701629638672,139.4284210205078,394.638671875,325.63916015625,253.9199981689453,235.09292602539062,52.19518280029297,100.2762222290039
2023-10-17,174.93675231933594,138.491943359375,144.0413055419922,139.12664794921875,395.23870849609375,325.0714416503906,254.85000610351562,236.19952392578125,52.2631721496582,101.58954620361328
2023-10-18,173.64309692382812,136.74745178222656,140.940673828125,137.59893798828125,386.81787109375,323.1624450683594,242.67999267578125,232.54685974121094,52.302024841308594,103.01227569580078
2023-10-19,173.26785278320312,136.53927612304688,140.5623321533203,137.0142364501953,381.5646667480469,324.34698486328125,220.11000061035156,228.9626922607422,52.052730560302734,103.0761489868164
2023-10-20,170.7200927734375,134.40817260742188,141.18983459472656,134.80755615234375,378.16094970703125,319.7948913574219,211.99000549316406,228.54161071777344,51.40194320678711,101.30681610107422
2023-10-23,170.83859252929688,135.30027770996094,139.70411682128906,132.9686279296875,377.43292236328125,322.3890380859375,212.0800018310547,226.72998046875,52.130428314208984,99.82022094726562
2023-10-24,171.27310180664062,137.58995056152344,139.55645751953125,133.12893676757812,380.62030029296875,323.5736389160156,216.52000427246094,229.7853240966797,52.85568618774414,98.85348510742188
2023-10-25,168.96234130859375,124.50598907470703,139.8702392578125,132.40277099609375,380.03009033203125,333.5002136230469,212.4199981689453,231.93968200683594,52.697025299072266,99.03589630126953
2023-10-26,164.804931640625,121.20524597167969,137.49859619140625,132.74229431152344,358.6631774902344,320.9891662597656,205.75999450683594,226.48513793945312,52.376495361328125,98.13298034667969
2023-10-27,166.11831665039062,121.09622192382812,134.3610382080078,127.96109008789062,358.1614074707031,322.8687744140625,207.3000030517578,224.516845703125,52.18223190307617,96.26336669921875
2023-10-30,168.16241455078125,123.36608123779297,135.68064880371094,129.59251403808594,366.36590576171875,330.21087646484375,197.36000061035156,228.24781799316406,52.78120803833008,96.56433868408203
2023-10-31,168.63645935058594,122.98943328857422,136.88954162597656,131.1391143798828,370.2320251464844,330.99407958984375,200.83999633789062,230.22598266601562,52.90748977661133,96.53697967529297
2023-11-01,171.79647827148438,125.33860778808594,137.21255493164062,131.02593994140625,371.6780700683594,338.7865295410156,205.66000366210938,233.63381958007812,53.38018798828125,96.34545135498047
2023-11-02,175.3515167236328,126.36945343017578,138.64288330078125,133.3647003173828,376.46893310546875,340.9891662597656,218.50999450683594,238.20701599121094,53.590641021728516,99.51013946533203
2023-11-03,174.4429931640625,127.9653091430664,139.65794372558594,134.8546905517578,379.7742919921875,345.37493896484375,219.9600067138672,238.54974365234375,53.312191009521484,98.29716491699219
2023-11-06,176.9907684326172,129.10520935058594,139.9901885986328,135.87319946289062,379.8824768066406,349.02642822265625,219.27000427246094,238.4420166015625,53.3834228515625,96.55521392822266
2023-11-07,179.54840087890625,129.81887817382812,139.25192260742188,135.80714416503906,382.5484619140625,352.9422302246094,222.17999267578125,239.6955108642578,53.632728576660156,95.041259765625
2023-11-08,180.60501098632812,130.68121337890625,138.74440002441406,136.47671508789062,383.36492919921875,355.55609130859375,222.11000061035156,239.36178588867188,53.19563674926758,93.8738784790039
2023-11-09,180.13104248046875,129.09527587890625,136.04055786132812,136.07122802734375,381.6532287597656,353.0988464355469,209.97999572753906,237.1341552734375,53.072601318359375,93.90123748779297
2023-11-10,184.3136749267578,131.42462158203125,135.88369750976562,138.0892791748047,387.9688415527344,361.8899230957031,214.64999389648438,240.6768341064453,53.80757141113281,94.6217269897461
2023-11-13,182.73159790039062,130.92901611328125,136.23440551757812,137.47633361816406,387.93939208984375,358.9627990722656,223.7100067138672,240.10763549804688,54.28997802734375,95.61583709716797
2023-11-14,185.342041015625,132.44557189941406,136.2620391845703,139.98483276367188,391.1856994628906,362.4772033691406,237.41000366210938,242.33529663085938,54.280269622802734,95.98397827148438
2023-11-15,185.90567016601562,133.436767578125,137.3140411376953,141.21078491210938,390.3790283203125,362.6243896484375,242.83999633789062,243.4835205078125,54.96990203857422,95.40414428710938
2023-11-16,187.58663940429688,135.72647094726562,138.513671875,142.8233642578125,390.6446228027344,369.0005187988281,233.58999633789062,243.93492126464844,50.52128601074219,94.29972839355469
2023-11-17,187.5668487548828,134.12074279785156,138.2276153564453,144.11534118652344,393.7926330566406,362.80096435546875,234.3000030517578,244.90647888183594,50.29788589477539,96.60062408447266
2023-11-20,189.30714416503906,135.05242919921875,139.44619750976562,144.55856323242188,397.8259582519531,370.2462463378906,235.60000610351562,245.308837890625,50.281700134277344,96.17725372314453
2023-11-21,188.5062255859375,135.76611328125,140.57171630859375,144.25680541992188,402.3020324707031,365.9596252441406,241.1999969482422,247.52667236328125,50.463008880615234,96.14044952392578
2023-11-22,189.16873168945312,137.2727508544922,140.2926788330078,144.59628295898438,403.65960693359375,370.64849853515625,234.2100067138672,248.9888916015625,50.077720642089844,95.72628784179688
2023-11-24,187.84371948242188,135.48858642578125,141.8553924560547,144.7943115234375,405.7943115234375,370.2364807128906,235.4499969482422,249.55809020996094,50.52777099609375,96.2416763305664
2023-11-27,187.6657257080078,135.21104431152344,140.72055053710938,144.46426391601562,402.3217468261719,371.3940124511719,236.0800018310547,249.40103149414062,50.75764083862305,95.68025207519531
2023-11-28,188.2689208984375,135.9940948486328,141.046142578125,144.7943115234375,402.361083984375,375.40606689453125,246.72000122070312,248.22341918945312,51.363094329833984,95.62503814697266
2023-11-29,187.25042724609375,133.8035430908203,141.49261474609375,145.5299072265625,403.1578674316406,371.62939453125,244.13999938964844,249.4893798828125,50.534244537353516,94.18927001953125
2023-11-30,187.8239288330078,131.3651580810547,143.86460876464844,147.1896514892578,407.1026916503906,371.688232421875,240.0800018310547,251.89366149902344,50.40796661376953,94.55742645263672
2023-12-01,189.0995330810547,130.70103454589844,147.32498168945312,147.9063720703125,407.62408447265625,367.37213134765625,238.8300018310547,251.66799926757812,49.97087478637695,94.78751373291016
2023-12-04,187.3097686767578,128.13380432128906,147.79006958007812,148.99085998535156,401.5937805175781,362.1045227050781,235.5800018310547,249.6954803466797,49.95792007446289,94.27210998535156
2023-12-05,191.25509643554688,129.8386993408203,147.48309326171875,148.9720001220703,402.0462341308594,365.41998291015625,238.72000122070312,249.86227416992188,50.42091369628906,92.44060516357422
2023-12-06,190.1674346923828,128.87722778320312,145.68783569335938,147.40652465820312,403.7087707519531,361.77099609375,239.3699951171875,249.54824829101562,49.87374496459961,91.2165298461914
2023-12-07,192.09561157226562,135.72647094726562,144.552978515625,147.8592071533203,406.4337463378906,363.8800048828125,242.63999938964844,251.04974365234375,49.5455207824707,90.58148956298828
2023-12-08,193.51947021484375,133.8035430908203,143.64137268066406,149.49066162109375,405.4598693847656,367.097412109375,243.83999633789062,250.97125244140625,49.02556610107422,91.6214828491211
2023-12-11,191.01779174804688,132.1184844970703,144.23670959472656,150.0376434326172,408.9521484375,364.22332763671875,239.74000549316406,251.7366943359375,49.149051666259766,91.68590545654297
2023-12-12,192.53067016601562,131.35523986816406,144.24603271484375,151.3767547607422,413.91021728515625,367.2445983886719,237.00999450683594,254.71998596191406,49.188045501708984,90.24095153808594
2023-12-13,195.74427795410156,131.40481567382812,144.91575622558594,151.88597106933594,417.77630615234375,367.2348327636719,239.2899932861328,257.4874267578125,50.062225341796875,91.04167175292969
2023-12-14,195.89260864257812,130.7803497314453,145.92037963867188,154.6490936279297,411.75579833984375,358.9556579589844,251.0500030517578,253.90545654296875,49.451271057128906,93.48980712890625
2023-12-15,195.35865783691406,131.4345245361328,144.32972717285156,155.81846618652344,411.7656555175781,363.6641845703125,253.5,253.21852111816406,49.636512756347656,92.86397552490234
2023-12-18,193.6974639892578,134.60643005371094,144.59019470214844,156.76150512695312,417.5303649902344,365.54754638671875,252.0800018310547,253.5522003173828,50.361209869384766,93.55423736572266
2023-12-19,194.7357177734375,135.4489288330078,145.5389862060547,158.8550567626953,418.553466796875,366.14593505859375,257.2200012207031,255.1419677734375,50.54318618774414,94.78751373291016
2023-12-20,192.6493377685547,137.12408447265625,142.5716552734375,157.06324768066406,412.6313171386719,363.5562744140625,247.13999938964844,252.31565856933594,49.95173263549805,93.20450592041016
2023-12-21,192.50099182128906,139.185791015625,144.03207397460938,157.95916748046875,416.5564880371094,366.4206237792969,254.5,254.7003631591797,50.30595779418945,93.62786865234375
2023-12-22,191.43313598632812,140.24642944335938,144.60879516601562,157.86488342285156,417.20574951171875,367.4408264160156,252.5399932861328,253.61111450195312,50.907161712646484,93.79354095458984
2023-12-26,190.88926696777344,140.27613830566406,145.2413330078125,158.79844665527344,416.7827453613281,367.5192565917969,256.6099853515625,254.3275146484375,50.829166412353516,94.00521087646484
2023-12-27,190.98814392089844,139.13623046875,145.43666076660156,159.75094604492188,417.46148681640625,366.9405517578125,261.44000244140625,254.1017608642578,51.306880950927734,93.56344604492188
2023-12-28,191.41329956054688,138.9974822998047,145.65060424804688,160.5996856689453,419.3896789550781,368.1274719238281,253.17999267578125,255.54432678222656,51.206138610839844,92.21051788330078
2023-12-29,190.3750762939453,138.46221923828125,145.7994384765625,160.41107177734375,419.57659912109375,368.8730163574219,248.47999572753906,255.49525451660156,51.23213195800781,92.01724243164062
2024-01-02,183.5621795654297,136.95558166503906,148.80398559570312,162.27830505371094,415.0317077636719,363.801513671875,248.4199981689453,254.04283142089844,51.76509094238281,94.20768737792969
2024-01-03,182.187744140625,137.69898986816406,149.73419189453125,161.57102966308594,411.96234130859375,363.5366516113281,238.4499969482422,253.16946411132812,51.768341064453125,94.99919128417969
2024-01-04,179.8739471435547,135.1912384033203,149.41790771484375,162.64321899414062,412.9461364746094,360.9273376464844,237.92999267578125,254.76902770996094,51.26787567138672,94.17088317871094
2024-01-05,179.15211486816406,134.53701782226562,149.8830108642578,163.459228515625,412.6018371582031,360.7409362792969,237.49000549316406,254.8475341796875,50.92665481567383,94.45618438720703
2024-01-08,183.48309326171875,137.61972045898438,150.25509643554688,163.22203063964844,415.77447509765625,367.5486755371094,240.4499969482422,257.6443786621094,51.42711639404297,92.88236236572266
2024-01-09,183.0677947998047,139.71116638183594,150.34811401367188,161.93161010742188,416.3853454589844,368.62774658203125,234.9600067138672,258.419677734375,51.77158737182617,91.73194122314453
2024-01-10,184.10601806640625,141.02947998046875,150.5713653564453,162.27316284179688,421.971923828125,375.4747314453125,233.94000244140625,259.6268005371094,52.4150390625,90.8299789428711
2024-01-11,183.51275634765625,140.8312530517578,149.901611328125,161.5900115966797,420.44476318359375,377.29925537109375,227.22000122070312,259.10662841796875,52.35654830932617,90.81157684326172
2024-01-12,183.83905029296875,141.3961944580078,151.05506896972656,160.4039306640625,422.7897644042969,381.0660705566406,218.88999938964844,259.2440185546875,52.42478942871094,91.98961639404297
2024-01-16,181.57469177246094,141.23760986328125,149.3155975341797,159.3981475830078,422.0508117675781,382.831787109375,219.91000366210938,260.2940673828125,52.59052658081055,89.90962219238281
2024-01-17,180.6352996826172,140.22659301757812,149.23187255859375,158.54415893554688,421.1344909667969,382.0469970703125,215.5500030517578,261.658203125,52.34354782104492,89.25617980957031
2024-01-18,186.51870727539062,142.21893310546875,149.95745849609375,158.85728454589844,424.38592529296875,386.3631286621094,211.8800048828125,263.1399841308594,53.048736572265625,89.09051513671875
2024-01-19,189.41592407226562,145.09341430664062,150.39462280273438,161.59947204589844,430.3568420410156,391.0716247558594,212.19000244140625,265.8485107421875,52.769256591796875,89.22856140136719
2024-01-22,191.71983337402344,144.70684814453125,151.1294708251953,161.40969848632812,433.28314208984375,388.952880859375,208.8000030517578,266.1429443359375,52.77251052856445,89.10891723632812
2024-01-23,192.9954071044922,145.7476348876953,148.65513610839844,160.3470001220703,432.3077697753906,391.2972717285156,209.13999938964844,266.2018127441406,52.9057502746582,90.11211395263672
2024-01-24,192.32301330566406,147.39300537109375,147.86448669433594,161.77975463867188,432.2486267089844,394.88751220703125,207.8300018310547,266.58453369140625,52.1583137512207,91.66751098632812
2024-01-25,191.99671936035156,150.53517150878906,148.42259216308594,164.09495544433594,430.37652587890625,397.1534729003906,182.6300048828125,267.526611328125,52.91875076293945,93.99600219726562
2024-01-26,190.26629638671875,150.8523712158203,148.36680603027344,163.46873474121094,432.0810546875,396.23138427734375,183.25,262.9436950683594,53.38345718383789,94.79671478271484
2024-01-29,189.5840301513672,152.1607666015625,148.236572265625,163.8957061767578,434.1009216308594,401.9110412597656,190.92999267578125,268.55706787109375,53.63368225097656,94.9163589477539
2024-01-30,185.93533325195312,150.12879943847656,147.68775939941406,167.25466918945312,438.6431579589844,400.8026123046875,191.58999633789062,271.98199462890625,53.81242752075195,96.49937438964844
2024-01-31,182.33604431152344,138.86862182617188,147.80868530273438,165.44236755371094,442.623779296875,390.00244140625,187.2899932861328,268.1645202636719,53.701927185058594,94.62184143066406
2024-02-01,184.76853942871094,139.91932678222656,147.3063507080078,164.84454345703125,454.1418762207031,396.08428955078125,188.86000061035156,271.88385009765625,54.696353912353516,94.23529052734375
2024-02-02,183.7698211669922,141.1285858154297,145.6785125732422,165.7934112548828,453.8068542480469,403.38250732421875,187.91000366210938,272.0113830566406,55.10581588745117,93.84874725341797
2024-02-05,185.57933044433594,142.41714477539062,144.92506408691406,165.57516479492188,450.0429992675781,397.9186096191406,181.05999755859375,270.4412841796875,54.81009292602539,93.46221160888672
2024-02-06,187.18121337890625,142.83346557617188,147.02732849121094,166.1444854736328,453.72796630859375,397.7616882324219,185.10000610351562,271.5992736816406,55.18381118774414,94.10645294189453
2024-02-07,187.28997802734375,144.26080322265625,146.95289611816406,166.4575958251953,455.1172790527344,406.1585693359375,187.5800018310547,274.1802062988281,55.0440788269043,94.07884216308594
2024-02-08,186.21218872070312,144.62754821777344,145.483154296875,165.85984802246094,451.52093505859375,406.2174072265625,189.55999755859375,271.1421813964844,55.040828704833984,95.68946075439453
2024-02-09,186.9745330810547,147.6904296875,145.8180389404297,166.05909729003906,451.1465759277344,412.53460693359375,193.57000732421875,271.78125,55.011573791503906,93.6646728515625
2024-02-12,185.29141235351562,146.2333221435547,146.8319854736328,166.7991943359375,451.9643249511719,407.3454895019531,188.1300048828125,270.444091796875,55.343048095703125,94.95318603515625
2024-02-13,183.20236206054688,143.86431884765625,145.54827880859375,165.3474578857422,453.6886291503906,398.5758361816406,184.02000427246094,271.1716613769531,54.96608352661133,94.13574981689453
2024-02-14,182.32119750976562,144.65728759765625,144.8692626953125,167.02691650390625,458.3489990234375,402.42822265625,188.7100067138672,272.89227294921875,54.79059600830078,93.67127227783203
2024-02-15,182.0341339111328,141.51515197753906,146.89707946777344,170.67054748535156,464.3494567871094,399.54876708984375,200.4499969482422,276.2547302246094,55.014827728271484,96.35584259033203
2024-02-16,180.49949645996094,139.28492736816406,146.72836303710938,169.87351989746094,461.24578857421875,397.0918884277344,199.9499969482422,273.87542724609375,55.362552642822266,96.35584259033203
2024-02-20,179.75692749023438,139.87965393066406,147.9561767578125,170.5376739501953,445.106689453125,395.8437805175781,193.75999450683594,270.52276611328125,57.14990234375,95.44550323486328
2024-02-21,180.50938415527344,141.29708862304688,148.7247314453125,171.64785766601562,452.29931640625,395.2442932128906,194.77000427246094,272.1057434082031,56.44796371459961,97.39620208740234
2024-02-22,182.53900146484375,142.82354736328125,150.38369750976562,173.70687866210938,464.6253662109375,404.5509948730469,197.41000366210938,278.9781188964844,57.00366973876953,97.31260681152344
2024-02-23,180.70742797851562,142.69471740722656,151.6864776611328,174.579833984375,466.4580383300781,403.2635803222656,191.97000122070312,278.8306579589844,57.05241775512695,96.45800018310547
2024-02-26,179.36093139648438,136.36087036132812,150.70236206054688,173.9820098876953,467.531982421875,400.51190185546875,199.39999389648438,279.3714599609375,58.10532760620117,96.83885192871094
2024-02-27,180.81631469726562,137.6593475341797,150.8804473876953,174.06744384765625,467.76849365234375,400.4529113769531,199.72999572753906,278.407958984375,58.095577239990234,96.6344985961914
2024-02-28,179.6183319091797,135.1813201904297,151.41465759277344,174.94989013671875,471.8081970214844,400.6888122558594,202.0399932861328,280.8265686035156,58.12482452392578,96.90388488769531
2024-02-29,178.9550018310547,137.2430419921875,151.25534057617188,176.5439453125,467.77825927734375,406.5067138671875,201.8800048828125,277.8868103027344,57.14015579223633,97.08966827392578
2024-03-01,177.8758087158203,135.9346466064453,151.9489288330078,175.8133087158203,469.62078857421875,408.3345947265625,202.63999938964844,278.3981018066406,57.28639221191406,98.31582641601562
2024-03-04,173.36109924316406,132.17794799804688,149.8119659423828,177.13221740722656,461.6004943847656,407.76458740234375,188.13999938964844,275.81231689453125,57.81284713745117,96.94104766845703
2024-03-05,168.43052673339844,131.50393676757812,149.93380737304688,178.90658569335938,460.64471435546875,395.7062072753906,180.74000549316406,274.6816711425781,58.53429412841797,98.13004302978516
2024-03-06,167.4404754638672,130.2450714111328,149.3433380126953,179.8364715576172,464.664794921875,395.1558837890625,176.5399932861328,275.7139587402344,59.05099868774414,99.17971801757812
2024-03-07,167.32167053222656,133.1988983154297,148.90280151367188,178.26138305664062,460.6644592285156,402.08428955078125,178.64999389648438,273.58050537109375,58.84627151489258,99.73706817626953
2024-03-08,169.0344696044922,134.21983337402344,149.5120391845703,178.5934600830078,462.3592224121094,399.214599609375,175.33999633789062,275.33056640625,58.61228561401367,100.67526245117188
2024-03-11,171.034423828125,136.45999145507812,151.11476135253906,178.6598663330078,462.2606201171875,397.5439453125,177.77000427246094,275.84185791015625,59.13874435424805,101.26976013183594
2024-03-12,171.50967407226562,137.2826690673828,152.53001403808594,180.130615234375,465.9161071777344,408.118408203125,177.5399932861328,279.14532470703125,59.869937896728516,100.61952209472656
2024-03-13,169.43052673339844,138.56134033203125,150.992919921875,181.59185791015625,468.61578369140625,407.9414978027344,169.47999572753906,280.34478759765625,59.74319839477539,101.74351501464844
2024-03-14,171.28196716308594,141.84226989746094,149.22149658203125,178.3562469482422,472.4288635253906,417.886962890625,162.5,281.5934753417969,59.692325592041016,103.54560089111328
2024-03-15,170.9057159423828,139.93911743164062,148.25607299804688,180.56707763671875,468.83251953125,409.23876953125,163.57000732421875,278.28009033203125,59.3597297668457,103.35980987548828
2024-03-18,171.9947967529297,146.38198852539062,146.92520141601562,182.806396484375,471.84759521484375,410.12322998046875,173.8000030517578,280.2562561035156,59.53581237792969,104.31658172607422
2024-03-19,174.3313751220703,145.73768615722656,146.4097137451172,183.8785858154297,476.88238525390625,414.1427001953125,171.32000732421875,282.51763916015625,59.545589447021484,105.05043029785156
2024-03-20,176.89566040039062,147.43270874023438,145.98793029785156,186.28866577148438,480.863037109375,417.89691162109375,175.66000366210938,284.4151916503906,59.917327880859375,104.9575424194336
2024-03-21,169.6681365966797,146.30271911621094,145.9785614013672,188.87904357910156,481.4541931152344,421.96539306640625,172.82000732421875,285.48681640625,60.11297607421875,105.42198944091797
2024-03-22,170.569091796875,149.44483947753906,145.49118041992188,186.5638885498047,474.586669921875,421.3462829589844,170.8300018310547,278.49639892578125,59.545589447021484,105.42198944091797
2024-03-25,169.15330505371094,148.75099182128906,145.48179626464844,184.85594177246094,469.0395202636719,415.5677185058594,172.6300048828125,276.48089599609375,59.25212097167969,106.49952697753906
2024-03-26,168.02462768554688,149.34573364257812,145.997314453125,185.71937561035156,469.7883605957031,414.3785705566406,177.6699981689453,275.8811340332031,59.19342803955078,105.70066833496094
2024-03-27,171.5888671875,149.5439453125,148.04994201660156,189.3155059814453,470.9214172363281,414.1623840332031,179.8300018310547,274.3277282714844,59.39885330200195,106.79676818847656
2024-03-28,169.7770538330078,149.60342407226562,148.26548767089844,190.05564880371094,474.4881591796875,413.4645690917969,175.7899932861328,274.3866882324219,58.860816955566406,107.97649383544922
2024-04-01,168.34141540527344,154.1233673095703,147.88119506835938,188.7652130126953,471.3647766113281,417.2481994628906,175.22000122070312,273.60015869140625,58.694522857666016,108.67317962646484
2024-04-02,167.1632537841797,153.20150756835938,147.83432006835938,188.6892852783203,472.379638671875,414.17218017578125,166.6300048828125,273.7574462890625,57.872806549072266,110.80037689208984
2024-04-03,167.9652099609375,153.55833435058594,144.58204650878906,188.1579132080078,470.3992004394531,413.1992492675781,168.3800048828125,272.3023681640625,58.13692092895508,110.8189697265625
2024-04-04,167.14346313476562,149.2069549560547,142.93246459960938,186.726318359375,462.8616943359375,410.673583984375,171.11000061035156,269.3920593261719,58.20539474487305,111.2091064453125
2024-04-05,167.89590454101562,151.15963745117188,142.82937622070312,188.44424438476562,470.13311767578125,418.18182373046875,164.89999389648438,272.47930908203125,58.547786712646484,112.7417984008789
2024-04-08,166.77713012695312,153.4889678955078,142.07955932617188,189.42724609375,472.4617004394531,417.2677917480469,172.97999572753906,273.0888977050781,58.47930908203125,111.98009490966797
2024-04-09,167.98501586914062,155.22361755371094,142.7356414794922,188.15789794921875,465.86090087890625,418.9287109375,176.8800048828125,272.0664367675781,58.48909378051758,112.56531524658203
2024-04-10,166.11380004882812,154.76763916015625,140.77674865722656,186.55455017089844,462.9107971191406,415.9608154296875,171.75999450683594,269.86407470703125,59.301025390625,113.51278686523438
2024-04-11,173.3016815185547,158.00889587402344,139.4552459716797,186.516357421875,462.0622253417969,420.5502624511719,174.60000610351562,271.0438537597656,58.782562255859375,113.13194274902344
2024-04-12,174.7966766357422,156.3436737060547,138.264892578125,174.452880859375,459.17132568359375,414.6242370605469,171.0500030517578,271.31915283203125,58.83147048950195,111.81289672851562
2024-04-15,170.97500610351562,153.4989013671875,138.33050537109375,174.54833984375,453.6559143066406,406.5067138671875,161.47999572753906,266.7178649902344,58.626041412353516,111.17195892333984
2024-04-16,167.69790649414062,153.04293823242188,135.3875274658203,172.55364990234375,453.685546875,407.430419921875,157.11000061035156,266.7867126464844,58.53799819946289,110.25232696533203
2024-04-17,166.33160400390625,154.10353088378906,135.68743896484375,171.86648559570312,454.02099609375,404.7377014160156,155.4499969482422,268.10418701171875,58.352142333984375,110.19658660888672
2024-04-18,165.38113403320312,154.6387939453125,136.59657287597656,172.98313903808594,448.63385009765625,397.2982482910156,149.92999267578125,266.8063659667969,57.970619201660156,110.09440612792969
2024-04-19,163.36138916015625,152.7356719970703,138.63043212890625,177.32559204101562,449.3146667480469,392.2370910644531,147.0500030517578,265.24310302734375,58.23474884033203,111.35772705078125
2024-04-22,164.1930389404297,154.9064178466797,139.76451110839844,180.7709503173828,450.6565246582031,394.0453186035156,142.0500030517578,267.7502136230469,58.83147048950195,111.9893798828125
2024-04-23,165.24253845214844,156.86900329589844,140.17691040039062,183.3764190673828,456.6455383300781,400.5414123535156,144.67999267578125,269.500244140625,57.804325103759766,112.42597198486328
2024-04-24,167.3414764404297,157.7313690185547,139.21151733398438,184.2735595703125,456.32977294921875,402.00567626953125,162.1300048828125,270.39495849609375,58.567344665527344,112.44454193115234
2024-04-25,168.20281982421875,154.62884521484375,137.6088104248047,184.5503387451172,455.9449768066406,392.15850830078125,170.17999267578125,270.5325927734375,58.89995193481445,112.70464324951172
2024-04-26,167.6186981201172,170.4386749267578,136.9714813232422,184.66485595703125,456.2508239746094,399.3128967285156,168.2899932861328,269.90338134765625,58.851036071777344,109.57421112060547
2024-04-29,171.7769775390625,164.68966674804688,137.6088104248047,184.4644317626953,451.0018005371094,395.3130798339844,194.0500030517578,267.2684326171875,58.929298400878906,111.13478088378906
2024-04-30,168.63845825195312,161.34930419921875,135.5187225341797,182.9946746826172,445.1805114746094,382.6159362792969,183.27999877929688,264.0927429199219,58.05866241455078,109.86217498779297
2024-05-01,167.6186981201172,162.4197998046875,141.6952667236328,183.10919189453125,436.1723327636719,388.12921142578125,179.99000549316406,262.8244934082031,57.569549560546875,107.78143310546875
2024-05-02,171.31163024902344,165.15553283691406,140.5143280029297,182.9183349609375,435.2153625488281,390.9791564941406,180.00999450683594,263.10955810546875,58.410831451416016,107.97649383544922
2024-05-03,181.55886840820312,165.7700958251953,139.9051055908203,181.82077026367188,437.66217041015625,399.64703369140625,181.19000244140625,263.9748229980469,58.518436431884766,107.75354766845703
2024-05-06,179.9054412841797,166.6225128173828,139.25839233398438,183.24281311035156,443.3749694824219,406.40838623046875,184.75999450683594,268.0845031738281,58.567344665527344,108.45024108886719
2024-05-07,180.5885772705078,169.7448272705078,139.38961791992188,183.00421142578125,447.0157165527344,402.28082275390625,177.80999755859375,271.8106994628906,59.301025390625,107.91146850585938
2024-05-08,180.9252166748047,167.89126586914062,139.6051788330078,186.726318359375,448.7029113769531,403.46014404296875,174.72000122070312,272.5284729003906,58.98799133300781,107.89289093017578
2024-05-09,182.737060546875,168.4661865234375,140.44869995117188,188.491943359375,449.413330078125,405.20947265625,171.97000122070312,273.8558044433594,59.32959747314453,110.02008819580078
2024-05-10,181.4779510498047,167.1676788330078,140.5049591064453,189.70404052734375,450.8833923339844,407.58770751953125,168.47000122070312,276.018798828125,59.368865966796875,109.57421112060547
2024-05-13,184.68019104003906,167.65338134765625,141.7327423095703,189.66586303710938,451.6530456542969,406.5853271484375,171.88999938964844,274.69146728515625,59.30015563964844,109.52777862548828
2024-05-14,185.82032775878906,168.84280395507812,141.88272094726562,192.3190460205078,448.1405334472656,409.3763122558594,177.5500030517578,273.0692443847656,58.760257720947266,110.19265747070312
2024-05-15,188.09066772460938,170.99374389648438,143.09178161621094,192.8916778564453,451.8898010253906,416.5338439941406,173.99000549316406,276.7659912109375,58.730812072753906,111.04483032226562
2024-05-16,188.20960998535156,172.64907836914062,144.60079956054688,193.23529052734375,452.7481994628906,414.4762268066406,174.83999633789062,275.64312744140625,62.83401870727539,110.37994384765625
2024-05-17,188.23936462402344,174.5125732421875,144.93820190429688,195.44944763183594,454.1295166015625,413.708251953125,177.4600067138672,275.8992004394531,63.462257385253906,112.0374755859375
2024-05-20,189.3993377685547,175.364990234375,142.92568969726562,186.65951538085938,453.52764892578125,418.7589111328125,174.9499969482422,274.3626403808594,63.00089645385742,111.12910461425781
2024-05-21,190.69808959960938,176.28684997558594,142.8973388671875,190.41981506347656,452.97515869140625,422.40167236328125,186.60000610351562,271.8114318847656,63.95305633544922,110.36121368408203
2024-05-22,189.26051330566406,174.82974243164062,145.0326690673828,189.2650146484375,450.4295654296875,423.8587341308594,180.11000061035156,271.4469909667969,64.05122375488281,108.14183044433594
2024-05-23,185.27505493164062,172.02462768554688,141.44229125976562,187.9384002685547,445.1904296875,420.3931884765625,173.74000549316406,270.1172790527344,63.64876174926758,106.29700469970703
2024-05-24,188.3484344482422,173.45196533203125,138.86289978027344,191.5555419921875,445.16082763671875,423.5043029785156,179.24000549316406,270.3733215332031,64.1788330078125,106.21272277832031
2024-05-28,188.35836791992188,174.84954833984375,136.41575622558594,190.40074157714844,439.1421203613281,423.6617736816406,176.75,266.91595458984375,63.845096588134766,107.56121063232422
2024-05-29,188.65577697753906,174.3539581298828,136.4724578857422,189.07412719726562,436.5670166015625,422.5296325683594,176.19000244140625,264.8277893066406,63.72728729248047,106.40938568115234
2024-05-30,189.6471710205078,170.59725952148438,137.26611328125,190.23849487304688,436.20196533203125,408.2539978027344,178.7899932861328,267.231201171875,63.69784927368164,106.74649810791016
2024-05-31,190.5989532470703,170.98382568359375,138.57943725585938,193.38800048828125,441.1056213378906,408.7068786621094,178.0800018310547,268.3737487792969,64.55186462402344,109.80870819091797
2024-06-03,192.36366271972656,171.64796447753906,139.5904083251953,192.61492919921875,437.27740478515625,407.1217956542969,176.2899932861328,266.3249816894531,64.61076354980469,107.17728424072266
2024-06-04,192.680908203125,172.26251220703125,139.64710998535156,190.0762481689453,438.8363037109375,409.63232421875,174.77000427246094,268.3343811035156,65.37643432617188,105.5103759765625
2024-06-05,194.18783569335938,173.8682861328125,137.91806030273438,188.2628936767578,440.7010498046875,417.4494323730469,175.0,270.3832092285156,65.857421875,105.9317855834961
2024-06-06,192.80979919433594,175.1766815185547,138.3432159423828,187.9288787841797,442.6941833496094,417.9515380859375,177.94000244140625,272.8851318359375,65.91632080078125,106.727783203125
2024-06-07,195.19908142089844,172.92662048339844,138.96681213378906,190.83021545410156,443.789306640625,417.2919921875,177.47999572753906,274.4906921386719,64.66964721679688,105.58529663085938
2024-06-10,191.46145629882812,173.67086791992188,139.01406860351562,190.50572204589844,443.25653076171875,421.249755859375,173.7899932861328,270.91510009765625,65.72981262207031,105.89433288574219
2024-06-11,205.3709716796875,175.26856994628906,138.6644744873047,185.4951934814453,443.04937744140625,425.9853210449219,170.66000366210938,270.5506591796875,65.50404357910156,105.04215240478516
2024-06-12,211.24014282226562,176.42959594726562,137.3889617919922,182.7942352294922,437.0899353027344,434.23565673828125,177.2899932861328,266.2658996582031,65.09175109863281,103.88095092773438
2024-06-13,212.4001007080078,173.81973266601562,137.42674255371094,184.82713317871094,439.0632629394531,434.74761962890625,182.47000122070312,267.122802734375,65.4745864868164,103.0475082397461
2024-06-14,210.6651153564453,175.437255859375,137.5117645263672,184.94163513183594,438.6982421875,435.7222595214844,178.00999450683594,266.6007995605469,65.7887191772461,102.17659759521484
2024-06-17,214.80921936035156,175.8838348388672,137.89913940429688,186.08688354492188,442.1317138671875,441.4325256347656,187.44000244140625,267.1031188964844,66.1813735961914,101.47427368164062
2024-06-18,212.44964599609375,173.75025939941406,137.61570739746094,188.01475524902344,444.1051025390625,439.4339599609375,184.86000061035156,269.5163879394531,66.3580551147461,102.42945098876953
2024-06-20,207.87925720214844,174.9510040283203,139.6282196044922,189.6085968017578,446.47308349609375,438.80389404296875,181.57000732421875,272.6684265136719,66.76052856445312,104.63947296142578
2024-06-21,205.70806884765625,178.25555419921875,140.544677734375,187.34671020507812,448.78179931640625,442.8207092285156,183.00999450683594,271.0923767089844,66.66236114501953,103.72175598144531
2024-06-24,206.3524627685547,177.84866333007812,140.894287109375,189.80902099609375,450.8636169433594,440.7434387207031,182.5800018310547,272.1562194824219,67.63417053222656,106.80268859863281
2024-06-25,207.27450561523438,182.62185668945312,139.07077026367188,189.0359649658203,449.5711364746094,443.9726257324219,187.35000610351562,269.4277648925781,66.1813735961914,107.10235595703125
2024-06-26,211.41860961914062,182.4730224609375,138.72116088867188,188.42514038085938,446.34478759765625,445.1639404296875,196.3699951171875,269.4967041015625,67.0353775024414,107.13982391357422
2024-06-27,212.2613067626953,183.9912872314453,137.7574462890625,190.08580017089844,436.8432922363281,445.84320068359375,197.4199981689453,262.591796875,66.63291931152344,107.59867858886719
2024-06-28,208.81118774414062,180.75621032714844,138.0975799560547,193.0348663330078,435.2745056152344,440.0345153808594,197.8800048828125,258.53363037109375,66.4660415649414,107.80469512939453
2024-07-01,214.88853454589844,181.58982849121094,138.3621063232422,196.07936096191406,431.7718505859375,449.6632080078125,209.86000061035156,259.29205322265625,66.24026489257812,107.65486907958984
2024-07-02,218.37831115722656,183.82261657714844,137.9747314453125,199.30519104003906,438.7179870605469,452.1737365722656,231.25999450683594,264.2072448730469,66.81941986083984,106.92442321777344
2024-07-03,219.64732360839844,184.39816284179688,137.6534881591797,199.1715850830078,442.2008361816406,453.64068603515625,246.38999938964844,264.95587158203125,66.9863052368164,107.46757507324219
2024-07-05,224.39617919921875,189.14161682128906,138.39991760253906,196.532470703125,443.49334716796875,460.3256530761719,251.52000427246094,266.3052673339844,68.75324249267578,106.16590881347656
2024-07-08,225.86346435546875,187.58358764648438,137.455078125,196.89712524414062,440.28668212890625,459.02606201171875,252.94000244140625,262.4046325683594,68.39984893798828,105.051513671875
2024-07-09,226.71607971191406,187.53396606445312,138.9384765625,199.25794982910156,439.41717529296875,452.4297180175781,262.3299865722656,261.4590759277344,68.61579132080078,103.89031982421875
2024-07-10,230.97915649414062,189.71713256835938,141.18719482421875,199.4210968017578,428.48858642578125,459.03594970703125,263.260009765625,259.0556945800781,69.11644744873047,104.80803680419922
2024-07-11,225.61561584472656,184.15008544921875,141.44229125976562,199.085205078125,431.2355041503906,447.6646728515625,241.02999877929688,258.6124267578125,68.51763916015625,106.05353546142578
2024-07-12,228.56008911132812,183.65391540527344,141.61236572265625,196.67645263671875,434.8816223144531,446.5323791503906,248.22999572753906,261.75457763671875,67.96792602539062,106.07225036621094
2024-07-15,232.38694763183594,185.1027374267578,141.0076904296875,201.5803680419922,438.7254943847656,446.93603515625,252.63999938964844,264.4239196777344,68.33114624023438,107.88898468017578
2024-07-16,232.80337524414062,182.51271057128906,142.68002319335938,205.00640869140625,438.2610778808594,442.5647888183594,256.55999755859375,265.2119445800781,68.70413970947266,108.66622161865234
2024-07-17,226.9143829345703,179.6348876953125,147.94277954101562,208.12538146972656,445.8004150390625,436.6575927734375,248.5,268.6101989746094,69.72504425048828,110.16456604003906
2024-07-18,222.2547149658203,176.3303680419922,146.8467559814453,201.51316833496094,443.389404296875,433.5563659667969,249.22999572753906,265.1134033203125,69.5188980102539,111.25084686279297
2024-07-19,222.38360595703125,176.3006134033203,146.15704345703125,201.32125854492188,438.419189453125,430.3467712402344,239.1999969482422,261.478759765625,69.45018005371094,108.69432830810547
2024-07-22,222.03662109375,180.27989196777344,145.73187255859375,201.8011016845703,442.6186828613281,436.0865478515625,251.50999450683594,263.695068359375,69.08698272705078,107.9451675415039
2024-07-23,223.07760620117188,180.39898681640625,143.9461212158203,201.8490753173828,436.4725646972656,437.96697998046875,246.3800048828125,260.81884765625,69.35203552246094,106.20336151123047
2024-07-24,216.66317749023438,171.30911254882812,147.65931701660156,200.1792449951172,427.31268310546875,422.2638244628906,215.99000549316406,250.35809326171875,69.30294799804688,107.7016830444336
2024-07-25,215.62217712402344,166.00003051757812,150.83399963378906,200.25601196289062,424.4964904785156,411.9262390136719,220.25,249.93453979492188,68.73359680175781,109.96791076660156
2024-07-26,216.08815002441406,165.72216796875,151.77883911132812,203.68206787109375,432.974609375,418.6899719238281,219.8000030517578,255.56871032714844,68.49801635742188,109.87425994873047
2024-07-29,216.36573791503906,168.2328338623047,149.81356811523438,202.34812927246094,436.0575256347656,420.1274108886719,232.10000610351562,257.6766662597656,68.3409423828125,108.72242736816406
2024-07-30,216.92092895507812,168.9869842529297,152.43077087402344,206.51315307617188,442.13446044921875,416.3763732910156,222.6199951171875,259.1542053222656,67.9188461303711,110.66089630126953
2024-07-31,220.17276000976562,170.22740173339844,149.1427459716797,204.21951293945312,458.2013244628906,411.8770446777344,232.07000732421875,261.6856384277344,67.37895202636719,111.05419921875
2024-08-01,216.48471069335938,169.45338439941406,151.89219665527344,199.57467651367188,456.9168395996094,410.65618896484375,216.86000061035156,261.9416809082031,68.5078353881836,109.5184097290039
2024-08-02,217.97183227539062,165.38478088378906,155.08575439453125,191.1102752685547,456.5314025878906,402.1695556640625,207.6699981689453,262.5820007324219,67.20225524902344,109.45285034179688
2024-08-05,207.47279357910156,158.03146362304688,152.3551788330078,187.041259765625,436.7492370605469,389.0360107421875,198.8800048828125,252.5940399169922,66.34823608398438,107.4769287109375
2024-08-06,205.45028686523438,157.07882690429688,150.20094299316406,192.26190185546875,442.974365234375,393.427001953125,200.63999938964844,254.38674926757812,66.4954833984375,106.90570068359375
2024-08-07,208.01805114746094,157.7238311767578,150.1348114013672,192.31947326660156,444.49609375,392.2652282714844,191.75999450683594,252.67286682128906,65.68073272705078,108.32911682128906
2024-08-08,211.4780731201172,160.7902069091797,151.38197326660156,195.83189392089844,450.1678771972656,396.4593200683594,198.83999633789062,255.9331512451172,66.41695404052734,110.39866638183594
2024-08-09,214.3829345703125,162.4176483154297,151.75991821289062,197.50173950195312,451.3536376953125,399.7378234863281,200.0,256.3773498535156,66.70162200927734,111.29769134521484
2024-08-12,215.91146850585938,161.04823303222656,151.0607452392578,197.87600708007812,450.2766418457031,400.51556396484375,197.49000549316406,256.50567626953125,67.43785095214844,111.43814086914062
2024-08-13,219.62364196777344,162.90391540527344,149.6529541015625,199.55543518066406,453.90301513671875,407.6042175292969,207.8300018310547,256.7425231933594,66.8783187866211,110.37059020996094
2024-08-14,220.07028198242188,159.14288330078125,149.73797607421875,201.76272583007812,454.6935119628906,410.41009521484375,201.3800048828125,257.7393798828125,67.3985824584961,111.39131927490234
2024-08-15,223.0479736328125,160.0657958984375,150.31431579589844,203.0198974609375,463.1419677734375,415.2626953125,214.13999938964844,263.3256530761719,71.8355484008789,112.08043670654297
2024-08-16,224.3680877685547,161.7130889892578,150.59779357910156,205.34231567382812,463.3098449707031,412.73779296875,216.1199951171875,263.89813232421875,72.30609893798828,111.55179595947266
2024-08-19,224.20924377441406,165.3946990966797,150.82456970214844,206.7626495361328,461.4325256347656,415.7558288574219,222.72000122070312,262.9999694824219,72.5718994140625,111.8916244506836
2024-08-20,224.82464599609375,165.90078735351562,151.32530212402344,205.87014770507812,463.5470886230469,418.9810485839844,221.10000610351562,264.5495300292969,73.37911987304688,108.16284942626953
2024-08-21,224.7154541015625,164.58096313476562,152.52525329589844,205.9468994140625,462.44036865234375,418.330078125,223.27000427246094,264.7074279785156,74.0682144165039,107.47374725341797
2024-08-22,222.85939025878906,162.54666137695312,153.39450073242188,207.89508056640625,463.2506408691406,409.8577575683594,210.66000366210938,264.4508056640625,74.4029312133789,108.30445861816406
2024-08-23,225.15219116210938,164.3527374267578,155.07630920410156,209.50729370117188,460.8988952636719,411.080810546875,220.32000732421875,263.9573059082031,74.52104949951172,109.80540466308594
2024-08-26,225.4896697998047,164.8885955810547,155.52984619140625,210.33262634277344,463.0727844238281,407.825927734375,213.2100067138672,264.7173156738281,74.8459243774414,112.15595245361328
2024-08-27,226.33334350585938,163.41993713378906,155.12998962402344,211.30191040039062,469.3473205566406,408.1711730957031,209.2100067138672,267.1946105957031,74.94435119628906,111.0892333984375
2024-08-28,224.80479431152344,161.60394287109375,156.05345153808594,212.36715698242188,466.1951904296875,404.9755554199219,205.75,265.6845397949219,74.89514923095703,109.99420166015625
2024-08-29,228.0802459716797,160.54209899902344,156.3485565185547,213.25006103515625,475.0882873535156,407.4610290527344,206.27999877929688,270.7477722167969,75.22984313964844,111.5140380859375
2024-08-30,227.29611206054688,162.1298828125,157.9003448486328,215.73561096191406,477.59814453125,411.426025390625,214.11000061035156,272.7710266113281,76.02723693847656,111.33467864990234
2024-09-03,221.1124725341797,156.15591430664062,159.13795471191406,211.41705322265625,476.39263916015625,403.83148193359375,210.60000610351562,274.9128112792969,75.9681625366211,109.00300598144531
2024-09-04,219.20677185058594,155.25291442871094,159.32835388183594,210.48619079589844,477.4005432128906,403.29888916015625,219.41000366210938,276.8373718261719,76.03707122802734,107.67198181152344
2024-09-05,220.72540283203125,156.03684997558594,157.07208251953125,208.85475158691406,471.6891784667969,402.79583740234375,230.1699981689453,274.9917297363281,75.76143646240234,106.83182525634766
2024-09-06,219.177001953125,149.7652130126953,156.49139404296875,203.89320373535156,470.4638977050781,396.197509765625,210.72999572753906,275.7319641113281,75.44642639160156,106.33151245117188
2024-09-09,219.26632690429688,147.76792907714844,158.61434936523438,208.0677947998047,481.3035888671875,400.16241455078125,216.27000427246094,281.8906555175781,76.13550567626953,108.56877899169922
2024-09-10,218.47225952148438,147.71824645996094,159.34739685058594,197.2714080810547,482.2225341796875,408.5262756347656,226.1699981689453,281.62420654296875,77.5826187133789,104.61343383789062
2024-09-11,221.00331115722656,150.20240783691406,156.91026306152344,198.87408447265625,482.380615234375,417.24517822265625,228.1300048828125,280.2621765136719,77.61215209960938,103.5750503540039
2024-09-12,221.1124725341797,153.71005249023438,156.7388916015625,198.26950073242188,486.2638854980469,421.15093994140625,229.80999755859375,281.65380859375,78.41939544677734,105.00048065185547
2024-09-13,220.84446716308594,156.4625244140625,157.57667541503906,196.08140563964844,487.4990539550781,424.6917724609375,230.2899932861328,283.6080627441406,79.34474182128906,104.92495727539062
2024-09-16,214.71046447753906,157.0587158203125,158.97610473632812,199.4786834716797,491.7973937988281,425.43145751953125,226.77999877929688,286.6972961425781,79.30537414550781,106.39759063720703
2024-09-17,215.1769561767578,158.31072998046875,159.0522918701172,200.81263732910156,495.03839111328125,429.1893005371094,227.8699951171875,287.7632751464844,77.37588500976562,107.7852554321289
2024-09-18,219.0479278564453,158.79762268066406,158.17642211914062,199.1619873046875,488.8824462890625,424.9087219238281,227.1999969482422,284.7233581542969,77.79920196533203,108.16284942626953
2024-09-19,227.16708374023438,161.11288452148438,156.91026306152344,201.99302673339844,487.1532287597656,432.6807861328125,243.9199981689453,281.5255126953125,76.82461547851562,109.50332641601562
2024-09-20,226.50205993652344,162.55368041992188,156.28192138671875,202.5784454345703,486.8864440917969,429.3075866699219,238.25,281.0616455078125,77.8287353515625,108.81421661376953
2024-09-23,224.78494262695312,160.82469177246094,155.3870391845703,202.91433715820312,491.23419189453125,427.57177734375,250.0,284.87139892578125,79.0789566040039,110.78715515136719
2024-09-24,225.67825317382812,161.2618865966797,154.9681396484375,203.0582733154297,481.6197814941406,423.2912292480469,254.27000427246094,269.2277526855469,79.41365051269531,110.49451446533203
2024-09-25,224.68568420410156,160.4669952392578,152.89279174804688,201.7147216796875,483.63555908203125,426.19091796875,257.0199890136719,266.1188049316406,80.13228607177734,108.34221649169922
2024-09-26,225.82713317871094,161.69911193847656,153.6448516845703,201.32125854492188,485.4339294433594,425.4018249511719,254.22000122070312,268.1520080566406,78.67533111572266,106.48255920410156
2024-09-27,226.09512329101562,162.911376953125,153.6543426513672,202.01223754882812,487.7757873535156,422.1569519042969,260.4599914550781,271.586669921875,78.53751373291016,109.33341217041016
2024-09-30,231.266357421875,164.7993621826172,154.28271484375,202.35769653320312,487.933837890625,424.40570068359375,261.6300048828125,271.36956787109375,79.49241638183594,110.6550064086914
2024-10-01,224.52687072753906,165.93214416503906,154.21607971191406,198.6917266845703,490.4832458496094,414.9273986816406,258.0199890136719,273.98504638671875,80.00431060791016,113.21322631835938
2024-10-02,225.09262084960938,164.80929565429688,153.43540954589844,198.93165588378906,489.6828308105469,411.4161376953125,249.02000427246094,273.39288330078125,79.1773910522461,114.71417236328125
2024-10-03,223.9908905029297,164.80929565429688,152.79757690429688,196.9547119140625,489.0899963378906,410.8341979980469,240.66000366210938,273.2546081542969,79.1773910522461,115.71481323242188
2024-10-04,225.1125030517578,166.001708984375,152.59764099121094,203.94537353515625,491.7875671386719,410.3608093261719,250.0800018310547,274.3106994628906,79.67945098876953,117.83879089355469
2024-10-07,220.04054260253906,161.94754028320312,151.8740997314453,203.66534423828125,485.46356201171875,403.93011474609375,240.8300018310547,270.224609375,77.86811065673828,118.34855651855469
2024-10-08,224.09017944335938,163.3386688232422,152.02642822265625,203.49154663085938,491.1551513671875,409.0292663574219,244.5,271.37939453125,78.4686050415039,115.20506286621094
2024-10-09,227.83209228515625,160.83465576171875,152.94036865234375,206.06959533691406,494.6676330566406,411.7416076660156,241.0500030517578,273.32379150390625,79.14786529541016,115.25225067138672
2024-10-10,227.33583068847656,161.05320739746094,152.8070831298828,205.50955200195312,492.75799560546875,410.14373779296875,238.77000427246094,273.8567199707031,78.37015533447266,116.24344635009766
2024-10-11,225.85690307617188,162.20590209960938,153.71151733398438,214.63409423828125,496.9532470703125,410.61724853515625,217.8000030517578,274.2218933105469,78.85253143310547,116.6871337890625
2024-10-14,229.57901000976562,163.91500854492188,153.84478759765625,213.8520050048828,501.3067321777344,413.39862060546875,219.16000366210938,277.0249328613281,79.03956604003906,117.13080596923828
2024-10-15,232.11004638671875,164.41184997558594,156.2248077392578,214.7306671142578,501.8707275390625,413.0040588378906,219.57000732421875,275.65301513671875,80.37840270996094,113.60970306396484
2024-10-16,230.05545043945312,164.11373901367188,156.3961639404297,215.93760681152344,508.6384582519531,410.4199523925781,221.3300018310547,283.77581787109375,79.9551010131836,113.90234375
2024-10-17,230.42266845703125,161.8978271484375,156.5770263671875,216.6907196044922,508.33172607421875,411.01177978515625,220.88999938964844,286.6084899902344,79.63024139404297,113.60970306396484
2024-10-18,233.25149536132812,162.38475036621094,157.19583129882812,217.6080322265625,510.884521484375,412.4319763183594,220.6999969482422,286.8354797363281,80.04369354248047,113.28874206542969
2024-10-21,234.72047424316406,163.0306396484375,155.0157470703125,215.3196563720703,509.5685729980469,413.04351806640625,218.85000610351562,283.11456298828125,79.55148315429688,113.35482025146484
2024-10-22,234.10508728027344,164.0938720703125,155.6060028076172,216.40106201171875,507.59954833984375,421.6539611816406,217.97000122070312,281.0814208984375,80.74263000488281,113.94009399414062
2024-10-23,229.04302978515625,161.74880981445312,157.9003448486328,215.7155303955078,508.3020324707031,418.7837829589844,213.64999389648438,280.0648193359375,81.97315979003906,113.53418731689453
2024-10-24,228.85446166992188,161.68917846679688,155.81544494628906,217.2314453125,505.2248840332031,418.9120178222656,260.4800109863281,279.5318298339844,81.74674987792969,112.89227294921875
2024-10-25,229.6881866455078,164.22303771972656,153.15933227539062,214.65341186523438,501.9993591308594,422.2851257324219,269.19000244140625,278.0612487792969,81.22499084472656,112.79785919189453
2024-10-28,231.66339111328125,165.6638641357422,153.84478759765625,217.73355102539062,502.8403625488281,420.7464904785156,262.510009765625,280.4892272949219,81.46127319335938,112.24091339111328
2024-10-29,231.93138122558594,168.60507202148438,152.4072265625,215.22308349609375,500.9307556152344,426.03314208984375,259.5199890136719,278.20928955078125,80.4276123046875,110.7116470336914
2024-10-30,228.387939453125,173.35482788085938,152.9022979736328,216.68109130859375,508.26251220703125,426.605224609375,257.54998779296875,286.3814697265625,80.12244415283203,110.15470123291016
2024-10-31,224.2291259765625,170.0260467529297,152.1882781982422,214.27685546875,494.3114318847656,400.7837829589844,249.85000610351562,286.07550048828125,80.67372131347656,110.23963928222656
2024-11-01,221.25143432617188,170.20486450195312,152.44532775878906,215.26173400878906,502.7117614746094,404.7486877441406,248.97999572753906,286.9538879394531,80.90998840332031,108.51213836669922
2024-11-04,220.35812377929688,168.1678924560547,150.64602661132812,212.21055603027344,500.2381286621094,402.8648681640625,242.83999633789062,288.0494689941406,81.16593170166016,111.9671630859375
2024-11-05,221.78738403320312,168.66473388671875,150.750732421875,213.8616485595703,500.21832275390625,405.8237609863281,251.44000244140625,289.4706726074219,82.37677764892578,112.29756164550781
2024-11-06,221.06285095214844,175.39183044433594,150.30328369140625,238.55099487304688,515.6239013671875,414.42431640625,288.5299987792969,303.3969421386719,82.14051818847656,114.22329711914062
2024-11-07,225.78744506835938,179.60498046875,149.20849609375,228.23883056640625,512.408203125,419.6024169921875,296.9100036621094,301.8177795410156,82.54412841796875,114.36489868164062
2024-11-08,225.5191650390625,177.22018432617188,148.00897216796875,228.81817626953125,519.215576171875,416.75201416015625,321.2200012207031,303.86083984375,83.50888061523438,114.32714080810547
2024-11-11,222.8064727783203,179.20750427246094,147.59959411621094,231.048583984375,524.5188598632812,412.2840576171875,350.0,306.87109375,82.89852142333984,113.72299194335938
2024-11-12,222.8064727783203,180.46946716308594,145.31475830078125,231.30931091308594,523.5789184570312,417.2352600097656,328.489990234375,306.396484375,83.6663818359375,113.60970306396484
2024-11-13,223.69082641601562,177.74684143066406,145.88597106933594,232.8542022705078,516.3659057617188,419.3756103515625,330.239990234375,306.03057861328125,84.16844177246094,114.66697692871094
2024-11-14,226.77114868164062,174.46771240234375,144.5817413330078,233.5397491455078,514.9016723632812,421.04241943359375,311.17999267578125,304.8143005371094,83.15447998046875,114.74311828613281
2024-11-15,223.57159423828125,171.39730834960938,146.6094970703125,236.8612823486328,516.3757934570312,409.3153076171875,320.7200012207031,306.1888122558594,82.93790435791016,113.55342864990234
2024-11-18,226.57240295410156,174.1894989013672,147.34254455566406,236.5908966064453,516.1185913085938,410.0649108886719,338.739990234375,308.68072509765625,82.77055358886719,114.50518798828125
2024-11-19,226.8307647705078,176.9916229248047,145.65748596191406,234.71771240234375,513.9715576171875,412.0671081542969,346.0,308.37420654296875,85.25129699707031,112.90623474121094
2024-11-20,227.54620361328125,174.8651885986328,145.76219177246094,232.48728942871094,507.1246032714844,409.798583984375,342.0299987792969,303.9638977050781,85.822265625,114.51469421386719
2024-11-21,227.0692596435547,166.56809997558594,148.0375213623047,236.33018493652344,509.6575012207031,408.0295715332031,339.6400146484375,306.44586181640625,87.013427734375,116.0470199584961
2024-11-22,228.41065979003906,163.7162628173828,147.7233428955078,239.98968505859375,515.3567504882812,412.11114501953125,352.55999755859375,306.4656677246094,89.031494140625,115.91378021240234
2024-11-25,231.39161682128906,166.5879364013672,148.3040771484375,241.66976928710938,521.0360107421875,413.8801574707031,338.5899963378906,309.6992492675781,88.10613250732422,114.18158721923828
2024-11-26,233.56771850585938,168.0486297607422,148.28488159179688,241.3607940673828,522.8961791992188,422.9723205566406,338.2300109863281,308.34454345703125,89.88794708251953,112.27808380126953
2024-11-27,233.43853759765625,168.157958984375,149.12936401367188,241.18698120117188,526.7550048828125,418.0309143066406,332.8900146484375,311.19244384765625,90.44906616210938,111.98303985595703
2024-11-29,235.82330322265625,167.87973022460938,148.75511169433594,241.119384765625,527.30908203125,418.49542236328125,345.1600036621094,311.5681457519531,91.05941772460938,112.26856994628906
2024-12-02,238.06895446777344,170.40362548828125,148.5535888671875,237.76890563964844,525.7457275390625,425.92724609375,357.0899963378906,313.12066650390625,91.19723510742188,112.16387176513672
2024-12-03,241.10952758789062,170.25454711914062,146.21205139160156,236.38816833496094,520.6204833984375,426.1446838378906,351.4200134277344,309.5212707519531,92.0536880493164,111.9925537109375
2024-12-04,241.4672393798828,173.26535034179688,144.3983154296875,235.01705932617188,515.6337890625,432.2917785644531,357.92999267578125,306.44586181640625,92.97904205322266,108.76612854003906
2024-12-05,241.4970703125,171.54635620117188,143.4866485595703,237.0254364013672,519.225341796875,437.4307556152344,369.489990234375,305.635009765625,93.81581115722656,109.24198150634766
2024-12-06,241.29833984375,173.60325622558594,143.2851104736328,238.84068298339844,522.9852905273438,438.36968994140625,389.2200012207031,307.54351806640625,94.2095718383789,108.09038543701172
2024-12-09,245.1835174560547,174.45877075195312,143.56341552734375,235.41293334960938,517.2959594726562,440.7908935546875,389.7900085449219,304.86370849609375,92.36870574951172,107.45270538330078
2024-12-10,246.19705200195312,184.2078399658203,143.20835876464844,234.49563598632812,523.4205322265625,438.1324768066406,400.989990234375,308.89825439453125,93.0774917602539,107.23379516601562
2024-12-11,244.9251708984375,194.3846893310547,140.72286987304688,235.142578125,528.8031616210938,443.72613525390625,424.7699890136719,310.2925109863281,93.4811019897461,106.51998901367188
2024-12-12,246.3858184814453,190.96255493164062,140.33900451660156,233.21145629882812,526.78466796875,444.2894287109375,418.1000061035156,310.7276306152344,92.6246566772461,106.4248046875
2024-12-13,246.55474853515625,188.83367919921875,140.7036590576172,231.67620849609375,523.4107055664062,442.0262756347656,436.2300109863281,311.2319641113281,92.98773193359375,105.49209594726562
2024-12-16,249.44627380371094,195.63815307617188,138.0454559326172,231.32859802246094,524.7068481445312,446.2956237792969,463.0199890136719,312.3691101074219,93.59942626953125,103.2364501953125
2024-12-17,251.8707733154297,194.4045867919922,140.5021514892578,230.150634765625,525.3994750976562,449.1319580078125,479.8599853515625,314.75225830078125,94.14205932617188,102.79863739013672
2024-12-18,246.4752655029297,187.42103576660156,138.9091033935547,222.43582153320312,514.4662475585938,432.2620849609375,440.1300048828125,306.3272399902344,92.29710388183594,101.28536224365234
2024-12-19,248.20419311523438,187.53048706054688,137.7863311767578,224.93663024902344,517.7511596679688,431.9063415527344,436.1700134277344,311.3703918457031,92.14910888671875,100.41927337646484
2024-12-20,252.87437438964844,190.41543579101562,138.6404266357422,229.41680908203125,522.450927734375,431.4813537597656,421.05999755859375,314.1688537597656,91.00464630126953,100.76190185546875
2024-12-23,253.6494140625,193.6186981201172,139.40814208984375,230.17962646484375,523.3711547851562,430.147216796875,430.6000061035156,313.684326171875,89.13996124267578,101.17115783691406
2024-12-24,256.5608215332031,195.09100341796875,139.96473693847656,233.96458435058594,530.0498657226562,434.1793212890625,462.2799987792969,317.0760498046875,91.43875885009766,101.26631927490234
2024-12-26,257.3755798339844,194.5836639404297,139.70565795898438,234.76600646972656,530.4851684570312,432.9736633300781,454.1300048828125,317.3331604003906,91.54728698730469,101.35197448730469
2024-12-27,253.96737670898438,191.7583770751953,139.19703674316406,232.86386108398438,526.576904296875,425.4825134277344,431.6600036621094,315.1082763671875,90.43242645263672,101.34246826171875
2024-12-30,250.59890747070312,190.2462921142578,137.55601501464844,231.07757568359375,519.9971923828125,419.849365234375,417.4100036621094,311.79559326171875,89.35701751708984,100.65721130371094
