Date,AAPL_return_centered,AAPL_momentum_leaky,AAPL_volatility_leaky,GOOGL_return_centered,GOOGL_momentum_leaky,GOOGL_volatility_leaky,JNJ_return_centered,JNJ_momentum_leaky,JNJ_volatility_leaky,JPM_return_centered,JPM_momentum_leaky,JPM_volatility_leaky,MA_return_centered,MA_momentum_leaky,MA_volatility_leaky,MSFT_return_centered,MSFT_momentum_leaky,MSFT_volatility_leaky,TSLA_return_centered,TSLA_momentum_leaky,TSLA_volatility_leaky,V_return_centered,V_momentum_leaky,V_volatility_leaky,WMT_return_centered,WMT_momentum_leaky,WMT_volatility_leaky,XOM_return_centered,XOM_momentum_leaky,XOM_volatility_leaky,target
2019-01-03,-5.200425334636432,-0.09960705845031,-5.1258239301423405,-1.462003438706627,-0.027695657133374,-1.4085831845297174,-1.3384644853889085,-0.0158904394354286,-1.3169639140108116,-0.7816272566621749,-0.0142118538455813,-0.7357835910259741,-2.465702204279174,-0.0451142114060791,-2.418983297276246,-2.076862127350799,-0.0367878711299458,-2.013453109619534,-0.8440893235041272,-0.0314717126651833,-0.7747527473624555,-2.2021910459066727,-0.0360365637970722,-2.157890562650018,-0.4449251478695816,-0.0051425165860852,-0.3809965984847572,-0.7888527552484874,-0.0153538019969712,-0.7556386451179403,1
2019-01-04,2.122190728430437,-0.0284590580367622,2.196792132924529,2.5553363160960583,0.0117989448394712,2.608756570272968,1.3694775456721622,0.0004465263619782,1.3909781170502589,1.8627628377369767,0.0113266917204457,1.908606503373178,2.492478556149671,0.0011210013933246,2.539197463152598,2.482118020498449,0.0048607705398746,2.545527038229714,1.351025022870527,0.0131128391234436,1.4203615990121987,2.535423049282907,0.0035222849096815,2.5797235325395618,0.3988161063791596,0.0005516988105807,0.462744655763984,1.7813229194736555,0.0107578643809153,1.8145370296042027,1
2019-01-07,-0.1891353921493744,-0.0197145954265346,-0.1145339876552828,-0.154846409114478,0.007201213937251,-0.1014261549375684,-0.5531558016989816,-0.0018406267501123,-0.5316552303208849,-0.0098281748703228,0.0077830107101706,0.0360154907658779,0.3658066772859805,0.0033118781404897,0.4125255842889082,0.0063896265145799,0.00366561150445,0.0697986442458449,1.2688975229703057,0.0268623056546207,1.3382340991119774,1.0354694901424877,0.0083588746652719,1.079769973399142,0.8082551480871156,0.0042919104705143,0.87218369747194,0.2227237871026491,0.0089053747486245,0.2559378972331961,1
2019-01-08,0.9063944273226407,-0.0100201708384779,0.9809958318167324,0.3932815967969823,0.0075966808982504,0.446701850973892,1.903458792131011,0.0044261526276961,1.924959363509108,-0.1434785693930035,0.0053657970625334,-0.0976349037568027,0.3437238741605736,0.0043043550498737,0.3904427811635013,0.3334459055650391,0.0045619461221682,0.3968549232963042,-0.0406750809443277,0.0204377983415515,0.0286614951973439,0.2813931507224634,0.0076289190497705,0.3256936339791177,0.4532897682283605,0.0049642265034925,0.5172183176131849,0.3246132445177475,0.0084967022419545,0.3578273546482945,1
2019-01-09,0.7992864114271652,-0.0046197892368561,0.8738878159212566,-0.2277349044671313,0.0053918674474268,-0.1743146502902217,-0.6783575795154181,0.0019557994735869,-0.6568570081373214,-0.1333455156347876,0.0039546133943719,-0.0875018499985868,0.9265090861167352,0.0070736383677401,0.9732279931196628,0.7192104234594928,0.0065094102520305,0.7826194411907579,0.1641013089519193,0.0182467637439414,0.233437885093591,0.6604424482906279,0.0084569630059521,0.7047429315472823,-0.3051842669449312,0.0033201094938208,-0.2412557175601068,0.2263818616136846,0.0078523065545611,0.2595959717442316,1
2019-01-10,0.0898674935329288,-0.0033171534750247,0.1644688980270204,-0.1860191488279943,0.0040586948115083,-0.1325988946510846,0.4798979098181025,0.0026381422484278,0.5013984811961991,-0.0510063463134609,0.003278891405812,-0.0051626806772601,0.2764664739343774,0.0068992703824778,0.3231853809373051,-0.4150946525717923,0.0043535651517169,-0.3516856348405272,0.3989706406687298,0.0183762028515459,0.4683072168104015,0.0681699019259402,0.0073605099316685,0.1124703851825946,-0.0092612670268118,0.002889736877454,0.0546672823580125,-0.2846419073674734,0.0056921296489007,-0.2514277972369264,0
2019-01-11,-0.5798364581332894,-0.0042458357515824,-0.505235053639198,-0.7303943881660148,0.0015773511429743,-0.6769741339891051,0.0040777023623775,0.0023053542893921,0.0255782737404743,-0.2933880669022229,0.0021274233040164,-0.2475444012660221,-0.3325972539331812,0.0051519958128121,-0.2858783469302534,-0.4860252940685057,0.0026285363380116,-0.4226162763372406,0.0940817309758514,0.0166993619551713,0.1634183071175231,-0.3077168309837596,0.0056805760067038,-0.2634163477271052,-0.1575627067916794,0.0022963700770272,-0.093634157406855,-0.2586384115245598,0.0042246267672009,-0.2254243013940128,0
2019-01-14,-0.8484027492034757,-0.0055947083920182,-0.7738013447093841,-0.6726318744503316,-0.0001416903056367,-0.6192116202734219,-0.9604968245227916,0.0006009481067522,-0.938996253144695,0.4878913342494309,0.0031501494027307,0.5337349998856317,-0.1753304114598597,0.0042081696172819,-0.128611504456932,-0.4627270772062881,0.0013879750430977,-0.399318059475023,-0.9809891289111284,0.0099828411220843,-0.9116525527694568,-0.4606775096623555,0.004101321994541,-0.4163770264057011,0.0220018256083348,0.0021543048947917,0.0859303749931592,-0.094971017497367,0.0035396937967753,-0.06175690736682,1
2019-01-15,0.9786264775116986,-0.0026989913503828,1.05322788200579,1.6394534869499668,0.0035724305218569,1.6928737411268766,0.6762897890747532,0.0014696775955974,0.6977903604528499,0.3337054973807066,0.0036146985853557,0.3795491630169074,0.2523286291520865,0.0043602905404255,0.2990475361550142,1.5240870409745502,0.0044565550581255,1.5874960587058151,0.6690393515014331,0.0122063062498851,0.7383759276431049,0.0605244131287733,0.0038401268436379,0.1048248963854276,0.9504298555764868,0.0034361979622,1.0143584049613112,-0.0057337448836773,0.0032084359112947,0.0274803652468696,1
2019-01-16,0.5540638014796634,-0.0012074448710245,0.628665205973755,0.087009275779011,0.0034913009541835,0.1404295299559206,-0.8672113890263248,0.0003022781913468,-0.8457108176482281,0.3716819695637937,0.0040596904876718,0.4175256351999945,0.2943405693963214,0.0045603398478022,0.3410594763992491,0.1294377266723403,0.0043632505033758,0.1928467444036053,0.0464494088879398,0.0114560170678811,0.1157859850296115,-0.0443004832566543,0.0034561141592741,0.0,0.0130500563368175,0.0031964803420812,0.0769786057216419,-0.0538128822710535,0.0028457377285731,-0.0205987721405065,1
2019-01-17,0.2309473764158238,-0.000557900248046,0.3055487809099153,0.3951868460365379,0.003975777496503,0.4486071002134476,0.6581408969152402,0.0010203010488011,0.6796414682933369,0.1663012204503764,0.0040631399295034,0.2121448860865772,0.370794842599584,0.0048536417956819,0.4175137496025117,0.3209302480177718,0.004604980090806,0.3843392657490369,0.0202973771566999,0.0107455679255247,0.0896339532983716,-0.0704503901157676,0.0031022218796414,-0.0261499068591132,0.2359665966470878,0.0032738772690758,0.2998951460319122,0.3033991196769465,0.0032088193414751,0.3366132298074935,0
2019-01-18,0.242356422918227,1.8623669119273896e-06,0.3169578274123186,0.3250856912357581,0.0042646468141333,0.3785059454126678,1.005730441853194,0.0019681536803909,1.0272310132312907,0.794208439612849,0.0050766972403134,0.8400521052490498,0.6769496344829977,0.0055738774816603,0.7236685414859254,0.7566237894457497,0.0054698023890986,0.8200328071770147,-3.262492268990959,-0.0009591594970065,-3.1931556928492872,0.487859456231886,0.0035842883518852,0.5321599394885405,0.6942506074915704,0.0038538502479755,0.7581791568763948,0.5535766797855717,0.0039349999641996,0.5867907899161188,0
2019-01-22,-1.2296763252455534,-0.0017248868404621,-1.155074920751462,-1.3702624883098515,0.0019449170278122,-1.3168422341329418,-1.2200480169509107,0.000704324122907,-1.1985474455728142,-0.8625850158632592,0.00347267635363,-0.8167413502270583,-0.7209311640722029,0.0041778786916975,-0.6742122570692752,-1.0949084196580368,0.0035993128893156,-1.0314994019267718,-0.3413626471625943,-0.0017353887685396,-0.2720260710209226,-0.2388725319997904,0.0030586250628864,-0.194572048743136,-0.2458793946609366,0.0033684857137728,-0.1819508452761122,-0.7749010379852944,0.0024730524733845,-0.7416869278547473,0
2019-01-23,0.1335401262723176,-0.0013127742531888,0.2081415307664091,0.219125390271811,0.0021887665799204,0.2725456444487206,-0.0215005713780967,0.0006540152569851,0.0,-0.1766110042557616,0.0030442133579484,-0.1307673386195608,-0.3451123603183108,0.0034819545541577,-0.298393453315383,0.4700206298680215,0.004038384216372,0.5334296475992866,-1.0024135505587348,-0.0043187966744423,-0.933076974417063,-0.4954181256857869,0.0023020360569745,-0.4511176424291326,0.863216863341382,0.0040217497131897,0.9271454127262064,-0.4371311115526642,0.0017101787926263,-0.4039170014221172,0
2019-01-24,-0.482504538753658,-0.0017536917475131,-0.4079031342595665,-0.07265046517959,0.0020176417612809,-0.0192302110026803,-1.1604429436243409,-0.0003057482858919,-1.1389423722462442,-0.0156024888901613,0.0028802068869874,0.0302411767460394,0.3425608059997714,0.0037338305487931,0.3892797130026992,-0.3249932150623301,0.0034505310098743,-0.2615841973310651,0.2662118885948026,-0.0031221753864597,0.3355484647364744,0.2572743629082691,0.0024843183717286,0.3015748461649234,-0.3266343985237917,0.0035172408962942,-0.2627058491389673,0.0358121642612522,0.0016896697448452,0.0690262743917992,1
2019-01-25,1.6306341271621358,0.0004269651190229,1.7052355316562275,0.7681109910635474,0.0029011018070678,0.8215312452404571,0.7614363194348887,0.0003037915128012,0.7829368908129853,0.2817205863953691,0.0030956308190066,0.3275642520315699,0.7986521082609684,0.00448585550592,0.8453710152638961,0.4364981058600631,0.0038057365890755,0.4999071235913281,0.3976619645380377,-0.0017413995595904,0.4669985406797095,0.3775166608764643,0.0027693175691681,0.4218171441331186,-1.1335039138867686,0.0023951236161198,-1.0695753645019443,0.1873554369106984,0.0018641745667575,0.2205695470412454,0
2019-01-28,-0.5508388529601198,-0.0001425290857575,-0.4762374484660283,-1.0530499880101374,0.0015742848223899,-0.9996297338332276,0.4696768827223655,0.000634540810615,0.4911774541004622,0.1994938405176747,0.0031922853912081,0.2453375061538755,-0.7812208106248417,0.0034161867699458,-0.734501903621914,-1.130757458788263,0.0024347191345982,-1.0673484410569978,-0.1240353890031431,-0.0017696674948405,-0.0546988128614714,-1.2015622709608658,0.0014695835954311,-1.1572617877042113,0.0277833986969323,0.0023270507933774,0.0917119480817567,-0.3625904046936897,0.0013608355704014,-0.3293762945631427,0
2019-01-29,-0.6079834406473483,-0.0007104381821189,-0.5333820361532567,-0.5149831694399102,0.0009826422753163,-0.4615629152630005,0.8394818482161214,0.0011764320460932,0.860982419594218,0.0987096382718646,0.0031700520437132,0.1445533039080654,-0.2931707102555979,0.0029710461856523,-0.2464518032526702,-1.1780476349709088,0.0011680347062742,-1.1146386172396436,0.0203692477699888,-0.0014689084116387,0.0897058239116606,-0.4802554771282196,0.0009834730482008,-0.4359549938715652,-0.3310857406356241,0.0019974388212106,-0.2671571912507997,0.1533086048874982,0.0014957863831666,0.1865227150180452,1
2019-01-30,3.4419235373885506,0.0029235068576001,3.5165249418826425,1.2740862617278994,0.0023046885888333,1.3275065159048092,0.811538474109095,0.001643536638283,0.8330390454871917,0.0734465243191627,0.0031244767486074,0.1192901899553635,1.239659898186951,0.0040773625268662,1.286378805189879,1.7655704209659382,0.0028653668971728,1.8289794386972031,0.866665029282835,0.000609555331303,0.9360016054245068,1.1089557255515938,0.0019453569511381,1.153256208808248,-1.527148201472898,0.0008528438909307,-1.4632196520880738,0.503607498900584,0.0019911483801619,0.536821609031131,1
2019-01-31,0.2959924005249701,0.0031374078585522,0.3705938050190616,1.238909436206318,0.0034599478157561,1.2923296903832278,0.8850956246859423,0.0021083076685191,0.906596196064039,-0.4970901412713368,0.0025324556850444,-0.4512464756351361,1.8218932089817197,0.0056159818772123,1.8686121159846476,-1.0666599171595244,0.0018055769650262,-1.0032508994282592,-0.2088596900320567,0.0002956948103392,-0.139523113890385,-1.171403753080978,0.0009069633210246,-1.1271032698243235,0.7410435924684733,0.001353458855015,0.8049721418532977,0.6407881455401228,0.0025763426771982,0.6740022556706697,1
2019-02-01,-0.0498610335440518,0.0030109010449274,0.0247403709500397,-0.3818255299678832,0.0029877061779262,-0.3284052757909736,0.6759992259785836,0.002408674331087,0.6974997973566802,0.1442240216196069,0.0025866819589891,0.1900676872558077,0.6237402570192593,0.0059439880418333,0.670459164022187,-0.9281643145925044,0.0009672174038325,-0.8647552968612392,0.3468057379233204,0.0010865843654535,0.4161423140649922,2.235446638341219,0.0026767058558262,2.279747121597873,-1.586969402490499,0.0003100892014562,-1.523040853105675,1.7397988202465435,0.0041691741528314,1.7730129303770903,1
2019-02-04,1.3871266643011635,0.0041651729889783,1.4617280687952552,0.983213308888788,0.0037783722019712,1.0366335630656978,-0.8367162264734024,0.0018520817293395,-0.8152156550953057,0.1385763000432578,0.0026310200612252,0.1844199656794586,0.239218754022438,0.0059162048498088,0.2859376610253658,1.5128030707523712,0.0022322995840984,1.576212088483636,-0.015718659447875,0.0011361962899379,0.0536179166937966,0.532488469934271,0.0029928701242521,0.5767889531909254,0.6543787548718175,0.0007366933793705,0.7183073042566418,-0.7462769416690914,0.0033210887301088,-0.7130628315385443,1
2019-02-05,0.8058581269759679,0.0047279672664866,0.8804595314700594,0.4122091904965074,0.0040121489496764,0.4656294446734171,-0.0215005713780967,0.0017715564367595,0.0,-0.274278386341708,0.0023247897631818,-0.2284347207055072,0.1903011685883025,0.0058511716542633,0.2370200755912302,0.7026611221322706,0.0027438036855203,0.7660701398635356,0.5962748964084952,0.0022623711093796,0.665611472550167,0.39158340198342,0.003179233107869,0.4358838852400744,0.5849267933714654,0.0010854436903206,0.6488553427562898,0.4732674397937832,0.0036241364137297,0.5064815499243303,0
2019-02-06,-0.0568742250066314,0.0045453220318022,0.01772717948746,-1.3329949492157658,0.0027966809287492,-1.279574695038856,0.0533743820956241,0.0017353848563895,0.0748749534737209,-0.070785998928695,0.0022078498673551,-0.0249423332924942,-0.1858359297833325,0.0054992669012061,-0.1391170227804048,-0.670850818524427,0.0021670372790881,-0.6074418007931619,-0.3857184699423203,0.0016326079189849,-0.3163818938006485,-0.4812452846016825,0.0027427260640479,-0.4369448013450282,-0.0329326959429412,0.0010576488595569,0.0309958534418831,-0.2480640559085938,0.0032912336270751,-0.2148499457780467,0
2019-02-07,-1.0492415304886349,0.0036059252980917,-0.9746401259945432,-0.8224994577771354,0.0020799462143992,-0.7690792036002256,-0.6134934657675227,0.0013802508593864,-0.591992894389426,-0.7245844237768015,0.0015951336124646,-0.6787407581406009,-0.3779317514437487,0.005032210496185,-0.3312128444408209,-0.4557206362702944,0.0017936382240212,-0.3923116185390294,-0.8228678396206826,0.0003429171388446,-0.7535312634790108,-0.6029288293488008,0.0022598554463581,-0.5586283460921464,0.7804355215541413,0.0014712163966197,0.8443640709389657,-0.4124987799510591,0.0028513172679353,-0.3792846698205121,0
2019-02-08,-0.0141245856033095,0.0035124362368588,0.0604768188907819,-0.2157647505172257,0.0018771779605631,-0.1623444963403161,0.198153190167233,0.0014291002272016,0.2196537615453297,-0.5616344809103366,0.0011506040334482,-0.5157908152741358,0.6073294239694467,0.0053078196357474,0.6540483309723744,0.1445639668696181,0.0018708014294965,0.2079729846008831,-0.2062294421759439,0.0001158507044363,-0.1368928660342722,0.0453900560126018,0.0022305465190206,0.0896905392692562,-0.9447164095420728,0.0009573823500215,-0.8807878601572485,0.0467383785543357,0.0028041340091779,0.0799524886848827,1
2019-02-11,-0.3705488760248085,0.0031693471354188,-0.295947471530717,-0.0654087872625881,0.0017989225049004,-0.0119885330856785,-0.2718572832632893,0.0012642892883375,-0.2503567118851926,-0.2910191276485834,0.0009325954166108,-0.2451754620123826,0.0820193396818376,0.0052001588160175,0.1287382466847653,-0.2809499762625251,0.0016543014377492,-0.21754095853126,0.4973960365324496,0.0009642116984073,0.5667326126741213,0.134860353867011,0.0022587473390875,0.1791608371236653,0.4166446974529365,0.0011621665710242,0.4805732468377609,0.046629833323521,0.0027603641204127,0.0798439434540681,1
2019-02-12,0.3688558635574393,0.0033639218377354,0.4434572680515308,1.1214772546723466,0.0025597079043921,1.1748975088492564,1.3346787718021538,0.001803550792317,1.3561793431802505,0.8368772078191444,0.0015082165144067,0.8827208734553453,0.4003086415683406,0.0053121922774071,0.4470275485712683,0.7894085455114329,0.0021517142106096,0.852817563242698,-0.1503894504570299,0.0008121863105498,-0.0810528743153582,0.4618019272428849,0.0024799299816695,0.5061024104995392,0.529070521403321,0.0014065187756853,0.5929990707881454,0.8302044569362543,0.0032883432386368,0.8634185670668013,1
2019-02-13,-0.2884096051684862,0.0031046553476434,-0.2138082006743947,-0.0060622132724204,0.0025035509759455,0.0473580409044892,0.1576240796350853,0.0018158873727874,0.179124651013182,0.2014112196540754,0.0016208915735456,0.2472548852902762,0.3525305170643503,0.0053857728987962,0.399249424067278,-0.1043656685779567,0.0020517130178786,-0.0409566508466917,-0.3567144669707685,0.0003816365813353,-0.2873778908290967,0.5882819386687889,0.0027586932683572,0.6325824219254432,0.6771807882297088,0.0017029544199178,0.7411093376145332,0.5215913572633055,0.003563678915818,0.5548054673938526,0
2019-02-14,0.1128685835514308,0.0031225998928765,0.1874699880455223,-0.0277359163212261,0.0024369328492515,0.0256843378556834,-0.1078076079607411,0.0017206452065821,-0.0863070365826444,-0.3823188821282718,0.0013502249402691,-0.336475216492071,-0.224205427608556,0.0050959092589614,-0.1774865206056282,-0.0172888368074786,0.002011411364433,0.0461201809237863,-0.4208198471021339,-0.0001070119816561,-0.3514832709604621,-0.0777487300230633,0.0026481174098246,-0.0334482467664089,0.3748142536892619,0.0018435875477781,0.4387428030740863,-0.0203080783084719,0.0034536308627995,0.012906031822075,1
2019-02-15,-0.1890887240547898,0.0029501043049443,-0.1144873195606983,-0.4844601245365618,0.0020849306648559,-0.4310398703596521,1.2558308145505683,0.0021623093860648,1.277331385928665,1.5363453244231289,0.0022924885566323,1.5821889900593298,0.5143353663825707,0.0052690638733008,0.5610542733854984,0.6124046526817872,0.0023448437350677,0.6758136704130523,0.2637368284083433,0.0003328910399403,0.3330734045500151,0.6877065567879341,0.0029570312613468,0.7320070400445885,1.041540933420186,0.0022654433643425,1.1054694828050105,0.8959849477524754,0.0039512676580143,0.9291990578830224,1
2019-02-19,0.0793990521396974,0.0029514322453738,0.1540004566337889,0.2591154621116345,0.0022118109014042,0.3125357162885441,-0.4408113212567247,0.001936631327265,-0.419310749878628,-0.2273227899068951,0.0021113071304302,-0.1814791242706943,-0.413675338425543,0.0048905380123688,-0.3669564314226153,-0.0886933677713161,0.0022571307673895,-0.0252843500400511,-0.2484429704792756,9.512594137644352e-05,-0.1791063943376038,-0.2385359425315276,0.0027632579908823,-0.1942354592748732,1.573552513540008,0.0028853346687919,1.6374810629248322,0.2961154508610363,0.0040369042559848,0.3293295609915834,0
2019-02-20,0.256574182769296,0.0030570111567586,0.3311755872633875,-0.3207029627077057,0.0019855338874827,-0.2672827085307961,0.3816228039191445,0.0020253416571474,0.4031233752972412,0.2051747153513562,0.0021942519489028,0.251018380987557,0.0796868435583657,0.0048137785660426,0.1264057505612935,-0.3479645586002464,0.0020311836504915,-0.2845555408689814,-0.3174098890786078,-0.0002131245465493,-0.248073312936936,0.0759171110734324,0.0027403599367376,0.1202175943300868,-1.7457473396143013,0.0021100089113623,-1.681818790229477,0.155523201729589,0.0040307843856783,0.188737311860136,0
2019-02-21,-0.3647880344623709,0.0028012454601703,-0.2901866299682794,-0.7968435206829931,0.0014972170621875,-0.7434232665060834,-0.5867796324146048,0.0017651658168818,-0.5652790610365083,-0.1536005818657717,0.0020684988557837,-0.1077569162295709,-0.4832303490685908,0.0044327565612503,-0.4365114420656631,1.090988950389996,0.0025917972209157,1.154397968121261,-0.9911902675795876,-0.0013082441628515,-0.9218536914379156,-0.3463154460328931,0.0025114193302703,-0.3020149627762388,-0.4273960829978531,0.0019036581391768,-0.3634675336130287,-0.4781838694091876,0.0036463104632326,-0.4449697592786406,1
2019-02-22,0.5000041967241232,0.0030402374643371,0.5746056012182148,0.5154139022509407,0.001773995299551,0.5688341564278504,0.7006475409499137,0.0019636871726398,0.7221481123280103,-0.2765551053729034,0.0018820773964332,-0.2307114397367025,0.9337100082496408,0.0048285369266922,0.9804289152525684,0.7169634119223935,0.0029251233444974,0.7803724296536585,0.2248254107140075,-0.0009294561348849,0.2941619868556793,0.7333038970235177,0.0028106907202952,0.7776043802801721,0.0553508116762371,0.0018952672743828,0.1192793610610615,0.3462359093468845,0.0037624168810489,0.3794500194774314,1
2019-02-25,0.3002587235622089,0.0031581317506155,0.3748601280563004,-0.0183496601325656,0.0017438721071861,0.035070594044344,0.2838814740824689,0.0020114938852605,0.3053820454605656,0.4965320471376052,0.0021208010726125,0.5423757127738059,-0.0467189070029277,0.0046944109009507,0.0,0.2423760177748253,0.0029990646104314,0.3057850355060904,0.2697987570017516,-0.0005209649351604,0.3391353331434234,0.0337051871771145,0.0027688017323865,0.0780056704337688,-0.3839495656888524,0.0017226349538366,-0.320021016304028,0.0170047592161975,0.0036862496316158,0.0502188693467446,1
2019-02-26,-0.0450535923722717,0.0030882953489752,0.0295478121218197,0.1596121333715034,0.0018099473773969,0.213032387548413,-0.0762618616299864,0.0019392711378867,-0.0547612902518896,-0.4410903944243649,0.0018571498365006,-0.3952467287881641,0.1165330829251927,0.004649823073401,0.1632519899281204,0.3142625630372451,0.003104507471315,0.3776715807685101,-0.144317334168416,-0.0005892048005222,-0.0749807580267442,0.3574802145832181,0.0028753124643368,0.4017806978398725,-0.3853331249452488,0.0015588293899273,-0.3214045755604244,0.0671079705130822,0.0036417142834642,0.1003220806436292,1
2019-02-27,0.0847914968270431,0.0030885345907971,0.1593929013211346,-0.013530774034821,0.0017829569105276,0.0398894801420886,-0.1676423789490864,0.0018418339548407,-0.1461418075709897,-0.1097496620388921,0.0017757942841828,-0.0639059964026913,0.0897282367148886,0.0045944263868311,0.1364471437178163,-0.1559602431278667,0.0029783097318688,-0.0925512253966017,1.325758929157311,0.000917643779039,1.3950955052989829,0.02898369785507,0.0028318526294944,0.0732841811117244,-0.4993369938964493,0.0013631511791458,-0.435408444511625,0.4735698963188602,0.0038168620933642,0.5067840064494072,1
2019-02-28,-0.5807479585781162,0.002757145446117,-0.5061465540840246,0.1123436393734416,0.001820810856484,0.1657638935503513,0.4481822317843208,0.0019399196454086,0.4696828031624175,-0.4397034764632277,0.0015351968415669,-0.393859810827027,0.0010338262612937,0.004499456271497,0.0477527332642215,-0.1317233137406173,0.0028699383834661,-0.0683142960093523,0.3326869153623008,0.0013128540925298,0.4020234915039725,0.3217705150926044,0.0029159935950213,0.3660709983492587,0.6005825847311134,0.0015581797435625,0.6645111341159378,-0.3057110774430351,0.0035770230961307,-0.272496967312488,0
2019-03-01,0.4663002231974017,0.0029509922231445,0.5409016276914932,0.9384463192801747,0.0022628442638718,0.9918665734570844,1.01569839874082,0.0022042917952434,1.0371989701189166,-0.0111132720546831,0.0015135875880039,0.0347303935815176,0.5448911432103608,0.0046628091078467,0.5916100502132885,0.1808567367468863,0.002909764624257,0.2442657544781513,-2.0002211154614544,-0.000680858770591,-1.9308845393197829,0.5014630383705474,0.003070948706477,0.5457635216272017,-0.8572586491960918,0.0012515251436768,-0.7933300998112676,0.5708401242775997,0.003794441576084,0.6040542344081467,0
2019-03-04,0.1842009381600139,0.0030016790108161,0.2588023426541054,0.1635716161306255,0.0023117141286749,0.2169918703075352,0.056389075614939,0.0021734508658948,0.0778896469930357,-0.1648368294442959,0.0014206126639443,-0.1189931638080951,-0.2732423820539401,0.0044460411051706,-0.2265234750510123,-0.1947215383256817,0.0027802773020181,-0.1313125205944167,-0.8568195864485074,-0.0014444679855745,-0.7874830103068357,-0.6492300818387219,0.0027496507912233,-0.6049295985820675,-0.1244597845001078,0.0012010727565433,-0.0605312351152834,0.1574930481691676,0.003796405776533,0.1907071582997146,0
2019-03-05,-0.1682280716009651,0.0028868916343584,-0.0936266671068736,0.6419455153720319,0.0025822049456409,0.6953657695489416,0.1520428724569783,0.0021715584400394,0.173543443835075,-0.0856056152585145,0.0013685025402993,-0.0397619496223137,-0.0632975970770467,0.0043328212275487,-0.016578690074119,-0.3364352066628902,0.0025953071066413,-0.2730261889316251,-0.8302193428042608,-0.0021459875945479,-0.760882766662589,-0.0483367628164939,0.0026825780228973,-0.0040362795598395,0.3070843623816375,0.0012917081999969,0.3710129117664619,-0.1067453160561734,0.0036704418613132,-0.0735312059256264,0
2019-03-06,-0.3707071331689034,0.0026859396238367,-0.2961057286748119,-0.2382937843555572,0.0024376188826944,-0.1848735301786475,0.1696089414384573,0.0021746831400242,0.191109512816554,-0.2397810681453219,0.0012495617368696,-0.1939374025091211,-0.4615067893828906,0.0040521550674678,-0.414787882379963,-0.0389046830265807,0.0025453632098258,0.0245043347046842,-0.0960430139554591,-0.0021213101807628,-0.0267064378137873,-0.1009617082069112,0.0025981869763337,-0.0566612249502569,-0.124197808120198,0.0012427501792459,-0.0602692587353736,-0.5917015435690471,0.0033211782912993,-0.5584874334385,0
2019-03-07,-0.6702496352313732,0.0023618302144393,-0.5956482307372816,-0.6685722149393815,0.002107328472904,-0.6151519607624718,-0.5279801968446228,0.0019863684089446,-0.5064796254665263,-0.4202079182742256,0.0010568229670129,-0.3743642526380249,-0.538787772380695,0.003751489736094,-0.4920688653777673,-0.7294832477275621,0.0022109262004495,-0.6660742299962971,-0.0381469269041472,-0.0020443037194222,0.0311896492375244,-0.4413047179963236,0.0023884569918146,-0.3970042347396693,-0.6746714459715196,0.0010271529867916,-0.6107428965866952,0.513066206618875,0.0034979664110981,0.5462803167494221,1
2019-03-08,0.0477314284300161,0.0023621722204094,0.1223328329241077,-0.0923101175136353,0.0020435066156477,-0.0388898633367256,-0.1294069280492994,0.001913293683496,-0.1079063566712027,-0.0257365295793718,0.0010419685594926,0.0201071360568289,-0.1768992273613173,0.0036141705801779,-0.1301803203583895,-0.0039282215476896,0.0021859450776885,0.0594807961835753,0.6026395564079362,-0.0013922800824356,0.671976132549608,0.1677448704535722,0.002414072101084,0.2120453537102265,0.0425144035724983,0.0010362544303673,0.1064429529573227,-0.7392708132382918,0.0031014260951734,-0.7060567031077448,1
2019-03-11,1.7080940725095362,0.0030639087095615,1.7826954770036278,1.2419839913784054,0.0025527852813397,1.2954042455553152,0.2786387878001833,0.0019504279678115,0.3001393591782801,0.6276387880153353,0.0013021103509994,0.6734824536515361,0.8643719644539759,0.0039049909997079,0.9110908714569036,1.0856022001043817,0.002594807653062,1.1490112178356466,0.5180712587053157,-0.0008432857635565,0.5874078348469874,1.30490098324653,0.0028514082307531,1.3492014665031842,0.6117204538016568,0.0012119793126989,0.6756490031864812,0.4464080600389854,0.00324586097167,0.4796221701695324,1
2019-03-12,0.5035763409569204,0.0032377698208445,0.5781777454510119,0.7224558120564717,0.0028230521327872,0.7758760662333813,0.3493402209804319,0.0020041327285697,0.3708407923585286,-0.1996525498045102,0.0012111961072188,-0.1538088841683094,0.2621962590429964,0.0039444867215948,0.3089151660459241,0.319796492703372,0.0026885683643309,0.383205510434637,-0.7090577332746137,-0.0013782479930594,-0.6397211571329421,0.3769475329850318,0.0029404165907368,0.4212480162416862,-0.1466875832111802,0.0011624256397286,-0.0827590338263558,0.1025000867369863,0.003235471870996,0.1357141968675333,1
2019-03-13,0.1529662454577032,0.0032624451472933,0.2275676499517947,0.0234671209486098,0.0027957336452546,0.0768873751255194,0.1154794251839173,0.0019968132078547,0.136979996562014,0.1283424610966507,0.0012560555823522,0.1741861267328515,0.3218573308993507,0.004005517689544,0.3685762379022785,0.3605000649649044,0.0027939160536936,0.4239090826961695,0.4171734666897548,-0.0009378089370819,0.4865100428314265,0.247755198865676,0.0029807683629918,0.2920556821223304,0.4331617322244447,0.0012779895981534,0.4970902816092691,0.4035728942448768,0.0033529633693753,0.4367870043754238,1
2019-03-14,0.4974597328419238,0.0034227324007628,0.5720611373360154,-0.3304009724343213,0.0026275347244069,-0.2769807182574116,-0.8478308488145416,0.0017525829068252,-0.826330277436445,0.4252904388222627,0.001416137699268,0.4711341044584635,0.1902880076826432,0.0040139805101743,0.2370069146855709,-0.0203938699708951,0.0027529367719165,0.0430151477603698,0.0158577787340585,-0.0008480427788489,0.0851943548757302,0.6351250927049772,0.0031514943441507,0.6794255759616316,-0.2745344576241811,0.0011938946770274,-0.2106059082393568,-0.1978385526912031,0.0032162702440599,-0.1646244425606561,0
2019-03-15,0.5947981338796748,0.0036144385380344,0.6693995383737664,-0.1485221380336418,0.0025375860374258,-0.0951018838567322,-0.2737038712446915,0.0016566697289566,-0.2522032998665948,0.5488435699967187,0.0016175457568888,0.5946872356329195,0.3410944183486162,0.0040783558247543,0.3878133253515439,0.5670661727197807,0.0029282667149741,0.6304751904510457,-1.302926583315554,-0.0018332904442378,-1.233590007173882,0.4450064484960118,0.0032518920264657,0.4893069317526661,0.0869180518004113,0.0012107379422392,0.1508466011852357,-0.2106539915469522,0.0030798369123744,-0.1774398814164052,1
2019-03-18,0.4507431089322076,0.0037437378699852,0.5253445134262992,-0.1281945861272848,0.0024590016458202,-0.0747743319503752,-0.2805138471342108,0.0015629066967836,-0.2590132757561141,0.2651338419944363,0.0017036058883754,0.3109775076306371,-0.2276275102724336,0.0039322320167681,-0.1809086032695059,0.7204110635583215,0.0031516576364077,0.7838200812895865,-0.6002428548046822,-0.0022202116859332,-0.5309062786630104,-0.236891611892125,0.0031250656488723,-0.1925911286354706,0.8695308157498206,0.0014340451301716,0.933459365134645,0.5378333086207047,0.0032469596722204,0.5710474187512518,1
2019-03-19,-0.482415263041041,0.0035193428758175,-0.4078138585469495,0.5418081895613026,0.0026367789529943,0.5952284437382123,0.7458289358151201,0.0017109002287922,0.7673295071932168,-0.2342039666013013,0.0016008782977913,-0.1883603009651005,0.0975738940880161,0.0039083635367258,0.1442928010909438,-0.0261641428249684,0.003104135420179,0.0372448749062965,-0.253859679622347,-0.0023216619923831,-0.1845231034806753,-0.187268957033553,0.0030190536230943,-0.1429684737768987,0.0773107383807026,0.0014431285477941,0.141239287765527,-0.1606660493723335,0.003134716358486,-0.1274519392417865,1
2019-03-20,0.3750845318237742,0.003617817100245,0.4496859363178658,0.9604130563093064,0.0029631427201095,1.013833310486216,-0.7099386154311949,0.0015218894925599,-0.6884380440530982,-1.1510984469108174,0.001167875175311,-1.1052547812746167,-0.3066911305605836,0.0037431396859861,-0.2599722235576558,-0.1238784508342569,0.0030247208066772,-0.0604694331029919,0.494856937672128,-0.0018454333655564,0.5641935138137998,-0.3696841200528101,0.0028595643985024,-0.3253836367961558,-0.961722021559108,0.0011872581462779,-0.8977934721742837,0.2406352951038198,0.00318055829417,0.2738494052343668,1
2019-03-21,1.8207072674327287,0.0042328648449763,1.8953086719268208,0.3488320244592894,0.0030547347309596,0.402252278636199,0.4674436233450002,0.0016029578935856,0.4889441947230969,-0.8631503545979755,0.0008539053766363,-0.8173066889617747,1.3480549997630271,0.0041555377114553,1.3947739067659548,1.1940356285340457,0.0033941669852808,1.2574446462653108,-0.0315468228304956,-0.0017828312468218,0.0377897533111761,0.7541159219793688,0.0030535257390124,0.7984164052360232,0.2515080546140743,0.0012441166617121,0.3154366039988986,0.2512277299125161,0.0032286880731187,0.284441840043063,0
2019-03-22,-1.1402641383333378,0.0037793875934053,-1.0656627338392464,-1.2252016085306086,0.002580291487637,-1.1717813543536988,-0.735628440356449,0.0014171469991695,-0.7141278689783523,-1.611048162202268,0.000288700968289,-1.565204496566067,-1.2083402351661787,0.0036860857384406,-1.161621328163251,-1.506574464103429,0.0028530343930363,-1.4431654463721642,-0.9219011972801198,-0.0023800989901597,-0.852564621138448,-1.0935519951921338,0.0026794180197546,-1.0492515119354793,-0.6472863015249949,0.0010783346456164,-0.5833577521401705,-0.8214673275078592,0.0028787756237291,-0.7882532173773121,0
2019-03-25,-0.6968098883771319,0.0034959877463805,-0.6222084838830403,-0.4859284080985517,0.0023823576332689,-0.4325081539216421,-0.2031216702205209,0.00135270805854,-0.1816210988424242,-0.4765863575082712,0.0001349757985134,-0.4307426918720705,-0.1257427683616409,0.0035939449098423,-0.0790238613587132,0.2218170408674764,0.0028951476207104,0.2852260585987414,-0.4518149730702962,-0.0026150417327651,-0.3824783969286244,-0.0599568804007708,0.0026269023351369,-0.0156563971441164,-0.1468664791143277,0.001039088348884,-0.0829379297295033,-0.3756736514805127,0.0027031112996835,-0.3424595413499657,1
2019-03-26,-0.6062804419940425,0.0032533949881974,-0.5316790374999509,-0.3736933897010553,0.0022300841328462,-0.3202731355241456,1.1675887472813364,0.00158068702499,1.1890893186594331,0.472245383432833,0.0003081696692939,0.5180890490690339,0.6211464388142387,0.0037494149366753,0.6678653458171664,0.0528760266701005,0.0028816300844227,0.1162850444013655,0.6254565869792977,-0.0020740124967714,0.6947931631209695,0.8439548157688677,0.0028410580420253,0.888255299025522,0.0492831903963474,0.0010476671482774,0.1132117397811718,0.6072247531125219,0.0028839876035873,0.6404388632430689,0
2019-03-27,0.3882457354958313,0.0033523749114753,0.4628471399899229,-0.5590889957952597,0.0020202121177352,-0.5056687416183501,0.0562765794665853,0.0015696140817566,0.077777150844682,-0.2220148304544942,0.0002441875638398,-0.1761711648182933,-0.2237002984868687,0.0036278609618701,-0.176981391483941,-0.5925782101234764,0.0026652490735837,-0.5291691923922114,0.5797247380853708,-0.0015836687834808,0.6490613142270425,-0.4607241055200229,0.0026721736923883,-0.4164236222633686,-0.9003416740156238,0.0008349570409736,-0.8364131246307994,-0.4101024582410957,0.002702229462959,-0.3768883481105486,1
2019-03-28,-0.0063459418140622,0.0033180358014474,0.0682554626800292,-0.3012385613651598,0.001903384451466,-0.2478183071882501,0.0860423042767695,0.001565003817444,0.1075428756548662,0.5416586991241122,0.0004323837560986,0.587502364760313,0.4928925791699516,0.0037369445521641,0.5396114861728794,0.011587234726685,0.0026433000911891,0.0749962524579501,0.2701459892790298,-0.0013230924957397,0.3394825654207015,0.1304207998198102,0.0026763373338293,0.1747212830764646,-0.1249153669776953,0.000806853159411,-0.0609868175928709,0.2118112881435987,0.0027408131110652,0.2450253982741457,1
2019-03-29,0.2607889798309511,0.0033713592037808,0.3353903843250426,0.1470233510944,0.0019373469709876,0.2004436052713097,0.5215348604690405,0.0016481245217943,0.5430354318471372,0.22149175408167,0.0005112382608396,0.2673354197178708,0.0879801887360582,0.0037165312723611,0.134699095738986,0.4093343481165186,0.002743203595062,0.4727433658477836,0.0402230953219457,-0.0012268660961709,0.1095596714636174,0.5441773270800568,0.0027955237540253,0.5884778103367112,0.2411890148844921,0.0008620445456668,0.3051175642693165,0.003354071540327,0.0027075166914349,0.036568181670874,1
2019-04-01,0.2748986844635441,0.0034274291407499,0.3495000889576357,0.9011993014105234,0.002213288722057,0.9546195555874332,-0.5017171790007549,0.0015261179493966,-0.4802166076226582,1.6981276352619814,0.0010550747646019,1.7439713008981823,0.7731110201251937,0.0039062584112303,0.8198299271281214,0.4377891008609609,0.0028483544884418,0.501198118592226,0.7504831202020976,-0.0006608124684047,0.8198196963437694,0.3659143193108998,0.0028619995539296,0.4102148025675541,0.1563570546979878,0.0008966555139791,0.2202856040828122,0.5332428061022134,0.0028518168008067,0.5664569162327605,0
2019-04-02,0.6734581321709796,0.0036066091832689,0.7480595366650712,0.2248457581235065,0.002265837049347,0.2782660123004162,-0.7788422656997916,0.0013541151152335,-0.757341694321695,0.2015397641685211,0.0011151263990533,0.2473834298047219,0.000390908686945,0.0038574252341151,0.0471098156898727,0.0147636698432729,0.0028254503171403,0.0781726875745379,-0.3502618585012442,-0.0008342129192265,-0.2809252823595725,0.1536936030723444,0.0028691686272853,0.1979940863289987,-0.7304272917181257,0.0007370950538898,-0.6664987423333013,-0.2439627157794282,0.0027367520872056,-0.2107486056488812,1
2019-04-03,0.2781568562264081,0.0036581699812215,0.3527582607204996,0.1689047178992651,0.0022992581838937,0.2223249720761748,-0.3464935777965126,0.0012703775105508,-0.3249930064184159,0.0575791799166601,0.0011291345435215,0.1034228455528609,-0.1206877092133794,0.0037742990645481,-0.0739688022104517,0.294772167741384,0.0028844803244749,0.358181185472649,0.441303242913745,-0.0004917172010727,0.5106398190554169,0.2137789304403747,0.0028920373992442,0.258079413697029,0.1271582306431296,0.0007663348361394,0.191086780027954,-0.3234972988993569,0.00259968845772,-0.2902831887688099,0
2019-04-04,0.0149677180468437,0.0036282070592236,0.0895691225409352,0.3095047774462989,0.0023748300300076,0.3629250316232085,-0.9882109612533918,0.0010682732845535,-0.9667103898752952,0.4542859877507277,0.0012624314408946,0.5001296533869285,-0.690782429433963,0.0035276407864804,-0.6440635224310353,-0.341711449177652,0.0027599591738962,-0.278302431446387,-2.096536866591183,-0.0017707241572284,-2.027200290449511,-0.3541754948979521,0.0027659917720782,-0.3098750116412977,0.6373803386126866,0.0009022662343711,0.701308887997511,0.6663843081989509,0.0027811796081448,0.699598418329498,1
2019-04-05,0.269875670786539,0.0036753733529334,0.3444770752806305,-0.3870779037177332,0.0022373649664084,-0.3336576495408235,0.3513941785831632,0.0011210588448273,0.3728947499612599,-0.1684513192601062,0.0012065755860933,-0.1226076536239054,0.0827573198041919,0.0035105192495356,0.1294762268071196,0.1796219767554145,0.0027858125354172,0.2430309944866795,0.5907341536656701,-0.0013309723519793,0.6600707298073418,-0.0405120546294932,0.0027244113816132,0.0037884286271611,0.4797787559408997,0.0010012884577934,0.5437073053257241,0.2306985440497247,0.0028208912197618,0.2639126541802717,1
2019-04-08,0.7352028367922235,0.0038581167800862,0.8098042412863151,-0.1864986081697877,0.0021638201104045,-0.133078353992878,-0.0458166353775553,0.0010996276993355,-0.0243160639994586,0.1213034904378109,0.0012372106732961,0.1671471560740117,-0.0535259529654138,0.0034554060503945,-0.0068070459624861,-0.0451357783002806,0.0027486619058982,0.0182732394309843,-0.2269124405496891,-0.0014077907569798,-0.1575758644080173,-0.0063087910568378,0.0026927454150304,0.0379916921998165,0.2359262587573689,0.001047440179293,0.2998548081421933,0.271059209006481,0.0028718250143994,0.3042733191370281,0
2019-04-09,-0.2289223325403654,0.0037557743516192,-0.1543209280462739,-0.2887189003073847,0.0020624726792645,-0.235298646130475,-0.3685108058019756,0.0010207226133064,-0.3470102344238789,-0.4280734574638115,0.0011085527662642,-0.3822297918276108,-0.1284246532647281,0.0033810892734004,-0.0817057462618003,-0.360060234400299,0.0026267397192506,-0.296651216669034,-0.149533089835339,-0.0014354015278424,-0.0801965136936673,-0.1429869898856529,0.0026279573473305,-0.0986865066289986,-0.4671029119615671,0.0009505849254237,-0.4031743625767427,-0.6676610566963975,0.0026365543272752,-0.6344469465658505,1
2019-04-10,0.214304907158932,0.0037831033004223,0.2889063116530236,0.1055829141996924,0.0020781176541373,0.1590031683766021,-0.0153813723521738,0.0010067977812925,0.0061191990259228,0.1861828234088668,0.0011581571777195,0.2320264890450676,0.2146637162453458,0.0034030556753729,0.2613826232482735,0.354145037910818,0.0027003044959602,0.4175540556420831,0.2696718096016847,-0.0012117769429331,0.3390083857433564,0.3625282470328769,0.0026892226873473,0.4068287302895312,0.6192061227333915,0.0010722033401778,0.6831346721182159,-0.2554817390999002,0.0025313660257268,-0.2222676289693532,0
2019-04-11,-0.5029749996967706,0.0036076332983388,-0.428373595202679,0.0789473997599427,0.0020857191620141,0.1323676539368524,-0.2476832284959901,0.0009526541635519,-0.2261826571178934,0.3915907211847819,0.0012638238909335,0.4374343868209828,-0.2774308873780316,0.0032913766811564,-0.2307119803751039,0.0003431177736988,0.0026780510607158,0.0637521355049638,-0.7506266499122928,-0.0015953034703919,-0.681290073770621,-0.308655348326492,0.0025862672760526,-0.2643548650698377,0.8286862768277328,0.0012312743606801,0.8926148262125572,0.2021244729616225,0.0025639815696326,0.2353385830921694,1
2019-04-12,-0.0952934359949594,0.0035503514537499,-0.0206920315008679,0.4990813132131282,0.00221111350124,0.5525015673900379,0.4504805615838393,0.0010204006391021,0.471981132961936,2.3812124169624,0.0019154725132688,2.4270560825986007,0.587062672147869,0.0034132151822062,0.6337815791507967,0.2185939166850254,0.0027134001217028,0.2820029344162905,-0.1353699380903536,-0.0016108331667991,-0.0660333619486819,0.6309032343766969,0.002710403983735,0.6752037176333513,0.4946859496695104,0.0013213978868275,0.5586144990543349,-0.6517859437004158,0.0023477997612889,-0.6185718335698687,1
2019-04-15,0.0185522644063847,0.0035258422686308,0.0931536689004762,0.1046385293511187,0.0022237423591426,0.1580587835280284,0.3076214487691183,0.0010619608344894,0.329122020147215,-0.6370781179160931,0.0017276510812441,-0.5912344522798924,0.0251275655786095,0.0033840141493486,0.0718464725815372,-0.0181594962423187,0.0026868276631716,0.0452495214889463,-0.1907215914464782,-0.0016575940534223,-0.1213850153048065,0.2557599478613796,0.0027428064655612,0.300060431118034,0.5707371358709018,0.0014234405232177,0.6346656852557262,-0.1974274389639172,0.002267737139835,-0.1642133288333702,1
2019-04-16,-0.0694325654487766,0.0034782672780297,0.0051688390453149,0.1696640608575604,0.0022537778649602,0.22308431503447,0.8891255372760013,0.0011998166843442,0.910626108654098,0.5004298187678106,0.0018502033749003,0.5462734844040114,0.1640374437186292,0.0033916059112476,0.210756350721557,-0.1900074405790449,0.0026173844436108,-0.1265984228477799,0.5757189682382277,-0.0012706385525618,0.6450555443798994,-0.122672870930271,0.0026865339966223,-0.0783723876736166,0.2977154438220541,0.0014714664053192,0.3616439932068785,0.3024210967865328,0.0023309597219039,0.3356352069170797,1
2019-04-17,0.9274944822185014,0.0036973749539772,1.0020958867125929,0.2863576966437232,0.0023144211391191,0.3397779508206329,0.2786977060168076,0.0012329997662997,0.3001982773949043,1.4453390319529589,0.0022194141031886,1.4911826975891596,0.1565091416881035,0.0033970663458206,0.2032280486910312,0.3897901909684232,0.0026949602506162,0.4531992086996882,-0.2611539627063909,-0.0013599713563083,-0.1918173865647192,0.03417461351022,0.0026676845792709,0.0784750967668744,0.101613386665627,0.0014819176709785,0.1655419360504514,0.1061911911799451,0.0023378311324979,0.1394053013104921,1
2019-04-18,0.1103375661571892,0.0036959754000512,0.1849389706512808,0.0011263745063183,0.0022976384139273,0.054546628683228,-0.6197916254819134,0.0011187841148861,-0.5982910541038168,-0.4263258670045005,0.0020901096703367,-0.3804822013682997,-0.0711948577428197,0.0033449914191086,-0.024475950739892,0.6557188158294183,0.0028360987529209,0.7191278335606833,0.1149090174774253,-0.0012404534363468,0.1842455936190971,-0.1487950021334539,0.0026080530530111,-0.1044945188767995,-0.0495680679596616,0.0014645110965509,0.0143604814251627,-0.2145280859787656,0.0022564534960545,-0.1813139758482186,1
2019-04-22,0.0945128935591908,0.0036905130160952,0.1691142980532823,0.4500626049617988,0.002398996752082,0.5034828591387084,0.1653192487554908,0.001133922476835,0.1868198201335875,0.018043043752922,0.00207869472297,0.0638867093891228,0.434071000555454,0.0034199484154326,0.4807899075583816,0.1096209293915675,0.0028404365845462,0.1730299471228325,-1.01616058754191,-0.0017367344089396,-0.9468240114002384,0.0454193875434668,0.0025932565212284,0.0897198708001212,-0.6455383247429013,0.0013403136040886,-0.5816097753580769,1.040499469955301,0.0025172575605909,1.0737135800858482,1
2019-04-23,0.6676353327985046,0.0038317357502681,0.7422367372925962,0.6292923299185257,0.0025440565403368,0.6827125840954353,1.2231924556488647,0.0013166132534633,1.2446930270269614,0.0179643054428607,0.0020675601577551,0.0638079710790615,0.0503486097907656,0.0033987690432126,0.0970675167936933,0.6795521114367302,0.0029816764766741,0.7429611291679953,0.0384075004675681,-0.0016562939684026,0.1077440766092399,0.426129067143319,0.0026625048303721,0.4704295503999733,0.4426955914916171,0.0014126539419937,0.5066241408764415,0.2517466231416322,0.0025603214049968,0.2849607332721792,0
2019-04-24,-0.1539587891915204,0.0037619456183964,-0.0793573846974289,-0.4753148470138609,0.0024032854189502,-0.4218945928369512,-0.4361725632173761,0.0012345349331962,-0.4146719918392795,-0.1323167264946174,0.0020190171694066,-0.0864730608584166,0.3496575942756684,0.0034506350307335,0.3963765012785961,-0.2510270040806036,0.0028984342537032,-0.1876179863493386,-0.5581397516812687,-0.0018926534942962,-0.4888031755395969,-0.1073104305907796,0.0026142611308942,-0.0630099473341252,0.2666964473902928,0.0014522639415667,0.3306249967751172,-0.9894184852114192,0.0022747446094392,-0.956204375080872,0
2019-04-25,-0.5416266469104716,0.00359736399388,-0.46702524241638,0.2408268096786122,0.00244664721515,0.2942470638555218,0.246410408824058,0.0012601512070674,0.2679109802021547,-0.0184980366408885,0.0019999039752619,0.0273456289953122,0.0232319298352836,0.0034231216086369,0.0699508368382113,1.7491572929233656,0.0032858576800076,1.8125663106546308,-1.119092903641878,-0.0024150913205197,-1.0497563275002062,-0.2185583454693223,0.0025434361233984,-0.1742578622126679,-0.0710649709821824,0.0014324102483231,-0.007136421597358,0.2436740715624838,0.0023177104961085,0.2768881816930308,0
2019-04-26,-0.3202656010797689,0.0034913993254207,-0.2456641965856774,0.351097053307734,0.0025163560662909,0.4045173074846437,0.4176754492605119,0.0013112769150954,0.4391760206386086,0.346063932265012,0.002070408968879,0.3919075979012128,0.1868697969274816,0.0034349358417619,0.2335887039304094,0.2501793700147048,0.0033167909275483,0.3135883877459698,-1.3109953920708497,-0.0030229786980002,-1.2416588159291777,0.6659995276525184,0.0026613918878976,0.7103000109091727,-1.4881359408528876,0.001170945620741,-1.4242073914680633,-1.0687715413921737,0.0020220247361614,-1.0355574312616262,1
2019-04-29,0.0034830175606835,0.0034667239299181,0.078084422054775,0.6942867422299546,0.0026686699299302,0.7477069964068642,-0.3461931869955911,0.0012459143352176,-0.3246926156174944,0.7004128965296792,0.002224705632286,0.74625656216588,0.0510937687290408,0.003414801811167,0.0978126757319685,-0.1139670286096367,0.0032637842014727,-0.0505580108783717,0.5933678678113258,-0.0026486898527444,0.6627044439529975,0.4040678174492235,0.0027217208302848,0.4483683007058778,-0.0420420089867574,0.0011600014809892,0.0218865403980669,-0.3511336278300672,0.0019160019467109,-0.3179195176995202,0
2019-04-30,-1.065532897292898,0.0031861942930137,-0.9909314927988064,-3.86885336702715,0.0017095591653942,-3.81543311285024,0.7845361516928221,0.0013506019390073,0.8060367230709188,-0.0770594127027464,0.0021897964223078,-0.0312157470665456,1.4959286755626549,0.0037278349701054,1.5426475825655823,0.2866553730425077,0.0033024540081663,0.3500643907737727,-0.3527509988458673,-0.0027581227352497,-0.2834144227041956,0.0578381585609021,0.002709177430464,0.1021386418175565,0.8698296395938646,0.0013012784739818,0.933758188978689,0.1575514979983094,0.001940201446567,0.1907656081288564,0
2019-05-01,2.4513719428600256,0.0037459446461254,2.525973347354117,-1.1410485999893338,0.0014279179371747,-1.087628345812424,0.4186967125967473,0.0013989044113138,0.4401972839748439,-0.44287098077336,0.0020695710127941,-0.3970273151371593,-1.2045620494941616,0.0034190338439882,-1.157843142491234,-1.2033038295845246,0.0030081916741996,-1.1398948118532597,-0.5520115056086798,-0.0029635973137384,-0.4826749294670081,-0.6415433028198424,0.0025545057867709,-0.597242819563188,-1.1301711274692492,0.0011099012831938,-1.066242578084425,-1.0202018618015185,0.0016719724230472,-0.9869877516709712,0
2019-05-02,-0.4095064107868651,0.0036224030494057,-0.3349050062927736,-0.3486150994744877,0.0013407846985959,-0.295194845297578,-0.4126460158388453,0.0013251881301082,-0.3911454444607486,0.0665347580537214,0.0020707884566269,0.1123784236899222,-0.3829863476147342,0.0033022814867809,-0.3362674406118066,-0.77815774749865,0.002814608658066,-0.714748729767385,0.9921116034768596,-0.0024084004072092,1.061448179618531,-0.6586013342551079,0.0024001290323715,-0.6143008509984536,-0.2174145307772026,0.0010715689415185,-0.1534859813923782,-0.8965352347410748,0.0014404811950593,-0.8633211246105278,1
2019-05-03,0.5651384015415957,0.0037272753880564,0.6397398060356873,0.9511188163216852,0.0015599576740833,1.004539070498595,0.4067145341026595,0.0013709219396476,0.4282151054807562,0.2726580463243734,0.0021193736470362,0.3185017119605742,0.1181429688341479,0.0032995720139489,0.1648618758370756,1.1031202022213829,0.0030348358831491,1.1665292199526478,1.032953940978545,-0.0018466714988721,1.102290517120217,0.297626266864775,0.0024395339685768,0.3419267501214294,0.6172380396663578,0.0011682654166198,0.6811665890511822,0.0813906960195373,0.0014510546579571,0.1146048061500843,0
2019-05-06,-0.8693026468410466,0.0035017433007173,-0.794701242346955,0.1137466198703203,0.0015802740108534,0.16716687404723,0.0251459161390526,0.0013614150326906,0.0466464875171494,-0.5050713558012372,0.0019900856772672,-0.4592276901650364,0.1024801620936032,0.0032934896761799,0.1491990690965309,-0.3818684926463311,0.0029306780017332,-0.3184594749150661,-0.0394138117504683,-0.0018106458200403,0.0299227643912034,0.0443903240849442,0.0024282586031704,0.0886908073415985,0.2118856599428504,0.0011983189193408,0.2758142093276748,-0.2491917874747282,0.001382354664165,-0.2159776773441812,0
2019-05-07,-1.4618195215793828,0.0031475721383296,-1.387218117085291,-0.6755928372030431,0.0014196522305605,-0.6221725830261334,-1.2580253849099825,0.0011720978331361,-1.2365248135318856,-0.8915420404694074,0.0017770046014465,-0.8456983748332065,-0.8187323390122574,0.003087773450975,-0.7720134320093297,-1.186639191599504,0.002657965731918,-1.123230173868239,-0.8676147579158824,-0.002166654054128,-0.7982781817742106,-0.8081095929562869,0.002251702825273,-0.7638091096996326,-0.9027149083393364,0.0010527390261037,-0.8387863589545119,-0.2948417263633176,0.0013044667641565,-0.2616276162327706,0
2019-05-08,-0.0644487112155309,0.0031136608630836,0.0101526932785605,-0.4020164423360655,0.0013245513813232,-0.3485961881591559,-0.1280732384149029,0.0011438449616649,-0.1065726670368062,-0.3202484015121316,0.0016956574250619,-0.2744047358759308,0.0123476076648565,0.0030649438103972,0.0590665146677842,-0.067772422847992,0.0026264980347096,-0.004363405116727,-0.2905418023974768,-0.0022450340640727,-0.2212052262558051,0.1612548559511313,0.0022652781295127,0.2055553392077856,-0.7952849848659728,0.0009271729191605,-0.7313564354811484,0.0437578870822023,0.0013074498129761,0.0769719972127494,0
2019-05-09,-0.6275054631990473,0.0029561845741644,-0.5529040587049557,-0.1754999101872525,0.0012822230884472,-0.1220796560103429,-0.6499739008030956,0.0010446747156036,-0.6284733294249989,-0.0872109150053746,0.0016673088257254,-0.0413672493691738,-0.0510864300736941,0.0030291892828078,-0.0043675230707663,-0.0677727707435138,0.0025957454402059,-0.0043637530122488,-0.3568945117785443,-0.0023522617400339,-0.2875579356368725,-0.3981555621669178,0.0021723846779125,-0.3538550789102634,-0.2347296551558194,0.0008904391967976,-0.170801105770995,-0.0780265261933778,0.0012822453569462,-0.0448124160628308,1
2019-05-10,-0.7875230799172575,0.0027673085809805,-0.7129216754231659,-0.0677855787316971,0.0012646424697484,-0.0143653245547874,0.1696864150398163,0.0010588565202944,0.191186986417913,-0.0504408591566128,0.001647577310789,-0.0045971935204119,0.4166550095846246,0.0030922540848762,0.4633739165875524,0.6474521680213124,0.0027125142466561,0.7108611857525775,-0.3195999016445912,-0.0024400576982488,-0.2502633255029194,0.2929310180013842,0.0022112537654807,0.3372315012580386,1.7000455226378648,0.0011479545931982,1.763974072022689,0.3947482715045635,0.0013655432351044,0.4279623816351106,0
2019-05-13,-3.0654436299264294,0.0020907913633169,-2.990842225432337,-1.4058789401044298,0.000955122737038,-1.35245868592752,-1.1241421074969171,0.0008992644112119,-1.1026415361188209,-1.4539423736838673,0.0013270731473364,-1.4080987080476666,-1.3577650946268147,0.0027862167604401,-1.3110461876238872,-1.6907576373075517,0.0023520047251272,-1.6273486195762867,-1.3550926034509416,-0.0029932736611607,-1.28575602730927,-1.303697526932274,0.0019529975137991,-1.2593970436756197,-1.5324481875756408,0.0009149617463275,-1.4685196381908168,-0.5796289158710263,0.0012270084409281,-0.5464148057404792,1
2019-05-14,0.7400277906005386,0.0022417738755339,0.8146291950946302,-0.5783058765710001,0.0008312165932965,-0.5248856223940904,-0.2510421826391277,0.0008589467708334,-0.2295416112610309,0.3657033810915506,0.0013998431083281,0.4115470467277514,0.9662120991517372,0.0029631949902191,1.012931006154665,0.548899787874855,0.0024490982477243,0.6123088056061201,0.5054065757654314,-0.0027038201194734,0.5747431519071031,1.0518570826194102,0.0021326978200943,1.0961575658760645,0.2327680278108939,0.0009489146252716,0.2966965771957183,0.0317747057126683,0.0012280358872977,0.0649888158432154,1
2019-05-15,0.5418623214475377,0.0023476173052406,0.6164637259416291,2.0237105363045766,0.0012661021199091,2.0771307904814864,0.0330238645946476,0.00085676136998,0.0545244359727443,-0.2429588868512996,0.0013432433744068,-0.1971152212150988,0.6531138948037435,0.0030728551727015,0.6998328018066712,0.7073387724820317,0.0025755467388086,0.7707477902132968,-0.1074853322435405,-0.0026912749477563,-0.0381487561018687,0.919998006027126,0.0022845564476382,0.9642984892837804,-0.3668303372256824,0.0008941608923318,-0.302901787840858,0.3303534025239913,0.0012949846150807,0.3635675126545383,1
2019-05-16,-0.3010077246903677,0.0022750663872638,-0.2264063201962761,0.5417075565606567,0.0013783100859967,0.5951278107375664,0.7654300724217167,0.000949646483999,0.7869306437998134,0.6183901036497801,0.0014667552756975,0.6642337692859809,0.8722255047230636,0.0032240973640268,0.9189444117259912,1.2004299292346443,0.0027961499452694,1.2638389469659093,-0.4535356919603064,-0.0028301514640932,-0.3841991158186346,0.814087865689154,0.0024141311358208,0.8583883489458083,0.9968165582666472,0.0010384973219524,1.0607451076514716,-0.039673354387516,0.0012796488104429,-0.006459244256969,0
2019-05-17,-0.3669994927316248,0.0021904167824222,-0.2923980882375332,-0.7284021575232769,0.0012224606223628,-0.6749819033463672,0.2183626678978818,0.0009703330241407,0.2398632392759785,-0.2970192054074165,0.0013995395631547,-0.2511755397712157,-0.2307908060909878,0.0031532776678598,-0.1840718990880601,-0.4284796564834635,0.0026954439009853,-0.3650706387521984,-1.934537559835408,-0.0036060805752556,-1.8652009836937364,-0.3276054000544693,0.0023381173500783,-0.2833049167978149,-0.3930192564483623,0.0009801950656196,-0.3290907070635379,-0.3232435719732243,0.0012033429603364,-0.2900294618426773,0
2019-05-20,-1.683756767770767,0.0018382045015576,-1.6091553632766753,-1.1029932937099665,0.000992363399371,-1.0495730395330567,-0.1350871511889135,0.0009456923438311,-0.1135865798108168,0.2252616843226226,0.0014399283176063,0.2711053499588234,0.1528414584200755,0.0031592622721976,0.1995603654230033,-0.8540305078338792,0.0025150132022084,-0.7906214901026142,-0.7307635201601788,-0.0038509453566106,-0.6614269440185071,-0.2705284417710331,0.0022737373249389,-0.2262279585143787,0.4208966029430492,0.0010387608710217,0.4848251523278736,-0.0396921374159416,0.0011892906463529,-0.0064780272853946,1
2019-05-21,0.9119413540013172,0.0020187533403017,0.9865427584954088,0.3811206415890332,0.0010710259917065,0.4345408957659429,-0.201134803154551,0.0009132636714036,-0.1796342317764543,0.1308317592141742,0.001460476276406,0.176675424850375,0.3488369964525907,0.0032031985597192,0.3955559034555185,0.2314532266258794,0.0025449342961931,0.2948622443571445,-0.1029024382522446,-0.0038250344647455,-0.0335658621105729,0.0985357164317474,0.0022748999645447,0.1428361996884018,-0.3558612747883499,0.0009868948884783,-0.2919327254035255,0.1937265672897209,0.0012249355534542,0.2269406774202679,0
2019-05-22,-1.1280888329063543,0.001786892083266,-1.053487428412263,0.0086988681248469,0.001072576139759,0.0621191223017566,0.3625340016015732,0.0009516191738433,0.3840345729796699,-0.46751128322617,0.0013614546540795,-0.4216676175899693,0.2766382635613337,0.0032323473822477,0.3233571705642615,0.2686821671583685,0.0025812509475701,0.3320911848896335,-1.551807246998123,-0.004406429595054,-1.4824706708564512,0.0945860863268873,0.0022753586482725,0.1388865695835417,0.7493406487656916,0.0010898870341291,0.813269198150516,-0.4785629913602711,0.0011190183586088,-0.4453488812297241,0
2019-05-23,-0.9530117799135446,0.0015944786808589,-0.878410375419453,-0.5158783760863086,0.0009688469685562,-0.462458121909399,0.5936799016244171,0.0010176510757638,0.6151804730025138,-1.0642845891488315,0.0011468331303988,-1.0184409235126308,-1.543208180940813,0.002914572083145,-1.4964892739378852,-0.7021524459413244,0.0024358248850262,-0.6387434282100595,0.2831986571146365,-0.0042153379387539,0.3525352332563082,-1.039635920657216,0.0020825284009697,-0.9953354374005616,-0.3320656586994829,0.0010418352155332,-0.2681371093146585,-1.1860734959442152,0.000868570008965,-1.152859385813668,1
2019-05-24,-0.2722363739584322,0.0015395796872682,-0.1976349694643407,-0.352265117453419,0.0008997080318698,-0.2988448632765093,-0.0155218533198868,0.001008100448716,0.0059787180582098,0.4640611092148156,0.0012347332505055,0.5099047748510164,0.3290218058927607,0.0029559157101224,0.3757407128956884,-0.0373840344500959,0.0024160236575623,0.026024983281169,-0.6813415254524515,-0.0044238762752672,-0.6120049493107798,0.3746522914060174,0.0021321641831569,0.4189527746626718,0.5252306931874761,0.0011116368807201,0.5891592425723005,0.1735383067488273,0.0009022308875278,0.2067524168793743,0
2019-05-28,-0.2873830839983586,0.0014828353043411,-0.2127816795042671,-0.0109870893674914,0.0008990541889016,0.0424331648094182,-1.0839654604261422,0.0008698228111087,-1.0624648890480457,-0.6074028035679305,0.0011139192915185,-0.5615591379317297,0.3690549049686678,0.0030038986661541,0.4157738119715956,-0.0980983747171401,0.0023855253166212,-0.0346893569858751,-0.3185718552436161,-0.0044808809236109,-0.2492352791019443,0.3496431672677973,0.002176630750145,0.3939436505244516,-0.2443217396618759,0.001076171870043,-0.1803931902770515,-1.0228409162804903,0.0006921265650381,-0.9896268061499433,0
2019-05-29,-0.3200103597441091,0.0014209370848645,-0.2454089552500175,-0.929074459518073,0.0007196856150641,-0.8756542053411632,-3.492109503721989,0.0004465944355526,-3.470608932343892,-0.1889800457371446,0.0010755169531888,-0.1431363801009438,-0.0192222289109563,0.0029792344715576,0.0274966780919713,-0.592673497783731,0.0022661616050867,-0.529264480052466,0.0819949793654787,-0.0043756510814873,0.1513315555071504,-0.4027767100870273,0.0020958074918777,-0.358476226830373,-0.2809552187360399,0.0010365134751625,-0.2170266693512156,-0.3382223739970791,0.0006239128862881,-0.3050082638665321,1
2019-05-30,0.1922943412511555,0.0014578536306989,0.266895745745247,0.0133318990634548,0.0007254973768589,0.0667521532403645,0.4707172624159064,0.0005004423602998,0.4922178337940031,-0.6007772547256284,0.000959887488674,-0.5549335890894277,0.0864917859844919,0.0029743830448392,0.1332106929874197,0.2826553094762604,0.0023059340721391,0.3460643272075254,-0.2819799947868293,-0.0044174380357212,-0.2126434186451575,-0.033254489452396,0.0020770688598862,0.0110459938042583,-0.0131257204037601,0.0010330742566221,0.0508028289810642,-0.1627964871346693,0.000591982554545,-0.1295823770041223,0
2019-05-31,-1.0068325308739212,0.0012678211907169,-0.9322311263798296,-0.7296317365966946,0.0005893690959003,-0.6762114824197849,-0.6237487746586236,0.0004250331601163,-0.602248203280527,-0.577795495724765,0.0008508129528668,-0.5319518300885642,-0.6162492046010971,0.0028423814544919,-0.5695302975981694,-0.9557938818315552,0.0021252473860512,-0.8923848641002902,-0.4695571407021676,-0.0045323911440127,-0.4002205645604959,-0.5703928048887875,0.0019716051727522,-0.5260923216321332,-0.607718651840887,0.0009517839403991,-0.5437901024560626,-0.853810592623443,0.0004243547762791,-0.820596482492896,0
2019-06-03,-0.5948854686449887,0.001158415527388,-0.5202840641508972,-3.167953238493792,-5.126343659924832e-06,-3.114532984316882,0.1617616786918559,0.0004422081850002,0.1832622500699526,0.198473110736996,0.0008880074714151,0.2443167763731968,-2.014602478107056,0.002462155005239,-1.967883571104128,-1.762704475881275,0.0018062749510207,-1.6992954581500102,-0.8923120049236702,-0.0048102584999879,-0.8229754287819985,-1.0575894203376457,0.0017899375528552,-1.0132889370809912,0.3158608584217734,0.0009919227725335,0.3797894078065978,0.7387054215278384,0.0005710880275415,0.7719195316583854,1
2019-06-04,1.8080236741548,0.0014958013096404,1.8826250786488916,0.717739980557031,0.0001393282339354,0.7711602347339407,1.4224167448796337,0.0006039229131588,1.4439173162577303,1.5492384406433397,0.0011729734096207,1.5950821062795406,1.484864038201812,0.002710745256689,1.5315829452047396,1.4528603607060957,0.0020529181424337,1.5162693784373609,1.9430306423356576,-0.0039859168098602,2.0123672184773294,1.3639818887302055,0.0019968731902204,1.4082823719868598,0.3720832661080103,0.0010385243332079,0.4360118154928347,1.1376060837778943,0.0007922192377507,1.1708201939084413,1
2019-06-05,0.7561509275385823,0.0016339872521293,0.8307523320326737,-0.5284972584876477,4.989121332281331e-05,-0.4750770043107381,0.3813283236779974,0.0006440794802548,0.4028288950560941,0.1381462044350393,0.0011954341585699,0.1839898700712401,1.476785703158884,0.0029532237908852,1.5235046101618115,1.12311514641124,0.0022380700833463,1.1865241641425053,0.3108600595491223,-0.0038026137858495,0.3801966356907941,1.0844747989970909,0.0021558690855681,1.1287752822537451,1.2796588077552449,0.0011998130021747,1.3435873571400692,-0.4411710480543616,0.0007065448447338,-0.4079569379238145,1
2019-06-06,0.6809281911836635,0.0017559289876053,0.755529595677755,0.0984837233321663,7.733845621887265e-05,0.151903977509076,1.3969865873128582,0.0007980171979246,1.4184871586909549,0.0669879597928558,0.0012046298445821,0.1128316254290566,0.2817794297382778,0.0029828807410796,0.3284983367412055,0.802172742452462,0.0023649579719121,0.865581760183727,1.102742448294593,-0.00332210571117,1.1720790244362644,0.509642139168878,0.0022221767412723,0.5539426224255324,0.4256702271356443,0.001250360345699,0.4895987765204687,0.8636811512142812,0.0008702592995673,0.8968952613448282,1
2019-06-07,1.2951177138746102,0.0019861234333725,1.3697191183687016,0.9470026485398104,0.0002587555285898,1.0004229027167202,1.112418816107116,0.0009173117676834,1.1339193874852127,-0.6134356164394499,0.0010919648643759,-0.5675919508032492,1.6107456397887003,0.0032414821441738,1.657464546791628,1.4695168901009794,0.0026023948617256,1.5329259078322444,-0.2426560981191611,-0.0033565354728895,-0.1733195219774894,1.078562650055978,0.0023752279360872,1.1228631333126322,0.6056936463978926,0.0013224704531226,0.669622195782717,0.1456180905282999,0.0008958465915966,0.1788322006588469,1
2019-06-10,0.5830479180266073,0.0020851471117408,0.6576493225206989,0.6316145911182889,0.0003799522770895,0.6850348452951985,0.2596439815757481,0.0009400178992659,0.2811445529538448,0.5138193894757923,0.0011811215106583,0.5596630551119931,0.0138127447135734,0.003222100836717,0.0605316517165011,0.4364030964963087,0.0026623002699459,0.4998121142275737,0.9394373747535476,-0.0029497963092906,1.0087739508952194,0.2268509728271261,0.0023949800018561,0.2711514560837805,0.9559412766886928,0.001436628826258,1.0198698260735173,0.1845457392603254,0.0009282209964616,0.2177598493908724,1
2019-06-11,0.5212597205729843,0.0021714549692461,0.5958611250670758,-0.1342220095722532,0.0003620551696718,-0.0808017553953435,0.4316032712815398,0.0009811735069374,0.4531038426596365,0.1136794789603647,0.0011983952383054,0.1595231445965655,-0.5383735869047903,0.0031094508752537,-0.4916546799018627,-0.2697791934313968,0.0026038193894034,-0.2063701757001317,0.4186633582085141,-0.0027427677200894,0.4879999343501859,-0.2230877995212272,0.0023460644482157,-0.1787873162645729,0.2254577762337912,0.0014590776853085,0.2893863256186156,-0.0791965894295634,0.0009112888346561,-0.0459824792990164,0
2019-06-12,-0.2383773264835648,0.0021232206078392,-0.1637759219894733,-0.144685507765802,0.0003426270731633,-0.0912652535888924,1.105025596744242,0.0010947901817555,1.1265261681223386,-0.705400630887016,0.0010728284659534,-0.6595569652508152,-0.0080942168789516,0.00308792747306,0.038624690123976,-0.3161401528218401,0.0025387610230492,-0.2527311350905751,-0.9583297234249468,-0.0030433945237114,-0.8889931472832752,0.4057372017155065,0.0023926367129592,0.4500376849721609,0.5400781666546127,0.0015193797280231,0.6040067160394371,-0.5658871242479119,0.0008055711953005,-0.5326730141173648,1
2019-06-13,-0.085196283815674,0.0021024250316283,-0.0105948793215824,0.507914343157136,0.000438112532649,0.5613345973340457,-0.5889007519096846,0.0010238882134919,-0.567400180531588,0.0820865518541035,0.0010853121925439,0.1279302174903043,-0.5852532199589828,0.0029706807685531,-0.5385343129560551,0.2820772061410394,0.0025724541451513,0.3454862238723045,0.4776903562050805,-0.0028178184935092,0.5470269323467523,-0.8259831715947369,0.0022547200875626,-0.7816826883380825,-0.1796338143611451,0.001491869762873,-0.1157052649763207,0.3989092651873044,0.000876774163517,0.4321233753178515,0
2019-06-14,-0.448317944082487,0.0020195521631858,-0.3737165395883954,-0.272987698801567,0.0003960305647855,-0.2195674446246573,-0.3867035784430316,0.0009758314469305,-0.3652030070649349,0.0864847123114631,0.0010983267525362,0.1323283779476639,-0.2725302879312293,0.0029071225458616,-0.2258113809283016,-0.0096403237724377,0.0025583829550143,0.0537686939588272,0.0468971890616877,-0.0027510979405891,0.1162337652033595,0.0653001283230529,0.0022509643311992,0.1096006115797073,0.2224480063487354,0.00151287426793,0.2863765557335598,-0.2506789604552332,0.0008299118908883,-0.2174648503246861,1
2019-06-17,0.2324322784247062,0.0020541736458843,0.3070336829187978,0.3019377764467366,0.0004538467304764,0.3553580306236462,-0.4060467595799716,0.0009265704645978,-0.3845461882018749,-0.3286927895255078,0.0010407685764393,-0.2828491238893069,-0.2322475914820442,0.0028512695127632,-0.1855286844791164,0.1018787518304323,0.0025624320390218,0.1652877695616974,1.088685747210449,-0.0023143273953436,1.1580223233521207,-0.0796051667832613,0.002226047233539,-0.0353046835266069,-0.0028137440322428,0.0015068394014661,0.0611148053525815,0.4566025440667507,0.0009099352240393,0.4898166541972977,1
2019-06-18,1.1356802979637,0.0022408215060676,1.2102817024577917,0.4742899711929951,0.0005401252274007,0.5277102253699048,0.4480534377597024,0.0009677796071917,0.4695540091377991,0.6604318929117128,0.0011503436186152,0.7062755585479136,-0.127382524424532,0.0028133942802101,-0.0806636174216043,0.8882708389006408,0.0026913515469103,0.9516798566319058,-0.1010607466040052,-0.0023054087852707,-0.0317241704623334,-0.1431756708977994,0.0021923319873732,-0.0988751876411451,0.2686494774078434,0.0015327711023982,0.3325780267926678,0.3928229971837882,0.0009772978474314,0.4260371073143353,1
2019-06-19,-0.2250099609489526,0.0021963075348136,-0.150408556454861,-0.0870153317123426,0.0005297745903562,-0.033595077535433,0.1085248389010802,0.0009729615238982,0.1300254102791769,-0.4199354287016865,0.0010781365104464,-0.3740917630654857,0.1728811346043822,0.0028244474025639,0.21960004160731,0.1512068488703676,0.0027019541533357,0.2146158666016326,0.1157807200326034,-0.002220709013916,0.1851172961742751,0.4544610114144291,0.0022452366146086,0.4987614946710834,-0.0841980812961446,0.001517199034232,-0.0202695319113202,-0.3061263569928324,0.0009210685827714,-0.2729122468622855,1
2019-06-20,0.3389229548256391,0.0022462174751929,0.4135243593197306,0.3467264294732138,0.0005924919951912,0.4001466836501234,1.0170569090545538,0.0010717498645112,1.0385574804326505,0.086039228005834,0.0010906939148441,0.1318828936420349,1.381086583998366,0.003027902334751,1.4278054910012938,0.4448150348601199,0.002758226162054,0.5082240525913849,-0.8097194290451105,-0.0024587845935414,-0.7403828529034387,1.0256966709132735,0.002378771763544,1.069997154169928,0.4091708421744924,0.0015588099626681,0.4730993915593168,0.809684655912844,0.0010595794335754,0.8428987660433911,1
2019-06-21,-0.2500418687705495,0.0021982899610574,-0.175440464276458,0.502601871474173,0.0006801195576107,0.5560221256510827,-0.0914640317730206,0.0010555131994879,-0.0699634603949238,-0.3982243602597181,0.0010237700179055,-0.3523806946235173,-0.5129856809245629,0.0029285480042619,-0.4662667739216352,-0.0554335595930922,0.0027360862782264,0.0079754581381727,0.1817483867154936,-0.0023515111795066,0.2510849628571653,-0.1476941525153674,0.0023439799326516,-0.103393669258713,0.4800674475324298,0.0016078251950433,0.5439959969172542,0.6605984872364294,0.0011700707954866,0.6938125973669764,1
2019-06-24,-0.1263855880303389,0.0021713607097628,-0.0517841835362473,-0.4452522742676741,0.0006096628597907,-0.3918320200907645,0.5442841867235025,0.0011040108922196,0.5657847581015992,-0.4148364732264632,0.0009552745281664,-0.3689928075902624,0.1215431367976505,0.0029303089382132,0.1682620438005782,0.2602707789618996,0.0027627911390501,0.3236797966931646,0.1281709632693012,-0.0022643297707727,0.197507539410973,0.0972286752545393,0.0023441441623418,0.1415291585111937,0.009380811802548,0.0016026291512906,0.0733093611873724,-0.5020126181528374,0.001080192009776,-0.4687985080222903,0
2019-06-25,-0.8546179435699918,0.002026952762056,-0.7800165390759002,-1.379664369409185,0.0003872764957477,-1.3262441152322753,0.6621203077938069,0.0011635486768889,0.6836208791719036,-0.4746598414039208,0.0008782914289884,-0.4288161757677201,-1.172454840578001,0.0027309309001434,-1.1257359335750734,-1.7913786224109427,0.0024766696114231,-1.7279696046796775,-0.4964310359275873,-0.0023900376008753,-0.4270944597859156,-0.9295004496929766,0.0022014200120816,-0.8851999664363223,-0.4102592880476728,0.0015503188018756,-0.3463307386628484,-0.4681112972559659,0.0009975515376479,-0.4348971871254189,1
2019-06-26,1.0384411923509542,0.0021889538831819,1.1130425968450457,-0.3929292443437091,0.0003289068672198,-0.3395089901667995,-1.3947576213193855,0.0010169931473434,-1.373257049941289,0.3000735191254345,0.0009262516777458,0.3459171847616353,0.2773940088445049,0.0027583176617005,0.3241129158474325,0.1416573361365578,0.0024871663453462,0.2050663538678228,-0.1242270177340688,-0.0023887128168066,-0.0548904415923971,-0.1212272131260124,0.0021726093594821,-0.0769267298693581,-0.4386479025257437,0.0014957063388853,-0.3747193531409193,0.1797375055638152,0.0010250672963974,0.2129516156943622,0
2019-06-27,-0.0900495481798712,0.0021685510275832,-0.0154481436857797,-0.2271365392623769,0.0002982140137258,-0.1737162850854673,-0.699238168284505,0.0009416279774524,-0.6777375969064083,0.1259691887977706,0.0009458611765685,0.1718128544339714,-0.0877606996273205,0.0027294344647508,-0.0410417926243928,0.026511795475417,0.0024802465087114,0.089920813206682,0.331467004691954,-0.002235679996538,0.4008035808336258,0.0152341609087667,0.002162950453277,0.0595346441654211,-0.1042714460024369,0.0014789830915567,-0.0403428966176125,-0.5343521154392822,0.0009332010881549,-0.5011380053087351,1
2019-06-28,-0.5435097423225577,0.0020768391155195,-0.4689083378284661,0.2380481979795154,0.0003423819670514,0.2914684521564251,-0.8521102978502476,0.0008524919189248,-0.8306097264721509,1.362164715276912,0.0011592773678772,1.4080083809131128,0.6576604042632014,0.0028140465788992,0.7043793112661291,-0.1409164118395382,0.0024485685674381,-0.0775073941082732,-0.0008445722760956,-0.0021948837669756,0.068492003865576,0.76701930153817,0.0022555196526595,0.8113197847948243,0.1985238266446551,0.0014957593369666,0.2624523760294795,0.4925466180604373,0.0010124670839884,0.5257607281909844,1
2019-07-01,0.8692311205767465,0.0022080011444406,0.943832525070838,0.7544698185835548,0.0004677239580012,0.8078900727604644,0.0261174283467538,0.0008502505089321,0.0476179997248506,0.8247370402295964,0.0012855371924953,0.8705807058657973,0.4073229501889494,0.0028596422765862,0.4540418571918771,0.6392899133043213,0.0025323626626777,0.7026989310355863,0.3393752530465504,-0.002043291663005,0.4087118291882222,0.0902451754965383,0.0022554501352583,0.1345456587531927,0.0232185523747951,0.0014931828216408,0.0871471017596195,-0.0781611231525409,0.0009969368882323,-0.0449470130219939,1
2019-07-02,0.2266745655074979,0.00223717325539,0.3012759700015894,0.5291463200122134,0.0005556178710556,0.582566574189123,0.3769286004940214,0.000881907961844,0.398429171872118,0.0088146109814018,0.0012836988070221,0.0546582766176026,0.7170570418579298,0.0029507209467087,0.7637759488608575,0.2996589794566272,0.0025651727844517,0.3630679971878922,-0.3532542376651338,-0.0021192108954001,-0.283917661523462,0.4170136161742398,0.0022990377411053,0.4613140994308942,0.5924315299058196,0.0015521113271318,0.656360079290644,-0.5731924313457923,0.000901186949295,-0.5399783212152452,1
2019-07-03,0.3518448990341573,0.0022851867608357,0.4264463035282488,0.4215296447905763,0.0006253232593584,0.474949898967486,1.227314374577421,0.0009944972353754,1.2488149459555178,-0.1283201791626354,0.0012608674229919,-0.0824765135264346,0.4506848217689586,0.003000926455835,0.4974037287718862,0.2892237429109028,0.0025959489156703,0.3526327606421678,1.0653339293318915,-0.0017365810032456,1.1346705054735635,0.4988857981784979,0.0023527847303916,0.5431862814351522,0.4140484191661337,0.0015909954669857,0.4779769685509581,0.4347482686374815,0.000969499079979,0.4679623787680285,0
2019-07-05,-0.1199167022414793,0.0022602594243729,-0.0453152977473878,0.3849776321815512,0.0006882719633913,0.4383978863584609,-0.936897580104798,0.0008996968828645,-0.9153970087267012,0.2616181555796784,0.0012977007980366,0.3074618212158792,-0.2313108113774556,0.0029501896159352,-0.1845919043745278,-0.222649931668853,0.0025525989539371,-0.159240913937588,-0.2579757239698038,-0.0017832443655497,-0.188639147828132,-0.1153757302453279,0.0023249128053177,-0.0710752469886736,-0.2882113182992308,0.0015546312073844,-0.2242827689144064,-0.2328090379613556,0.0009299316529503,-0.1995949278308086,0
2019-07-08,-1.1354084378845126,0.002081554068867,-1.060807033390421,-0.7664637327796037,0.0005733643016196,-0.713043478602694,0.2143334374532323,0.0009148989752409,0.235834008831329,-0.328676313337668,0.0012448829239847,-0.2828326477014672,-0.1610966725106508,0.0029104759978218,-0.1143777655077231,-0.1033646144725788,0.0025269534145739,-0.0399555967413138,-0.3608171347024945,-0.0018618159943452,-0.2914805585608228,-0.2036217037879574,0.0022859631038574,-0.159321220531303,0.4256946023987146,0.0015941161804935,0.489623151783539,0.1930578803967301,0.0009585854267278,0.2262719905272771,1
2019-07-09,0.2392775133541204,0.0021127003205094,0.313878917848212,0.2881312446406864,0.0006209785977182,0.341551498817596,0.2371469715173616,0.0009319992311868,0.2586475428954583,0.1743048155724171,0.0012681956601982,0.2201484812086179,0.3703861307280959,0.0029482167944965,0.4171050377310236,-0.2632095621323297,0.0024790656932986,-0.1998005444010647,-0.0992622760269031,-0.0018568068040508,-0.0299256998852314,0.4790984669847169,0.0023359999160217,0.5233989502413713,0.0412119610424391,0.0015927597618724,0.1051405104272635,-0.0653965183629756,0.0009460854349182,-0.0321824082324286,1
2019-07-10,0.4342758489901717,0.0021725157495318,0.5088772534842633,0.6984199356211523,0.0007299151645308,0.751840189798062,-0.1386954532400968,0.0009139525505727,-0.1171948818620001,-0.1965543628567448,0.0012360478719673,-0.150710697220544,0.35344922637308,0.0029829471598616,0.4001681333760078,0.4940815210143463,0.0025383492559589,0.5574905387456114,0.8787241344360475,-0.0015462793432012,0.9480607105777192,0.4880319991103714,0.0023864145397135,0.5323324823670257,0.0017087483443535,0.0015873227022421,0.0656372977291779,0.6622223612520728,0.0010475044361345,0.6954364713826199,1
2019-07-11,-0.4493482244153308,0.0021003421184559,-0.3747468199212393,0.0878860333119061,0.0007455522526686,0.1413062874888158,-0.6671102533425096,0.0008475109027979,-0.6456096819644129,0.4488857734667684,0.0012995576547327,0.4947294391029691,0.525757053524332,0.0030416782318101,0.5724759605272597,0.1549810174279913,0.0025494321765699,0.2183900351592563,-0.1023087483164241,-0.0015446999824885,-0.0329721721747523,0.4332343016552242,0.0024290738542626,0.4775347849118786,0.5524778455202226,0.0016387169532192,0.616406394905047,0.0048783014427352,0.0010454166062482,0.0380924115732822,1
2019-07-12,0.3207396695561008,0.002142630630402,0.3953410740501923,0.0025959602412689,0.000748248027787,0.0560162144181786,-3.458235003466691,0.0005269425276798,-3.436734432088594,0.4986530617288138,0.0013693875035176,0.5444967273650146,0.1883099539647598,0.0030518420713964,0.2350288609676875,0.1343126175685004,0.0025574863177333,0.1977216352997654,0.5992343283659475,-0.0013272519973092,0.6685709045076192,-0.1801399504182032,0.0023934861283193,-0.1358394671615488,0.3783123613067899,0.0016715233710054,0.4422409106916143,0.0048521615623035,0.0010433563863939,0.0380662716928506,1
2019-07-15,0.4088833847480395,0.0021971617503511,0.483484789242131,0.1761538497466575,0.0007765612113586,0.2295741039235671,0.2315474861570343,0.0005459374620761,0.253048057535131,-0.6744763680466003,0.0012677965733302,-0.6286327024103995,-0.0793316955606465,0.0030243227262144,-0.0326127885577188,-0.063409017731265,0.0025382570972992,0.0,0.7764221215408885,-0.0010589561966863,0.8457586976825603,0.0354055751991362,0.002385498138416,0.0797060584557905,0.1817643604863263,0.0016838897345524,0.2456929098711507,-0.3818869072725654,0.0009822433796854,-0.3486727971420184,0
2019-07-16,-0.2526524548512091,0.0021549444302404,-0.1780510503571176,0.0769892838201764,0.0007899012104573,0.130409537997086,-1.381162519102168,0.0004194332095121,-1.3596619477240712,0.5087077555557555,0.0013382705299003,0.5545514211919563,-0.5745155409129938,0.002928294609228,-0.5277966339100661,-0.7805492088850248,0.0024215320955412,-0.7171401911537597,-0.1781004383205144,-0.0010840249147337,-0.1087638621788427,-0.4621358882624686,0.002315622698038,-0.4178354050058142,-0.2057110740357869,0.0016570419364752,-0.1417825246509626,-0.7674840299586112,0.0008635728214563,-0.7342699198280641,0
2019-07-17,-0.3639828068819812,0.0020973272491038,-0.2893814023878897,-0.3497235364284326,0.0007408950161082,-0.2963032822515229,-0.4218213995358427,0.0003805466169976,-0.400320828157746,-0.5540516536354797,0.0012556450360785,-0.5082079879992789,-0.3064787972563043,0.0028707180527065,-0.2597598902533766,-0.3868224650552519,0.002359823722702,-0.3234134473239869,0.1725674541559777,-0.0010032059605696,0.2419040302976495,-0.0977543909997509,0.0022918575292227,-0.0534539077430966,-0.1672245277252758,0.0016344398366945,-0.1032959783404514,-0.3248792076446308,0.0008132772039768,-0.2916650975140838,1
2019-07-18,0.5099648209332808,0.002165431640177,0.5845662254273722,-0.031244624628027,0.0007386532786137,0.0221756295488825,0.1104773369174485,0.000389457603022,0.1319779082955452,0.2630143917766574,0.0012902776073099,0.3088580574128582,0.2454621908957736,0.00288967746674,0.2921810978987013,-0.003164048307539,0.0023505657387983,0.060244969423726,-0.1968397975641327,-0.0010339131782763,-0.1275032214224609,0.4169651440773307,0.0023316460134696,0.4612656273339851,0.0136719974150428,0.0016301234881541,0.0776005467998672,-0.4505177171178632,0.0007449503043307,-0.4173036069873161,0
2019-07-19,-0.8427772728366969,0.0020406657130892,-0.7681758683426054,-0.7489865908857443,0.0006334348458778,-0.6955663367088346,-1.125955776236352,0.000289342460232,-1.1044552048582557,-0.5560377532688473,0.001208928623508,-0.5101940876326466,-0.2753101098964385,0.0028374663737423,-0.2285912028935108,0.0168379800306532,0.0023441104827534,0.0802469977619182,0.3811842934966365,-0.0008927832417098,0.4505208696383083,-0.4721854354689455,0.0022624687627208,-0.4278849522122911,-0.5935395217121013,0.0015660463462897,-0.529610972327277,0.0654281482798241,0.0007541427071144,0.0986422584103711,1
2019-07-22,1.101477287439539,0.002191487200689,1.1760786919336308,0.290868455372665,0.0006778985623533,0.3442887095495746,-1.0836423347229711,0.0001943779171228,-1.0621417633448744,0.2870340782216035,0.0012467597298112,0.3328777438578043,0.5388922787512205,0.0028960477078059,0.5856111857541482,0.6616953601039067,0.0024231271246718,0.7251043778351718,-0.3077103683935163,-0.0009564814059337,-0.2383737922518445,0.4000407206956262,0.0022998454756894,0.4443412039522806,-0.7664042607983785,0.0014859902599545,-0.7024757114135541,0.0192974172475218,0.0007564096466311,0.0525115273780688,1
2019-07-23,0.3277058133740541,0.0022319642322315,0.4023072178681456,0.3412354102400415,0.0007288471062735,0.3946556644169511,0.1073699466506134,0.0002041661843133,0.1288705180287101,0.901076472861104,0.0013693730545426,0.9469201384973048,0.0225747159813299,0.0028845101776911,0.0692936229842576,0.2766144696518125,0.0024503893817022,0.3400234873830776,0.3629708184622555,-0.000823261919223,0.4323073946039272,0.0651263950660834,0.0022964467189571,0.1094268783227378,-0.5432759656291241,0.0014287528435491,-0.4793474162442996,0.1634487677674101,0.0007797159650458,0.1966628778979571,1
2019-07-24,-0.1164915599817035,0.0022102071574502,-0.0418901554876119,-0.4220035962291495,0.0006718759811239,-0.3685833420522398,0.5831712394453921,0.0002548217717142,0.6046718108234888,0.1632712729824022,0.0013884426049707,0.209114938618603,0.199273966118628,0.0028966764240475,0.2459928731215557,0.49847601453623,0.0025062167488448,0.5618850322674951,0.3763250891501648,-0.0006880707671371,0.4456616652918365,0.7600789325122241,0.002375993945861,0.8043794157688784,-0.123430111451878,0.0014128108612645,-0.0595015620670536,-0.0397317140443147,0.0007732006294056,-0.0065176039137677,0
2019-07-25,-0.4814989878612973,0.0021384539407209,-0.4068975833672058,-0.2225464965578367,0.0006435267079864,-0.169126242380927,0.8342033920700794,0.0003262407193357,0.8557039634481761,-0.5421597090407874,0.001310606309232,-0.4963160434045865,-0.2189149642793915,0.0028533562453168,-0.1721960572764638,-0.2695515342141011,0.0024617298426805,-0.206142516482836,-3.4206819168651457,-0.0016487020461386,-3.3513453407234737,-0.6126384020165713,0.0022918295327475,-0.5683379187599169,0.0815930230422781,0.0014167213030451,0.1455215724271025,-0.3140516885011518,0.0007272465011252,-0.2808375783706048,1
2019-07-26,0.1043665725396868,0.0021478857948706,0.1789679770337783,4.839370355757233,0.0013164763609506,4.892790609934143,-0.2680008250561765,0.0003029977337385,-0.2465002536780798,0.1823462008015936,0.0013324157533156,0.2281898664377944,0.4753737432949491,0.0029018330692784,0.5220926502978768,0.3855582828361028,0.0025021620058709,0.4489673005673678,-0.1532523750717241,-0.0016610970725811,-0.0839157989300524,0.6481890119856231,0.0023571300827204,0.6924894952422774,0.4642329978798972,0.0014569477817239,0.5281615472647216,-0.1120255858010341,0.0007108478051564,-0.0788114756704871,1
2019-07-29,0.4059648439890703,0.0021981701972393,0.4805662484831619,-0.1914751493786885,0.0012882881023623,-0.1380548952017788,1.43027653678788,0.0004233760055963,1.4517771081659767,-0.2106665504252877,0.0013008352415479,-0.1648228847890869,-0.166480200947806,0.0028659212527607,-0.1197612939448783,-0.183453340019145,0.0024693263698293,-0.12004432228788,0.76513406159076,-0.0014124352036148,0.8344706377324317,-0.2007809752042061,0.002322372466136,-0.1564804919475518,-0.555573558780841,0.0014003537562009,-0.4916450093960166,0.3154554717246737,0.000755419555991,0.3486695818552207,0
2019-07-30,-0.2954871317654263,0.0021530972118464,-0.2208857272713348,-0.620234438817623,0.0012019476395054,-0.5668141846407133,-0.6071828202968459,0.000371360748291,-0.5856822489187492,-0.1620483978693372,0.0012762146842582,-0.1162047322331364,-0.6715928968476464,0.0027650888511627,-0.6248739898447188,-0.3273037516004573,0.0024186947299431,-0.2638947338691922,0.6083033738020396,-0.0012114680606037,0.6776399499437114,-0.5933935770961478,0.0022425657018758,-0.5490930938394935,-0.2024957778254658,0.001377640767473,-0.1385672284406414,-0.0266802344571395,0.0007510955427552,0.0065338756734074,0
2019-07-31,0.9754181043675618,0.0022789682558611,1.0500195088616533,-0.4593024559654446,0.001138620530966,-0.4058822017885349,-1.188591676435116,0.0002716818501064,-1.1670911050570194,0.137800531816155,0.0012918762108534,0.1836441974523558,-1.182112649715498,0.0025999835869414,-1.1353937427125704,-1.6544551631961768,0.0022015309115585,-1.591046145464912,-0.1353892935161019,-0.0012216177185834,-0.0660527173744302,-1.208703295874923,0.0020929934252414,-1.164402812618269,-1.1746770820877086,0.0012647441273864,-1.1107485327028843,-0.6798349345995603,0.0006553040443105,-0.6466208244690133,0
2019-08-01,-1.1881566913130757,0.0021151462046929,-1.1135552868189842,-0.3214506493763743,0.0010947256531958,-0.2680303951994646,0.0230441495014386,0.0002735023511832,0.0445447208795353,-1.4115725183943688,0.0011023468362175,-1.365728852758168,0.3254781545980132,0.0026297200130854,0.3721970616009409,0.6555295139171505,0.0022764228277766,0.7189385316484156,-0.8599943375217171,-0.0014332354062683,-0.7906577613800453,0.3492616319190788,0.002123674629716,0.3935621151757331,-0.735133867535813,0.0011940293031993,-0.6712053181509886,-1.2907274214745357,0.0004758062063344,-1.2575133113439885,0
2019-08-02,-1.1634189609142382,0.0019568231845623,-1.0888175564201463,-0.7022844107536003,0.0010004893521176,-0.6488641565766906,0.4746640302776789,0.0003123676706954,0.4961646016557756,-0.0504210983343278,0.0010942464202015,-0.0045774326981271,-0.9678717703973584,0.0024949629602927,-0.9211528633944306,-0.5232586267392518,0.0022037809850833,-0.4598496090079868,-0.0177534084802408,-0.0014092311388816,0.0515831676614308,-0.6291678271498782,0.002042784134922,-0.5848673438932238,-0.0503707718725787,0.0011871515299509,0.0135577775122456,-0.5154474672063362,0.0004059130549109,-0.4822333570757891,0
2019-08-05,-2.768439333140897,0.0015899004950981,-2.693837928646805,-1.8206980023599724,0.0007589432502564,-1.7672777481830626,-0.5969027234184414,0.0002633463907211,-0.5754021520403447,-1.586224787235534,0.0008858199777866,-1.5403811215993333,-2.556045693844692,0.0021618948055317,-2.5093267868417635,-1.9384297769109624,0.0019574137562244,-1.8750207591796968,-0.701740188194892,-0.0015732853879803,-0.6324036120532203,-2.933359305456476,0.0017029882755583,-2.889058822199821,-2.488356653494152,0.0009580233860086,-2.424428104109328,-1.0415322277307015,0.0002647380367483,-1.0083181176001543,1
2019-08-06,0.8995480777804956,0.0017062774174543,0.9741494822745872,0.6658107793165937,0.0008487595295367,0.7192310334935034,0.3669026514920022,0.000293031712805,0.3884032228700989,0.3605057893764226,0.0009325510299136,0.4063494550126234,1.5899871904914014,0.0023522491069175,1.636706097494329,0.9632305088753176,0.002070167799194,1.0266395266065826,0.1926667752550493,-0.0014912968893598,0.2620033513967211,1.2394111887841086,0.0018354370846425,1.283711672040763,0.9512430894151852,0.0010435555723926,1.0151716388000094,0.4429867100767996,0.0003279002787367,0.4762008202073466,1
2019-08-07,0.4583091896536213,0.0017639404451437,0.5329105941477128,0.1563494987600868,0.000870597845768,0.2097697529369964,-0.3764124053050617,0.0002625291448442,-0.354911833926965,-1.1710284509322095,0.0007814457532452,-1.1251847852960086,0.8912406560405427,0.0024531875321864,0.9379595630434704,0.1763133440745939,0.0020855665174064,0.2397223618058589,0.215510046272353,-0.0014042153660318,0.2848466224140248,0.9416913430172408,0.0019329739586437,0.9859918262738953,0.57838573388431,0.0010943962840653,0.6423142832691344,-0.3522589208926973,0.000282496522076,-0.3190448107621503,1
2019-08-08,1.0603916592391076,0.0018983225525294,1.134993063733199,1.2562195039666169,0.0010353635874624,1.3096397581435266,0.914122503236344,0.0003355534188542,0.9356230746144408,0.8311690914854446,0.0008884542739824,0.8770127571216455,1.6914044384053997,0.0026516175792252,1.7381233454083276,1.3971448754488884,0.0022484821729126,1.4605538931801534,0.445330213549009,-0.0012564616258568,0.5146667896906808,1.5199792846987623,0.0020931749318242,1.5642797679554166,0.5209719264488988,0.0011394315219016,0.5849004758337232,1.2791926921548256,0.0004572267419058,1.3124068022853723,0
2019-08-09,-0.4986444125081681,0.0018316219229538,-0.4240430080140765,-0.7824560904234764,0.000934247040486,-0.7290358362465668,0.2050982842974856,0.0003513335521492,0.2265988556755823,-0.1023952365449815,0.0008754229400337,-0.0565515709087807,-0.6426177813392842,0.0025610572227701,-0.5958988743363565,-0.5283874806408368,0.0021777971749692,-0.4649784629095718,-0.4092099164424262,-0.0013390257342553,-0.3398733403007545,-0.3272023611746439,0.0020483222413935,-0.2829018779179895,-0.9104857694775612,0.0010567613184472,-0.8465572200927368,-1.0803596719272233,0.0003142389116106,-1.0471455617966765,0
2019-08-12,-0.205182122802777,0.0018030655921696,-0.1305807183086855,-0.6694346406751144,0.0008489766923731,-0.6160143864982047,-0.0905428883786267,0.0003435924039324,-0.06904231700053,-1.0176891166472564,0.0007470120002732,-0.9718454510110556,-1.0120439914609989,0.0024266491244006,-0.965325084458071,-0.8265098832948478,0.0020724348260885,-0.7631008655635827,-0.6978394388267841,-0.0014971419401887,-0.6285028626851124,-0.9506306810152876,0.0019360088496893,-0.9063301977586332,-1.4865861160587244,0.0009243486529051,-1.4226575666739,-0.2723540681392806,0.0002804263788982,-0.2391399580087335,1
2019-08-13,2.1046650421681043,0.0020663468301397,2.1792664466621963,0.9092047544420192,0.0009663677368456,0.962625008618929,0.9145199510548928,0.000414698882553,0.9360205224329894,0.7522648360714268,0.0008422630646224,0.7981085017076276,0.8528938518528859,0.0025198386902037,0.8996127588558136,1.0692011534949644,0.0021933538172,1.1326101712262295,0.5745595415414676,-0.0013175754067044,0.6438961176831394,0.7265360663021379,0.0020070275965246,0.7708365495587922,1.4781323266939657,0.0010535024108637,1.5420608760787895,0.5746346624624046,0.0003588058401848,0.6078487725929516,0
2019-08-14,-1.606320900240441,0.0018609833977831,-1.5317194957463496,-1.4337747031788062,0.0007850323202181,-1.3803544490018964,-1.9844394460787813,0.0002592185659986,-1.9629388747006848,-2.1955195644493144,0.0005689481019451,-2.149675898813114,-1.488126774331611,0.0023301470873039,-1.441407867328683,-1.7116198127809013,0.0019849159460069,-1.6482107950496363,-1.6804705138804932,-0.0017313128079557,-1.6111339377388214,-1.7541159119685688,0.0018098612741284,-1.7098154287119145,-0.8985479349957695,0.0009740262145852,-0.8346193856109451,-2.016061221709216,9.655922869098586e-05,-1.9828471115786688,1
2019-08-15,-0.3309594282945013,0.0018171203533283,-0.2563580238004098,0.1680606792864409,0.0008079152731778,0.2214809334633506,0.1566589825267579,0.0002713368239012,0.1781595539048547,0.151756975303168,0.0005897670783573,0.1976006409393688,0.9046410050694452,0.0024289469801065,0.9513599120723728,-0.1859618723730677,0.0019578384884739,-0.1225528546418027,-0.5154570288652612,-0.0018363821877899,-0.4461204527235894,0.99598184051451,0.0019096225111203,1.0402823237711645,4.463648044318943,0.0013595205548944,4.527576593703767,-0.3241976225243843,5.803970525111653e-05,-0.2909835123938373,1
2019-08-16,1.139594211627029,0.001955831270192,1.2141956161211205,0.3767439252905767,0.0008566413986601,0.4301641794674864,0.4990844789934006,0.0003096172299869,0.5205850503714973,1.1943315363251896,0.0007385858272436,1.2401752019613903,0.440386287948874,0.0024713393350404,0.4871051949518017,0.9396887072359638,0.0020621046961263,1.0030977249672288,0.4215511528163502,-0.0016976749419973,0.490887728958022,0.6215204594701716,0.0019682818924501,0.665820942726826,0.1332986125984295,0.0013678171206771,0.1972271619832539,0.735199867317089,0.0001571183290561,0.768413977447636,1
2019-08-19,0.8848340534409215,0.0020614534338411,0.9594354579350132,0.8622330837013771,0.0009651666897939,0.9156533378782868,0.5400281333855624,0.0003505398123754,0.5615287047636591,0.4203691993054332,0.0007909050579183,0.466212864941634,0.6783446469076769,0.0025412833082924,0.7250635539106046,0.8532613042980466,0.0021550566602861,0.9166703220293116,0.7018454708731579,-0.0014886601320602,0.7711820470148296,0.463033818556438,0.0020094474108348,0.5073343018130924,0.4737348786844564,0.0014050912736199,0.5376634280692808,0.7954319314770165,0.0002626887028555,0.8286460416075636,0
2019-08-20,-0.0721605686671962,0.0020487866279486,0.0024408358268952,-0.7698516301654873,0.0008705019822529,-0.7164313759885776,-1.055502470061627,0.0002698683048175,-1.0340018986835302,-0.7031806908628481,0.000706077744557,-0.6573370252266473,-0.2453283869953476,0.0025020042874937,-0.1986094799924199,-0.5181651948238202,0.00208924582734,-0.4547561770925551,-0.174608980709166,-0.0015061926830934,-0.1052724045674942,-0.2108975920384662,0.0019793115427665,-0.1665971087818118,-1.2096566980782355,0.0012989931474405,-1.1457281486934114,-0.3308483383126932,0.0002230012132197,-0.2976342281821462,1
2019-08-21,0.4831614267569986,0.0021037234000932,0.5577628312510902,0.2925071925738587,0.0009075716491161,0.3459274467507684,0.5686606352976891,0.0003126870278519,0.5901612066757858,0.0988881489013715,0.0007191368406293,0.1447318145375723,0.9151957726361664,0.002598490370285,0.961914679639094,0.5466737112030755,0.002145855806906,0.6100827289343405,-0.6175767027432384,-0.0016359689961769,-0.5482401266015666,0.5236511366508765,0.0020262204528095,0.5679516199075308,-0.0837415036381284,0.0012892030269567,-0.019812954253304,0.4587365109709362,0.0002840820299382,0.4919506211014833,0
2019-08-22,-0.1181632618962476,0.0020853989602378,-0.0435618574021561,-0.0559794832472926,0.0009016220131975,-0.0025592290703829,-0.185312057238286,0.0002984682045517,-0.1638114858601893,0.4881924453402801,0.0007787387741269,0.5340361109764808,-0.282512665902798,0.0025550365763186,-0.2357937588998703,-0.4617019291202083,0.002087327363973,-0.3982929113889433,0.077813357657569,-0.001588680562178,0.1471499337992407,-0.3256002150870641,0.0019844571063395,-0.2812997318304098,-0.1366896166729267,0.0012750955834974,-0.0727610672881023,-0.1390917760167051,0.0002689552748318,-0.1058776658861581,0
2019-08-23,-2.453131411150825,0.0017872141188411,-2.3785300066567334,-1.6728728292156954,0.0006995022153051,-1.6194525750387856,-2.2565134694134743,0.0001301592304006,-2.235012898035378,-1.331589329693913,0.0006206322623676,-1.285745664057712,-1.7425301935193274,0.0023440363399697,-1.6958112865163997,-1.8072719695921065,0.001877762503269,-1.7438629518608413,-1.2605928202413414,-0.0018775822868475,-1.1912562440996697,-1.6602612768044334,0.0018056247227177,-1.615960793547779,-0.778926807916043,0.0012076522950769,-0.7149982585312187,-1.5046645679608093,8.273725695579074e-05,-1.4714504578302623,1
2019-08-26,0.9031139825611212,0.0018928100813789,0.9777153870552124,0.7225295404158756,0.0007888106492684,0.7759497945927852,0.6452795451098912,0.0001787186523793,0.6667801164879879,0.3692449198846753,0.000666012097274,0.4150885855208761,0.8486192574256327,0.0024320982076169,0.8953381644285603,0.7818134101454807,0.0019609853596779,0.8452224278767457,0.3498813583230965,-0.0017615890694146,0.4192179344647683,0.7621526572665505,0.0018771711323234,0.8064531405232048,0.7115232919753088,0.0012644562181417,0.7754518413601332,0.2293141669244073,0.0001149554654432,0.2625282770549543,0
2019-08-27,-0.6552855927695443,0.0018124631471133,-0.5806841882754528,-0.0690464383989178,0.0007821273948023,-0.0156261842220081,1.171733219547077,0.0002654186374268,1.1932337909251738,-0.5932746663889996,0.0005974768164514,-0.5474310007527989,-0.0059901430453642,0.0024219000134189,0.0407287639575635,0.0537887764228009,0.0019620849912316,0.1171977941540659,-0.174675204405617,-0.0017769392937489,-0.1053386282639453,0.2221075940727436,0.0018928529494327,0.266408077329398,0.2205304491154707,0.0012801576834583,0.2844589985002951,-0.5119409137356524,5.494209379991658e-05,-0.4787268036051053,1
2019-08-28,0.2707246964265823,0.001842148308378,0.3453261009206739,0.0738544283980571,0.0007925537945479,0.1272746825749667,-0.6352151432603805,0.0002189308999174,-0.613714571882284,0.4731642230403269,0.000654611951273,0.5190078886765277,0.2634021576444273,0.0024422750437831,0.310121064647355,-0.1359990684320323,0.0019421554136053,-0.0725900507007673,0.1043015244197313,-0.001723421715269,0.173638100561403,0.0530334867357516,0.0018912324339196,0.097333969992406,0.1337806148596943,0.0012885724079662,0.1977091642445187,0.3256998335938871,9.880767563840592e-05,0.3589139437244341,1
2019-08-29,0.7967184904413882,0.0019330500432861,0.8713198949354798,0.8344314340285316,0.0008929420216626,0.8878516882054412,-0.3048760096431294,0.0001970144614091,-0.2833754382650327,1.1272790810269966,0.000787169558914,1.1731227466631975,0.5583901714775072,0.0024955464445289,0.6051090784804349,0.9701675138359857,0.0020442178051818,1.0335765315672507,0.6294837514588821,-0.0015420323394597,0.6988203276005539,0.7935662600717988,0.0019641303928635,0.8378667433284531,0.8299488453128249,0.0013534915219102,0.8938773946976493,0.5121685524488537,0.000164969172476,0.5453826625794007,1
2019-08-30,-0.1410712214149286,0.0019137403541763,-0.0664698169208371,-0.2114276176869562,0.0008689917617216,-0.1580073635100465,0.056042312036064,0.0002014373068798,0.0775428834141607,0.2575174450175267,0.0008175427935861,0.3033611106537276,-0.0486493232858441,0.002480387469402,-0.0019304162829164,-0.1664289243096355,0.0020207058407067,-0.1030199065783704,0.363696273652244,-0.0014274662990269,0.4330328497939158,-0.1599979800881317,0.0019407994503144,-0.1156974968314773,0.0529806085906709,0.0013548357999941,0.1169091579754953,0.0027400384424527,0.0001683558924653,0.0359541485729997,0
2019-09-03,-0.8240540874102373,0.0018156605666427,-0.7494526829161458,-0.949684030974997,0.0007589239622697,-0.8962637767980872,0.2238668948116721,0.0002178608649472,0.2453674661897688,-0.6584907437756652,0.0007422393265501,-0.6126470781394645,-0.2868132425381758,0.0024389698266082,-0.2400943355352481,-0.7859468922750081,0.0019300973869082,-0.7225378745437431,-0.1348055057810296,-0.0014347995595291,-0.0654689296393578,-0.5807813060168293,0.001875918632875,-0.536480822760175,0.1824691114286237,0.0013665675043176,0.2463976608134481,0.0242816782946269,0.0001743076754336,0.0574957884251739,1
2019-09-04,0.7985142382494993,0.0019053118768516,0.8731156427435908,0.4997243041038469,0.000818788113013,0.5531445582807566,0.0557352267160403,0.0002220860928147,0.0772357980941371,0.5789064563076587,0.0008092510059619,0.6247501219438594,1.0999013591419884,0.0025510738508615,1.146620266144916,0.5762684653844553,0.001987833907288,0.6396774831157203,-0.5430644221331821,-0.0015401770363076,-0.4737278459915103,0.8144811968509594,0.0019496798897278,0.8587816801076138,0.7568171925962288,0.0014240318857198,0.8207457419810532,0.490795381252574,0.0002362782527416,0.524009491383121,1
2019-09-05,0.9315145266348088,0.0020091114936429,1.0061159311289003,1.2336915822841976,0.000962838061367,1.2871118364611074,-0.2015811868380276,0.0002079982554525,-0.1800806154599308,1.1321989356692788,0.0009383389595024,1.1780426013054797,1.0739962019913036,0.002659017045226,1.120715108994231,0.8989609657666576,0.0020795730909065,0.9623699834979228,0.9234815939617768,-0.0012938825615333,0.9928181701034484,0.9307998393823156,0.0020339998970057,0.9751003226389698,-0.3643423789017769,0.0013918031835109,-0.3004138295169525,0.6628584827875782,0.0003180853273136,0.6960725929181252,0
2019-09-06,-0.079419846670767,0.0019968147369934,-0.0048184421766755,-0.2996956586854843,0.0009288899818497,-0.2462754045085747,-0.2599752283716339,0.000189954834817,-0.2384746569935371,0.064733101140694,0.0009453417689388,0.1105767667768948,-0.1752246614054729,0.0026294517905442,-0.1285057544025452,-0.4346791251344175,0.0020277423188969,-0.3712701074031525,-0.297732795935726,-0.0013405722818474,-0.2283962197940542,0.2831115673868146,0.0020540803045989,0.3274120506434689,-0.5196240456570603,0.0013476945806862,-0.4556954962722359,0.4290297128317605,0.0003711510284909,0.4622438229623076,0
2019-09-09,0.1449783541444786,0.0020100132652383,0.2195797586385701,-0.0976968309299135,0.000918428010883,-0.0442765767530039,-0.8359953284015029,0.0001317128614923,-0.8144947570234062,1.23687265782946,0.0010838921285352,1.282716323465661,-1.522513341322951,0.0024541429330896,-1.475794434320023,-0.6850824899008672,0.0019499146459565,-0.6216734721696021,0.4003930949664867,-0.0012218411593407,0.4697296711081585,-1.3951140173014274,0.0019109841665608,-1.350813534044773,0.9693091900518588,0.0014209415137156,1.0332377394366834,0.355351140526208,0.0004148957738619,0.3885652506567549,0
2019-09-10,0.5333013687025129,0.0020666779836738,0.6079027731966045,-0.0352706578271893,0.000915181944819,0.0181495963497203,1.6758655456114715,0.000249335092334,1.6973661169895682,0.6136485736615783,0.0011512584531906,0.6594922392977791,-2.1339040807034872,0.0022149504728748,-2.08718517370056,-0.6365161580081056,0.0018781159468254,-0.5731071402768405,0.3289349916761319,-0.0011212615180599,0.3982715678178036,-1.759404725430423,0.0017343768878614,-1.7151042421737686,-0.2422591393203024,0.0013988145445167,-0.178330589935478,0.3660698758668346,0.0004593937227829,0.3992839859973816,1
2019-09-11,1.5615933817125038,0.002237531505427,1.6361947862065955,0.5497898443621613,0.000978085252328,0.6032100985390709,1.0148636064630785,0.0003197684140164,1.036364177841175,0.0959082880931237,0.0011603775213896,0.1417519537293245,-0.5153110941143689,0.0021519951380585,-0.4685921871114412,-0.0473247123311941,0.0018690111247061,0.0160843054000708,1.1388544018868587,-0.000832756128265,1.2081909780285305,-0.5095068779170849,0.0016797603435621,-0.4652063946604305,-0.0830746276747812,0.0013892901796321,-0.0191460782899568,-0.1288153006395037,0.0004455896318128,-0.0956011905089567,1
2019-09-12,-0.1896760510342174,0.0022119674596501,-0.1150746465401259,0.5706419030331705,0.0010426124910506,0.6240621572100802,-0.4890498291654864,0.0002857044081941,-0.4675492577873898,0.2722466720206885,0.0011888553563987,0.3180903376568892,1.2344232018694303,0.00227623169103,1.281142108872358,0.4995130460228642,0.0019171034521061,0.5629220637541292,-0.1918768910091838,-0.0008564420147224,-0.1225403148675121,0.982353639730126,0.0017681332822228,1.0266541229867805,0.5107867253539512,0.0014256784760034,0.5747152747387756,0.0009976464790831,0.0004470156784519,0.0342117566096302,1
2019-09-13,-1.0757125696088974,0.0020888654165913,-1.001111165114806,0.1549655931762096,0.0010599686503045,0.2083858473531193,0.2008877038295978,0.0002993272750028,0.2223882752076945,0.972828713530534,0.0012938955264961,1.018672379166735,-0.0622433517818628,0.0022616534882126,-0.0155244447789351,-0.1430013225622407,0.0018979481271308,-0.0795923048309757,-0.1364189415653682,-0.0008670587898703,-0.0670823654236964,-0.2831829705541758,0.0017354205110422,-0.2388824872975214,0.2592442622815833,0.0014423623354992,0.3231728116664077,0.4180482822035276,0.0004965734804211,0.4512623923340746,0
2019-09-16,0.1959251843187874,0.0021067643732944,0.2705265888128789,-0.3979437272594348,0.0010157086937726,-0.3445234730825252,-0.8073080931303854,0.0002440682202099,-0.7858075217522887,-0.506593166186421,0.0012363057328339,-0.4607495005502203,-0.4813875199269044,0.0022030757809251,-0.4346686129239767,-0.4580121520468393,0.0018464918808686,-0.3946031343155743,-0.3092875442960954,-0.000917229064203,-0.2399509681544236,-0.4361447112145628,0.0016886454757931,-0.3918442279579084,-1.237407743197681,0.001344727058955,-1.1734791938128568,0.7052787773380225,0.0005785443522423,0.7384928874685696,1
2019-09-17,0.112616553736171,0.0021153673496274,0.1872179582302625,-0.1256853732692235,0.001002019984129,-0.0722651190923138,0.0616891474437654,0.0002483361749777,0.0831897188218621,-0.3021947531757613,0.0012015428423597,-0.2563510875395604,0.3778157400537514,0.0022351798580764,0.4245346470566791,0.3621638423117567,0.0018798017938241,0.4255728600430218,0.1314068351720768,-0.0008662641659621,0.2007434113137485,0.0713075754113502,0.0016900050147164,0.1156080586680046,0.5386504867284135,0.001382865301661,0.6025790361132379,-0.4070023052798792,0.000532625605177,-0.3737881951493322,1
2019-09-18,0.4080610973385039,0.0021559479262561,0.4826625018325954,0.0611251913827944,0.0010090042313691,0.1145454455597041,0.4514512143733706,0.000278829376871,0.4729517857514673,0.4737618282274293,0.0012508991223666,0.5196054938636301,-0.2699299986468639,0.0021994363794583,-0.2232110916439362,0.3867545719567405,0.0019152495740568,0.4501635896880056,-0.2000680320959872,-0.0008910924314547,-0.1307314559543155,-0.4379602745334966,0.0016438369394387,-0.3936597912768422,0.3494010844755765,0.0014063070206677,0.4133296338604009,-0.2686274591407728,0.000502927374299,-0.2354133490102257,1
2019-09-19,-0.4927122316930953,0.002098832123136,-0.4181108271990038,0.1982725934971509,0.0010308919949019,0.2516928476740606,-0.2121466599741237,0.0002645007198921,-0.190646088596027,-0.2101192521234786,0.0012263217593612,-0.1642755864872777,0.1111531695551658,0.0022035746524208,0.1578720765580935,0.9441289112134396,0.0020068801886995,1.0075379289447048,0.245090878723759,-0.0008151832902693,0.3144274548654308,0.1845785252006253,0.0016559392748637,0.2288790084572796,-0.095528413925713,0.0013961246460219,-0.0315998645408886,-0.3643824590249245,0.0004627499940157,-0.3311683488943775,0
2019-09-20,-0.826855165003947,0.0020064734063765,-0.7522537605098554,-0.419242191312101,0.0009854571469421,-0.3658219371351914,0.959438952168939,0.0003284315511121,0.9809395235470356,-0.2540070364689769,0.001197332521287,-0.208163370832776,-0.9678795984653878,0.0020964846668192,-0.9211606914624602,-0.6958122985845203,0.0019319545405246,-0.6324032808532553,-0.6663067216519837,-0.0009446568364449,-0.5969701455103119,-0.6908875479507218,0.0015871333038642,-0.6465870646940675,-0.1461756922316955,0.0013822779129044,-0.0822471428468711,-0.2033163243858006,0.0004410977704476,-0.1701022142552536,1
2019-09-23,0.1593765131087707,0.0020204309831127,0.2339779176028623,0.1471545940490629,0.0010017113171816,0.2005748482259725,0.0351371859348327,0.0003303818676002,0.0566377573129294,-0.0545476456268929,0.0011898300367419,-0.0087039799906921,0.3447961652186297,0.0021250852130614,0.3915150722215574,-0.1811758146017956,0.0019095167617155,-0.1177667968705306,-0.0069256920167619,-0.0009255365719767,0.0624108841249097,0.248123600837591,0.0016052449556908,0.2924240840942454,0.3414010962300316,0.0014047431597983,0.405329645614856,0.0009123240446202,0.0004424841240678,0.0341264341751673,0
2019-09-24,-0.3192873516723653,0.0019834076712864,-0.2446859471782738,-0.7273242931543589,0.0009238312200713,-0.6739040389774492,-0.141016441330038,0.0003206963152754,-0.1195158699519413,-0.720880271355229,0.0011120795456925,-0.6750366057190282,-0.4451954671034878,0.0020728628002607,-0.3984765601005601,-0.7557328242633155,0.0018299594454224,-0.6923238065320504,-1.9082718287778384,-0.0013286786198594,-1.8389352526361669,-0.1915205294034749,0.0015830383682872,-0.1472200461468205,0.4273988120771055,0.0014333058223271,0.4913273614619299,-0.7086877406113029,0.0003650665542782,-0.6754736304807559,1
2019-09-25,0.7173587493275021,0.002056267880184,0.7919601538215936,1.0991660411554245,0.0010419746868792,1.152586295332334,-0.3742912869767318,0.0002958188345211,-0.3527907155986351,0.2497875731175324,0.0011370693048874,0.2956312387537332,0.2756449398237484,0.0020942717458369,0.3223638468266762,0.7254337086921889,0.0018983453866449,0.788842726423454,0.5361460009546934,-0.0011877853451871,0.6054825770963652,0.230257761857975,0.0015993538997225,0.2745582451146294,-0.0201410724581839,0.0014287281993445,0.0437874769266404,0.112044415223282,0.0003791232806274,0.145258525353829,1
2019-09-26,-0.34002191252302,0.002017273149203,-0.2654205080289284,-0.2024235700913403,0.0010205061037058,-0.1490033159144307,-1.3754889095047609,0.0002059107607603,-1.3539883381266642,-0.4714286256822982,0.0010864890081555,-0.4255849600460974,0.1773837131963453,0.0021055434114586,0.224102620199273,0.0072827326404438,0.0018950657435084,0.0706917503717089,1.4225649358121846,-0.0008537786235386,1.4919015119538563,0.0821062777765004,0.0016021194499389,0.1264067610331548,-0.1702538749530252,0.0014132478833081,-0.1063253255682008,-0.2953149949886106,0.0003482868246809,-0.2621008848580636,0
2019-09-27,-0.3250162276195606,0.0019802654393295,-0.2504148231254691,-0.7223760527268335,0.0009443041686399,-0.6689557985499238,-0.1823056470594491,0.0001943721637353,-0.1608050756813524,0.2594210810687462,0.0011123480402667,0.3052647467049471,-0.9785714127669396,0.0020007871789107,-0.931852505764012,-0.773347125317399,0.0018151390264934,-0.709938107586134,-0.1129784971778219,-0.0008587196287181,-0.0436419210361502,-0.6068014351450879,0.0015430020791293,-0.5625009518884335,0.0300204334268541,0.0014124674113217,0.0939489828116785,0.3204503319976275,0.0003850492536376,0.3536644421281745,1
2019-09-30,1.13653738576448,0.0020955331794376,1.2111387902585715,-0.2529678959183334,0.0009182730280178,-0.1995476417414238,0.4811913541190464,0.000225768370214,0.502691925497143,-0.0590426466105169,0.0011050363299243,-0.0131989809743161,0.4393899828104464,0.0020385688813907,0.4861088898133741,0.4531876854135132,0.0018559070325553,0.5165967031447782,-0.1974406059910151,-0.0008819553172332,-0.1281040298493433,-0.7291509908701218,0.0014735906387385,-0.6848505076134674,0.079946733920436,0.0014152989347911,0.1438752833052604,-0.6322220413755396,0.0003179033935036,-0.5990079312449926,0
2019-10-01,0.0678489170622725,0.0020991109367779,0.142450321556364,-0.6839878394587179,0.0008474403938675,-0.6305675852818082,0.3692482158179601,0.0002496459899278,0.3907487871960568,-0.9872507493694008,0.0010024375953889,-0.9414070837332,-0.1710918658573665,0.0020153873204633,-0.1243729588544388,-0.8349830146629028,0.0017710487234518,-0.7715739969316378,0.3210765691272139,-0.000792906539387,0.3904131452688856,0.7494285270835176,0.001536258761641,0.793729010340172,-0.5820783249446546,0.0013705699670915,-0.5181497755598302,-1.19022956704139,0.0001911625935003,-1.157015456910843,0
2019-10-02,-1.3645928844309678,0.0019553715677572,-1.2899914799368764,-1.2376041228277763,0.0007197634461725,-1.1841838686508668,1.260002096852661,0.0003301376265602,1.2815026682307575,-1.076361222627997,0.0008918177243925,-1.0305175569917964,-1.3251498197166722,0.0018785713668846,-1.2784309127137443,-1.029714003411,0.0016682633244766,-0.9663049856797348,-0.2262830185533507,-0.0008224436420361,-0.1569464424116789,-1.576613880850653,0.0013927363046271,-1.5323133975939986,-1.151494915733239,0.00128564912154,-1.0875663663484143,-1.3180307328873029,5.202334392951284e-05,-1.2848166227567557,1
2019-10-03,0.3625351103712266,0.0019897886195013,0.4371365148653182,0.4435470128837676,0.0007674036583858,0.4969672670606773,-0.5300504940142273,0.0002961045592678,-0.5085499226361306,-0.1195889218693272,0.0008796270571768,-0.0737452562331264,0.7256812801322922,0.0019445016160177,0.7724001871352199,0.599150290252793,0.0017231969066717,0.662559307984058,-1.091985735289006,-0.0010367553429399,-1.022649159147334,1.027561212031159,0.0014796165698473,1.0718616952878135,0.0572728327040949,0.0012874926547207,0.1212013820889193,0.5751078859911718,0.0001168046886121,0.6083219961217189,1
2019-10-04,1.3679230154460371,0.0021261337620032,1.4425244199401288,0.8671946901777194,0.0008581564813126,0.9206149443546292,1.5388814863856644,0.0003931276455695,1.560382057763761,1.0755514782841584,0.0009884250440454,1.121395143920359,1.1064478657068588,0.0020469212030585,1.1531667727097863,0.6755393156355766,0.0017848626320606,0.7389483333668416,-0.2383598915285464,-0.0010672749542331,-0.1690233153868746,1.0329838782851224,0.0015660612197367,1.0772843615417766,1.1145149447542062,0.0013640298002557,1.1784434941390307,0.6835216511142631,0.0001924409745897,0.7167357612448102,0
2019-10-07,-0.0632568593114263,0.0021162083347755,0.0113445451826651,-0.1672435436148444,0.0008420306602747,-0.1138232894379348,-0.3315141813871594,0.000371597745754,-0.3100136100090627,-0.1587617951131501,0.0009719173958455,-0.1129181294769493,-0.4125956071014749,0.002000720433198,-0.3658767000985472,-0.4596675693630563,0.0017378578597681,-0.3962585516317912,0.5997354425583178,-0.0009201600319084,0.6690720186999896,-0.4117964052990213,0.001525940346858,-0.3674959220423669,-0.6470706662489667,0.0013159307717235,-0.5831421168641423,-0.7111124543911325,0.0001196980588694,-0.6778983442605855,0
2019-10-08,-0.6774652922711157,0.002044543566616,-0.6028638877770243,-0.8161528024210538,0.0007599636694633,-0.762732548244144,-0.8430767600318748,0.0003183091104001,-0.8215761886537781,-1.2001707625696227,0.0008513575549609,-1.1543270969334218,-0.9914420010466456,0.0018990630566847,-0.9447230940437178,-0.642167420280938,0.0016740631832336,-0.578758402549673,0.1719486946429506,-0.0008646079131792,0.2412852707846223,-0.8933641991364653,0.0014445661379218,-0.8490637158798109,0.1572812809452518,0.0013245828837501,0.2212098303300762,-0.9882859721965926,1.852822255187024e-05,-0.9550718620660456,1
2019-10-09,0.5285338432119138,0.0020944189353168,0.6031352477060054,0.4709333832005445,0.0008091900238389,0.5243536373774542,-1.6685020703437785,0.000214231944268,-1.6470014989656816,0.3291787599989125,0.0008843075516962,0.3750224256351134,0.9912427095720714,0.0019890578777527,1.037961616574999,0.9733806125444404,0.0017630794506009,1.0367896302757054,0.3900950505907709,-0.0007639508748068,0.4594316267324426,0.810052067318242,0.0015106642764169,0.8543525505748963,0.7866947526262916,0.0013769372065345,0.850623302011116,0.5128005721321998,7.562064481817727e-05,0.5460146822627469,1
2019-10-10,0.6189932008987461,0.0021527973380738,0.6935946053928377,0.245629896147566,0.0008351938910558,0.2990501503244757,-0.1241069921873488,0.0002067843681442,-0.1026064208092521,0.6804418889770667,0.0009517131374349,0.7262855546132675,0.266451913371886,0.0020088096742044,0.3131708203748137,0.2770675117526375,0.0017859398554682,0.3404765294839025,-0.0481954557327978,-0.0007556291442384,0.0211411204088739,-0.0443004832566543,0.0015029172801276,0.0,0.3596808651696401,0.0013991974503392,0.4236094145544645,0.5578840359445786,0.0001368251947014,0.5910981460751256,1
2019-10-11,1.294157396810253,0.0022775191264796,1.3687588013043448,0.2089741799305335,0.0008572552333368,0.2623944341074431,1.4362288767897262,0.000295468689382,1.457729448167823,0.8290413086706548,0.0010330749770352,0.8748849743068557,0.3605774496677039,0.0020373162889581,0.4072963566706316,0.1648041037888367,0.0017981018450082,0.2282131215201017,0.2475081280096516,-0.0006861068242838,0.3168447041513234,0.7021512843625389,0.0015588497040104,0.7464517676191933,0.3263121951342269,0.001418932615445,0.3902407445190512,0.4932017115286067,0.0001906997059673,0.5264158216591538,1
2019-10-14,-0.148673950896962,0.0022586514795699,-0.0740725464028704,0.0327616259788539,0.0008615052773964,0.0861818801557635,-0.4064590374489393,0.0002703907007607,-0.3849584660708426,0.0923364445976681,0.0010413790899536,0.1381801102338689,0.0446185351477605,0.0020356215353341,0.0913374421506882,-0.1143468507366758,0.0017842501254819,-0.0509378330054108,0.8313874917745093,-0.000496893734125,0.9007240679161812,0.0571490989953265,0.001559536752298,0.1014495822519809,-0.72323341140689,0.0013665573568445,-0.6593048620220657,0.1094816154823943,0.0002044496096994,0.1426957256129413,1
2019-10-15,-0.1945895145485034,0.0022354681039582,-0.1199881100544118,0.9685588910810812,0.0009586402131682,1.021979145257991,1.3225910741401177,0.000350932978396,1.3440916455182144,1.5146732117197317,0.0011883508848671,1.5605168773559326,0.3762029304367312,0.0020651765907073,0.422921837439659,0.728825816660113,0.0018483445690497,0.7922348343913781,0.0197602214884385,-0.0004761050972463,0.0890967976301102,0.4249982069987771,0.0015912423382008,0.4692986902554315,0.1598560320816761,0.0013749108105861,0.2237845814665005,0.137513207783019,0.0002209372578161,0.170727317913566,0
2019-10-16,-0.2823622848064281,0.0022039466942415,-0.2077608803123366,-0.0223074971665234,0.0009568970016294,0.0311127570103861,1.432163323740453,0.0004373094785711,1.4536638951185497,-0.1666794335963482,0.0011706507563857,-0.1208357679601474,-0.1025397944161472,0.0020495673438173,-0.0558208874132195,-0.5118594254104352,0.0017978822704718,-0.4484504076791701,0.1082144165576016,-0.0004374693471202,0.1775509926992733,-0.3390935080413018,0.0015585073766178,-0.2947930247846475,-0.1320869820110308,0.0013633787405457,-0.0681584326262064,-0.8768443711960396,0.0001336878175497,-0.8436302610654925,1
2019-10-17,0.1252075479514262,0.0022123407977225,0.1998089524455178,0.3475639062610482,0.0009915334040257,0.4009841604379578,0.5916340857211444,0.0004721132352812,0.6131346570992411,0.2439859336548659,0.0011927881778206,0.2898295992910668,-0.3858558531445434,0.0020076948656609,-0.3391369461416157,-0.3440614336366198,0.0017632538093216,-0.2806524159053547,0.1410590227225814,-0.0003925489487367,0.2103955988642531,-0.0207381490990334,0.0015526822832482,0.0235623341576209,0.1966536615011585,0.0013741479400896,0.2605822108859829,-0.0981436482265443,0.0001264228704742,-0.0649295380959973,0
2019-10-18,0.1725649346217753,0.0022252298238442,0.2471663391158669,-0.3940225765085715,0.0009532822640725,-0.3406023223316618,-5.176630854968517,0.0001603036299635,-5.15513028359042,0.0444914425558068,0.0011955347361721,0.0903351081920076,-1.1869255021905354,0.0018919106399431,-1.1402065951876077,-0.9567181786398092,0.0016732790020426,-0.8933091609085441,-0.5410688737049579,-0.0004859319426368,-0.4717322975632861,-0.794743959891579,0.00148260757778,-0.7504434766349246,-0.4966971069445439,0.0013382501362,-0.4327685575597195,-0.4160098744370842,8.709729803875432e-05,-0.3827957643065371,1
2019-10-21,0.8178605973208206,0.0023000686770458,0.8924620018149121,-0.0587366593504925,0.0009480455621939,-0.0053164051735828,0.1861906872096371,0.0001719159649151,0.2076912585877338,1.2381621983714317,0.0013123930366599,1.2840058640076324,0.6804084268969056,0.001949678293969,0.7271273338998333,0.342851461428221,0.0017017419733718,0.406260479159486,-0.39986771303785,-0.0005499952035846,-0.3305311368961783,0.201067764584001,0.0014955532136309,0.2453682478406553,0.3091865364364813,0.0013565564996775,0.3731150858213057,0.7893402366297343,0.0001694060262663,0.8225543467602814,0
2019-10-22,-0.1922780521968257,0.0022774735622246,-0.1176766477027342,-0.1793189683065852,0.0009311811556368,-0.1258987141296755,0.7423951474280298,0.0002164737108687,0.7638957188061265,0.4737844502850601,0.0013553701838419,0.5196281159212609,-2.5957203935520887,0.0017058914061668,-2.549001486549161,-0.8778584689873297,0.0016200544070894,-0.8144494512560646,0.1326546443382151,-0.0005068661097048,0.2019912204798868,-1.9347434381499191,0.0013326676578929,-1.8904429548932644,-0.1629330327007654,0.0013432911134186,-0.099004483315941,0.2173632527128592,0.000193652671088,0.2505773628434063,1
2019-10-23,0.6159357285127907,0.0023320878753903,0.6905371330068821,0.6198193720954703,0.0009915051829465,0.67323962627238,0.4275398254149705,0.000241971905182,0.4490403967930672,0.0910688545802766,0.0013616894544452,0.1369125202164774,-0.1308586407438367,0.0016898369774666,-0.084139733740909,0.2857342016836977,0.0016433835903391,0.3491432194149628,-0.1560264369021002,-0.000521643641961,-0.0866898607604284,0.1168750969586208,0.0013393291723594,0.1611755802152752,-0.2064442538633181,0.001327276885748,-0.1425157044784937,0.436924415279653,0.0002395305133011,0.4701385254102,1
2019-10-24,0.0100361478546969,0.0023287348161501,0.0846375523487885,0.0064376198345089,0.0009924096919912,0.0598578740114186,-1.5527274748683113,0.000150666047131,-1.5312269034902146,-0.0831011010680027,0.0013515366416044,-0.0372574354318019,1.5771669292501878,0.0018293284406178,1.6238858362531154,1.0133796842240617,0.0017313380287723,1.0767887019553268,4.280374688402368,0.0003428147344971,4.34971126454404,1.647415090775589,0.0014706079888425,1.6917155740322434,-0.2190832827506381,0.0013105867198599,-0.1551547333658137,-0.4989040243701838,0.000192204309491,-0.4656899142396367,1
2019-10-25,0.5592167967799704,0.00237721963989,0.6338182012740619,0.1562153320923877,0.0010076012418854,0.2096355862692974,0.5310136370732041,0.0001822968753372,0.5525142084513008,0.3682415537738802,0.0013838018281569,0.4140852194100811,0.2405863754726454,0.0018464591960279,0.2873052824755731,0.2455459527745714,0.0017503360330486,0.3089549705058364,2.26771045529932,0.0008019983491496,2.337047031440992,0.5301738366038679,0.0015100403073837,0.5744743198605222,-0.1012557060137354,0.0013017788971131,-0.0373271566289111,0.0807622135403609,0.0002025134242959,0.1139763236709079,1
2019-10-28,0.4408666673712678,0.0024141257358777,0.5154680718653594,0.9393812905290214,0.001097035683323,0.9928015447059312,0.5144448609748626,0.0002126563029849,0.5359454323529593,0.1513404311728148,0.0013955161321883,0.1971840968090156,1.0923676515377103,0.0019401673435837,1.139086558540638,1.2822242133527535,0.0018606537871045,1.3456332310840184,-0.1008462709645891,0.0007919405074205,-0.0315096948229174,0.625708451079415,0.0015567989746665,0.6700089343360693,0.0480781030380336,0.0013027935604132,0.112006652422858,-0.4667342751353129,0.0001589810649084,-0.4335201650047659,0
2019-10-29,-1.2647644613397149,0.002291328381341,-1.1901630568456232,-1.1708399698040062,0.0009861327162791,-1.1174197156270966,-0.0600046368379561,0.0002094003175125,-0.0385040654598594,-0.0785817432734931,0.0013857668017842,-0.0327380776372923,-0.3654029698417455,0.0019022651902402,-0.3186840628388178,-0.5796459025892305,0.0018063613078023,-0.5162368848579655,-0.9324611761186016,0.0006195680982926,-0.8631245999769297,-0.7801671575270293,0.0014902331030312,-0.7358666742703749,-1.3502791836815216,0.0012130562436614,-1.2863506342966973,-0.1766055632618312,0.0001442091981995,-0.1433914531312841,1
2019-10-30,-0.0809627325368145,0.0022797736241673,-0.006361328042723,-0.0518055228064405,0.0009815662868069,0.0016147313704691,2.3662471971008223,0.000346247584349,2.387747768478919,-0.3324924466949606,0.0013526449668405,-0.2866487810587598,0.5123487200995904,0.0019430517262118,0.5590676271025181,0.6186753015248081,0.001857347072335,0.6820843192560732,-0.1635326890660809,0.0005982955292942,-0.0941961129244092,0.501820244183023,0.0015267399463458,0.5461207274396773,0.5368456175177557,0.0012460510605214,0.6007741669025801,-0.550971152768495,9.318287717051511e-05,-0.517757042637948,0
2019-10-31,1.0889093549196054,0.0023765833017478,1.1635107594136969,-0.1300740870579313,0.0009697151482606,-0.0766538328810216,-0.5206094371673405,0.0003159215020183,-0.4991088657892438,-0.3793759104526327,0.001315526356752,-0.3335322448164319,-0.1124885803405564,0.0019279581031867,-0.0657696733376287,-0.5327031998766384,0.0018076716568986,-0.4692941821453734,-0.0763705127134777,0.000594085884358,-0.0070339365718059,-0.1745832921912606,0.0015091092308155,-0.1302828089346062,-0.5908865356882755,0.0012062477880238,-0.5269579863034511,-0.1422224683649152,8.219182538073437e-05,-0.1090083582343682,1
2019-11-01,1.3858877982850264,0.0024998260807664,1.460489202779118,0.4900027123198309,0.0010157582937551,0.5434229664967405,-0.5487486960899044,0.0002842737366258,-0.5272481247118077,1.147743173624186,0.0014185544032028,1.193586839260387,0.3871887161532555,0.0019571735064328,0.4339076231561833,0.0701987673240592,0.0018106739355085,0.1336077850553242,-0.1951919095149757,0.0005670407015672,-0.1258553333733039,0.6487182628558542,0.0015568070357277,0.6930187461125086,0.1635408752793916,0.001215082052127,0.227469424664216,1.4453518541080217,0.0002241859087245,1.4785659642385685,1
2019-11-04,0.263334604429847,0.0025190104272518,0.3379360089239385,0.6405582767083315,0.0010753304360559,0.6939785308852412,-0.6342441272946667,0.0002480585689637,-0.61274355591657,0.3673739550758969,0.0014495112558956,0.4132176207120977,-0.5693606286416313,0.0019019636999514,-0.5226417216387036,0.2526617840906745,0.0018293733061373,0.3160708018219396,0.2575245014051446,0.0006269962968109,0.3268610775468163,-0.6996023131440535,0.001497843430784,-0.6553018298873992,-0.0954285582938755,0.0012073450018328,-0.0315000089090511,1.4305031224770903,0.0003634172601867,1.4637172326076375,0
2019-11-05,-0.1485409019628613,0.0025004384447074,-0.0739394974687697,0.0187649857718445,0.0010769453684393,0.0721852399487542,0.0994302980546971,0.0002537444326817,0.1209308694327938,0.0666885712102633,0.0014529106856451,0.1125322368464641,-1.4690552125452327,0.0017684959184084,-1.422336305542305,-0.0974582208944343,0.0018178639752916,-0.0340492031631693,-0.0887219163770947,0.0006203556383807,-0.019385340235423,-0.9076306343803592,0.0014231233674128,-0.8633301511237047,0.7489780795433872,0.001253189575647,0.8129066289282116,0.9418968898931932,0.0004547310527394,0.9751110000237404,1
2019-11-06,-0.0525860433626166,0.0024907532711011,0.0220153611314748,-0.0703618650305676,0.0010703563382601,-0.016941610853658,0.321630168663148,0.0002719054550724,0.3431307400412448,0.0343632150740527,0.0014533607152691,0.0802068807102535,0.1247037125342155,0.0017751713772377,0.1714226195371433,-0.2149646085404761,0.0017964296697024,-0.1515555908092111,0.6570320465994072,0.0007553365516608,0.7263686227410789,0.0915184155984817,0.0014270721483198,0.1358188988551361,0.3349978907831415,0.0012724948829104,0.3989264401679659,-1.1105837797957387,0.0003503115322805,-1.0773696696651918,1
2019-11-07,0.5193144350573405,0.0025328484180821,0.5939158395514321,0.5741437045313563,0.0011227695863841,0.627563958708266,0.275937526206148,0.0002873332317294,0.2974380975842446,0.2344388755419819,0.0014717810426468,0.2802825411781827,0.535466812646859,0.0018174161861194,0.5821857196497866,0.0125638108194393,0.0017945304720188,0.0759728285507043,0.6060642741925555,0.0008794320911122,0.6754008503342273,0.5180211357150474,0.0014641123554359,0.5623216189717017,0.3886491195949923,0.0012949887899801,0.4525776689798167,1.0131860377866426,0.0004475741643058,1.0464001479171898,1
2019-11-08,0.066252262095578,0.0025337941417124,0.1408536665896696,0.0267397614590835,0.0011248683920426,0.0801600156359931,0.9685212539082804,0.0003413065403711,0.990021825286377,0.1054965611146422,0.0014785004653127,0.151340226750843,0.366039162580061,0.0018446409607308,0.4127580695829887,0.5815754860659588,0.0018407804887631,0.6449845037972238,0.0480498868706397,0.0008974367038398,0.1173864630123114,0.1369324884033294,0.0014713459700277,0.1812329716599837,-0.5507424295501835,0.0012585731496973,-0.486813880165359,-0.9678567038206136,0.0003575808645772,-0.9346425936900666,1
2019-11-11,0.332897100231604,0.002558609255093,0.4074985047256955,-0.4699301440451747,0.0010819452869402,-0.416509889868265,-0.657103173444598,0.000304391956129,-0.6356026020665013,-0.2285054902511498,0.0014554282915073,-0.182661824614949,0.3648534474209706,0.0018715129094357,0.4115723544238984,-0.0071863015051514,0.0018370314873636,0.0562227162261135,0.5111606642971761,0.0010019680509989,0.5804972404388479,0.1463880295234694,0.0014792405956494,0.1906885127801237,-0.3120264130451703,0.0012373414269743,-0.2480978636603459,-0.3322318256852793,0.0003279342560159,-0.2990177155547324,0
2019-11-12,-0.1217052966178258,0.0025426737004805,-0.0471038921237343,-0.0953446007647259,0.0010732009538945,-0.0419243465878162,-0.4171121512882154,0.0002810991711964,-0.3956115799101187,-0.3486995576784807,0.0014219183391673,-0.3028558920422799,-0.0196121416573504,0.0018652469929306,0.0271067653455772,0.2962060791446603,0.0018587448283567,0.3596150968759253,0.2759304100716325,0.0010617081275715,0.3452669862133042,0.0224232955618019,0.0014775664674868,0.0667237788184562,-0.0141313140333873,0.0012347487605407,0.049797235351437,-0.7119045673576477,0.0002631717421512,-0.6786904572271008,1
2019-11-13,0.4184698392595891,0.0025748147219286,0.4930712437536806,-0.0937978821182906,0.0010646753439171,-0.040377627941381,-0.0719602285929829,0.0002770355018422,-0.0504596572148862,-0.318422548611588,0.0013913847717996,-0.2725788829753872,0.1332060697290063,0.0018720523202565,0.179924976731934,0.0259033753750329,0.0018577086867263,0.0893123931062979,-0.3380726591444689,0.0010070131343874,-0.2687360830027971,-0.1542449729138167,0.0014624357422967,-0.1099444896571624,1.0928783681071326,0.001300407656186,1.156806917491957,-0.4376046034406343,0.0002244504103304,-0.4043904933100873,1
2019-11-14,-0.4306858007375843,0.0025316584084262,-0.3560843962434928,0.4554944328233951,0.001105319159352,0.5089146870003047,-0.2172437622904133,0.0002650406571366,-0.1957431909123166,0.0025141673147313,0.0013893059513803,0.0483578329509321,0.2540939886194126,0.0018890438188273,0.3008128956223403,0.2152487905399661,0.0018724071309447,0.2786578082712312,0.1611133953816894,0.0010449869449589,0.2304499715233612,0.1696599326553619,0.0014720297537525,0.2139604159120162,-0.2659761623305319,0.0012821005958879,-0.2020476129457075,-0.2478164638588267,0.00020360972824,-0.2146023537282797,1
2019-11-15,0.5367234113084306,0.0025739563706218,0.6113248158025221,0.8941139001659292,0.0011846185303563,0.9475341543428388,2.497251355925457,0.0004013579870881,2.518751927303554,0.3285614333905359,0.0014157422732998,0.3744050990267367,0.1738004852943411,0.0018991056224948,0.2205193922972688,0.6426423605739388,0.0019223070491608,0.7060513783052038,0.1293783348969803,0.0010767839354921,0.198714911038652,-0.0376385252545308,0.0014658723976479,0.0066619580021235,-1.1569944795847775,0.0012095404102879,-1.0930659301999532,0.4625403486883477,0.0002482686071526,0.4957544588188948,1
2019-11-18,0.1848764353733351,0.002585074932238,0.2594778398674267,-0.5759180489462283,0.0011330058941097,-0.5224977947693187,-0.0890762603128434,0.0003958772491135,-0.0675756889347467,0.3898265001429431,0.0014472708396156,0.4356701657791439,-0.0314672788943089,0.0018918323717377,0.0152516281086187,0.0716131941147129,0.0019247606006699,0.1350222118459779,-0.2217241632402783,0.0010440496346736,-0.1523875870986066,-0.0809398386445792,0.0014565131810229,-0.0366393553879248,0.796155537463732,0.0012563849076275,0.8600840868485564,-0.509788659221786,0.0002035308842352,-0.476574549091239,1
2019-11-19,-0.2306544804151974,0.0025598840773099,-0.1560530759211059,-0.3327893789849284,0.001103292977606,-0.2793691248080188,-0.0276508844918232,0.0003937692369747,-0.0061503131137265,-0.0617085032658123,0.0014394066945179,-0.0158648376296115,0.8028482851580031,0.0019544003380613,0.8495671921609308,-0.0452003446193013,0.0019176212764235,0.0182086731119636,0.6009808089771257,0.0011614726360208,0.6703173851187975,0.992272804970423,0.0015276080712865,1.0365732882270773,-0.2857187797007247,0.0012373265790529,-0.2217902303159003,-0.5360076309712651,0.0001568054162061,-0.502793520840718,0
2019-11-20,-0.67369591743505,0.0024964835058831,-0.5990945129409585,-0.4691845785998727,0.0010618729819142,-0.415764324422963,0.6670011961330158,0.0004290981139368,0.6885017675111124,-0.4224956618410938,0.0014005025016569,-0.376651996204893,-0.0335751860166971,0.0019467696728732,0.0131437209862305,-0.1583479275707487,0.0019013165738844,-0.0949389098394837,-0.5691908473121785,0.0010656406560237,-0.4998542711705068,-0.4079742191175035,0.0014936753734985,-0.3636737358608491,-0.5335901685526253,0.0012035024595344,-0.4696616191678008,0.1191782561157768,0.0001699288586795,0.1523923662463238,1
2019-11-21,-0.3053203067002257,0.002465461704154,-0.2307189022061341,-0.120614240202416,0.0010512816679324,-0.0671939860255064,0.2833415048779833,0.00044353862711,0.30484207625608,0.0739711194889832,0.0014045636200076,0.119814785125184,-0.2214368998596404,0.0019236351274123,-0.1747179928567127,-0.1146337886061716,0.0018887065910966,-0.0512247708749065,0.1130818561710498,0.0010938383974027,0.1824184323127215,-0.627750613392654,0.0014437321017396,-0.5834501301359998,0.3900783034884062,0.0012253890057977,0.4540068528732306,1.1532190213735656,0.0002763163036314,1.1864331315041128,0
2019-11-22,-0.1197795248542486,0.0024506679829669,-0.0451781203601571,-0.3065154025816339,0.001024610626046,-0.2530951484047243,0.968628897071381,0.0004944383089231,0.9901294684494776,0.2968362262386797,0.0014276361365735,0.3426798918748805,-0.4011058079135504,0.0018858785957247,-0.3543869009106227,-0.0231237010305621,0.0018836063602036,0.0402853167007028,-1.5810840816099427,0.0008172743576281,-1.511747505468271,-0.1841140063426723,0.0014270126131477,-0.1398135230860179,-0.3729874359217087,0.0012015088133507,-0.3090588865368843,-0.245136624252509,0.0002560403551276,-0.211922514121962,1
2019-11-25,0.8276936548108362,0.0025171133137563,0.9022950593049278,0.4171617136514081,0.0010608573380102,0.4705819678283178,0.0147230285837508,0.0004941855968143,0.0362235999618475,0.2312530677975284,0.0014449249482443,0.2770967334337292,0.9096420635972468,0.0019561443308252,0.9563609706001746,0.5366050580967975,0.0019236031509081,0.6000140758280625,0.1745898893240281,0.000857324640162,0.2439264654656999,0.4561846127451314,0.0014575458294875,0.5004850960017858,-0.3370362320384365,0.0011799766965625,-0.2731076826536121,-0.3595684654623382,0.0002257001523889,-0.3263543553317912,0
2019-11-26,-0.476428074449255,0.0024718257273536,-0.4018266699551635,0.2332808164429587,0.0010809287343215,0.2867010706198684,-0.027514968549928,0.0004916998288417,-0.0060143971718313,0.025032604845759,0.0014445919170292,0.0708762704819598,0.2832792116791808,0.00197455812105,0.3299981186821086,0.2261386231265923,0.0019383695183213,0.2895476408578573,-0.6124224099595383,0.000756805553814,-0.5430858338178666,0.4785043914382572,0.0014894460270286,0.5228048746949115,0.1042744530682954,0.001184758933187,0.1682030024531198,-0.1546267839412956,0.0002138901474898,-0.1214126738107486,1
2019-11-27,0.6166235916222218,0.0025196874502856,0.6912249961163133,-0.0871227713097497,0.0010733148046766,-0.03370251713284,0.3289379852722089,0.0005080172054749,0.3504385566503056,0.1074936948713494,0.0014512170680596,0.1533373605075501,0.3831449066348988,0.0020009442901788,0.4298638136378265,0.0409846086265896,0.0019382341909207,0.1043936263578546,0.1080429221733354,0.0007849655417796,0.1773794983150072,0.5527071818718796,0.0015264788840986,0.597007665128534,-0.3312040797728943,0.0011638317675714,-0.2672755303880699,-0.0618429825243139,0.0002104159140321,-0.0286288723937668,0
2019-11-29,-0.1879519926089023,0.0024991554443564,-0.1133505881148107,-0.3650530460299085,0.0010420075886844,-0.3116327918529988,-0.1779201381514333,0.0004976025528754,-0.1564195667733365,-0.1634466183897859,0.0014350312025212,-0.1176029527535851,0.0507169237970635,0.002000145337653,0.0974358307999912,-0.4011665700130942,0.001902975868901,-0.3377575522818292,-0.1696522781482062,0.0007638353157185,-0.1003157020065344,0.0011698454649812,0.0015231435415334,0.0454703287216356,0.1419507576954173,0.0011708536470681,0.2058793070802416,-0.4415557102023127,0.0001734267910918,-0.4083416000717657,0
2019-12-02,-0.6695919948358795,0.0024382842309231,-0.594990590341788,-0.6473820439795175,0.000986940384473,-0.5939617898026078,-0.0998857701025214,0.0004913540872725,-0.0783851987244247,-0.1598075845918578,0.0014192897552828,-0.113963918955657,-1.1036026030202832,0.0019061578839053,-1.0568836960173558,-0.725061463499355,0.0018424042217164,-0.66165244576809,0.2984998359774631,0.0008252131343292,0.3678364121191348,-0.9270462826539126,0.001452732662494,-0.8827457993972583,0.0542501793928048,0.0011726903067943,0.1181787287776292,0.1762736897214906,0.0001911027667245,0.2094877998520377,0
2019-12-03,-0.9921562616873942,0.0023509196757845,-0.9175548571933028,0.1785998444895224,0.0010023501015901,0.232020098666432,-0.1421653833636874,0.000482960589908,-0.1206648119855907,-0.7113609281679357,0.0013577641908009,-0.6655172625317349,0.0693442558392592,0.0019072717994202,0.1160631628421869,-0.1512142639365849,0.001827547769561,-0.0878052462053198,0.0284365184116,0.0008387755846783,0.0977730945532718,-0.0080735256085282,0.0014490785850295,0.036226957648126,-0.4428149379281579,0.001145592357436,-0.3788863885433335,-0.4216400761440618,0.0001562600086298,-0.3884259660135148,1
2019-12-04,0.3796048071447468,0.0023787110787486,0.4542062116388384,0.8971975445394641,0.001078267530227,0.950617798716374,1.319910653360421,0.0005503531187556,1.3414112247385177,0.975411515770334,0.0014365970174457,1.021255181406535,-0.0934230280590164,0.0018953477350614,-0.0467041210560887,0.1345308930854697,0.001835225963381,0.1979399108167347,-0.3014531381267126,0.0007947080883207,-0.2321165619850408,-0.4722621144234623,0.0014121858963803,-0.4279616311668079,-0.0514306210630497,0.001141399648947,0.0124979283217746,0.525059009651335,0.0002042740730376,0.5582731197818821,1
2019-12-05,0.6803761555056692,0.0024312423372592,0.7549775599997608,0.2558317677797315,0.0010996447374312,0.3092520219566412,0.0855330990345482,0.0005535202611331,0.1070336704126449,0.235836966466315,0.0014537087207724,0.2816806321025158,0.5159385745775791,0.0019320924124796,0.5626574815805068,-0.0341893846456666,0.0018296646256004,0.0292196330855983,-0.2659610542243351,0.0007571785448792,-0.1966244780826634,0.3834132189552496,0.0014366756040054,0.4277137022119039,0.249572299454562,0.001154605163474,0.3135008488393864,-0.2052747824137204,0.0001884605243084,-0.1720606722831734,1
2019-12-06,0.9194181673422316,0.0025030931589939,0.9940195718363232,0.4229917822284911,0.0011348260170237,0.4764120364054008,0.4654659469177939,0.0005761679220431,0.4869665182958905,0.724557058884129,0.0015108439725828,0.7704007245203298,0.0550236301148177,0.0019319452345113,0.1017425371177454,0.6009711487652001,0.0018735337672369,0.6643801664964651,0.3419847588646051,0.000825056676528,0.4113213350062769,0.0478854085085706,0.0014371131353971,0.0921858917652249,0.6353712049201322,0.0011898571668714,0.6992997543049566,0.7581533203368894,0.0002560831359419,0.7913674304674364,0
2019-12-09,-0.7950749915364922,0.0024331625499181,-0.7204735870424007,0.0832814171191693,0.0011414065738918,0.1367016712960789,0.0493450970537321,0.0005773486566905,0.0708456684318288,-0.2873822838656423,0.0014846735234378,-0.2415386182294415,-0.2941339203848144,0.0019042068746825,-0.2474150133818866,-0.2040508583158563,0.0018547066245177,-0.1406418405845913,0.1974370341775929,0.0008674792183974,0.2667736103192646,0.2022278760107999,0.0014484685872316,0.2465283592674542,-0.3237042220693576,0.0011699580586719,-0.2597756726845332,0.0729801901655223,0.0002641410854868,0.1061943002960694,1
2019-12-10,0.2261782027758276,0.0024475579378687,0.3007796072699191,-0.0572096108793958,0.0011362761386186,-0.0037893567024861,-0.3223226850256962,0.0005595973591812,-0.3008221136475995,-0.0111683744505802,0.001481235079802,0.0346752911856205,-0.130194586070399,0.001889603354614,-0.0834756790674712,-0.146591966718348,0.0018404680373821,-0.083182948987083,0.6056816808843191,0.000979516588671,0.6750182570259907,-0.2603404494132156,0.0014271339242026,-0.2160399661565612,-0.200489555328386,0.0011572441531354,-0.1365610059435616,-0.4571164161847558,0.0002266836971819,-0.4239023060542087,1
2019-12-11,0.3643190181269126,0.0024731113793371,0.4389204226210041,-0.0019161443049709,0.0011357568156236,0.0515041098719387,0.564573296629805,0.0005869584892195,0.5860738680079016,-0.1690342790970495,0.0014650136755004,-0.1231906134608488,0.2208103492189431,0.0019026278772914,0.2675292562218709,0.1430205238622348,0.0018485823786789,0.2064295415934998,0.2030597576733937,0.0010218933286426,0.2723963338150654,-0.1264517593508982,0.00141537320028,-0.0821512760942439,-0.1509985533872241,0.0011474438381787,-0.0870700040023997,-0.1044874122976853,0.0002196463691479,-0.0712733021671383,1
2019-12-12,0.0565360980056415,0.002473426044444,0.131137502499733,0.1070046996520358,0.0011442025453139,0.1604249538289454,0.1901373044191453,0.0005951871776836,0.211637875797242,1.4357934704258146,0.0015786253819,1.4816371360620155,0.3525944130073693,0.0019258270157195,0.399313320010297,0.4921977412480286,0.001883322662593,0.5556067589792937,0.4178477338207734,0.0011004218775516,0.4871843099624451,0.162979684447671,0.0014239346461503,0.2072801677043254,0.4092421798921212,0.0011693651633115,0.4731707292769456,0.9516774835873916,0.0003024595086204,0.9848915937179386,1
2019-12-13,0.6249285701460827,0.0025197598773397,0.6995299746401742,-0.1145168130906154,0.0011344296820301,-0.0610965589137058,0.0019399759464254,0.0005938857011298,0.0234405473245221,-0.499716221525478,0.0015355199929988,-0.4538725558892773,0.6652442213180526,0.0019731284166339,0.7119631283209803,0.3973372373854896,0.0019105517794159,0.4607462551167547,-0.1576260192158608,0.0010808932017415,-0.0882894430741891,0.7753563271453564,0.0014750357080374,0.8196568104020108,0.2639391020152413,0.0011829320023451,0.3278676514000657,-0.8098549537351357,0.0002354469893248,-0.7766408436045886,1
2019-12-16,0.8062749876418763,0.0025803315872871,0.8808763921359678,0.4688241345395929,0.0011723299913559,0.5222443887165026,0.2188456730019513,0.000603454678219,0.240346244380048,0.1547231871541482,0.0015452232361207,0.200566852790349,0.1108118701680229,0.0019771318682443,0.1575307771709506,0.2907518891705184,0.0019294743285924,0.3541609069017835,1.5180628816107198,0.0013439714023322,1.5873994577523916,0.3114760608655179,0.0014935684805957,0.3557765441221722,0.0900501304347279,0.0011866473603946,0.1539786798195523,0.5141725186340892,0.0002806207972012,0.5473866287646363,0
2019-12-17,0.0265294175295356,0.0025777897812932,0.1011308220236271,-0.2705955180187482,0.0011498405508264,-0.2171752638418385,1.0131071804098022,0.0006525459402561,1.0346077517878989,0.2707961733943266,0.001564110668554,0.3166398390305275,-0.2200415100777806,0.0019556045508686,-0.1733226030748529,-0.3589935439284754,0.0018991846203704,-0.2955845261972104,-0.231300276762068,0.0013112309085096,-0.1619637006203963,-0.2758145504390525,0.0014714204185192,-0.2315140671823982,0.3909095062057522,0.001207112431468,0.4548380555905766,-0.2582015102608552,0.0002605706569748,-0.2249874001303082,1
2019-12-18,-0.1975505338499686,0.0025573495081127,-0.1229491293558771,-0.1652819445383406,0.0011360575359455,-0.1118616903614309,-0.2351031361824639,0.0006392543071712,-0.2136025648043672,-0.0982950332811352,0.001553504814032,-0.0524513676449344,-0.2749626612447556,0.0019300392550554,-0.2282437542418278,-0.1766248958990857,0.0018828564070753,-0.1132158781678207,0.8504296790434428,0.0014595896144663,0.9197662551851146,-0.2444032012210293,0.0014516133548773,-0.2001027179643749,-0.931378234163596,0.0011539620252986,-0.8674496847787717,0.1009818212883825,0.0002707194346984,0.1341959314189295,1
2019-12-19,-0.0230906221148521,0.0025509709367782,0.0515107823792394,0.1170123383934007,0.0011451354029145,0.1704325925703104,1.2286855844165778,0.0006984569591731,1.2501861557946743,-0.3046271497277042,0.0015266524535172,-0.2587834840915035,0.4608414138419683,0.0019609244887018,0.5075603208448961,0.4116662700355941,0.0019107140322483,0.4750752877668591,0.612551981630444,0.0015671298977186,0.6818885577721158,0.4868162597270282,0.001482014932381,0.5311167429836826,0.0720705240213473,0.0011567558401414,0.1359990734061717,-0.3713231649730371,0.0002414540718491,-0.3381090548424901,1
2019-12-20,-0.1811760676235413,0.0025321057434361,-0.1065746631294498,-0.2491536044260051,0.0011247531266891,-0.1957333502490955,0.3833416452696576,0.0007155441213462,0.4048422166477543,-0.0872998191431585,0.0015171529066727,-0.0414561535069577,0.1407046132740015,0.0019671879073211,0.1874235202769292,0.5341463525716565,0.0019474782801035,0.5975553703029216,0.0251013952758396,0.0015763915042849,0.0944379714175113,0.4243768381422003,0.0015079122835191,0.4686773213988547,0.0656116141417105,0.0011591710140861,0.1295401635265349,0.3568940384594485,0.0002728220035368,0.3901081485899955,1
2019-12-23,0.7651396443469427,0.0025881467101279,0.8397410488410343,-0.0756296972660878,0.0011184058230808,-0.0222094430891782,0.1941205888267502,0.0007232113289797,0.2156211602048469,-0.0609397915786516,0.00150980031092,-0.0150961259424508,-0.2801922133521545,0.0019414908269972,-0.2334733063492268,-0.063409017731265,0.0019395617017291,0.0,0.7579411618829526,0.0017065905751699,0.8272777380246243,-0.337333091170531,0.0014818898099062,-0.2930326079138767,-0.83998232775123,0.0011118783822277,-0.7760537783664057,0.2130587339794186,0.000292054481249,0.2462728441099656,1
2019-12-24,-0.0256829529307917,0.0025815169780804,0.0489184515632997,-0.2868864942232886,0.0010952931319568,-0.2334662400463789,-0.3101308964496353,0.0007061837399209,-0.2886303250715386,0.0975441778764095,0.0015149006091018,0.1433878435126103,-0.0088398403941464,0.0019364906507741,0.0378790666087812,-0.073854157627631,0.0019309365794108,-0.010445139896366,0.2847573915645998,0.0017579155973061,0.3540939677062715,0.1125403000517541,0.0014864944095412,0.1568407833084085,0.2348375719918581,0.0011237031964061,0.2987661213766824,-0.2222584597157567,0.0002753207091491,-0.1890443495852097,1
2019-12-26,0.9463828310393796,0.0026511083352762,1.020984235533471,0.6290224011958296,0.0011449824068391,0.6824426553727393,-0.0783028088285409,0.0007005726209559,-0.0568022374504442,0.5035817513950165,0.0015515836575865,0.5494254170312173,0.263320284629593,0.0019519977573674,0.3100391916325207,0.3852170617393049,0.0019562024099508,0.4486260794705699,0.2600537741458447,0.0018047803330127,0.3293903502875164,0.4632877471575639,0.0015146806191008,0.5075882304142183,-0.0577047105235042,0.0011195108710578,0.0062238388613201,0.0441047961389826,0.0002805453871266,0.0773189062695296,0
2019-12-27,-0.0941252843788383,0.0026389376358013,-0.0195238798847468,-0.3457065978174157,0.0011173039485384,-0.2922863436405061,-0.0669641844045752,0.000695556014739,-0.0454636130264785,-0.0086038345464642,0.0015482411414734,0.0372398310897365,0.2292405639681544,0.0019648277417135,0.2759594709710821,0.0366326687383782,0.0019556869990673,0.1000416864696432,-0.1013275055379389,0.0017923132496779,-0.0319909293962672,0.0284983112033569,0.001513480025571,0.0727987944600112,-0.0205435888412443,0.0011173666113861,0.04338496054358,-0.2016436639263061,0.0002656744589558,-0.1684295537957591,0
2019-12-30,0.2308225177097259,0.002652122363968,0.3054239222038174,-0.6139590210163014,0.0010687493292925,-0.5605387668393917,-0.2773873895899497,0.0006804237059318,-0.255886818211853,-0.2356187406939304,0.0015273859546827,-0.1897750750577296,-0.5851464491905507,0.0019168015821496,-0.538427542187623,-0.5351319611968405,0.0019133887864667,-0.4717229434655755,-0.9662203365952684,0.0016394125069921,-0.8968837604535965,-0.5375242357472115,0.0014744789495183,-0.4932237524905571,-0.1816453658980992,0.0011065415954812,-0.1177168165132748,-0.3219250876980657,0.0002411465177127,-0.2887109775675188,1
2019-12-31,0.301388903289557,0.0026706652783519,0.3759903077836485,-0.0655641969234971,0.0010635400689466,-0.0121439427465874,0.3036151078647374,0.0006933416758113,0.3251156792428341,0.2417040665826091,0.0015434284814763,0.2875477322188099,0.1099551141183525,0.0019208062837871,0.1566740211212803,-0.0251856739629419,0.0019085481141334,0.0382233437683231,0.146146388492546,0.0016677545582593,0.2154829646342178,-0.0219841202575773,0.0014700893166708,0.022316362999077,-0.4113881625920983,0.0010834484026422,-0.347459613207274,0.1792879370691449,0.0002573882589798,0.2125020471996919,1
2020-01-02,1.0995382467485633,0.0027506084748207,1.174139651242655,1.058787489594272,0.0011460986532813,1.1122077437711817,0.0353198535989393,0.0006933109279447,0.056820424977036,0.5818213552560066,0.001585412952534,0.6276650208922073,0.8152429430838667,0.001976976299003,0.8619618500867944,0.9500071840736776,0.0019744513451713,1.0134162018049426,0.63270765889065,0.0017743038457888,0.7020442350323217,0.981854497458276,0.0015322583629598,1.0261549807149302,-0.001588717165861,0.0010824880293753,0.0623398322189633,0.7567100823006704,0.0003200591354998,0.7899241924312175,0
2020-01-03,-0.5748904564636573,0.0027013103514796,-0.5002890519695659,-0.3194853869905534,0.0011208911862624,-0.2660651328136438,-0.9810352559033102,0.0006448088643978,-0.9595346845252136,-0.7290522868821245,0.0015269869943916,-0.6832086212459237,-0.5698543932923991,0.0019305988661467,-0.5231354862894715,-0.7449239397177565,0.0019174298670559,-0.6815149219864916,0.660158145796802,0.0018844182902637,0.7294947219384736,-0.5205433395970338,0.0014947663944762,-0.4762428563403795,-0.7179776260417919,0.0010433159298165,-0.6540490766569675,-0.428874425575713,0.0002870177489192,-0.3956603154451659,1
2020-01-06,0.335436902294885,0.0027220454610946,0.4100383067889765,1.3021821024349218,0.0012214150183567,1.3556023566118316,-0.1248677204428087,0.0006373599148538,-0.103367149064712,-0.087005411799994,0.0015178451165869,-0.0411617461637933,0.0960709810622188,0.0019334824990327,0.1427898880651465,0.0780647933539847,0.0019200575954382,0.1414738110852497,0.4046631425545502,0.001952804978275,0.473999718696222,-0.1737781338159556,0.0014803686360413,-0.1294776505593012,-0.2147561048265925,0.0010311934227427,-0.1508275554417681,0.3446594863427641,0.0003161161191547,0.3778735964733111,0
2020-01-07,-0.3166132276796307,0.0026929281438537,-0.2420118231855391,-0.1516419289333398,0.0012090516607837,-0.0982216747564301,0.484613495381724,0.0006588085199297,0.5061140667598206,-0.9260040019148033,0.0014452240427769,-0.8801603362786024,-0.2282777971326092,0.0019126214450013,-0.1815588901296815,-0.5624406602935389,0.0018767717839539,-0.4990316425622738,0.8858327023089827,0.0020973058397647,0.9551692784506544,-0.2025745495624812,0.0014641979292049,-0.1582740663058268,-0.7503278549519055,0.0009908173636449,-0.6863993055670811,-0.4359946629665873,0.0002827819869701,-0.4027805528360403,1
2020-01-08,0.753200899974326,0.0027452455538358,0.8278023044684175,0.3085694766474779,0.0012321314058122,0.3619897308243875,-0.032939635506971,0.0006556958954838,-0.0114390641288743,0.358013536861845,0.0014700497622622,0.4038572024980459,0.8993622997007168,0.0019740740258102,0.9460812067036444,0.8083772325648451,0.0019316610996903,0.8717862502961101,1.141959878182264,0.002281319589563,1.2112964543239355,0.980744390470505,0.0015253461806615,1.0250448737271594,-0.3181734896251423,0.000973541979063,-0.2542449402403179,-0.7753891505815627,0.0002227702004446,-0.7421750404510157,1
2020-01-09,1.0184540406579854,0.0028172122641377,1.093055445152077,0.4804973554987822,0.0012681850730414,0.5339176096756919,0.2243453270067832,0.0006646868367773,0.2458458983848799,0.1432019958536079,0.0014785377660706,0.1890456614898087,0.6562563406391347,0.0020174065728617,0.7029752476420624,0.6203402060658408,0.0019727550472533,0.6837492237971059,-0.6095664149616987,0.0021870537082802,-0.540229838820027,0.3706694211441398,0.0015463757958696,0.4149699044007942,0.701424772966332,0.001009949934774,0.7653533223511564,0.3435642580471175,0.0002516923003395,0.3767783681776644,0
2020-01-10,0.0417520369317503,0.0028150565055893,0.1163534414258418,0.2750634290762864,0.0012883032248182,0.328483683253196,-0.2096269748620298,0.0006533123666775,-0.1881264034839331,-0.5619030414080678,0.0014341720276025,-0.516059375771867,0.3123525860592672,0.002035543404023,0.3590714930621949,-0.3166492264427037,0.0019471747541338,-0.2532402087114386,-0.232483625160412,0.002152889555794,-0.1631470490187403,0.1168400424982736,0.0015508124447343,0.1611405257549279,-0.6825917486570695,0.0009736693889569,-0.6186631992722451,-0.4706245942849078,0.0002162681741265,-0.4374104841543608,1
2020-01-13,1.0248086904812324,0.0028866747283306,1.0994100949753238,0.3405778453716462,0.0013132395717597,0.3939980995485558,0.3441546147059878,0.0006678246061259,0.3656551860840845,0.3840967426873867,0.0014606980515156,0.4299404083235875,0.6494262339097308,0.0020778121809933,0.6961451409126584,0.5947052056877868,0.0019860830664666,0.6581142234190519,2.3355147283272832,0.0025217546882076,2.404851304468955,0.4377891028387216,0.0015759091128438,0.4820895860953759,-0.3822323008950274,0.0009533219495551,-0.318303751510203,0.4365820628243085,0.0002522894407589,0.4697961729548556,0
2020-01-14,-0.7694767857495209,0.0028236371485248,-0.6948753812554295,-0.3868179789188108,0.0012829760024642,-0.3333977247419011,0.4449445261284139,0.000686902626281,0.4664450975065106,0.5579257694466979,0.0014999336961432,0.6037694350828986,-0.8240871523356471,0.0020140591597484,-0.7773682453327194,-0.4488795218583044,0.0019513560359783,-0.3854705041270393,0.5432146060850234,0.0026077587937153,0.6125511822266951,0.1764102933933226,0.0015840242648497,0.220710776649977,0.1279161312549224,0.0009596146771681,0.1918446806397468,-0.456266154910715,0.0002182576217327,-0.4230520447801679,0
2020-01-15,-0.2951426322152575,0.002796398518659,-0.220541227721166,0.2526790096672006,0.0013011199422032,0.3060992638441102,0.2556326506480069,0.0006970826144363,0.2771332220261036,-0.821707473293201,0.0014367691464039,-0.7758638076570001,0.5763977325455175,0.0020508680130394,0.6231166395484452,0.2910429322586217,0.0019686926174085,0.3544519499898868,-0.958075439899188,0.0024594454898579,-0.8887388637575162,1.10108700345564,0.0016512420274581,1.1453874867122942,-0.6378804600198132,0.0009262562358473,-0.5739519106349888,-0.1114528537678578,0.0002113304622657,-0.0782387436373108,1
2020-01-16,0.5700196049892826,0.0028335364364945,0.6446210094833742,0.3338848397666278,0.0013252195560008,0.3873050939435375,0.649372900367954,0.0007253179299954,0.6708734717460507,0.1548598370986894,0.0014460816344521,0.2007035027348902,0.9855535065532032,0.0021165210141382,1.0322724135561308,0.9394554540420504,0.002031115055177,1.0028644717733155,-0.3072019625752619,0.0024131786076981,-0.2378653864335902,0.3003479644581571,0.001666907499721,0.3446484477148114,0.3345255514784206,0.000943248196442,0.398454100863245,-0.225541917264193,0.0001956081944096,-0.192327807133646,1
2020-01-17,0.4951060189997451,0.002864856762818,0.5697074234938366,0.97627755466249,0.0013971616392165,1.0296978088393998,0.5209616633273895,0.0007474472530839,0.5424622347054862,0.3125177498725356,0.0014669020279446,0.3583614155087364,0.5157515499825247,0.0021483597716086,0.5624704569854524,0.2428951924413502,0.0020446716320635,0.3063042101726153,-0.2126812772599129,0.002381862741673,-0.1433447011182411,1.073138702987151,0.0017315243015835,1.1174391862438056,-0.6648181834772854,0.0009088231786215,-0.600889634092461,-0.2191402602568408,0.0001805000696641,-0.1859261501262938,1
2020-01-21,-0.4233473399716672,0.0028283346904317,-0.3487459354775757,0.0404299655369708,0.0013988590925537,0.0938502197138805,0.0340780715609873,0.000747156202564,0.055578642939084,-0.5553335181088376,0.0014240693282707,-0.5094898524726369,-0.3333152466196695,0.0021199756731551,-0.2865963396167418,-0.2599280779664888,0.0020233258814887,-0.1965190602352238,1.7004181500829565,0.0026451523001999,1.769754726224628,0.7133655303773424,0.0017728933352349,0.7576660136339968,0.3420726808973653,0.0009261383089604,0.4060012302821897,-0.7366975728592683,0.0001256721822748,-0.7034834627287212,1
2020-01-22,0.1091081341020398,0.0028311331148021,0.1837095385961314,0.0021575952549842,0.0013977040597762,0.0555778494318939,-0.5878422904403111,0.0007185501078164,-0.5663417190622144,-0.1063753380345626,0.0014142834621462,-0.0605316723983618,0.349681708861504,0.0021398735001284,0.3964006158644318,-0.3263963392910057,0.0019975584237766,-0.2629873215597407,0.936596795888845,0.0027893692516732,1.0059333720305168,0.1319193928088216,0.0017773082845187,0.1762198760654759,0.2629775896840827,0.0009392941209297,0.3269061390689071,-0.3172335519239491,0.0001034206508008,-0.2840194417934021,1
2020-01-23,0.1732123695094323,0.0028385935777598,0.2478137740035238,-0.025318704156533,0.0013945267308408,0.0281015500203765,0.1350475791493607,0.000722949935905,0.1565481505274574,-0.0988725957642623,0.0014051159763796,-0.0530289301280615,0.0640605758608337,0.0021395959504063,0.1107794828637614,0.2735211716056104,0.0020131918999907,0.3369301893368755,0.0447682281833699,0.0027963081723211,0.1141048043250417,-0.4417808356785754,0.0017456722253221,-0.3974803524219211,-0.2490030257737147,0.0009263717744955,-0.1850744763888903,-0.3408528594725878,7.953221318604354e-05,-0.3076387493420408,0
2020-01-24,-0.2229069718818878,0.0028171683844511,-0.1483055673877962,-0.6878344527649856,0.0013425850780613,-0.6344141985880759,-0.1386763096287963,0.000714946983851,-0.1171757382506995,-1.3312424683979995,0.001306865293271,-1.2853988027617986,-0.2628613448510016,0.0021164848348018,-0.2161424378480738,-0.6149419058247516,0.0019679099962498,-0.5515328880934867,-0.3868424457790033,0.0027375294781146,-0.3175058696373316,-0.4850211063080273,0.0017115686147354,-0.4407206230513729,-0.9851476735264404,0.0008763322120736,-0.921219124141616,-0.3648968986923012,5.399293911820663e-05,-0.3316827885617542,0
2020-01-27,-1.5878072002680932,0.0026969355935734,-1.5132057957740015,-1.2480833338836768,0.001249927873771,-1.194663079706767,0.21877089251936,0.0007230968342135,0.2402714638974568,-0.481329111103723,0.0012706026762292,-0.4354854454675222,-1.355428899620954,0.0020175146118716,-1.3087099926180263,-0.9786834441272888,0.0018981677553079,-0.915274426396024,-0.3657125568467231,0.0026823921560485,-0.2963759807050514,-1.0111477954116044,0.0016449349383756,-0.96684731215495,0.9012856735835068,0.0009216743193809,0.9652142229683311,-1.2057164445449349,-3.510421538871116e-05,-1.1725023344143877,1
2020-01-28,1.3811785535409846,0.002792074486346,1.455779958035076,0.6133416013075493,0.0012940170503098,0.666761855484459,0.3963507389439349,0.0007391514145699,0.4178513103220316,0.8952524534433662,0.0013334536677619,0.941096119079567,0.717394416161503,0.0020629913906258,0.7641133231644307,1.0090903291819175,0.0019639577358286,1.0724993469131827,0.3224100536739332,0.0027315779964426,0.391746629815605,0.300089300253576,0.0016602001471292,0.3443897835102303,0.4092740444994435,0.0009419917778171,0.4732025938842679,-0.101628404257057,-4.014140516347561e-05,-0.06841429412651,1
2020-01-29,1.002581639598526,0.0028592603262588,1.0771830440926176,0.1639713249982318,0.0013050553865064,0.2173915791751415,0.5550530865804479,0.0007621792826444,0.5765536579585446,-0.1228717205831345,0.0013230045165171,-0.0770280549469338,-0.0383611900607509,0.0020559279855435,0.0083577169421768,0.7900163251032861,0.0020144355362133,0.8534253428345512,0.5425177271957367,0.0028135147956035,0.6118543033374084,0.5490461119203156,0.0016907506309612,0.59334659517697,-0.5150460557187065,0.0009159511553063,-0.4511175063338821,-0.4442907319207658,-7.092849328311615e-05,-0.4110766217902187,1
2020-01-30,-0.1491717124377027,0.002843362391417,-0.0745703079436111,-0.1389479659039435,0.0012940343274805,-0.0855277117270338,-0.1205995001015974,0.0007549545468193,-0.0990989287235007,0.5944309712058171,0.0013637575376411,0.6402746368420179,0.646296143714716,0.0020960344514029,0.6930150507176437,1.4804221691143735,0.0021110885150477,1.5438311868456385,2.4653298280758733,0.0031830673560085,2.534666404217545,0.9348983553618508,0.0017448531229047,0.9791988386185052,0.3771640912833531,0.0009345405063241,0.4410926406681775,0.4888017511857302,-3.152718252211902e-05,0.5220158613162772,0
2020-01-31,-2.3562779384011856,0.0026698998459735,-2.2816765339070937,-0.8042933397039218,0.0012349984769594,-0.750873085527012,-0.8427878267323728,0.0007157465425343,-0.8212872553542762,-1.3907313686450211,0.0012632405607027,-1.3448877030088202,-1.454700126291379,0.0019917881836259,-1.407981219288451,-0.8711571268023331,0.0020490683604776,-0.8077481090710681,0.3056039113402644,0.0032273600880581,0.3749404874819362,-2.7016827110873534,0.0015752837131856,-2.6573822278306984,-1.392135267582323,0.0008651946865799,-1.328206718197499,-2.061382813192314,-0.0001829197560465,-2.0281687030617666,1
2020-02-03,-0.2159398134587138,0.0026500593907512,-0.1413384089646223,1.7150296871015838,0.0013578423706799,1.7684499412784933,0.7022438886119361,0.0007451125798955,0.7237444599900328,0.3492124473165948,0.0012865642687898,0.3950561129527956,1.409418591492167,0.0020839686973614,1.4561374984950946,1.2708884120376582,0.0021308629610117,1.3342974297689232,4.828266908051133,0.0039442876839405,4.897603484192805,0.5094430333613535,0.0016033869347424,0.5537435166180079,-0.20629030368419,0.0008549868914541,-0.1423617542993656,-1.1344512096829416,-0.0002642131196258,-1.1012370995523943,1
2020-02-04,1.6242926266338065,0.0027608751869356,1.6988940311278982,-1.3291858793620952,0.0012613386052198,-1.2757656251851854,0.7676945181704585,0.0007771464744765,0.7891950895485552,0.6994738556730401,0.0013344089401444,0.7453175213092409,0.7133144525958813,0.0021280953681178,0.760033359598809,1.7381432004826105,0.0022432182883183,1.8015522182138757,3.309563576403475,0.0044308282479983,3.378900152545147,0.7757343626741113,0.0016475150943084,0.8200348459307657,0.5844338359248289,0.0008838055408236,0.6483623853096533,-0.649089103332162,-0.0003089201811785,-0.6158749932016149,0
2020-02-05,0.3450359015653036,0.0027804885854647,0.4196373060593951,-0.0309139157419565,0.0012583610871541,0.0225063384349531,1.2850741722503534,0.0008316480657604,1.30657474362845,0.8343045698267668,0.0013913757984512,0.8801482354629676,-0.1770529985397953,0.0021115177845116,-0.1303340915368676,-0.1302689668495117,0.002230618947511,-0.0668599491182466,-4.297587185314611,0.0037901401642136,-4.228250609172939,-0.2649190223067773,0.0016281266456915,-0.220618539050123,0.9258523150434348,0.0009291720886047,0.9897808644282592,2.231783295572604,-0.0001404425680222,2.264997405703152,1
2020-02-06,0.527319231436672,0.0028127939249134,0.6019206359307635,0.9989123698579032,0.0013287693248731,1.0523326240348128,-0.2690527642093681,0.0008178125441611,-0.2475521928312714,-0.0383030895023709,0.0013868622927105,0.0075405761338298,0.1133159409038761,0.0021146813481653,0.1600348479068038,1.0713885215251715,0.0022976599112297,1.134797539256437,0.4084709644152368,0.0038467313844249,0.4778075405569085,0.0235939117166566,0.0016263357152101,0.067894394973311,-0.3810447293599062,0.000910297232767,-0.3171161799750818,-0.7000678788049535,-0.0001890271398748,-0.6668537686744065,0
2020-02-07,-0.7740810827875481,0.0027535687895862,-0.6994796782934565,0.0547763600917062,0.0013316523565272,0.1081966142686158,-0.906798597098052,0.0007762970682538,-0.8852980257199552,-0.2114015924939621,0.0013703111834927,-0.1655579268577613,-0.4212143750821703,0.0020818327972728,-0.3744954680792427,0.0140951781882538,0.002294477318892,0.0775041959195188,-0.0985900566549084,0.003828554289876,-0.0292534805132366,-0.1327626033488561,0.0016151312221802,-0.0884621200922017,0.025236115600317,0.00091135573942,0.0891646649851414,-0.3593050749992242,-0.0002122647091987,-0.3260909648686772,1
2020-02-10,0.1698093341947737,0.002760748351925,0.2444107386888652,0.9626662149685504,0.0013987268457732,1.01608646914546,-0.0378661059165782,0.0007727943235701,-0.0163655345384815,0.1692979221829602,0.0013803299074047,0.215141587819161,0.4911278033899462,0.0021104264907889,0.5378467103928739,1.3681964811939085,0.0023803134198677,1.4316054989251736,0.6944560883478293,0.0039263886137608,0.7637926644895011,0.9156002261674752,0.001666984164027,0.9599007094241296,-0.8273761376205326,0.0008710103451215,-0.7634475882357082,-0.5529798583592298,-0.0002494907596462,-0.5197657482286827,0
2020-02-11,-0.3850714472543609,0.0027292289029643,-0.3104700427602693,-0.0062208846948869,0.001397039786008,0.0471993694820227,0.0494373973421759,0.0007730923187932,0.0709379687202726,0.0518895271942012,0.0013821485900295,0.097733192830402,0.0571728850686523,0.0021098070028236,0.10389179207158,-1.299012735495756,0.002290865134871,-1.235603717764491,0.0296073067813128,0.0039267214894715,0.0989438829229846,-0.6402337439221232,0.0016253389596922,-0.5959332606654688,0.0324940126357953,0.0008725532016859,0.0964225620206197,0.4346407039996899,-0.0002145236608216,0.4678548141302369,1
2020-02-12,1.1474603272932349,0.0028042944847508,1.2220617317873264,0.2352114670114871,0.0014123185591939,0.2886317211883967,-0.512253180208627,0.0007491834054838,-0.4907526088305303,-0.0458436656362008,0.0013772123450651,0.0,0.4782485803117965,0.0021372386962554,0.5249674873147242,0.0167198876929041,0.0022879121807874,0.0801289054241691,-0.2947253630026006,0.0038799987058173,-0.2253887868609288,0.9833704432823792,0.0016808270531584,1.0276709265390338,0.2249792071171777,0.0008833638824524,0.2889077565020022,0.5684573877847031,-0.0001700955494138,0.6016714979152501,1
2020-02-13,-0.4410422855620644,0.002768973772708,-0.3664408810679728,-0.2288988772989409,0.0013950139647916,-0.1754786231220313,-0.5700437805455162,0.0007229631701532,-0.5485432091674195,-0.0908710143970351,0.0013692161619857,-0.0450273487608343,0.222876963910135,0.0021475260399113,0.2695958709130627,-0.3597127496863584,0.0022605040388831,-0.2963037319550934,1.108451288557309,0.0040364529899666,1.1777878646989808,0.0308644711369882,0.0016793125350771,0.0751649543936425,0.9529115041057988,0.0009290630809141,1.0168400534906232,-0.3063200627739993,-0.0001892383864474,-0.2731059526434523,1
2020-02-14,-0.0619256415132553,0.0027600281936927,0.0126757629808361,0.1260337813959011,0.0014025792957474,0.1794540355728107,0.0005784743781499,0.0007213441694633,0.0220790457562467,-0.203532285912945,0.0013535600861225,-0.1576886202767441,0.7691282209632747,0.0021938667534376,0.8158471279662024,0.4251755290884151,0.0022841439007553,0.4885845468196801,-0.1908914406816499,0.0040046295550081,-0.1215548645399781,0.7901049007202934,0.0017227706085415,0.8344053839769477,0.21994486682703,0.0009393557388189,0.2838734162118544,-0.2593823342222001,-0.0002048634498606,-0.226168224091653,1
2020-02-18,-1.0168763601767563,0.0026855734531103,-0.942274955682665,-0.0296548496915876,0.0013992743405623,0.023765404485322,-0.5680357756953278,0.0006954932211338,-0.5465352043172311,-0.7313351835574101,0.0013019911486873,-0.6854915179212094,-0.0011285579589178,0.0021891190379432,0.0455903490440099,0.491722192174592,0.0023119130794121,0.5551312099058571,1.726744199860346,0.0042482870937389,1.7960807760020174,0.2148247445599614,0.0017319741267282,0.2591252278166158,1.0295633703292415,0.0009881899949784,1.093491919714066,-0.6580420255436342,-0.0002490012545567,-0.6248279154130871,1
2020-02-19,0.6706800269498151,0.0027271123019599,0.7452814314439067,0.1283388221939781,0.0014069309772548,0.1817590763708877,-0.1326091847142373,0.0006883237641914,-0.1111086133361406,0.6602864298390452,0.0013454316332663,0.7061300954752459,0.4749496520739419,0.0022156684635712,0.5216685590768696,0.1007555087137652,0.0023143340041966,0.1641645264450302,1.623254877344534,0.0044754262552161,1.692591453486206,0.5539408808064311,0.0017610537000461,0.5982413640630854,-1.271582064021873,0.000927314851146,-1.2076535146370486,0.3448586609277115,-0.0002210750148858,0.3780727710582586,0
2020-02-20,-0.6025268018074927,0.0026815474965694,-0.5279253973134012,-0.3162362391506196,0.0013838627789501,-0.2628159849737099,-0.3386858393526686,0.0006724800103267,-0.3171852679745719,-0.0458436656362008,0.001340710820518,0.0,-0.0638185562130064,0.0022067752069268,-0.0170996492100787,-0.8992358218719706,0.0022526296030136,-0.8358268041407055,-0.5526039715399412,0.0043908419346785,-0.4832673953982694,-0.5664519420124454,0.0017242784979903,-0.522151458755791,-0.0576394116034564,0.0009243589670535,0.0062891377813678,-0.4247028153140786,-0.0002482103616016,-0.3914887051835316,0
2020-02-21,-1.2394102596195593,0.0025930279912298,-1.1648088551254678,-1.1775642522057672,0.001301740899465,-1.1241439980288574,0.8499317581740663,0.0007068932665446,0.871432329552163,-0.678455560025038,0.0012932990157173,-0.6326118943888372,-0.7861337555261653,0.0021508419377444,-0.7394148485232376,-1.7936131236457349,0.0021342196434743,-1.7302041059144695,-0.0258176636808128,0.0043816704900788,0.0435189124608588,-0.7919165558370773,0.0016745952999503,-0.747616072580423,0.4963396265132373,0.0009475683474459,0.5602681758980618,-0.633413756481856,-0.0002899838953711,-0.600199646351309,0
2020-02-24,-2.518997269398198,0.0024184861619299,-2.444395864904106,-2.2339025928641165,0.0011478226729145,-2.1804823386872068,-1.7293882662149032,0.0006326277437388,-1.7078876948368065,-1.4372634152185892,0.0011951494061698,-1.3914197495823883,-2.419096012245592,0.0019891839428631,-2.3723771052426645,-2.423179718784892,0.0019765552831354,-2.3597707010536277,-1.9056715372387536,0.0041064907905438,-1.8363349610970816,-2.917751029973227,0.0015015606600231,-2.8734505467165725,-1.475923386061775,0.0008778609459161,-1.4119948366769508,-2.3387309200987607,-0.0004521990600537,-2.3055168099682137,0
2020-02-25,-1.8176806145532904,0.0022924767947188,-1.7430792100591987,-1.254817849342606,0.0010618164824988,-1.201397595165696,-0.7371808886664302,0.0006004471853056,-0.7156803172883335,-2.357120790807014,0.0010359894207361,-2.3112771251708137,-3.643669119543137,0.0017493486563314,-3.596950212540209,-0.9665668962768632,0.0019123949220378,-0.903157878545598,-1.069634899837614,0.0039511427682105,-1.0002983236959422,-3.1740244735402725,0.0013148674351853,-3.129723990283618,-1.293229367993418,0.0008171998447465,-1.2293008186085936,-1.919374671879008,-0.000583701311399,-1.8861605617484607,0
2020-02-26,0.7417578746100978,0.0023394364586081,0.8163592791041894,0.0988268441600477,0.0010685004831405,0.1522470983369573,-0.5773004477203316,0.0005751644566065,-0.555799876342235,0.1099712614631329,0.0010428185450735,0.1558149270993337,-0.9052982081209966,0.0016878887463159,-0.8585793011180689,0.6204335129287356,0.001949011238696,0.6838425306600006,-0.7190021917716467,0.0038461544867399,-0.649665615629975,-0.4225165802255975,0.0012884624535481,-0.3782160969689432,-0.4589966535654766,0.0007959207889233,-0.3950681041806522,-1.1137848847298522,-0.0006576542116829,-1.0805707745993052,0
2020-02-27,-3.438483610864363,0.0021059614951194,-3.363882206370271,-2.815728841142548,0.0008775308370863,-2.762308586965638,-2.6517804719263185,0.000463743671899,-2.6302799005482216,-2.2002980446060496,0.0008957265716315,-2.1544543789698487,-2.245161265003738,0.0015406853122802,-2.1984423580008103,-3.919743221539429,0.0016993276996326,-3.856334203808164,-3.223958071879067,0.0033910096795973,-3.154621495737395,-2.347280162476128,0.0011514003829556,-2.302979679219473,-2.264815510773644,0.0006907398262033,-2.20088696138882,-2.9948411734606872,-0.0008628941052637,-2.9616270633301403,0
2020-02-28,-0.1046945352680647,0.0020967149547931,-0.0300931307739732,0.88645728904126,0.0009380201996715,0.9398775432181696,-2.785688479101242,0.0003475363316902,-2.7641879077231453,-2.2895970906968244,0.0007437182729412,-2.2437534250606235,0.7843363658257715,0.0015886528549978,0.8310552728286992,1.2618106229257662,0.0017766947305915,1.3252196406570311,-0.4685094132250411,0.0033236349116228,-0.3991728370833693,0.5378157590594864,0.0011808501581846,0.5821162423161408,-1.8892736273007955,0.0006037006273353,-1.8253450779159712,1.567118468276791,-0.0007481861664812,1.6003325784073377,1
2020-03-02,4.716397344992279,0.0024083721014286,4.790998749486371,1.7341117093803209,0.0010551727793497,1.7875319635572304,3.3927495356914825,0.0004874290824451,3.414250107069579,2.366421314985147,0.0009007381878426,2.412264980621348,2.99953006806977,0.0017777765134899,3.046248975072698,3.57837858189416,0.0019984842236151,3.6417875996254256,2.7178575202585917,0.0036999935007342,2.787194096400263,3.43799322128896,0.0013759635762703,3.4822937045456146,5.577950005152589,0.0008624258919129,5.641878554537413,2.3012519597220056,-0.0005831788322854,2.334466069852553,0
2020-03-03,-1.708953278915069,0.0022917586179062,-1.6343518744209773,-1.8363965385698444,0.0009319230449623,-1.7829762843929349,-2.643647668505071,0.0003777834780897,-2.6221470971269745,-1.9885788836485916,0.0007695942267978,-1.9427352180123905,-2.62330119966967,0.0016077040887494,-2.5765822926667417,-2.6861064154595926,0.0018281160368224,-2.622697397728328,-0.0067686763923136,0.0036960399718101,0.062567899749358,-2.0991686044537827,0.001254147663096,-2.0548681211971283,-1.9627752242435572,0.0007720088829216,-1.8988466748587327,-2.3898425998952533,-0.0007446160139262,-2.3566284897647063,1
2020-03-04,2.3123755559127552,0.0024417345747364,2.3869769604068467,1.6148816519590474,0.0010403255654648,1.6683019061359572,4.801182933674584,0.0005744247809067,4.82268350505268,1.2334128553128825,0.0008510213778042,1.279256520949083,1.855650646207942,0.0017229136944036,1.90236955321087,1.946050246962827,0.0019467785654445,2.009459264694092,0.0624163477316915,0.0037016725480014,0.1317529238733632,2.715498514031509,0.0014066450399908,2.759798997288164,2.46886840108812,0.0008856637048956,2.532796950472944,1.0412688560659913,-0.0006678234714548,1.0744829661965385,0
2020-03-05,-1.7438279509937615,0.0023235013147156,-1.6692265464996698,-2.513931369159879,0.0008728033272138,-2.4605111149829693,-0.8706297753007035,0.0005377468576721,-0.8491292039226068,-2.5858675899903294,0.0006818273017083,-2.540023924354129,-2.109118489494612,0.0015866872085367,-2.062399582491684,-1.4368979050101511,0.001855111306658,-1.3734888872788862,-0.8891519705278575,0.0035762355887029,-0.8198153943861858,-2.3034297935732244,0.00127398779885,-2.25912931031657,-0.6032502539636027,0.0008579851298346,-0.5393217045787783,-2.2019842788238297,-0.0008149399502234,-2.1687701686932823,0
2020-03-06,-0.7579977492186523,0.0022707866792021,-0.6833963447245607,-0.7891845351001215,0.0008209808609601,-0.7357642809232119,-0.0097956323476094,0.0005364072783397,0.0117049390304872,-2.721467298069473,0.0005049279691173,-2.6756236324332723,-0.732797412840159,0.0015380990315633,-0.6860785058372313,-1.610527518514003,0.0017533458785054,-1.5471185007827382,-0.7848842075641022,0.0034659553844524,-0.7155476314224304,-0.8770250646050549,0.0012227026373316,-0.8327245813484005,0.7733443677700332,0.0008932660049324,0.8372729171548576,-2.4100054308663594,-0.0009753420486742,-2.3767913207358125,0
2020-03-09,-4.1447138271430255,0.0019968377319156,-4.070112422648934,-3.191553397778037,0.0006104651525579,-3.1381331436011277,-3.283423543763539,0.0004020818471037,-3.261922972385442,-7.058690595268288,4.7150482909888206e-05,-7.012846929632087,-4.7172029796678325,0.0012396378839584,-4.670484072664904,-3.7726895157521705,0.0015192524857656,-3.7092804980209055,-3.410543869904307,0.0029972981030148,-3.341207293762636,-4.341439755393468,0.0009769635360329,-4.297139272136813,-0.1081768082710277,0.0008882474573866,-0.0442482588862033,-6.049639493355994,-0.0013836661193574,-6.016425383225448,1
2020-03-10,3.631642203625984,0.0022318188351312,3.706243608120076,2.430588593573389,0.0007723117417026,2.4840088477502986,3.1371577483918163,0.0005286260630444,3.1586583197699127,3.976705829082316,0.0003077191152425,4.0225494947185165,3.751492668386714,0.0014731858017364,3.798211575389642,3.679352646425038,0.0017436312603271,3.742761664156304,1.4421251020348875,0.0031932736926814,1.5114616781765593,3.969196802173056,0.0011986012982929,4.013497285429711,1.5991873675781945,0.0009605955281948,1.6631159169630187,1.7891301580743748,-0.0012547673544029,1.822344268204922,0
2020-03-11,-1.8618392200401583,0.002108199644182,-1.7872378155460666,-2.6167926962901986,0.0006011628695304,-2.563372442113289,-5.779187076791295,0.0002945101255999,-5.757686505413198,-2.482798514944904,0.0001492637846214,-2.436954849308703,-2.112596044795543,0.0013394000422281,-2.0658771377926155,-2.54285239123985,0.0015862880277007,-2.479443373508585,-0.4927675506223075,0.003125067249995,-0.4234309744806358,-3.2088615256534414,0.0010178438909544,-3.164561042396787,-3.3789780054483054,0.0008077339694682,-3.315049456063481,-1.654440022294378,-0.0013607435411313,-1.621225912163831,0
2020-03-12,-5.156557403296991,0.0017719903144259,-5.081955998802899,-4.226251212602182,0.0003256707185335,-4.172830958425272,-4.039624469388803,0.0001319199615371,-4.018123898010707,-4.313456350587521,-0.0001260006379279,-4.26761268495132,-5.66384645564442,0.0009857359410831,-5.617127548641491,-5.254041636258919,0.0012648729763016,-5.190632618527654,-2.9292033032296207,0.0027274089491246,-2.859866727087949,-4.500286358622495,0.0007664026334281,-4.45598587536584,-6.784440643352767,0.0005026736010927,-6.720512093967942,-5.660477825258583,-0.0017373418133902,-5.627263715128036,1
2020-03-13,6.090774838471479,0.0021641367064346,6.1653762429655705,4.646572829323418,0.0006316039703707,4.699993083500328,5.846897017139487,0.0003667237995315,5.868397588517584,9.279668889191008,0.0004728390023205,9.325512554827208,6.283206618368718,0.0013746656008103,6.329925525371645,7.717673406693353,0.0017329910894613,7.781082424424618,-0.6810933900311859,0.0026357878111193,-0.6117568138895141,5.847248086413882,0.0010907278459041,5.891548569670536,7.092050472623096,0.0008218943151976,7.15597902200792,1.211054675495534,-0.0016475756773781,1.244268785626081,0
2020-03-16,-6.694811759227797,0.0017309886627654,-6.620210354733705,-5.970469387774805,0.0002442760854345,-5.917049133597895,-4.440338893954646,0.000188961320085,-4.4188383225765495,-7.793541291174482,-2.425258432666045e-05,-7.747697625538281,-6.869992111404004,0.0009487411021388,-6.823273204401076,-8.130282707074722,0.0012392059299455,-8.066873689343456,-4.642715452771622,0.0020119008827518,-4.57337887662995,-8.156443250504278,0.0006385333827468,-8.112142767247624,-4.8299542767967925,0.0006061608245126,-4.766025727411968,-4.719744623441163,-0.0019574363265703,-4.6865305133106165,1
2020-03-17,2.1881079939443526,0.0018703909213541,2.262709398438444,2.082379261594054,0.0003820647236237,2.135799515770964,6.14559743399,0.0004339217900955,6.167098005368097,3.118172089516267,0.0001775231589365,3.164015755152468,0.4606948259950728,0.0009768419644782,0.5074137329980005,4.443004209045574,0.001506854858605,4.506413226776838,-0.8918163980027586,0.0018949953887203,-0.8224798218610868,2.272005729511704,0.0007640896746859,2.3163062127683585,8.610626813501282,0.0009905799389097,8.674555362886107,3.277282243013512,-0.0017289765057386,3.310496353144058,0
2020-03-18,-1.3343551579193678,0.0017837118781057,-1.259753753425276,-1.2757010233551247,0.0003017534365851,-1.2222807691782152,-1.010509272513788,0.0003932399961195,-0.9890087011356912,-5.495873920149191,-0.000169339646692,-5.450030254512991,-2.2894956776097537,0.0008360367373311,-2.242776770606826,-2.3674006877336184,0.0013634233913865,-2.303991670002353,-4.016595106636562,0.0013613143479723,-3.9472585304948895,-3.613100128617514,0.0005655281655967,-3.5687996453608597,1.99856177062323,0.0010788956111002,2.062490320008054,-4.966755605177926,-0.0020530407325402,-4.933541495047379,1
2020-03-19,-0.4688980568977572,0.0017527419044836,-0.3942966524036657,0.901125940824482,0.0003622996593027,0.9545461950013916,-4.878956042055324,0.0001997871312189,-4.857455470677228,0.8243362895898875,-0.0001136770412393,0.8701799552260884,-0.2301945488821475,0.0008220765059428,-0.1834756418792197,0.8370817861575575,0.0014128970802673,0.9004908038888225,4.457239087308134,0.0019597259145585,4.5265756634498056,1.4761138254756594,0.000646922407612,1.520414308732314,-1.6362710676822276,0.0010057754450428,-1.5723425182974031,1.9133966694528133,-0.0019166270453743,1.9466107795833607,0
2020-03-20,-3.341588992303961,0.001539545336121,-3.2669875878098686,-2.0417288309994674,0.0002333566646187,-1.9883085768225577,-4.692153668795197,1.496451624476374e-05,-4.670653097417101,-1.1383371799192927,-0.0001822656782312,-1.0924935142830918,-3.759812807452744,0.0005930845348126,-3.713093900449816,-2.1190294979203497,0.0012855401858537,-2.0556204801890847,-0.0756675301319052,0.0019524811448537,-0.0063309539902335,-2.176013627514225,0.0005284703623569,-2.1317131442575703,-3.4628550175643538,0.0008525632906343,-3.3989264681795297,-2.448928677726721,-0.002070771537165,-2.415714567596174,0
2020-03-23,-1.1678339361874237,0.001465331405652,-1.093232531693332,-0.7237925995246729,0.0001896619977738,-0.6703723453477632,-6.070223253296892,-0.0002228160565074,-6.048722681918795,-2.8174031239419914,-0.0003560478776141,-2.7715594583057905,-2.106075437377456,0.0004660479516478,-2.059356530374528,-0.6093581299261269,0.001248860722587,-0.545949112194862,0.3199080324676288,0.0019976253335162,0.3892446086093005,-4.567048814797989,0.0002807246610748,-4.522748331541334,0.1376191979737255,0.0008586474449122,0.2015477473585499,-1.972368940251592,-0.0021923704461959,-1.9391548301210448,1
2020-03-24,5.088183796676014,0.0017863053447099,5.162785201170106,3.6076164742256873,0.000422759036488,3.661036728402597,5.973990855527033,1.2781998551077992e-05,5.99549142690513,6.112104149075789,3.128469300531883e-05,6.1579478147119895,8.85990701822625,0.0010038504263568,8.906625925229179,4.91146474298602,0.0015399231548773,4.974873760717284,3.938811996672499,0.0025197677617698,4.008148572814171,8.244735990000443,0.0007292486323635,8.289036473257097,0.422281018491564,0.0008771668778255,0.4862095678763884,6.210618081818738,-0.0017733424120216,6.243832191949284,1
2020-03-25,-0.3580901224590452,0.001762696375875,-0.2834887179649537,-1.3311945835856205,0.0003400844614744,-1.2777743294087107,0.1314949339602402,1.8714866807357324e-05,0.152995505338337,1.886189293809008,0.0001519527860874,1.9320329594452088,4.343337168885939,0.0012655689027177,4.390056075888867,-0.5873353884181453,0.00150396004833,-0.5239263706868803,1.6002611017244677,0.0027311010845761,1.6695976778661394,2.765099565932695,0.0008787226149192,2.8094000491893496,-3.6900563380066735,0.0007159339669896,-3.626127788621849,2.535851213675582,-0.0015986689040074,2.569065323806129,1
2020-03-26,2.633413392950183,0.0019267625986447,2.708014797444275,2.776666823701913,0.0005184885829243,2.8300870778788227,4.955313316183103,0.0002123643613767,4.9768138875612,3.560674652447051,0.0003761750389397,3.606518318083252,1.3539626315146291,0.0013457535540502,1.4006815385175568,3.360097876966955,0.0017008860237028,3.42350689469822,-0.5756093640602812,0.0026559503667561,-0.5062727879186094,2.5836668238930858,0.0010174583483833,2.6279673071497407,0.2204980491553883,0.0007260085645488,0.2844265985402127,1.986074704968929,-0.0014611574657094,2.0192888150994754,0
2020-03-27,-2.205187779616815,0.0017874405142727,-2.130586375122724,-2.356463506073722,0.0003712182304915,-2.303043251896812,-2.2543553255519155,0.0001250527540367,-2.232854754173818,-3.734074363583584,0.0001459006905568,-3.688230697947383,-3.210740251553328,0.0011516861013234,-3.1640213445504,-2.3107206973740086,0.0015633889332107,-2.247311679642744,-0.7125505377375384,0.0025633962050296,-0.6432139615958666,-2.639810519724329,0.0008748145379191,-2.595510036467674,-0.2258316616576215,0.0007166474642407,-0.1619031122727971,-2.4039534006439305,-0.0016113498534301,-2.3707392905133835,1
2020-03-30,1.3939854916455765,0.0018731800231603,1.4685868961396678,1.597978147103961,0.0004740986407319,1.6513984012808705,6.606825038305059,0.0003809889294843,6.628325609683157,1.300586570332022,0.0002287877223818,1.3464302359682228,1.1657505262419394,0.0012204712150974,1.2124694332448671,3.7864365146782095,0.0017838289057037,3.849845532409476,-0.6546689155287243,0.0024789713819509,-0.5853323393870525,1.441989963963407,0.0009515648336043,1.486290447220061,3.7290301727462087,0.000878439009749,3.792958722131033,0.6993305899649244,-0.0015584783579765,0.7325447000954715,0
2020-03-31,-0.1796285185567842,0.0018606748830215,-0.1050271140626926,0.6404940229445127,0.0005161743290992,0.6939142771214224,-1.1929050460835708,0.0003346147653255,-1.1714044747054742,-1.967238432365894,0.0001094872952775,-1.9213947667296931,-2.52176937503544,0.0010690963289519,-2.4750504680325123,-0.9241878941509905,0.0017278827414518,-0.8607788764197253,1.0028624413762164,0.0026102029826266,1.0721990175178882,-1.6537036112616847,0.0008626560748396,-1.6094031280050305,-1.0737313428434447,0.0008320866392518,-1.0098027934586202,0.5836412836918604,-0.0015134548848846,0.6168553938224075,0
2020-04-01,-2.7823051814488338,0.0016871785249224,-2.7077037769547423,-2.6730991159351256,0.0003504912846093,-2.619678861758216,-1.487827894860395,0.0002772030845873,-1.466327323482298,-3.306437634538329,-9.143219056419562e-05,-3.260593968902128,-2.9212324855136904,0.0008949594498376,-2.8745135785107627,-2.006825474554269,0.0016092963982181,-1.943416456823004,-2.063161245417804,0.0023439526847431,-1.9938246692761323,-3.0212487305757256,0.000701581539715,-2.976948247319071,0.2751348185423208,0.0008440115899419,0.3390633679271452,-0.603547413281643,-0.001545541294704,-0.5703333031510959,1
2020-04-02,0.7841168898876674,0.0017347968691818,0.8587182943817588,0.6355626947156707,0.0003923844201916,0.6889829488925804,2.770905076654747,0.0003832851909002,2.7924056480328434,1.8873434280375965,2.739780960258752e-05,1.9331870936737972,2.3620527037989425,0.0010347334284837,2.40877161080187,1.069993902943298,0.0016699286122229,1.133402920674563,-1.4541819569964205,0.0021579253284428,-1.3848453808547487,1.6295892816158997,0.0007880965102608,1.673889764872554,2.863501257430945,0.0009667705977725,2.9274298068157694,3.7303801335526794,-0.0012978653742421,3.763594243683225,0
2020-04-03,-0.8141683189549213,0.0016838273862119,-0.7395669144608297,-1.1611854474422427,0.0003222156290042,-1.1077651932653332,0.6134109560019054,0.0004063153635801,0.6349115273800021,-1.5761106964418914,-6.622531868649414e-05,-1.5302670308056905,-0.4619803554150559,0.0010069505515066,-0.4152614484121282,-0.5674966466574574,0.0016354978177726,-0.5040876289261923,1.3140977922463684,0.0023289361563144,1.38343436838804,-2.1520362584355586,0.0006742133450553,-2.107735775178904,0.4543430495579073,0.0009858485114144,0.5182715989427317,-1.482872626437161,-0.0013869720462459,-1.449658516306614,1
2020-04-06,4.414671769323987,0.0019537123150954,4.489273173818078,4.158414112030108,0.0005824400909054,4.211834366207017,3.4314803327508403,0.0005364643496974,3.4529809041289368,3.286577330751205,0.0001370327713161,3.332420996387406,6.493097739229472,0.001388531300323,6.539816646232399,4.006853730903586,0.0018649376066822,4.070262748634851,1.788727501861353,0.0025596889609743,1.858064078003025,6.892134544864029,0.001037505398975,6.936435028120684,4.022420873131651,0.001156731204409,4.086349422516475,1.5482943765335977,-0.0012812256680262,1.5815084866641445,0
2020-04-07,-0.6706314276474603,0.0019111462589712,-0.5960300231533688,-0.0805075190984574,0.0005789337018734,-0.0270872649215478,-1.373561895767704,0.0004834757085585,-1.3520613243896074,0.6370425652070251,0.000178080238708,0.6828862308432259,-1.429849640992978,0.0013030469658667,-1.3831307339900505,-0.6528698907052588,0.0018252049100662,-0.5894608729739939,1.3235727974086289,0.0027295711875338,1.3929093735503004,-0.3446757538742595,0.0010184684701021,-0.3003752706176051,-2.4616291578786744,0.0010513230611584,-2.3977006084938504,0.9031878199420194,-0.0012173641832609,0.9364019300725664,1
2020-04-08,1.2425049262202048,0.0019853888613607,1.3171063307142965,0.9976900294598092,0.0006419056995434,1.0511102836367188,3.462895502932997,0.0006137550896646,3.4843960743110944,2.044701846693288,0.0003041033011639,2.0905455123294883,2.496622512916976,0.0014476565342579,2.543341419919904,0.4856104034560957,0.0018509288845124,0.5490194211873608,0.0836606284650533,0.0027404972794153,0.1529972046067251,2.211120632690413,0.001133348865522,2.255421115947068,-0.1550155426953424,0.0010441733014749,-0.0910869933105181,3.08149311635349,-0.0010151540911257,3.114707226484037,1
2020-04-09,0.296762022448569,0.0020017360289106,0.3713634269426605,-0.071537350177021,0.0006387865581143,-0.0181170960001113,-1.1958673918388882,0.0005675562674781,-1.1743668204607915,4.598861077288299,0.0005835082764588,4.6447047429245,-0.3534725723695193,0.0014252545520064,-0.3067536653665916,-0.0601115689770976,0.0018453330061226,0.0032974487541673,1.014326658575127,0.0028694962175497,1.0836632347167987,-0.4721661273627488,0.0011074780412684,-0.4278656441060944,-0.0882553786276342,0.0010398841588599,-0.0243268292428098,-0.8412931443679044,-0.0010632921624065,-0.8080790342373574,1
2020-04-13,0.93545000908065,0.0020566456443923,1.0100514135747416,0.1084393520474595,0.0006467108817443,0.1618596062243691,-0.8782780925010735,0.0005335830489039,-0.8567775211229768,-2.3483029776423554,0.0004431465434633,-2.3024593120061545,-1.252841808602634,0.0013507388732464,-1.2061229015997064,0.0592241434285141,0.0018465644756122,0.1226331611597791,3.2795793175664985,0.003284352593912,3.34891589370817,-1.6646761287894731,0.0010197285251219,-1.6203756455328189,2.0650274511488225,0.0011261638575056,2.1289560005336465,-0.4554107053063285,-0.0010867043414886,-0.4221965951757814,1
2020-04-14,2.524296870872529,0.0022070996317819,2.5988982753666208,2.250027866040417,0.0007853563497257,2.3034481202173267,3.6904250636911775,0.0006710190078059,3.7119256350692753,-1.4641937140524062,0.0003566901730206,-1.4183500484162053,1.4559035506558706,0.0014335751383749,1.5026224576587983,2.644885126861328,0.0019945047586614,2.708294144592593,2.1596382989491976,0.0035553470676888,2.228974875090869,1.9506719053186123,0.0011200270267179,1.994972388575267,2.123797911804326,0.001214371187235,2.18772646118915,-0.4130372080052656,-0.001107297233773,-0.3798230978747186,0
2020-04-15,-0.5442919952060662,0.0021720088737677,-0.4696905907119747,-0.3721864464127334,0.000763520564523,-0.3187661922358238,0.9036051142690136,0.0007034997293966,0.9251056856471104,-2.599236418649431,0.0002028940625251,-2.55339275301323,-2.736362668228361,0.0012738363657921,-2.689643761225433,-0.6368672537310531,0.0019558911984619,-0.5734582359997881,0.6221394754468683,0.0036313022726513,0.6914760515885401,-3.0139931618889824,0.0009630189533887,-2.969692678632328,-0.2017524105754636,0.0012048521340488,-0.1378238611906392,-2.2950436893476307,-0.0012461540734601,-2.261829579217084,0
2020-04-16,0.3342989802914713,0.0021898295736595,0.4089003847855629,-0.0481645802914422,0.0007614829622028,0.0052556738854673,1.106624959682916,0.0007433405397001,1.1281255310610128,-2.0189034383842293,8.464386739504107e-05,-1.9730597727480288,-2.2111753834428414,0.0011453144387261,-2.1644564764399137,1.5796821385090307,0.0020425118278514,1.6430911562402957,0.4494364559756327,0.0036851359126277,0.5187730321173044,-1.3215696525257397,0.0008942125008918,-1.2772691692690854,1.9902076385196796,0.0012867068622088,2.054136187904504,-1.6502021407753389,-0.0013437138997202,-1.6169880306447917,1
2020-04-17,-0.7728653618660144,0.0021413410390142,-0.6982639573719229,0.8190217478882815,0.0008119215168182,0.8724420020651913,1.2797677580149067,0.0007893642828806,1.3012683293930034,4.607949664572839,0.0003609657135033,4.65379333020904,2.8237295896733863,0.0013065106085951,2.8704484966763144,0.41885117852336,0.0020633391534881,0.4822601962546251,0.2174004675310417,0.0037096361823926,0.2867370436727134,2.5806798788030734,0.0010263439033337,2.624980362059728,-0.1814888419420616,0.001277865380551,-0.1175602925572372,5.083128179707099,-0.0010197060844804,5.116342289837647,0
2020-04-20,-1.1427510823698075,0.0020711016147181,-1.0681496778757162,-0.7632239093237839,0.0007666205087387,-0.7098036551468743,-0.2122950996080556,0.000779881202422,-0.1907945282299589,-1.933315832709063,0.0002480271008403,-1.887472167072862,-1.7462348518174098,0.0012052756255802,-1.699515944814482,-1.1482284905437363,0.001996209972158,-1.0848194728124716,-0.3152216012440164,0.0036676181316473,-0.2458850251023446,-1.923296869969984,0.000926940829952,-1.8789963867133292,-1.3368595613796583,0.0012212417553233,-1.272931011994834,-2.3561830963474164,-0.0011613644905863,-2.322968986216869,0
2020-04-21,-1.665261311375551,0.0019702409406613,-1.590659906881459,-2.029071133653678,0.0006454828918341,-1.9756508794767684,-1.1088951262517843,0.0007373725022087,-1.0873945548736876,-1.5474761951596336,0.0001585700522263,-1.5016325295234327,-1.4056758009472856,0.001124083213233,-1.358956893944358,-2.3269346213625246,0.001863631488197,-2.26352560363126,-2.0364609179154054,0.0034120358744809,-1.9671243417737336,-1.3898037780747208,0.0008553912403919,-1.3455032948180663,-0.4290837446939921,0.0012024346043188,-0.3651551953091677,-0.2961369362252553,-0.0011741502935879,-0.2629228260947083,1
2020-04-22,1.4076540574543557,0.0020520505119361,1.4822554619484472,1.887116793839719,0.0007598410833459,1.9405370480166289,1.8112350649740745,0.0008025443011993,1.832735636352171,0.1227367897615007,0.0001680139724799,0.1685804553977015,2.479616615566008,0.0012643035024654,2.526335522568936,1.795538213056129,0.0019615011754129,1.858947230787394,1.5577976066257906,0.0036031480471018,1.6271341827674624,2.2161915810187747,0.0009678748005002,2.260492064275429,1.3007501580805658,0.0012549265859367,1.36467870746539,1.3725910739970717,-0.0010834836188808,1.405805184127619,0
2020-04-23,-0.274042608444464,0.0020340332728275,-0.1994412039503724,0.4622795911641262,0.0007883513687411,0.5156998453410359,1.3436397416550132,0.0008501710180381,1.3651403130331097,-0.0168573344211596,0.0001692050504407,0.0289863312150411,-0.2658649962862981,0.0012480378680203,-0.2191460892833704,-0.7258086421825294,0.0019187527634566,-0.6623996244512643,-0.9597358676207206,0.0034822586524933,-0.8903992914790488,-0.1197738684913469,0.0009611019341232,-0.0754733852346925,-1.78676884212004,0.0011804310502005,-1.7228402927352158,1.5087679974625623,-0.0009849578498871,1.5419821075931095,1
2020-04-24,1.4110551744515532,0.002115353996798,1.4856565789456446,0.1638347680052129,0.0007989069186256,0.2172550221821226,-0.3679246599748673,0.0008349282554076,-0.3464240885967706,0.718668787753222,0.0002134400635864,0.7645124533894226,0.5610273631619452,0.0012786029392718,0.6077462701648728,0.9359458439823124,0.0019682694129808,0.9993548617135772,0.6116614851257587,0.0035555343696563,0.6809980612674305,0.2940004154131642,0.0009753094807012,0.3383008986698185,0.4606251015937671,0.0011983090880886,0.5245536509785915,0.2839362101246145,-0.0009624453439269,0.3171503202551615,1
2020-04-27,-0.0382369228138868,0.0021110980908745,0.0363644816802046,-0.2821029584466507,0.0007829090890135,-0.228682704269741,-0.3265314595859002,0.0008212865030464,-0.3050308882078035,2.185769882745995,0.00034301940911,2.231613548382196,1.2711692777341346,0.0013489960084873,1.3178881847370625,-0.2201712268697926,0.0019536697841692,-0.1567622091385275,2.429239781328812,0.0038514276871363,2.498576357470484,1.5446710036020492,0.0010525311143779,1.5889714868587037,-0.7164428772087005,0.001168080547562,-0.6525143278238761,0.2031213662527705,-0.0009450298159872,0.2363354763833176,0
2020-04-28,-0.9087455012026768,0.002055915803433,-0.8341440967085852,-1.584966370096853,0.000689848029875,-1.5315461159199433,-1.5792419029843827,0.0007621993414841,-1.557741331606286,0.3207689654022109,0.0003633151925888,0.3666126310384117,-0.1518913532095101,0.0013390247143666,-0.1051724462065824,-1.3967285405650656,0.0018744083482681,-1.3333195228338004,-0.9825319677276296,0.0037280936358992,-0.913195391585958,-0.2220957783544007,0.0010404175741509,-0.1777952950977463,-0.2371716565866251,0.0011575189927223,-0.1732431072018007,1.120445913358215,-0.0008715773525577,1.1536600234887622,1
2020-04-29,1.6156281553075358,0.0021483761646145,1.6902295598016277,4.468508327193252,0.0009547748025392,4.521928581370162,-0.6510997357574837,0.0007370974786689,-0.629599164379387,1.3504792685996088,0.0004432161836842,1.3963229342358094,3.821719530194328,0.0015516602358683,3.868438437197256,2.3926068424791693,0.0020035361021545,2.4560158602104343,0.935371647447946,0.0038394593514811,1.0047082235896176,3.641221369409604,0.0012221216014571,3.6855218526662585,-2.610703653933864,0.0010508141392061,-2.54677510454904,2.691830265363086,-0.0007026834089677,2.725044375493633,0
2020-04-30,1.011020477788519,0.0022051062902832,1.0856218822826105,0.1178453343832274,0.0009619983375599,0.171265588560137,-0.1318076976656008,0.0007309056843122,-0.110307126287504,-1.156853501389861,0.0003776393460484,-1.1110098357536604,-1.694860780566826,0.001454984714943,-1.648141873563898,0.4856636062637167,0.0020275737929526,0.5490726239949817,-0.6422500691941495,0.003758285296766,-0.5729134930524777,-1.0555529631897005,0.0011679002234317,-1.011252479933046,-1.2927206862237206,0.0009980102937632,-1.2287921368388963,-1.0598202709218307,-0.0007630334104606,-1.0266061607912838,0
2020-05-01,-0.90307705510572,0.0021504663615644,-0.8284756506116285,-1.1629918352391702,0.0008940029069608,-1.1095715810622604,-0.9881622495734944,0.0006939068458519,-0.9666616781953976,-1.4028726240052831,0.0002982691637183,-1.3570289583690829,-1.2615619438556007,0.0013830089113887,-1.214843036852673,-1.480483077860086,0.0019442335458953,-1.4170740601288212,-2.605762011601393,0.0034395032112048,-2.536425435459721,-1.0997189090621275,0.0011118008625091,-1.0554184258054733,0.7711206464330379,0.0010286762612221,0.8350491958178623,-3.5599204698522957,-0.0009746633253293,-3.5267063597217487,1
2020-05-04,0.6534937058178197,0.0021861751970001,0.7280951103119112,0.1620273770054449,0.0009039497607718,0.2154476311823545,-0.0326590908684359,0.0006914409376896,-0.0111585194903392,-0.6621178789552036,0.0002619543782914,-0.6162742133190029,0.0570589409205494,0.001384653123801,0.1037778479234771,1.2753216086118495,0.0020112447359182,1.338730626343115,2.03219421733609,0.0036833367966962,2.101530793477762,0.1535147725932747,0.0011183237636631,0.1978152558499291,0.4062242603563482,0.0010445013499006,0.4701528097411726,1.9518195453536171,-0.0008517213295094,1.9850336554841643,1
2020-05-05,0.6977646516007632,0.0022242249019742,0.7723660560948548,0.9507693507649408,0.0009598562701591,1.0041896049418506,0.6660125874251286,0.000714004938347,0.6875131588032252,-0.1244946035917442,0.0002566691617947,-0.0786509379555434,0.8931673843404541,0.0014325590389167,0.9398862913433818,0.5241816997039266,0.0020371338917195,0.5875907174351916,0.1576964048370182,0.0036997733277577,0.2270329809786899,0.7341483846115522,0.0011535810250238,0.7784488678682064,0.5529451992699214,0.0010661089948738,0.6168737486547458,-0.0880560013459914,-0.0008525005865811,-0.0548418912154443,0
2020-05-06,0.4563198794213435,0.0022481682439793,0.530921283915435,-0.1887630245896202,0.0009491433266453,-0.1353427704127105,-0.8087015435994486,0.0006837909037755,-0.7872009722213519,-1.019400828721985,0.0002002751316922,-0.973557163085784,-0.3480872477976928,0.0014116918787483,-0.3013683407947651,0.4755533812163205,0.0020602411895505,0.5389623989475856,0.3911528226140905,0.0037441699331358,0.4604893987557622,0.0698067612981763,0.0011558058739248,0.1141072445548307,-0.913325465094338,0.0010290353933903,-0.8493969157095135,-0.9553656773345038,-0.0009054138207465,-0.9221515672039567,1
2020-05-07,0.457752580162539,0.002272052453622,0.5323539846566305,0.8481377637832673,0.0009986340373966,0.901558017960177,-0.2957494327612547,0.0006720125325473,-0.274248861383158,0.4932800744849481,0.0002304020989457,0.5391237401211489,1.1400414182916172,0.0014728171678901,1.186760325294545,0.2544103449532429,0.002071293246586,0.3178193626845079,-0.1492372565352194,0.0037235508620159,-0.0799006803935477,1.2753867752520822,0.0012174071829853,1.3196872585087367,-0.5889821630161167,0.0010050944871595,-0.5250536136312923,0.2464867662892118,-0.0008859782789722,0.2797008764197588,1
2020-05-08,1.1502488491060991,0.0023353751801499,1.2248502536001906,0.5059569172797868,0.0010280454416882,0.5593771714566964,0.6017944994746193,0.0006921556015963,0.623295070852716,0.7999038101456672,0.0002777710199519,0.8457474757818679,0.7176947863422297,0.0015104158527554,0.7644136933451574,0.2585405081200773,0.0020825022396198,0.3219495258513423,1.1734637158175922,0.0038610832499171,1.242800291959264,0.7323606663114632,0.0012519741210336,0.7766611495681175,0.5742787463272425,0.0010274742918945,0.6382072957120669,2.1249475185513758,-0.0007543970779772,2.1581616286819227,0
2020-05-11,0.7351447893776968,0.0023746711812183,0.8097461938717883,0.6538125422224215,0.001065809703501,0.7072327963993311,0.2070382231847474,0.0006982124500164,0.2285387945628441,-1.5705475472817478,0.0001905926385487,-1.524703881645547,-0.2764371309386279,0.0014934226646332,-0.2297182239357001,0.5470927947795454,0.0021091063375927,0.6105018125108105,-0.3135820922594558,0.0038206646807163,-0.244245516117784,-0.5392724379514956,0.0012240622209854,-0.4949719546948412,0.3760002394720579,0.0010418745319345,0.4399287888568823,-0.502141409746021,-0.0007801264754527,-0.4689272996154738,0
2020-05-12,-0.6627082262480615,0.0023343115382399,-0.5881068217539699,-1.0828657979240668,0.0010035090102494,-1.029445543747157,-1.116446669046087,0.0006575405410623,-1.0949460976679903,-1.7376397518518056,9.448714259617088e-05,-1.691796086215605,-1.785520899644964,0.0013942349332908,-1.7388019926420362,-1.3031875223458027,0.0020367053372822,-1.2397785046145378,-0.1263818205220693,0.0038027175023771,-0.0570452443803976,-1.3785284983016064,0.001155332568661,-1.334228015044952,0.0019849194833394,0.001041429488393,0.0659134688681638,-0.8558344517893989,-0.000826719092041,-0.8226203416588518,0
2020-05-13,-0.6959453986334314,0.0022923042021812,-0.6213439941393398,-1.0464372342736912,0.0009436598104394,-0.9930169800967814,-0.0271489937734509,0.0006554248145216,-0.0056484223953542,-1.8304807037979824,-6.286098098887114e-06,-1.784637038161781,-0.6280212652144206,0.0013585627307656,-0.5813023582114929,-0.8910774326962231,0.001986678913199,-0.827668414964958,-0.6304754945896228,0.0037251749655964,-0.561138918447951,-0.7394476168511823,0.0011181190919813,-0.695147133594528,-0.105824062000573,0.0010367446026229,-0.0418955126157486,-2.476133311848985,-0.0009690249016479,-2.442919201718438,1
2020-05-14,0.2415546486942747,0.0023035000351237,0.3161560531883662,0.268340128733404,0.0009593075268299,0.3217603829103136,0.2657757902991663,0.000663595865336,0.287276361677263,2.104414466220164,0.0001144670653692,2.1502581318563645,1.576836616380123,0.001442635009353,1.6235555233830508,0.1740881611633064,0.0019935179836183,0.2374971788945714,0.3156601896465517,0.0037598087383767,0.3849967657882234,1.2439818941323504,0.0011774099991749,1.2882823773890046,-0.2376023606857925,0.0010269163651014,-0.1736738113009681,0.4010795164000066,-0.0009405556405572,0.4342936265305536,1
2020-05-15,-0.3788500477621125,0.0022796861765069,-0.304248643268021,0.5538053165680757,0.000991133620768,0.6072255707449854,1.5502953154583086,0.0007166440886129,1.5717958868364053,-1.00416199069677,6.048260766407416e-05,-0.9583183250605692,0.2684588757417879,0.0014554913953476,0.3151777827447156,0.7339218734592015,0.0020299659320172,0.7973308911904665,-0.1968161176115454,0.0037339008126115,-0.1274795414698736,0.8130346963082817,0.0012154969690955,0.8573351795649361,1.448790987518962,0.0010831223799793,1.5127195369037862,-0.3822471451240813,-0.0009583858942639,-0.3490330349935344,1
2020-05-18,1.1378659935330473,0.0023411932999173,1.212467398027139,0.3955123494828352,0.0010137804686568,0.4489326036597449,0.0225956046665549,0.0007161106169157,0.0440961760446516,2.696490047155156,0.0002133971027775,2.7423337127913565,2.0600611815407275,0.0015648443082123,2.106780088543655,0.4595390780977602,0.0020517140150883,0.5229480958290252,0.3760859586595062,0.0037754033695247,0.4454225348011779,2.530523808366316,0.0013362594540598,2.57482429162297,0.9478961675822656,0.0011194634827772,1.0118247169670902,3.880536417064078,-0.0007257795903092,3.913750527194625,0
2020-05-19,-0.3719510713083513,0.0023177944214709,-0.2973496668142598,-0.4492222924458262,0.0009884315732229,-0.3958020382689166,-0.8474494514592978,0.0006853268122106,-0.8259488800812012,-1.0647044977996027,0.0001560686808305,-1.0188608321634018,0.1068046394962896,0.0015685860396476,0.1535235464992174,-0.4422817375564755,0.0020258520250846,-0.3788727198252105,-0.2393776312607102,0.0037446173559587,-0.1700410551190385,-0.6763248581177739,0.0013019914269196,-0.6320243748611195,-1.63667149057492,0.0010550611103191,-1.572742941190096,-1.552872721320729,-0.0008126733201257,-1.5196586111901818,1
2020-05-20,0.9262059537537825,0.0023670194042319,1.0008073582478738,1.2328601943923296,0.0010582663460834,1.2862804485692394,-0.7667359134537378,0.0006575184508078,-0.7452353420756411,1.5072769506330883,0.0002418240402304,1.5531206162692892,1.4416113287910706,0.0016438414397786,1.4883302357939985,0.6957607037563557,0.0020598892782738,0.7591697214876206,0.1606876534815518,0.0037607074127919,0.2300242296232235,1.3787067768191736,0.0013665376690372,1.423007260075828,0.2325460957491034,0.001063528400788,0.2964746451339278,1.5684773235759368,-0.0007168187225795,1.6016914337064838,0
2020-05-21,-0.4582616118402082,0.0023388748259193,-0.3836602073461166,-0.1404054663054961,0.0010503334652056,-0.0869852121285864,-0.5658560956639747,0.0006368144602136,-0.544355524285878,-0.7034282315441063,0.0002047373837255,-0.6575845659079055,-0.861416142387478,0.0015955950125142,-0.8146972353845503,-0.7208129188220255,0.0020195702564891,-0.6574039010907605,0.2940867519013233,0.0037922321617092,0.3634233280429951,-1.045082833420661,0.001314733926421,-1.0007823501640067,-0.3355884277364325,0.0010499746234161,-0.2716598783516081,-0.9118721127324236,-0.0007659207581175,-0.8786580026018767,0
2020-05-22,0.2567159629618256,0.0023505874448464,0.3313173674559171,0.1812177354422821,0.0010605138493145,0.2346379896191917,-0.7780391249993253,0.000608913941465,-0.7565385536212286,-0.447741602542291,0.0001819730926289,-0.4018979369060903,0.0717271693280331,0.0015973476775934,0.1184460763309608,-0.0395307599043793,0.0020150465713887,0.0238782578268857,-0.388208086023399,0.0037443884192426,-0.3188715098817273,0.0310897135836823,0.0013145747123438,0.0753901968403367,-0.4551518432885178,0.0010318874050347,-0.3912232939036934,0.0109807875048445,-0.0007611667131607,0.0441948976353915,1
2020-05-26,-0.4231731571249484,0.0023245926499707,-0.3485717526308569,0.2391577321472626,0.0010738818668608,0.2925779863241723,0.0875705412449518,0.0006109285688109,0.1090711126230485,3.628620471393772,0.0003836576210211,3.674464137029973,1.48416587855856,0.0016741390251793,1.5308847855614875,-0.6420115386820412,0.0019791869897229,-0.5786025209507761,-0.0093674213319395,0.0037406609431004,0.0599691548097322,0.6961392739462472,0.0013460581814494,0.7404397572029016,-0.34399528886081,0.0010181777205731,-0.2800667394759856,1.4123414382677857,-0.0006753166495074,1.4455555483983324,1
2020-05-27,0.1496124145501509,0.0023303665700228,0.2242138190442424,-0.0924080235399305,0.0010686532816183,-0.0389877693630209,0.1676930093636256,0.0006156782120005,0.1891935807417223,2.952876570747899,0.0005471161821693,2.9987202363840995,-0.6760121514622448,0.0016360410052447,-0.6292932444593171,0.0089353776902608,0.0019773194327663,0.0723443954215258,-0.0284508441549348,0.0037347523742826,0.0408857319867368,-0.1682797763987154,0.0013363522144264,-0.123979293142061,-0.8893849805926041,0.0009836328103597,-0.8254564312077797,0.3205398571539568,-0.0006529779156454,0.3537539672845038,0
2020-05-28,-0.051952494906496,0.0023250117714099,0.0226489095875954,-0.1264777996642807,0.0010615566367305,-0.073057545487371,1.168237844359566,0.0006546007698371,1.1897384157376627,-0.8170413580618999,0.0005033682991003,-0.7711976924256991,0.4058038638167076,0.0016553144925461,0.4525227708196354,-0.1868313965502094,0.0019653297048114,-0.1234223788189443,-0.5021204257211854,0.0036743695584336,-0.4327838495795136,0.4028896143336614,0.0013537224104216,0.4471900975903158,0.6679990413484619,0.0010088327782296,0.7319275907332863,-1.3104323349798903,-0.0007246458646824,-1.277218224849343,1
2020-05-29,-0.1247159368710441,0.0023156929652346,-0.0501145323769525,0.4945294483219689,0.0010889924197758,0.5479497024988785,0.9822690762455784,0.0006869647468444,1.003769647623675,-1.367884832843496,0.0004298119668049,-1.3220411672072951,-0.296798718618147,0.0016374633036897,-0.2500798116152193,0.4947654529325266,0.0019885870361051,0.5581744706637917,0.8224151977857459,0.0037663188049037,0.8917517739274177,0.2578040531574165,0.0013641500774946,0.3021045364140709,0.1576749857985702,0.0010144324100415,0.2216035351833946,0.4366558870785021,-0.0006956291355025,0.4698699972090492,1
2020-06-01,0.5582489890618297,0.0023438115813335,0.6328503935559212,-0.0055218788993748,0.0010885777399177,0.0478983752775348,-0.8906572150025664,0.0006554881899696,-0.8691566436244698,0.6404762458884992,0.00046594334112,0.6863199115247,0.0441611484251527,0.0016376251522144,0.0908800554280804,-0.1888534361431399,0.0019765290464529,-0.1254444184118749,1.790973992143234,0.0039685794035121,1.8603105682849057,-0.3172739687038154,0.0013474661876449,-0.272973485447161,-0.1236399849486321,0.0010093045512749,-0.0597114355638077,0.8434954217071793,-0.0006434897908996,0.8767095318377264,1
2020-06-02,0.1636386842004274,0.0023502322695428,0.238240088694519,0.2102967613248312,0.001100085166666,0.2637170155017409,0.5753595168754739,0.0006738764041989,0.5968600882535706,0.1274351480405283,0.0004740359888219,0.1732788136767291,0.3428892853262513,0.0016534358136874,0.389608192329179,0.5592612106288164,0.0020029343839448,0.6226702283600815,-0.5227066834324059,0.0039056996052322,-0.4533701072907342,0.5750065248640659,0.0013727327634335,0.6193070081207203,-0.0759056530041025,0.0010060153209972,-0.0119771036192781,1.0621105079730806,-0.0005791657396435,1.0953246181036276,1
2020-06-03,0.2086710327562921,0.0023590682104461,0.2832724372503837,-0.1613246065326772,0.0010910607751075,-0.1079043523557675,0.2020926863198944,0.000679545849123,0.2235932576979911,2.7487000306298635,0.0006239052087366,2.7945436962660644,0.5679142993942435,0.0016809134535203,0.6146332063971712,0.0697711186957339,0.0020041399987258,0.1331801364269989,-0.0302430207314018,0.0038992075716074,0.0390935554102699,0.111218132543097,0.0013761624919678,0.1555186157997513,-0.3448692669432636,0.0009925754786567,-0.2809407175584392,1.9745087887547168,-0.0004632720837416,2.007722898885264,0
2020-06-04,-0.517782942479401,0.0023284225430888,-0.4431815379853095,-0.9350983540362708,0.0010395896165539,-0.8816780998593611,-1.0919630269471927,0.0006415690124961,-1.070462455569096,1.0316132883881144,0.0006802947607769,1.0774569540243153,-1.0420469061277793,0.0016243663814967,-0.9953279991248516,-0.7838687577454609,0.0019617721642884,-0.7204597400141959,-0.5873576083426696,0.0038295370080855,-0.5180210322009978,-1.0267374419245483,0.0013264899647851,-0.982436958667894,-0.8799679075234148,0.0009590360964256,-0.8160393581385904,-0.1731648681179814,-0.0004699212003103,-0.1399507579874344,1
2020-06-05,1.391055133521002,0.0024012715705381,1.4656565380150937,0.8714966468631373,0.0010873505875344,0.924916901040047,0.3004295587094123,0.0006506019607165,0.321930130087509,2.2840296566945804,0.0008037538752165,2.3298733223307813,1.823210977505038,0.001716984653445,1.8699298845079655,1.2172192824263364,0.0020214842300988,1.280628300157601,0.5367151958251238,0.0038874458340749,0.6060517719667956,1.801824534232079,0.001408672748534,1.8461250174887331,-0.3976309753078823,0.0009438182754601,-0.3337024259230579,3.956135721982064,-0.0002428197607927,3.98934983211261,1
2020-06-08,0.2296461800888819,0.0024110243178835,0.3042475845829734,0.2298346724674201,0.0010998006619656,0.2832549266443298,-0.3196698310023971,0.0006388011230164,-0.2981692596243003,0.9874542197179142,0.000856961283334,1.033297885354115,-0.2994588469768507,0.0016991218684447,-0.2527399399739229,0.2757378899132581,0.0020330816762188,0.3391469076445232,1.7168075005948178,0.0040781920072631,1.7861440767364896,-0.0472978759059502,0.0014046207237673,-0.0029973926492959,-0.2589604597869063,0.0009338841944501,-0.1950319104020819,1.505911786134036,-0.0001552745417453,1.5391258962645833,0
2020-06-09,1.5504306337825386,0.0024918200172557,1.62503203827663,0.0884771369154508,0.0011044826435926,0.1418973910923604,-0.4788812131204748,0.0006217442266985,-0.4573806417423781,-1.373802321327324,0.0007835351546211,-1.3279586556911231,0.1398467568362662,0.0017040535612372,0.1865656638391939,0.3550147820985293,0.0020486272551254,0.4184237998297944,-0.3090521228103784,0.0040399210206935,-0.2397155466687067,-0.2003065649406961,0.0013935129475704,-0.1560060816840418,0.0032908576420009,0.0009338105445831,0.0672194070268253,-1.1300901651862347,-0.0002165823575948,-1.0968760550556875,1
2020-06-10,1.2493420237760868,0.0025560066957507,1.3239434282701783,0.3885947433984318,0.0011254396764973,0.4420149975753415,1.0232563089201236,0.0006548499031784,1.0447568802982203,-2.1440987295212937,0.0006694139271749,-2.0982550638850928,0.2390352426189088,0.0017140681517214,0.2857541496218366,1.9666647724405668,0.0021454309040253,2.030073790171832,2.138897721112678,0.0042765567561411,2.2082342972543496,0.3767967884711106,0.0014090896624422,0.4210972717277649,-0.1799350533358818,0.0009269055365768,-0.1160065039510574,-2.6723587193585447,-0.0003641186238556,-2.6391446092279978,0
2020-06-11,-2.545241633279791,0.002416705112617,-2.470640228785699,-2.234045732364597,0.0010042246786585,-2.1806254781876877,-3.907455362512115,0.0005238784395838,-3.885954791134018,-4.36592591914645,0.0004376978377999,-4.320082253510249,-3.796557593159588,0.0015166884611109,-3.749838686156661,-3.002398987538156,0.001991591185316,-2.93898996980689,-1.3232034414394651,0.0041244612694874,-1.2538668652977936,-3.509053060645715,0.0012458110873078,-3.46475257738906,-0.7182197727489296,0.0009000233683115,-0.6542912233641052,-4.376576311424269,-0.0006062358279713,-4.343362201293721,1
2020-06-12,0.3696835708256187,0.0024337842830181,0.4442849753197103,0.3463790654710335,0.0010230616467438,0.3997993196479431,0.7315542280521184,0.0005474016643334,0.7530547994302151,1.370843507751189,0.0005116703323937,1.4166871733873896,1.157301879163497,0.0015742114975553,1.2040207861664247,0.3685162171462088,0.0020078003327366,0.4319252348774738,-1.0197819774682026,0.0040070626585526,-0.9504454013265308,1.0272612062902862,0.0012915505530834,1.0715616895469406,-1.5137037050610245,0.0008437914435784,-1.4497751556762,1.0218484153371086,-0.0005456753228337,1.0550625254676558,1
2020-06-15,0.5618206844346874,0.002460999143316,0.6364220889287789,0.2280638747218168,0.0010354219157627,0.2814841288987265,-0.5462148879104574,0.0005285562237269,-0.5247143165323608,0.6695447625128454,0.0005481257997107,0.7153884281490462,-0.1583566920955138,0.001564194335447,-0.111637785092586,0.286429785504962,0.0020198116108003,0.3498388032362271,1.3946316497311757,0.0041590125219329,1.4639682258728473,-0.2000335590776194,0.0012808867781111,-0.155733075820965,0.1500018553068104,0.0008493907384145,0.2139304046916348,-0.0645056276817059,-0.0005459222713523,-0.0312915175511589,1
2020-06-16,1.2892036479877589,0.0025266849506824,1.3638050524818506,0.8676621592416548,0.001082074818303,0.9210824134185646,1.861920188411913,0.0005892030303721,1.8834207597900097,0.3683276644136334,0.0005684856426653,0.4141713300498343,1.272241507794783,0.0016271301597132,1.3189604147977108,1.27779749046105,0.0020812471810335,1.3412065081923152,-0.287212928281165,0.0041234674312834,-0.2178763521394933,0.3054587792460338,0.0012933459559666,0.3497592625026882,0.9211374191905066,0.0008833977765288,0.985065968575331,1.0734547336040297,-0.0004829924960696,1.1066688437345766,0
2020-06-17,-0.1462057886054623,0.0025160088472772,-0.0716043841113708,0.1600032308601648,0.0010905605732669,0.2134234850370745,-0.2739075669228812,0.000579299115381,-0.2524069955447845,-1.3546040459210955,0.0004980563863195,-1.3087603802848948,-0.1735146324116873,0.0016162531038492,-0.1267957254087596,0.1260211994740017,0.0020850069598985,0.1894302172052667,0.1727936445245772,0.0041390321579472,0.242130220666249,0.1668071350559063,0.0012994280564094,0.2111076183125606,-0.447841254070551,0.0008668711426845,-0.3839127046857266,-1.6362947589341463,-0.0005704310834139,-1.6030806488035994,1
2020-06-18,-0.05411845687356,0.0025102534776416,0.0204829476205314,-0.6983726259734377,0.0010531375911919,-0.6449523717965281,-0.3725112156582874,0.0005662160148861,-0.3510106442801907,-0.3268706450929525,0.0004819526729792,-0.2810269794567517,0.1456840651699625,0.0016216120062415,0.1924029721728903,0.5226844374063452,0.0021084404565018,0.5860934551376102,0.2327373748353784,0.0041611291728057,0.3020739509770502,0.0639563307259535,0.0013008097147575,0.1082568139826078,-0.7112377023956009,0.000840773447258,-0.6473091530107765,0.2728603922056581,-0.0005519812167185,0.3060745023362051,0
2020-06-19,-0.3686683847459415,0.0024879643705363,-0.2940669802518499,-0.3896167096907435,0.0010323694208163,-0.3361964555138338,0.2211965765348189,0.0005726175300151,0.2426971479129156,-0.6371483836996279,0.000449694789414,-0.5913047180634272,-1.5153548737108669,0.0015429893022707,-1.4686359667079392,-0.3895981028750645,0.0020865752736604,-0.3261890851437995,-0.1443668628827543,0.0041415926387595,-0.0750302867410826,-0.5723592368898375,0.0012733860295163,-0.5280587536331831,1.1039820916308882,0.0008812155784368,1.1679106410157127,-1.019177038023215,-0.0006047773519424,-0.985962927892668,1
2020-06-22,1.2718030668180846,0.0025519533035736,1.3464044713121763,0.8754833340333552,0.0010789418405149,0.928903588210265,-0.2750286706603893,0.0005628021827207,-0.2535280992822926,-0.6069292829514268,0.0004191888130297,-0.5610856173152261,1.389146696061748,0.0016111947261418,1.4358656030646757,1.4566788509160884,0.0021559996048547,1.5200878686473536,-0.2311738518139435,0.0041126313275295,-0.1618372756722717,0.8156044610042142,0.0013087561468522,0.8599049442608686,1.0673250115557924,0.0009201018592272,1.131253560940617,0.4377203748315116,-0.000577280911629,0.4709344849620587,1
2020-06-23,1.0237875973292287,0.0026026066205599,1.0983890018233202,0.4135732957919537,0.0011007831253898,0.4669935499688634,-0.3278576124955442,0.0005513216024716,-0.3063570411174475,0.5856025033572437,0.0004509337193543,0.6314461689934445,0.3830260515000753,0.0016284550481597,0.4297449585030031,0.3022421822985616,0.0021681959015331,0.3656512000298266,0.1153571845224418,0.0041217686015598,0.1846937606641135,0.8802017849479904,0.0013468433230308,0.9245022682046448,-0.4353393920744378,0.0009041093138657,-0.3714108426896134,0.2636547954851231,-0.0005594659453446,0.2968689056156701,0
2020-06-24,-0.9829655436916096,0.0025481595735764,-0.908364139197518,-1.1401082491123642,0.0010403871161642,-1.0866879949354544,-1.785084850668767,0.0004926370154418,-1.7635842792906706,-1.7745902065925985,0.0003599602557477,-1.7287465409563976,-2.295421082305931,0.001511339695048,-2.2487021753030034,-1.1666553704466276,0.0021081807186859,-1.1032463527153624,-1.0751383371521592,0.0040008571316965,-1.0058017610104877,-2.0285222662728124,0.0012541466690296,-1.9842217830161577,-0.5351402975221858,0.0008845816030224,-0.4712117481373615,-2.3516932128581605,-0.0006845994149782,-2.318479102727613,1
2020-06-25,0.6085626125008277,0.0025769192425803,0.6831640169949191,0.2447688495706771,0.0010533164112295,0.2981891037475868,-0.1104013766000338,0.0004884404713444,-0.0889008052219371,1.7590136436563757,0.0004524571298024,1.8048573092925764,0.6827766925081363,0.0015437627657747,0.729495599511064,0.6282040600524392,0.0021364067392001,0.6916130777837042,0.5745080361289914,0.004060248967759,0.6438446122706631,0.7596882397092863,0.0012867804151005,0.8039887229659407,-0.4272661859939032,0.0008690621776711,-0.3633376366090789,0.7077752314195891,-0.0006423990326904,0.7409893415501362,0
2020-06-26,-1.6557714895512887,0.0024878741943572,-1.581170085057197,-2.8259592032480274,0.0009047411081538,-2.7725389490711176,-1.1251912185682236,0.0004515272833628,-1.1036906471901269,-2.8839089948656698,0.0003046752142108,-2.838065329229469,-1.6066616256927913,0.0014618461722562,-1.5599427186898638,-1.1589073008429316,0.002077176007622,-1.0954982831116666,-0.7244842145814179,0.0039782345073344,-0.6551476384397461,-1.498247345727941,0.0012184179753463,-1.4539468624712866,-0.9241985555536764,0.0008356916149686,-0.8602700061688521,-1.7220091859000155,-0.000732431610854,-1.6887950757694687,1
2020-06-29,1.1113953569652064,0.0025426978975491,1.185996761459298,1.2392124825112854,0.0009701040162496,1.2926327366881951,0.7181932086263199,0.0004741235270509,0.7396937800044165,0.1834047211304562,0.000315670728221,0.229248386766657,0.6185518486220674,0.0014910341748549,0.665270755624995,0.5247961294018227,0.002100295848954,0.5882051471330878,1.2031657618300824,0.0041054688366799,1.2725023379717542,0.6232400624851745,0.0012448964943027,0.6675405457418289,0.3994636021596551,0.0008501421808141,0.4633921515444795,0.7565565551514575,-0.0006876855808841,0.7897706652820045,1
2020-06-30,0.3549696285216922,0.0025581364561548,0.4295710330157838,0.7066332930849488,0.0010072692286244,0.7600535472618585,0.9262709576991442,0.0005032768616517,0.9477715290772408,0.5442516131897611,0.0003451445978938,0.5900952788259619,0.4603273018572937,0.0015122187861971,0.5070462088602213,1.3349307630849616,0.0021626597278359,1.3983397808162268,1.6491402557184012,0.0042802077892139,1.718476831860073,0.5157992514869711,0.0012664622255052,0.5600997347436255,0.3840823870127688,0.0008639637315303,0.4480109363975932,0.4109635106748014,-0.0006618533491891,0.4441776208053484,1
2020-07-01,-0.1719381130591765,0.0025463337445782,-0.097336708565085,0.8055734935165464,0.0010493974076785,0.8589937476934562,-0.1688363862655008,0.0004972263960574,-0.1473358148874041,-0.4861790580282697,0.0003216688984932,-0.440335392392069,0.945159377497512,0.0015572755026968,0.9918782845004396,0.256644038737106,0.0021724343715834,0.320053056468371,0.8384757201606885,0.004366670917799,0.9078122963023604,0.1447792932804549,0.0012714785431834,0.1890797765371093,-0.1195722290586253,0.000859679868166,-0.0556436796738009,-1.1447241082206272,-0.0007200042495141,-1.1115099980900802,1
2020-07-02,-0.0746014044940915,0.0025395974119206,0.0,0.931664345472848,0.001097861434451,0.9850845996497576,0.3268203433295875,0.0005070295740731,0.3483209147076842,0.1223091563008859,0.000329410293054,0.1681528219370867,0.1758132352697982,0.0015641351980872,0.2225321422727259,0.3536736049036271,0.002186847325539,0.4170826226348922,1.8881761679313351,0.0045654822150544,1.957512744073007,0.5397280287298306,0.0012939170118344,0.584028511986485,-0.3610892199172901,0.0008467946361118,-0.2971606705324657,0.3833825803370053,-0.0006957057797283,0.4165966904675523,1
2020-07-06,1.3019741245113132,0.0026034775391746,1.3765755290054047,0.9748975500855008,0.0011483126013762,1.0283178042624106,1.1602035746179544,0.0005433128731316,1.1817041459960511,1.2616174589750733,0.0003951742658183,1.3074611246112742,0.5117728207313865,0.0015874908061237,0.5584917277343142,1.1147721784541682,0.0022378756682796,1.1781811961854334,3.2489440066832405,0.0049090929137859,3.318280582824912,0.5952954892510774,0.0013186855445534,0.6395959725077317,-0.262782110775179,0.0008374784661674,-0.1988535613903546,0.3128880993910967,-0.0006753148890093,0.3461022095216437,0
2020-07-07,-0.2342658787094631,0.002588461377621,-0.1596644742153716,-0.3834097666680336,0.0011282163157225,-0.3299895124911239,-0.0968492833567759,0.0005394905896207,-0.0753487119786792,-1.5063712954106672,0.0003198962392467,-1.4605276297744665,-1.039901735595785,0.0015345686441413,-0.9931828285928572,-0.6998282222717462,0.0022013864238604,-0.6364192045404812,0.2587568901631379,0.0049312471127565,0.3280934663048097,-1.122251958736401,0.001267842463023,-1.0779514754797468,4.958739757668995,0.0010136789522912,5.022668307053818,-1.3082015411654169,-0.0007417125774177,-1.27498743103487,1
2020-07-08,1.1239216866694872,0.0026427965958807,1.1985230911635787,0.4135590091104321,0.0011493542719106,0.4669792632873418,0.2221584675558737,0.0005457910900156,0.2436590389339704,0.5037370218450897,0.0003469182851357,0.5495806874812905,0.0678616608762039,0.0015361496602493,0.1145805678791316,1.1402873579482835,0.0022533323333719,1.203696375679549,-0.494073447276721,0.0048730194292326,-0.4247368711350492,0.2239633083287688,0.0012762732685976,0.2682637915854231,-1.5287415068675734,0.0009591250165729,-1.464812957482749,-0.1470404667206915,-0.0007458362577449,-0.1138263565901445,0
2020-07-09,0.1466885024930328,0.0026471353322293,0.2212899069871243,0.4559811966524585,0.0011725650867032,0.5094014508293682,-0.4726986411352442,0.000530110642776,-0.4511980697571475,-1.1667454834123183,0.0002893333843246,-1.1209018177761174,-1.0399670207002236,0.0014836357911936,-0.993248113697296,0.3197665537415124,0.0022657608195854,0.3831755714727775,0.4425203082467944,0.0049146933482437,0.5118568843884661,-0.922235124827489,0.001234551548926,-0.8779346415708347,1.9067437279936528,0.0010262457014509,1.970672277378477,-2.063869701676666,-0.000851896472263,-2.030655591546119,1
2020-07-10,0.0154056528211927,0.002644790469996,0.0900070573152843,0.6281009743097586,0.0012044908074833,0.6815212284866683,-0.0913053109561582,0.0005265274257229,-0.0698047395780615,2.7843861987595404,0.0004313106737508,2.8302298643957413,0.1516902980826168,0.0014894235459356,0.1984092050855445,-0.2294195860349893,0.0022519254523995,-0.1660105683037243,2.585598449528779,0.005183448104656,2.654935025670451,0.0616188075834795,0.0012359465629445,0.1059192908401338,1.6352867135052216,0.001083449302494,1.699215262890046,1.5017831011375655,-0.0007682372949122,1.5349972112681127,0
2020-07-13,-0.3119972485038333,0.0026258895289704,-0.2373958440097417,-0.9384141957789696,0.0011560395025419,-0.8849939416020599,1.631746933153029,0.0005771042428402,1.6532475045311257,0.6963076507896829,0.000467517802566,0.7421513164258837,-1.0440942056583653,0.0014371044205203,-0.9973752986554376,-1.7539864703475092,0.0021656220036233,-1.690577452616244,-0.827789443308548,0.005089716247338,-0.7584528671668762,-1.1420774552970696,0.0011849863653507,-1.0977769720404154,-0.7215783687981145,0.0010575115326278,-0.6576498194132901,-0.0216933945217062,-0.0007656270698704,0.0115207156088407,1
2020-07-14,0.7769827878795439,0.0026620516970672,0.8515841923736355,0.2368216408379179,0.0011678595444156,0.2902418950148276,1.5252521922562543,0.0006240807603078,1.5467527636343512,0.2510616395733177,0.0004811990658495,0.2969053052095185,1.5737869834868403,0.0015118718134368,1.620505890489768,0.2749288002022317,0.0021760535878406,0.3383378179334967,0.2552655124601302,0.0051107452002018,0.3246020886018019,1.3210748149514857,0.001241133505939,1.36537529820814,1.3604054514812844,0.0011046998253898,1.4243340008661087,1.5934539370883527,-0.0006777884910215,1.6266680472189,1
2020-07-15,0.2793160347161603,0.0026729724571105,0.3539174392102518,-0.1865260539302694,0.0011580538586263,-0.1331057997533597,0.1689501315774073,0.0006284172644604,0.190450702955504,0.7554234808489387,0.0005200474775074,0.8012671464851395,1.16753001639127,0.0015666229984209,1.2142489233941978,-0.144853926847585,0.0021665610066797,-0.08144490911632,0.4047356191908621,0.0051473950343039,0.4740721953325339,0.9530359578279178,0.0012810668962228,0.9973364410845722,-0.0695553945237374,0.0011016411508065,-0.005626845138913,0.5921621457938728,-0.0006431128630772,0.6253762559244199,0
2020-07-16,-0.7078176023353625,0.0026342699181119,-0.633216197841271,-0.1191206557215341,0.0011517234721553,-0.0657004015446244,0.5319005674180717,0.0006440474997651,0.5534011387961684,0.0995290133978727,0.0005259592710608,0.1453726790340735,-1.1639264261878326,0.0015087350834582,-1.117207519184905,-1.1472992350572204,0.0021097900596312,-1.0838902173259557,-0.7917721526742615,0.0050582635113034,-0.7224355765325898,-0.9735053128657888,0.0012376594085581,-0.9292048296091344,0.0483386675594728,0.0011027101172906,0.1122672169442972,-0.4191712899027296,-0.0006617152947172,-0.3859571797721826,0
2020-07-17,-0.1785647077906182,0.0026222737161465,-0.1039633032965267,0.0113573400188426,0.0011520377451797,0.0647775941957523,0.0340670328601777,0.0006441156163205,0.0555676042382744,-1.0035291485381352,0.0004769285839448,-0.9576854829019344,0.7969142259932995,0.0015453976688985,0.8436331329962272,-0.3425492249502726,0.0020912076616874,-0.2791402072190075,-0.0660549507497548,0.0050455703191189,0.0032816253919168,0.4477677373548725,0.0012556486670848,0.4920682206115269,-0.3217385691202969,0.0010908995219106,-0.2578100197354725,-0.8779194416554258,-0.0007042457854111,-0.8447053315248788,1
2020-07-20,1.0098757778838028,0.0026697074440537,1.0844771823778945,1.5221405171154792,0.0012287131793916,1.575560771292389,0.1171978243567936,0.0006467619254743,0.1386983957348903,-0.4994515295555701,0.0004531792678954,-0.4536078639193694,1.3463937586984884,0.0016082158003325,1.393112665701416,2.2890147043314677,0.0021963233614453,2.352423722062732,2.262433664574998,0.0052760965845163,2.33177024071667,0.9931368172824264,0.00129695831738,1.037437300539081,-0.215767508437589,0.0010828266379802,-0.1518389590527646,-1.186685119373347,-0.0007626856354924,-1.1534710092428,0
2020-07-21,-0.7848426198882645,0.0026274730889432,-0.7102412153941731,-0.3109987143697845,0.0012125766713016,-0.2575784601928748,0.0560910922221978,0.0006475041211398,0.0775916636002945,1.076877931465234,0.0005076215347511,1.1227215971014348,-0.7960899121889009,0.0015682567269658,-0.7493710051859732,-0.8005808641434564,0.0021561561420529,-0.7371718464121914,-1.1876837270035363,0.0051460833256137,-1.1183471508618643,-0.64470774159826,0.0012679231853506,-0.6004072583416058,0.4207037563115929,0.0010968228353798,0.4846323056964173,2.456492415159966,-0.0006310164871982,2.489706525290513,1
2020-07-22,0.069959835505828,0.0026279377914522,0.1445612399999195,0.2384891191014647,0.0012241545869593,0.2919093732783744,0.1279107380306056,0.0006504588203439,0.1494113094087023,-0.420825261911283,0.0004877993101308,-0.3749815962750822,0.9590745313250214,0.0016122205704267,1.005793438327949,0.7231563857169089,0.0021873970818017,0.7865654034481739,0.306903368208938,0.0051720101624235,0.3762399443506097,0.6810455514173536,0.001295660488358,0.7253460346740078,0.1208365487677687,0.001100395856736,0.1847650981525931,-1.179556699827529,-0.0006889742590865,-1.146342589696982,0
2020-07-23,-2.4168939656617434,0.0025051206929335,-2.3422925611676515,-1.6167205929755892,0.0011426192022812,-1.5633003387986797,-0.2424755665514154,0.0006419977611588,-0.2209749951733187,0.1062946933237556,0.0004940513335038,0.1521383589599564,-0.6404571008757617,0.0015798596512244,-0.593738193872834,-2.4439435146050887,0.0020708607938314,-2.380534496873824,-1.2946976487661728,0.0050318362758211,-1.225361072624501,-0.4749136526789219,0.0012740103383806,-0.4306131694222675,-0.633566634317162,0.0010779746620113,-0.5696380849323376,0.0683571329177686,-0.000681951815955,0.1015712430483156,0
2020-07-24,-0.2020696801716223,0.0024924435042533,-0.1274682756775308,-0.3397826512689611,0.0011253848616257,-0.2863623970920514,-0.8469226115873874,0.0006150219073525,-0.8254220402092908,-0.4119941987920757,0.000474798546442,-0.366150533155875,-0.5623187319356434,0.0015513715259269,-0.5155998249327157,-0.398486231379879,0.0020500132922846,-0.335077213648614,-1.6323808799749169,0.0048574718229408,-1.563044303833245,-0.7358176829213328,0.0012413836698688,-0.6915171996646784,-0.2890490921643604,0.001067499985039,-0.225120542779536,-0.3372891320801874,-0.0006959379244906,-0.3040750219496405,1
2020-07-27,1.1450065736789126,0.002546269560036,1.219607978173004,0.6621477473972754,0.0011582380626965,0.7155680015741851,-0.5474366253449106,0.0005973545278994,-0.5259360539668139,-0.7728073136068128,0.0004379551635258,-0.726963647970612,0.2921889557732818,0.0015634763085168,0.3389078627762095,0.629908385404347,0.0020769615482881,0.6933174031356121,2.060583492507062,0.0050647391693796,2.129920068648734,0.4957470223013647,0.0012611231558271,0.5400475055580191,-0.0808661486894199,0.0010642103507791,-0.0169375993045955,0.6920395531920864,-0.0006567695278768,0.7252536633226334,0
2020-07-28,-0.9199704721854756,0.0024982345751742,-0.8453690676913842,-0.9107039113747852,0.0011126324756571,-0.8572836571978756,-0.218603194914209,0.0005898213944142,-0.1971026235361123,0.1785624323271434,0.0004478197400346,0.2244060979633441,-0.4859300839529706,0.001538780622051,-0.439211176950043,-0.5547369650585291,0.0020489766586671,-0.491327947327264,-1.0784327499863342,0.0049481420510318,-1.0090961738446624,-0.0960033137696053,0.001255744534492,-0.051702830512951,0.2466161271687909,0.001072127765072,0.3105446765536153,-0.6139151166638648,-0.000684978335816,-0.5807010065333177,1
2020-07-29,0.911828655789678,0.0025403317177226,0.9864300602837692,0.6183254516919714,0.0011431761036568,0.671745705868881,-0.1852074218996754,0.0005833438631222,-0.1637068505215787,1.2096264468543616,0.0005079255888694,1.2554701124905625,0.4731538618469385,0.0015593788131574,0.5198727688498662,0.4892750270806539,0.002069302751001,0.552684044811919,0.3078042562007578,0.0049743337934511,0.3771408323424296,0.515730879405906,0.0012761908099587,0.5600313626625604,-0.665568597724443,0.0010489136539577,-0.6016400483396186,0.5092230313789801,-0.0006554158496533,0.5424371415095272,0
2020-07-30,0.5480755476239966,0.0025644117569774,0.6226769521180882,0.4426485219208513,0.0011648651753782,0.4960687760977609,0.1481780857497221,0.0005870315022627,0.1696786571278188,-1.4274127681849609,0.0004394286199237,-1.38156910254876,-0.0987408258577915,0.0015530070466123,-0.0520219188548638,-0.1063374463413267,0.0020621147168725,-0.0429284286100617,-0.2601526293296533,0.0049422794074704,-0.1908160531879815,-1.407264067173581,0.0012156428227892,-1.3629635839169267,-0.387055124653073,0.0010352856254347,-0.3231265752682486,-2.4475873378156083,-0.0007773356759326,-2.4143732276850614,1
2020-07-31,5.312721060145574,0.0028210052009173,5.387322464639666,-1.7203266922126117,0.0010795895686933,-1.666906438035702,-0.6310509261163713,0.0005670771197026,-0.6095503547382747,-0.2486151139925824,0.0004284838647748,-0.2027714483563816,-0.1282667269745128,0.0015452837307374,-0.0815478199715851,0.2345335402588305,0.002070611209396,0.2979425579900955,-1.0081973801742137,0.0048340373788406,-0.9388608040325418,-1.1736599923342343,0.0011652010201476,-1.12935950907758,-0.4738804712796414,0.0010187815354119,-0.409951921894817,0.2136402753143833,-0.0007627799886965,0.2468543854449303,1
2020-08-03,1.2220681898771848,0.0028770863948895,1.2966695943712765,-0.2308174734334907,0.0010681419857296,-0.177397219256581,0.8825346686348259,0.0005929943621069,0.9040352400129223,-0.335133836425584,0.0004134056700265,-0.2892901707893831,0.6588530238854031,0.0015743907062148,0.7055719308883308,3.01476633903379,0.002206377717612,3.078175356765056,0.8639076325128336,0.0049169342595378,0.9332442086545054,0.0469037580091748,0.0011660980151162,0.0912042412658292,-0.1212042151704752,0.0010142906529833,-0.0572756657856508,0.165602974909912,-0.0007507435496641,0.198817085040459,1
2020-08-04,0.2690578131170942,0.0028865889869357,0.3436592176111858,-0.3779070880294328,0.0010495214259897,-0.3244868338525231,-0.0945994708999785,0.0005893068544404,-0.0730988995218818,-0.3421533723980893,0.0003980639057869,-0.2963097067618884,0.2620625176781967,0.0015848517185552,0.3087814246811244,-0.8848668395325103,0.0021633395629139,-0.8214578218012453,-0.0361822914325606,0.0049080088758796,0.033154284709111,0.4581162730710214,0.0011841585482359,0.5024167563276758,1.2768846006361592,0.0010569991220356,1.3408131500209834,1.3879161031031002,-0.0006766769210936,1.4211302132336474,1
2020-08-05,0.1119343135882374,0.0028884300034208,0.1865357180823289,0.146444878162569,0.0010567040699377,0.1998651323394787,0.6427898890549694,0.0006078255528386,0.664290460433066,0.8536081070012055,0.0004403957860195,0.8994517726374063,2.274444371511619,0.0016888542356258,2.3211632785145477,-0.1532167509734804,0.0021538527306175,-0.0898077332422153,-0.1021147177203187,0.0048924490002478,-0.032778141578647,1.1421770455603777,0.0012306171554391,1.1864775288170315,-1.0938501502000535,0.0010196963627533,-1.0299216008152292,0.3969803731318177,-0.0006531911668564,0.4301944832623647,1
2020-08-06,1.7208156292843089,0.0029680340608628,1.7954170337784006,0.8357932451873816,0.0010975674317488,0.8892134993642914,-0.4962007746866071,0.0005920655000765,-0.4747002033085105,-0.029860701993128,0.0004400682222538,0.0159829636430727,0.3031016462871244,0.001700882405001,0.3498205532900522,0.8130582714337345,0.0021883306194341,0.8764672891649995,0.0062555394721723,0.0048879172223613,0.075592115613844,0.7709945693624226,0.0012614249450169,0.815295052619077,-0.3264922885667412,0.0010083439727825,-0.2625637391819168,-0.2688943839979521,-0.0006634787046533,-0.2356802738674051,0
2020-08-07,-1.2445993106426596,0.0029042526692896,-1.169997906148568,-0.2757807941791373,0.0010839951357278,-0.2223605400022276,0.5682941802364507,0.0006082550208124,0.5897947516145473,1.0935343374955553,0.0004935851403399,1.1393780031317562,-0.3910196797864376,0.0016807282699428,-0.3443007727835099,-1.04243049657345,0.0021385140790198,-0.979021478842185,-0.6786658918902766,0.0048143691779376,-0.6093293157486048,-0.7703105543880425,0.0012282097515903,-0.7260100711313883,0.29118732008303,0.0010177356513299,0.3551158694678544,-0.258774643986267,-0.000673204957562,-0.22556053385572,1
2020-08-10,0.6733623031808238,0.0029330409784986,0.7479637076749154,-0.1060383682909312,0.0010787511356591,-0.0526181141140216,-0.3394347242335934,0.0005972539388168,-0.3179341528554967,0.6105513846919652,0.0005237456802729,0.6563950503281659,-0.8869195215168424,0.001637781414029,-0.8402006145139147,-1.1529923456135036,0.0020839439587247,-1.0895833278822389,-0.6478687460363558,0.0047442818416408,-0.578532169894684,0.086822674405649,0.0012305897870011,0.1311231576623034,1.0248351203288328,0.0010515918266767,1.0887636697136571,1.1790436390523795,-0.0006105687232401,1.2122577491829265,0
2020-08-11,-1.6050147166138542,0.0028523677837293,-1.5304133121197627,-0.6065872530766506,0.0010492322275048,-0.553166998899741,-0.614968869466159,0.0005780983309756,-0.5934682980880625,1.590064947559288,0.000600472248264,1.635908613195489,0.8932128191552504,0.0016770209509828,0.939931726158178,-1.343319737616909,0.002021056954243,-1.279910719885644,-0.836023372346066,0.0046556686502979,-0.7666867962043943,0.2538957651172508,0.0012398472159759,0.2981962483739052,-1.0077060479246924,0.0010175417877501,-0.943777498539868,0.475423332327914,-0.0005835426499043,0.508637442458461,1
2020-08-12,1.6356468103279496,0.0029271999482496,1.7102482148220413,0.8637745144168076,0.0010910664956932,0.9171947685937174,1.495406284866748,0.0006217555858695,1.516906856244845,-0.4846900960606634,0.0005781153353776,-0.4388464304244627,-0.195227643736195,0.0016660684398827,-0.1485087367332673,1.5001162913456123,0.0020864416040751,1.5635253090768777,3.161366451107805,0.0049674438377153,3.230703027249477,0.2493928718335196,0.0012488738253927,0.2936933550901739,0.8977386699541862,0.0010470063181973,0.9616672193390106,-0.0443783548872575,-0.000582664086725,-0.0111642447567105,1
2020-08-13,0.8361124108228554,0.0029634902547708,0.910713815316947,0.2641082515173432,0.0011037254644873,0.3175285056942529,-0.9407530013372128,0.000592975678022,-0.919252429959116,-0.3325089829091398,0.0005630904424092,-0.286665317272939,-0.2823927853308799,0.0016511755575314,-0.2356738783279522,-0.1916150015637471,0.0020755597919095,-0.1282059838324821,0.9794805111096034,0.0050599185469054,1.0488170872512752,-0.3038048618274556,0.0012351574326121,-0.2595043785708013,0.2180804270520401,0.0010537862222332,0.2820089764368645,-1.2387502504803527,-0.0006414173875273,-1.2055361403498055,1
2020-08-14,-0.120459136483009,0.0029540426664777,-0.0458577319889175,-0.4564995344564168,0.0010815953239668,-0.4030792802795071,0.1129365591407878,0.0005954980748985,0.1344371305188845,-0.0256207107658087,0.0005626677003922,0.020222954870392,0.0535418824841212,0.0016517115755049,0.1002607894870489,-0.0109562335067935,0.0020728215733694,0.0524527842244714,0.3818565624986787,0.0050924388367123,0.4511931386403505,-0.3291908222267182,0.001220469200863,-0.2848903389700639,0.3575051243775426,0.0010651453677706,0.421433673762367,0.1841991490468265,-0.0006290177999002,0.2174132591773735,1
2020-08-17,-0.2089508964013549,0.0029404368579991,-0.1343494919072634,0.3390221904363441,0.001097816923886,0.3924424446132538,0.3977807749226646,0.0006064113649672,0.4192813463007613,-1.4107984084220186,0.0004968312014964,-1.3649547427858175,0.5160691403011014,0.0016733358438068,0.5627880473040291,0.2981514248259275,0.0020839053428767,0.3615604425571925,2.688568650184771,0.0053539012883223,2.7579052263264425,0.8052983668051805,0.0012521751897776,0.8495988500618349,1.6122575960321617,0.0011178574536227,1.676186145416986,-0.6711939028889579,-0.0006591744674626,-0.6379797927584109,1
2020-08-18,0.3541996448179109,0.0029535885566439,0.4288010493120024,1.2728688765192633,0.0011587431897362,1.326289130696173,0.5903934804508052,0.0006229398536425,0.6118940518289019,-0.7675892523394647,0.0004616176958955,-0.7217455867032639,0.0782751641622967,0.0016749402645828,0.1249940711652244,0.2515210108682621,0.0020928570308257,0.3149300285995271,0.6206500204962625,0.0054092048807793,0.6899865966379343,-0.1704010643677772,0.001243984841718,-0.1261005811111228,-0.5502051866453532,0.0010991223426289,-0.4862766372605288,-0.2756013811187182,-0.0006695790679357,-0.2423872709881712,0
2020-08-19,-0.0100280235473616,0.0029494552894417,0.0645733809467299,-0.4185725393198745,0.0011384551315047,-0.3651522851429649,0.1441647064941167,0.0006262877160704,0.1656652778722134,0.0752762392399123,0.0004661866622371,0.1211199048761131,0.1800782145071364,0.0016811564258074,0.2267971215100641,-0.3954609894066934,0.0020730035270676,-0.3320519716754284,-0.1810027031292507,0.0053850071581573,-0.111666126987579,0.5514767715529183,0.0012651659553943,0.5957772548095727,-1.328865436551671,0.0010549066302889,-1.2649368871668467,-0.5783894552271539,-0.0006949022421552,-0.5451753450966069,1
2020-08-20,1.0672746584084591,0.0029961541645889,1.1418760629025508,0.9883825597818504,0.0011854103298869,1.0418028139587605,0.5460803266109948,0.0006413899565511,0.5675808979890915,-0.6657439752837706,0.0004359931563935,-0.6199003096475698,0.746939939134146,0.0017130026340267,0.7936588461370737,1.2102753100754486,0.0021244562617887,1.2736843278067138,1.5464639422990023,0.0055312484919347,1.615800518440674,0.8971422435768106,0.0013002553645575,0.941442726833465,-1.0934819703243728,0.0010186169592741,-1.0295534209395485,-0.7838544360371931,-0.0007302355893315,-0.7506403259066461,1
2020-08-21,2.577294666135697,0.003113676076817,2.6518960706297894,-0.0753448809043206,0.0011814963012854,-0.021924626727411,0.7119598576977765,0.0006612653011534,0.7334604290758732,-0.07243343529717,0.0004336939274337,-0.0265897696609692,-0.081687325871512,0.0017072758394855,-0.0349684188685842,-0.4613126978752914,0.0021017091235088,-0.3979036801440264,0.5227847127029274,0.005576095170475,0.5921212888445991,-0.050167106503205,0.001296869826045,-0.0058666232465507,0.5375436447603308,0.0010358077042095,0.6014721941451552,-0.4024464611737279,-0.0007466331364453,-0.3692323510431808,1
2020-08-24,0.5408722091281658,0.0031350443209561,0.6154736136222574,0.2558185011805276,0.0011933290956477,0.3092387553574373,0.1969437369154242,0.0006660345666167,0.2184443082935209,1.4117822625320906,0.0005006522239874,1.4576259281682915,0.993518125416088,0.0017500130838636,1.0402370324190158,0.1087502998920779,0.0021042304271313,0.1721593176233429,-0.4990044700239978,0.0055204673887872,-0.429667893882326,0.6245320907679429,0.0013207166122899,0.6688325740245973,-0.2327782089197289,0.0010278007896428,-0.1688496595349045,1.4188807103740433,-0.0006735613730018,1.4520948205045905,1
2020-08-25,-0.4967708806863062,0.0031077218866307,-0.4221694761922147,0.6107359271181168,0.0012219203108916,0.6641561812950264,-0.0705230416089825,0.0006630043547196,-0.0490224702308858,0.1818364720378355,0.0005100427049508,0.2276801376740363,0.5805398029897471,0.0017739851481882,0.6272587099926747,0.6486067489666917,0.0021305076179153,0.7120157666979567,0.0423712052275105,0.0055180993979356,0.1117077813691822,0.4459667363687523,0.0013372628738857,0.4902672196254067,-0.4588319352979378,0.0010124802479887,-0.3949033859131134,-1.5952284027531924,-0.0007484167138553,-1.5620142926226457,1
2020-08-26,0.6252274966962591,0.003132942158056,0.6998289011903506,1.158948016317024,0.0012762850849557,1.2123682704939338,0.1093066400688711,0.0006652046210064,0.1308072114469678,-0.772213083269861,0.0004750906392968,-0.7263694176336603,0.4714868966285319,0.0017929529129275,0.5182058036314595,1.1198716847866177,0.0021773567882571,1.1832807025178826,1.5102702854315169,0.0056590803889347,1.5796068615731886,0.5772501326782319,0.0013589998265975,0.6215506159348863,-0.0242104904354367,0.0010113350937007,0.0397180589493876,-1.0805979911919084,-0.00079777572624,-1.0473838810613614,1
2020-08-27,-0.6897933486956506,0.003096760868378,-0.6151919442015591,-0.5362959174990015,0.0012504562629102,-0.4828756633220918,0.348553691316478,0.000674316987586,0.3700542626945746,1.6574388587556033,0.0005528466582813,1.7032825243918042,0.713977702719166,0.001822674959052,0.7606966097220937,1.2804228237552675,0.0022310158795832,1.343831841486533,0.9091098271304676,0.0057408237913748,0.9784464032721392,0.1749806244897311,0.0013645225447637,0.2192811077463854,3.297473407910275,0.0011177123602412,3.361401957295099,-0.3653465210831366,-0.0008120462636558,-0.3321324109525896,1
2020-08-28,-0.1579602886493692,0.0030854770788843,-0.0833588841552777,0.287301916053753,0.0012634917794678,0.3407221702306626,0.3360534667206087,0.0006830249235541,0.3575540380987054,0.1665950910631215,0.0005613405910034,0.2124387566993223,1.4775299611088857,0.0018863225078233,1.5242488681118134,0.4994165627978208,0.0022502799697549,0.5628255805290858,-0.3480871304444097,0.0057000005300559,-0.2787505543027379,1.2836885674584408,0.0014143138515292,1.327989050715095,1.9261663435132417,0.0011793000918137,1.990094892898066,1.1432956794110267,-0.0007529134452132,1.1765097895415737,1
2020-08-31,1.6705378675410971,0.0031590493138803,1.7451392720351888,-0.3605372291037061,0.0012460644611923,-0.3071169749267964,-0.1455534327386542,0.0006778224359472,-0.1240528613605575,-1.34555317296428,0.0005000862424775,-1.299709507328079,-1.2080874081044115,0.001830126975438,-1.1613685011014838,-0.8715479124354439,0.0022096694362095,-0.8081388947041789,3.024805189872356,0.0059863705882432,3.094141766014028,-1.0769836932744976,0.0013697791889247,-1.0326832100178434,-0.8296353794980855,0.001151819284717,-0.7657068301132611,-0.9403491375465804,-0.0007951070958277,-0.9071350274160334,1
2020-09-01,1.975199528628685,0.0032463671742215,2.0498009331227767,0.7440137239387639,0.0012804290705942,0.7974339781156735,-1.0425748041235636,0.0006468746560165,-1.021074232745467,-0.0716804291104738,0.0004977073612069,-0.025836763474273,-0.2398320234977096,0.0018171943554332,-0.1931131164947819,0.3588516368854131,0.0022227776969983,0.4222606546166781,-1.2188945359361405,0.0058609342105406,-1.1495579597944687,0.3398718259715612,0.0013817931442532,0.3841723092282156,4.599548830766001,0.0012989470233669,4.663477380150825,-0.6616441453555878,-0.0008236164921655,-0.6284300352250407,1
2020-09-02,-1.1407811982801006,0.0031894436614397,-1.0661797937860091,1.8613205488452944,0.0013668122846946,1.9147408030222044,1.2420168700505747,0.0006815508592345,1.2635174414286714,0.7348272079239634,0.0005323419364291,0.7806708735601642,0.52418027188261,0.0018381685030326,0.5708991788855377,0.9913860227176996,0.0022632751288868,1.0547950404489643,-1.5037344029367825,0.0057086099838153,-1.4343978267951103,0.8341834071646853,0.0014133579967577,0.8784838904213397,-0.0187500991606076,0.0012973100896068,0.0451784502242167,-0.3327785960740595,-0.0008361182178528,-0.2995644859435125,0
2020-09-03,-4.194568481642382,0.0029921680929795,-4.11996707714829,-2.655926093873563,0.0012423159415363,-2.6025058396966534,-2.3274010976918014,0.0006140047358885,-2.3059005263137045,-0.2088275781483525,0.0005236205640784,-0.1629839125121517,-2.5530166975015973,0.0017230481204519,-2.506297790498669,-3.453850542462149,0.0021111183776332,-3.390441524730885,-2.2907765201418995,0.0054812471828272,-2.2214399440002275,-2.1244069532731085,0.0013276922740893,-2.080106470016454,-1.639182878198154,0.0012438518730118,-1.5752543288133298,-0.1336693081107823,-0.0008389737352458,-0.1004551979802353,0
2020-09-04,-0.0405338446684591,0.0029866594554855,0.0340675598256324,-1.5609293468740204,0.0011693063412473,-1.5075090926971106,-0.5535061403618475,0.0005973778685506,-0.5320055689837508,1.0730824019989251,0.0005734757204053,1.118926067635126,-1.4236758790512225,0.0016582646829207,-1.3769569720482948,-0.8316037817869604,0.0020729461994388,-0.7681947640556953,0.6153541481550786,0.0055340415092868,0.6846907242967503,-1.2765309504903275,0.0012759054609462,-1.232230467233673,-0.940444902500956,0.0012129424974715,-0.8765163531161317,-0.0709588099526175,-0.0008388034275384,-0.0377446998220705,0
2020-09-08,-3.537629941076304,0.0028209009330618,-3.4630285365822124,-1.906443684904048,0.0010806186586272,-1.8530234307271376,-0.7633091052968065,0.0005748589697771,-0.7418085339187098,-1.8462778801061508,0.0004901046431478,-1.80043421446995,-0.8677962490860812,0.0016182377588537,-0.8210773420831535,-3.02414632358299,0.0019404728987006,-2.960737305851725,-5.2544630365419005,0.0050242248000576,-5.1851264604002285,-1.3726400980605205,0.0012205775160875,-1.3283396148038662,-2.335878788575679,0.0011377569307571,-2.271950239190855,-1.1666194301874255,-0.0008911402903268,-1.1334053200568786,1
2020-09-09,1.977971590343031,0.0029081139154966,2.0525729948371225,0.7353818156623865,0.0011145689188422,0.7888020698392961,1.351696567431716,0.0006124921192895,1.3731971388098128,0.446381429097276,0.0005113219436185,0.4922250947334767,1.5396844135228351,0.0016840455178349,1.5864033205257628,2.267247899926615,0.0020361035809022,2.33065691765788,2.6197115459895968,0.005269423081324,2.6890481221312683,1.1346457259764695,0.0012640309518795,1.1789462092331242,0.7066602806008737,0.0011595529216664,0.7705888299856981,-0.3296939580030883,-0.0009032179986454,-0.2964798478725413,0
2020-09-10,-1.7545653596764927,0.0028246541862427,-1.679963955182401,-0.7496366813927056,0.0010798186299965,-0.6962164272157959,-1.566103375228595,0.00056730523138,-1.5446028038504986,-0.5796147482434558,0.000485919946002,-0.533771082607255,-1.1139212889743308,0.0016333707614346,-1.0672023819714032,-1.596896993567334,0.0019655530756991,-1.5334879758360689,0.2707429717178672,0.0052894821411982,0.340079547859539,-0.7837835499263955,0.001232074785962,-0.7394830666697412,-1.6951349825286288,0.0011051472269107,-1.6312064331438043,-1.2652193958955362,-0.0009598608751537,-1.2320052857649892,0
2020-09-11,-0.7502166473060516,0.0027872924075484,-0.6756152428119601,-0.3963606140122053,0.001061498407498,-0.3429403598352956,0.4693043109479858,0.0005798455801074,0.4908048823260825,0.597212233032835,0.0005138704708259,0.6430558986690358,-0.486451773374139,0.0016103393325074,-0.4397328663712113,-0.420527854112014,0.001945669039076,-0.3571188363807489,0.0221482865740599,0.0052857977882757,0.0914848627157317,-0.2998368632996016,0.0012191953769914,-0.2555363800429472,-0.1235146540461665,0.0011006755336549,-0.0595861046613421,-0.1662283017434102,-0.0009639424934868,-0.1330141916128632,1
2020-09-14,1.46920009682611,0.0028508729569335,1.5438015013202016,-0.2859563312292186,0.0010483357010381,-0.232536077052309,0.2981678126603034,0.0005875027336043,0.3196683840384001,0.6713008071153821,0.0005450339378732,0.7171444727515828,1.325620174450444,0.0016663764414632,1.3723390814533716,0.3067781385760506,0.0019569261261014,0.3701871563073156,3.02831848716096,0.0055674472577946,3.097655063302631,1.238776492541097,0.0012664104846695,1.2830769757977512,0.2721025578087211,0.0011087010419812,0.3360311071935455,-0.3532984448612443,-0.0009768860514013,-0.3200843347306972,1
2020-09-15,0.0056885967671756,0.0028478644590887,0.0802900012612671,0.8327644674832229,0.0010865079336405,0.8861847216601325,0.280183497080066,0.0005946183663205,0.3016840684581627,-1.6575639953894463,0.0004711974889471,-1.6117203297532454,0.0387986808407438,0.0016662098509847,0.0855175878436716,0.8345440017075322,0.0019906081877024,0.8979530194387972,1.698856056100135,0.0057218980833071,1.768192632241807,0.0754806393742513,0.0012681212601573,0.1197811226309057,-0.0423534523782201,0.0011067954701378,0.0215750970066042,-0.5567947744011157,-0.0009994075802174,-0.5235806642705687,0
2020-09-16,-1.5933804509346965,0.0027726054226621,-1.5187790464406048,-0.8164072381021983,0.0010490930284512,-0.7629869839252885,-0.294266645731044,0.0005855816127073,-0.2727660743529473,0.1731735008513139,0.0004799397604931,0.2190171664875147,0.3817461727655006,0.0016809184428775,0.4284650797684283,-1.0412278409218108,0.0019444305839992,-0.9778188231905458,-0.5072141870169616,0.0056672255332005,-0.4378776108752899,-0.1200968555832805,0.0012622284384109,-0.0757963723266262,-0.6572440707201903,0.0010855975746136,-0.5933155213353659,2.056430748838182,-0.0008983404937617,2.089644858968729,0
2020-09-17,-0.8960849388644894,0.0027291344211379,-0.8214835343703979,-0.8959867575735001,0.0010082213528588,-0.8425665033965904,-0.7084075452987915,0.0005649928039676,-0.6869069739206949,-0.63783370263642,0.0004522961798925,-0.5919900370002192,-0.4263040657158007,0.001660593132469,-0.379585158712873,-0.634616154301404,0.0019157044219237,-0.5712071365701389,-1.090790748903831,0.005557804767394,-1.021454172762159,-0.0034442576411879,0.001260882885232,0.0408562256154663,0.1698751625222525,0.0010904007700443,0.2338037119070769,-0.0462356183025232,-0.0008968700603335,-0.0130215081719762,0
2020-09-18,-1.7069435104444106,0.0026493903045455,-1.632342105950319,-1.282977305612509,0.0009499253930459,-1.229557051435599,1.1103985675009764,0.0005952994282282,1.1318991388790731,-0.1561545908549488,0.0004463170577783,-0.110310925218748,-0.7054372021197468,0.0016283113351949,-0.6587182951168191,-0.7431388105321141,0.0018825213874721,-0.679729792800849,1.0190103946409974,0.0056472784101429,1.0883469707826692,-0.8202622885585604,0.0012279676768454,-0.7759618053019061,-0.822744827359741,0.001064168007653,-0.7588162779749166,-0.8274272595236659,-0.0009321495193306,-0.7942131493931189,0
2020-09-21,1.485974377073339,0.0027133079529408,1.5605757815674302,-0.7876812505083032,0.0009143895630358,-0.7342609963313935,-2.2881631531535103,0.0005307618555099,-2.266662581775414,-1.6461204135246497,0.0003739011595992,-1.6002767478884488,-1.231832340803266,0.0015735058811789,-1.1851134338003382,0.523802077498152,0.0019029519481258,0.587211095229417,0.3337618518660557,0.0056720526209017,0.4030984280077275,-1.5693230977849222,0.0011663147948167,-1.525022614528268,0.9108465501104752,0.001092096176868,0.9747750994952996,-1.038959349596823,-0.0009771923873904,-1.005745239466276,1
2020-09-22,0.7341432017719222,0.0027432677233118,0.8087446062660137,1.0020622847106413,0.0009601005744917,1.055482538887551,-0.5298572609942194,0.0005154056908283,-0.5083566896161227,-0.6107863793995701,0.0003478967391703,-0.5649427137633694,1.1733576384600362,0.0016223100491611,1.2200765454629638,1.2552970997803772,0.0019540836830447,1.318706117511642,-1.4475914340636482,0.0055299811936105,-1.3782548579219764,0.8988593179031394,0.0011999193171924,0.9431598011597938,0.6062994716434323,0.0011104241329064,0.6702280210282567,-1.249056508931118,-0.0010318639950483,-1.2158423988005709,0
2020-09-23,-2.233163779913447,0.0026405336677281,-2.158562375419355,-1.810373633454466,0.0008784788828518,-1.7569533792775562,0.1106950908795742,0.0005178876734421,0.132195662257671,-0.8861179995730221,0.0003097863557128,-0.8402743339368213,-1.770538718238221,0.001544674019852,-1.7238198112352932,-1.8656268449232083,0.0018738941021466,-1.802217827191944,-2.6150475597158773,0.0052795423692922,-2.5457109835742058,-1.593856862670925,0.0011376725101563,-1.5495563794142708,-1.3066776847471688,0.0010693103869095,-1.2427491353623443,-1.6123109772204458,-0.0011032519587699,-1.5790968670898988,1
2020-09-24,0.4538271618992828,0.0026580293130243,0.5284285663933743,0.4326586303938185,0.0008983844717885,0.4860788845707282,0.1104640167639381,0.0005203518760163,0.1319645881420348,-0.0905092946764855,0.0003070971017121,-0.0446656290402847,0.5612783554064475,0.0015671385115595,0.6079972624093752,0.646013457243079,0.0018993252681511,0.7094224749743441,0.4115439449662364,0.0053122364152218,0.4808805211079082,0.0016643618531512,0.0011368237394219,0.0459648451098056,0.3228891997664265,0.0010788328121606,0.3868177491512509,-0.1333981721544896,-0.0011053904573811,-0.1001840620239426,1
2020-09-25,1.8560101987120712,0.0027377967882357,1.930611603206163,0.5256554513076247,0.0009223831924366,0.5790757054845344,0.5456431045059192,0.0005348204879428,0.5671436758840159,0.4067577577764295,0.0003263992037581,0.4526014234126302,0.5365203169738747,0.0015884435795373,0.5832392239768024,1.1837317582577422,0.0019471221258498,1.2471407759890074,1.171722979419052,0.0054154437717402,1.2410595555607238,0.4855442320202169,0.0011544702652495,0.5298447152768713,0.2450046775411568,0.001085906051473,0.3089332269259812,0.4256840200511286,-0.0010815237991629,0.4588981301816757,1
2020-09-28,1.1536901398927006,0.0027860407499304,1.228291544386792,0.639270060383831,0.000951372553791,0.6926903145607407,0.8035376259748983,0.0005563274762136,0.825038197352995,1.444117017843103,0.0003913594407714,1.489960683479304,1.0215095714057858,0.0016303022414118,1.0682284784087137,0.36322867016943,0.0019604737006616,0.426637687900695,0.7682861723695634,0.0054807637495212,0.8376227485112352,0.8876913085767241,0.0011873691295519,0.9319917918333784,-0.0747333499125691,0.0010830938499389,-0.0108048005277447,0.9186911646034271,-0.0010348953463231,0.9519052747339743,0
2020-09-29,-0.4640370729720921,0.0027624559885525,-0.3894356684780006,0.2032045736696069,0.0009606992099156,0.2566248278465166,-0.0496761790308253,0.0005542858057139,-0.0281756076527286,-0.4819378614323611,0.0003712805485444,-0.4360941957961604,-0.3889615437070952,0.0016120490480636,-0.3422426367041675,-0.6330975901284354,0.00193229767963,-0.5696885723971703,-0.1938249461286523,0.0054567599154322,-0.1244883699869805,-0.3073576809772312,0.0011746575147404,-0.2630571977205768,-0.1233169835489804,0.0010788007028366,-0.059388434164156,-1.468828981570912,-0.0010989849270201,-1.4356148714403651,1
2020-09-30,0.7012013170148585,0.002790440653189,0.7758027215089501,-0.0679892415737687,0.0009578647653289,-0.014568987396859,1.0041961209808707,0.0005811533824444,1.0256966923589674,0.453683155176561,0.0003923651202646,0.4995268208127618,0.2626757211467154,0.0016214994637064,0.3093946281496431,0.7472974497035735,0.0019615707435299,0.8107064674348385,0.5145672559759982,0.005498265279975,0.5839038321176699,0.1148150172899607,0.0011780269601109,0.159115500546615,1.4325150695521387,0.001122254125454,1.496443618936963,0.0385770449969158,-0.001093171955332,0.0717911551274628,1
2020-10-01,0.3608686695314338,0.0028033018500184,0.4354700740255253,0.7204317411805436,0.0009901950717158,0.7738519953574533,-0.8899279775647425,0.0005560749983779,-0.8684274061866458,0.3306188408035543,0.0004079640031249,0.3764625064397551,0.7777482731948299,0.0016526896505112,0.8244671801977576,0.4908543510815541,0.0019800863770052,0.5542633688128191,1.02953017008169,0.0055870169432143,1.098866746223362,0.9678502647116748,0.0012136840863881,1.0121507479683292,1.6147233637482228,0.0011710872686574,1.678651913133047,-1.7535289248178774,-0.0011699562185218,-1.7203148146873304,0
2020-10-02,-1.7357489602982594,0.002723927676248,-1.6611475558041675,-1.157499193938458,0.0009388406162794,-1.1040789397615485,-0.6290721293546614,0.0005382310805857,-0.6075715579765647,0.4453331720641056,0.0004285052836212,0.4911768377003064,-0.755658647863536,0.0016190370113857,-0.7089397408606083,-1.6786161659295404,0.0019088384316972,-1.6152071481982757,-1.885873916348312,0.0054074293668291,-1.81653734020664,-0.6008515950854719,0.0011899102541411,-0.5565511118288176,-1.3998650003423485,0.0011276416982841,-1.3359364509575242,-0.2560419833458151,-0.0011775527740597,-0.2228278732152681,1
2020-10-05,1.509922669750898,0.0027872847353325,1.5845240742449895,0.8980032752511341,0.000978949222801,0.951423529428044,1.106302253920099,0.0005677340093237,1.1278028252981958,1.0484359488805597,0.0004752497388662,1.09427961451676,0.652726644746124,0.0016448285972231,0.6994455517490515,1.0487942603203286,0.001950401108847,1.1122032780515938,0.5587164410731712,0.0054528133452105,0.628053017214843,0.5739419349061081,0.0012105302955968,0.6182424181627625,0.6215870159338546,0.0011459828532054,0.685515565318679,1.1009103099030566,-0.0011228760304984,1.1341244200336038,0
2020-10-06,-1.5499530842447955,0.00271643584344,-1.4753516797507038,-1.144457552109277,0.0009284289574478,-1.0910372979323673,-1.1229741757828682,0.0005365221285034,-1.1014736044047715,-0.5790493440399671,0.00045098339236,-0.5332056784037664,-0.9558560159293902,0.001602936028158,-0.9091371089264624,-1.2262971988538909,0.0018981543270271,-1.1628881811226257,-0.7459563827040026,0.0053786281946313,-0.6766198065623308,-0.9533656803436124,0.001173611756837,-0.909065197086958,-0.6752427150296043,0.0011248179435915,-0.6113141656447799,-0.543745765093982,-0.0011437107228452,-0.5105316549634349,1
2020-10-07,0.7985314098432967,0.0027484597307069,0.8731328143373883,0.2311891611972882,0.0009389179023324,0.2846094153741978,0.8964438457825897,0.0005602060888269,0.9179444171606864,0.8573633269198515,0.0004891737239295,0.9032069925560524,0.98137397178672,0.0016424215779346,1.0280928787896475,0.9785243273955764,0.0019366690365029,1.041933345126841,0.6038098031817735,0.0054279892487247,0.6731463793234452,0.5591323461238302,0.0011936199774238,0.6034328293804846,0.0730413323191565,0.0011264447715164,0.1369698817039809,0.1289155983788733,-0.0011337376440642,0.1621297085094203,1
2020-10-08,-0.1237902165134284,0.0027401540886049,-0.0491888120193369,0.793231244970062,0.0009741376348664,0.8466514991469717,0.544566960548962,0.000574264260317,0.5660675319270587,1.0183575649200567,0.0005341650990982,1.0642012305562576,0.2108538392150829,0.0016495097585414,0.2575727462180106,0.1322246915511064,0.001940341146829,0.1956337092823714,-0.0334497007747006,0.0054190874411244,0.035886875366971,0.1065467718200051,0.0011965919832539,0.1508472550766595,0.1832396572711691,0.0011313992957937,0.2471682066559935,2.5524361214475166,-0.0010133979635293,2.585650231578064,1
2020-10-09,0.8205972730787796,0.0027729408990269,0.8951986775728711,0.8729601676864707,0.001012706799091,0.9263804218633804,1.1362900464588288,0.0006042320363402,1.1577906178369255,-0.3408679265877085,0.0005202218409314,-0.2950242609515077,1.0780091366456048,0.0016927463327079,1.1247280436485323,1.29591314943923,0.0019915623571167,1.3593221671704951,0.3976751986363606,0.0054494044164999,0.4670117747780323,1.0354139202850217,0.0012342531335491,1.079714403541676,0.6802919206699504,0.0011513405615548,0.7442204700547748,-0.7590344121748405,-0.0010441239722436,-0.7258203020442934,1
2020-10-12,3.194193974174477,0.0029085382133787,3.268795378668569,1.769561127348649,0.0010904542890518,1.8229813815255589,0.4561199821787289,0.000615747037373,0.4776205535568256,0.5885295047026131,0.0005464112673162,0.6343731703388138,-0.0999590017874221,0.0016867515159532,-0.0532400947844944,1.3542655326024349,0.002044934719151,1.4176745503336996,0.4014569218971469,0.0054799289494183,0.4707934980388187,-0.1138470402484119,0.0012289056471375,-0.0695465569917575,0.6988408418306759,0.0011717516537936,0.7627693912155002,-0.1890537367844409,-0.0010488614216915,-0.1558396266538939,0
2020-10-13,-1.439716076095564,0.002842979211386,-1.3651146716014724,0.0271904863253955,0.0010915556687893,0.0806107405023051,-1.9209674382043849,0.0005633313441743,-1.899466866826288,-0.884802139857475,0.0005091036611799,-0.8389584742212742,-0.9910445396805664,0.0016437704645792,-0.9443256326776388,0.2975218673780926,0.0020550675608367,0.3609308851093576,0.1727742156438406,0.0054896282900305,0.2421107917855124,-0.6477412330931227,0.0012037245606432,-0.6034407498364683,0.9530109604734832,0.0011997125210823,1.0169395098583076,-0.6158803506513199,-0.0010728933120712,-0.5826662405207728,0
2020-10-14,-0.0363441876998284,0.0028383135454075,0.038257216794263,-0.171234754863862,0.0010839822636999,-0.1178145006869523,-0.1667432848352802,0.0005581850670084,-0.1452427134571835,-0.3335259446447526,0.0004956241886294,-0.2876822790085518,-0.5335411288474179,0.0016199414874667,-0.4868222218444902,-0.5545970104957549,0.0020305573823962,-0.4911879927644899,0.7381082551492064,0.0055503173785334,0.8074448312908782,-0.6656310525584199,0.001177991482854,-0.6213305693017656,-1.22414849838944,0.0011622462389598,-1.1602199490046157,-0.1338888935834114,-0.0010750549009538,-0.1006747834528644,0
2020-10-15,-0.2784304264568164,0.0028232377127406,-0.2038290219627249,-0.3126821373544614,0.0010702758184334,-0.2592618831775518,-0.530747521858834,0.0005433231145937,-0.5092469504807373,0.7290440183337225,0.0005277118505165,0.7748876839699232,-0.6929089340604782,0.0015896278917183,-0.6461900270575505,-0.3607755879559594,0.0020140080426371,-0.2973665702246943,-0.7321340372550182,0.0054783124454761,-0.6627974611133465,-0.829079877945057,0.0011463202378185,-0.7847793946884026,0.2397443957294801,0.0011687575278553,0.3036729451143045,0.3991201971357755,-0.0010531931615806,0.4323343072663225,0
2020-10-16,-0.7950750228545531,0.0027860169850764,-0.7204736183604615,0.3464699479186304,0.001085303234761,0.3998902020955401,0.4908948210148035,0.0005557992680114,0.5123953923929001,-0.1527404702137179,0.0005219763377188,-0.106896804577517,0.0847321290469008,0.0015915348459813,0.1314510360498285,-0.063409017731265,0.0020095522726313,0.0,-0.5744291804882115,0.0054207991868145,-0.5050926043465398,0.1687536108368064,0.001151655774407,0.2130540940934608,0.0283413878546598,0.001168927128701,0.0922699372394842,-0.533223971729006,-0.0010733402726976,-0.500009861598459,0
2020-10-19,-1.3889882209407476,0.0027234834161613,-1.314386816446656,-1.278121577902518,0.001029750336578,-1.2247013237256086,-2.1368236520838964,0.0004982292639821,-2.1153230807058,-0.9179796271884608,0.0004836374588415,-0.8721359615522599,-1.2679184058272803,0.0015377445749176,-1.2211994988243526,-1.418878458269944,0.0019504454710484,-1.355469440538679,-0.5642950176276955,0.0053644486050684,-0.4949584414860237,-1.0280608950175547,0.0011128470336729,-0.9837604117609005,-0.9649942588609234,0.0011394986584735,-0.901065709476099,-1.0146320486025464,-0.0011149916310192,-0.9814179384719992,1
2020-10-20,0.604251805219655,0.0027465412649862,0.6788532097137465,0.648996583248845,0.0010579027962137,0.7024168374257547,0.1106097413081964,0.0005006429402794,0.1321103126862931,0.2498509536382671,0.0004951523971458,0.295694619274468,-0.0386402238315397,0.0015346893402121,0.0080786831713879,0.0464765522814828,0.0019505716330842,0.1098855700127478,-0.5773071324629168,0.0053071820056197,-0.507970556321245,0.1776392931090048,0.0011185596455168,0.2219397763656591,0.4284270269669611,0.0011516266102688,0.4923555763517855,0.3791319961261342,-0.0010940809670316,0.4123461062566811,1
2020-10-21,-0.3548580087077524,0.0027285355516575,-0.2802566042136609,1.0912747189320666,0.0011050438217285,1.1446949731089764,-0.3769916350763035,0.0004901154998678,-0.3554910636982069,-0.5616543711807688,0.0004721674036844,-0.515810705544568,0.2280526263684049,0.0015425790531751,0.2747715333713326,-0.0251715015972283,0.0019478201327358,0.0382375161340366,-0.0284954545932214,0.0052991640947742,0.0408411215484503,0.176795641983781,0.0011242161823807,0.2210961252404353,0.1934982419157484,0.0011567321083765,0.2574267913005728,-0.8218207586213903,-0.001126893268205,-0.7886066484908432,1
2020-10-22,-0.5677698701683536,0.0027015355906828,-0.493168465674262,0.6094215769259341,0.0011312012707602,0.6628418311028438,0.6406706034588119,0.0005065620309821,0.6621711748369086,1.782889612300397,0.0005485934946868,1.828733277936598,-0.0177598729673408,0.0015403806080032,0.0289590340355868,-0.0404678352003546,0.0019444678059893,0.0229411825309103,0.1141387378029279,0.0053038875610393,0.1834753139445996,-0.1770674819156339,0.0011168885239911,-0.1327669986589795,-0.5000533384133109,0.001141286179393,-0.4361247890284865,2.4898727878332663,-0.0010119953945372,2.523086897963813,0
2020-10-23,-0.3902591780773979,0.0026822018411057,-0.3156577735833063,0.7797544547967978,0.0011645726838645,0.8331747089737075,0.0699321704378404,0.0005078676374552,0.0914327418159371,0.42216243232131,0.0005671735112014,0.4680060979575108,-0.6880170751969549,0.0015108387321047,-0.6412981681940272,0.2778683882896579,0.0019538573539905,0.3412774060209229,-0.36766420027176,0.0052657640614405,-0.2983276241300883,-0.0382657716054444,0.0011146650898056,0.0060347116512099,0.0909258041316091,0.0011433624738199,0.1548543535164335,-1.0214686998644664,-0.0010537203922116,-0.9882545897339194,0
2020-10-26,-0.070132937537573,0.0026765350969878,0.0044684669565185,-1.5698845693257149,0.0010969277147605,-1.516464315148805,-0.7462300932135352,0.0004876658293754,-0.7247295218354385,-1.3275653206850364,0.0005118810115327,-1.2817216550488355,-1.925609984207412,0.0014310302351017,-1.8788910772044844,-1.6200609533600885,0.0018874916367481,-1.556651935628823,-0.0898207333590546,0.0052524499484764,-0.0204841572173828,-1.538217485923224,0.0010577591190191,-1.4939170026665698,-0.9343386677015,0.0011152145320956,-0.8704101183166756,-1.2002019269135344,-0.0011031926077925,-1.1669878167829877,0
2020-10-27,0.6187037262524883,0.0027000558969638,0.6933051307465797,0.4149591481779061,0.0011146017442528,0.4683794023548157,-0.4935329081830049,0.000474194824789,-0.4720323368049082,-1.022577459280919,0.0004696636880462,-0.976733793644718,-0.2068724554942147,0.0014214051689526,-0.160153548491287,0.7624623101583617,0.0019162542333639,0.8258713278896268,0.1883872542174266,0.0052638153294683,0.2577238303590984,-0.977840503329178,0.0010214894301069,-0.9335400200725236,0.3061005376185772,0.0011236660955727,0.3700290870034016,-0.8153484006915963,-0.0011354125941117,-0.7821342905610492,0
2020-10-28,-2.457858868809563,0.0025935070554661,-2.383257464315471,-2.8551908048952304,0.0009924208694762,-2.8017705507183206,-2.794715578491705,0.0004004215469375,-2.7732150071136084,-1.5000451484996855,0.0004075811916859,-1.4542014828634848,-4.397320337719306,0.0012419259671306,-4.350601430716379,-2.7762677863599485,0.0018043346893339,-2.712858768628684,-1.1510013113068152,0.0051568527413813,-1.0816647351651434,-2.939726198263868,0.0009141528671168,-2.8954257150072134,-1.5315049759443862,0.0010781610158236,-1.467576426559562,-1.907641702752661,-0.0012157409266304,-1.8744275926221143,1
2020-10-29,1.8320309867469184,0.0026682509498218,1.90663239124101,1.4978173156833523,0.0010564297986839,1.551237569860262,-0.7223261043614784,0.0003812099258173,-0.7008255329833817,0.2920066402321003,0.0004208525288801,0.3378503058683011,0.2845079701594261,0.0012526319952617,0.3312268771623537,0.4874833467236596,0.0018222545129348,0.5508923644549247,0.2222987895077452,0.0051713643436046,0.2916353656494169,1.2799759256932972,0.0009601423142905,1.3242764089499517,-0.1273836443863944,0.0010739643809895,-0.06345509500157,2.1492729064338545,-0.0011169087402739,2.182487016564401,0
2020-10-30,-2.9573042020805307,0.0025412247952906,-2.8827027975864388,1.8814594205096344,0.0011364888988025,1.934879674686544,-0.0698164093415673,0.0003791229407592,-0.0483158379634706,0.4176971795314179,0.0004393212755885,0.4635408451676187,-0.8770153621052871,0.0012164031635874,-0.8302964551023594,-0.6649297125866201,0.0017945214829539,-0.6015206948553551,-1.4349406678420211,0.0050400993727537,-1.3656040917003496,-1.0678288406028564,0.0009210666282744,-1.023528357346202,-0.6834434313614527,0.0010535403747387,-0.6195148819766283,-0.5556726364343604,-0.0011374691568996,-0.5224585263038134,1
2020-11-02,-0.1171564550765653,0.0025339501267387,-0.0425550505824737,0.2049544857709451,0.0011450065933661,0.2583747399478547,0.933554973327594,0.0004031932281631,0.9550555447056908,1.1212042880356403,0.0004870588939849,1.1670479536718412,0.2003482403865099,0.0012237280378766,0.2470671473894376,-0.1012540845010105,0.0017891521740949,-0.0378450667697455,0.7217649523807048,0.0050986214619299,0.7911015285223766,0.9541979823843568,0.0009550920304882,0.998498465641011,0.8171025090615163,0.001076949037846,0.8810310584463407,2.0337671088282123,-0.0010443019714997,2.0669812189587597,1
2020-11-03,0.7155011412018082,0.0025615786573388,0.7901025456958997,0.614757104972973,0.0011708530190071,0.6681773591498826,-0.1350423522574659,0.0003993717102942,-0.1135417808793692,1.5860935359426114,0.0005539430275223,1.631937201578812,0.9554918932779276,0.0012613736737098,1.0022108002808552,1.0456529384764517,0.0018289680297745,1.1090619562077166,1.3683366435665258,0.0052134964523378,1.4376732197081976,1.1225947724455625,0.0009950315691481,1.1668952557022167,1.191973705982624,0.0011111616264083,1.255902255367448,-0.873011171652407,-0.001078826783357,-0.8397970615218601,1
2020-11-04,2.02685966161962,0.002643890167754,2.1014610661137114,3.042970290142983,0.0012992628807839,3.0963905443198927,0.5170385518769293,0.0004124870265731,0.538539123255026,-1.6279120209420097,0.0004870354791717,-1.5820683553058086,2.0970460447629917,0.0013446424821306,2.143764951765919,2.57731525659323,0.0019287955483985,2.6407242743244947,-0.23891337765116,0.0051874706866262,-0.1695768015094883,1.7456744377590636,0.0010571764650155,1.789974921015718,-0.489413512224947,0.0010964214938026,-0.4254849628401226,-0.2983658899249723,-0.0010880929883915,-0.2651517797944253,1
2020-11-05,1.7519292449894088,0.0027143836938013,1.8265306494835003,0.4316276809785775,0.001316940524951,0.4850479351554872,0.192534991233507,0.0004171438042744,0.2140355626116037,2.0715370473518657,0.0005737537852904,2.117380712988066,1.5817423128680064,0.0014069306273513,1.628461219870934,1.6818110316893042,0.0019930834885229,1.7452200494205692,0.9311971124195638,0.0052635561584228,1.0005336885612357,1.0886671280063716,0.0010955096691384,1.1329676112630258,0.7241101971696235,0.001116893945539,0.7880387465544479,-0.1220755985824843,-0.0010896326478049,-0.0888614884519373,0
2020-11-06,-0.1330668061663486,0.0027061384973627,-0.0584654016722571,-0.133357203951338,0.001310754944228,-0.0799369497744283,1.455065945082785,0.0004544008811869,1.4765665164608814,-0.7354850426083768,0.000544001411385,-0.689641376972176,-0.5362782662347011,0.001384366927841,-0.4895593592317734,0.0419894359938665,0.0019929392814361,0.1053984537251315,-0.5267446050022828,0.0052124978889085,-0.457408028860611,0.2071814177996946,0.0011021568078283,0.251481901056349,1.1238056165802544,0.0011488309791901,1.1877341659650789,-0.6118729464338446,-0.0011124765904434,-0.5786588363032976,1
2020-11-09,-1.1021557722658022,0.0026576898104085,-1.0275543677717107,-0.0045772827780571,0.0013100062237969,0.0488429713988525,2.209963764964017,0.0005109614963757,2.231464336342114,6.963760837812205,0.0008321389235803,7.009604503448406,5.239268377749799,0.0015920585384854,5.285987284752727,-1.367352033931066,0.0019377740526933,-1.303943016199801,-0.5668957015030665,0.0051581727687623,-0.4975591253613947,4.243012070166005,0.0012527883214778,4.28731255342266,-1.1973417116486418,0.0011136875609124,-1.1334131622638175,6.197500698972914,-0.0008395829816641,6.2307148091034605,0
2020-11-10,-0.229448027159705,0.0026456072277956,-0.1548466226656135,-0.7377348010033963,0.0012785242519803,-0.6843145468264866,1.226642141010692,0.0005419829969819,1.2481427123887887,-0.214137497097739,0.0008234336387143,-0.1682938314615382,-1.568632392124049,0.0015281441380073,-1.5219134851211211,-1.912939749022464,0.0018615893751644,-1.8495307312911984,-0.706306291659668,0.0050920045058629,-0.6369697155179963,0.1330886314226713,0.0012564335085691,0.1773891146793257,0.9786876893257832,0.0011413188320509,1.0426162387106075,1.0586406103485262,-0.0007904892701966,1.0918547204790734,1
2020-11-11,1.487360407158108,0.0027045584165663,1.5619618116521994,0.2249128578670931,0.0012874478266223,0.2783331120440028,-0.289789106859971,0.0005339422674912,-0.2682885354818743,-0.8189608698777151,0.0007899093917862,-0.7731172042415142,-0.4294988349682883,0.001509703675973,-0.3827799279653606,1.373550183918707,0.0019134896766578,1.436959201649972,0.3367949175798094,0.0051162719850321,0.4061314937214811,-0.2155598928992067,0.0012476751062408,-0.1712594096425523,1.167831769785392,0.0011742643949542,1.2317603191702162,-0.5405904660610487,-0.0008107422015225,-0.5073763559305017,0
2020-11-12,-0.1951929999962302,0.0026938409166121,-0.1205915955021387,-0.1817874331620505,0.0012793556569467,-0.1283671789851409,0.2588648579795816,0.0005399909659312,0.2803654293576783,-0.6818264965805272,0.0007621512489589,-0.6359828309443264,-0.7081227030716218,0.0014803089164176,-0.6614037960686943,-0.3439544508670384,0.0018985441459776,-0.2805454331357734,-0.3862551375226689,0.0050780766182543,-0.3169185613809972,-1.2059297323941809,0.0012038390738112,-1.1616292491375264,0.0612329348663542,0.0011753580418029,0.1251614842511786,-1.719590364568671,-0.0008817712739144,-1.6863762544381238,1
2020-11-13,-0.0530031723903199,0.0026890228330495,0.0215982321037716,0.8057033579475142,0.0013124336028751,0.859123612124424,0.8726740403699713,0.0005617051351801,0.894174611748068,0.2783797948061554,0.0007738044487066,0.3242234604423562,1.0541224845491537,0.0015206700641411,1.1008413915520812,0.208418780202601,0.0019050442114747,0.2718277979338661,-0.2642363866287757,0.0050505443663446,-0.1948998104871039,0.5940149622035241,0.0012238729025414,0.6383154454601785,1.0906242186261004,0.0012058840235692,1.1545527680109249,1.1542126278206422,-0.0008287859681721,1.1874267379511891,1
2020-11-16,0.374149775982492,0.0027017739734056,0.4487511804765835,-0.0026253916059272,0.0013117703859509,0.0507948625709824,0.5037334894458934,0.0005739160236322,0.52523406082399,1.4154729130684365,0.0008318423136941,1.4613165787046372,0.0205089266718824,0.0015201058650701,0.0672278336748102,0.1186021012694815,0.0019080473556906,0.1820111190007465,-0.0940455419646254,0.0050377446567939,-0.0247089658229536,0.5872778909392716,0.0012435841602434,0.631578374195926,0.8711411979781727,0.0012300177586659,0.9350697473629972,2.804016279674887,-0.0007051529945124,2.837230389805434,1
2020-11-17,-0.4638809885518733,0.0026801148797905,-0.3892795840577818,-0.4080602169351873,0.0012942920628688,-0.3546399627582777,-0.8455958843757951,0.0005517273726505,-0.8240953129976984,-0.5710631019281301,0.0008086849422725,-0.5252194362919295,0.1211225652861707,0.0015235028051348,0.1678414722890985,-0.7613040573337264,0.0018771205378278,-0.6978950396024614,1.9527095651917576,0.0052004050952854,2.0220461413334294,-0.6045295219582605,0.0012212226519095,-0.5602290387016061,-1.5559716162534298,0.00118493563253,-1.4920430668686055,0.6245301753438341,-0.0006754697834546,0.6577442854743812,0
2020-11-18,-0.6607936980212289,0.0026504912214331,-0.5861922935271373,-0.6602620745281397,0.0012664477330324,-0.60684182035123,-1.1202638164203995,0.0005226550245484,-1.0987632450423028,-0.4293241967700124,0.0007913887056426,-0.3834805311338116,-0.1359677620337566,0.0015167912254904,-0.0892488550308289,-0.7849783865691424,0.0018454132971243,-0.7215693688378774,2.440847791820714,0.0054041258396347,2.510184367962386,-0.8627584021694837,0.001189876566059,-0.8184579189128294,-0.2028135265287923,0.0011784944934168,-0.1388849771439679,-1.8913523641660213,-0.0007535329268688,-1.8581382540354745,1
2020-11-19,0.1913553637368055,0.0026557804797363,0.2659567682308971,0.4704620726772914,0.0012854270644318,0.5238823268542011,-0.1508364259017564,0.0005182785186353,-0.1293358545236597,0.0934275881574325,0.0007953775128727,0.1392712537936333,-0.3754972459617609,0.0015007228835817,-0.3287783389588332,0.2840282531623924,0.0018548725934451,0.3474372708936575,0.5695723971181472,0.00544729683225,0.638908973259819,-0.1192133114109858,0.0011847485964066,-0.0749128281543315,1.441792743485138,0.0012187151613375,1.5057212928699624,0.2180738551766963,-0.0007412231651777,0.2512879653072433,0
2020-11-20,-0.6384821330680875,0.0026272409911079,-0.5638807285739961,-0.6951643741638348,0.0012562793851188,-0.6417441199869252,-0.4608465702053572,0.0005060784942943,-0.4393459988272605,-0.4893805629985551,0.0007757498199991,-0.4435368973623543,-1.793990014412725,0.0014292607160055,-1.747271107409797,-0.586434265070392,0.0018309499835794,-0.523025247339127,-0.5456409289894567,0.00539531454325,-0.476304352847785,-1.1087946958471542,0.0011449966067964,-1.0644942125904997,-0.9795539365603528,0.0011902510001874,-0.9156253871755284,-0.638513291421941,-0.0007654534275938,-0.605299181291394,1
2020-11-23,-1.605158497357057,0.0025595220833693,-1.5305570928629657,-0.3117633464212517,0.0012430244926343,-0.258343092244342,-0.865376520145521,0.0004837181271834,-0.8438759487674243,1.4453801266823914,0.0008343850301989,1.4912237923185925,1.453944909678221,0.0014848218598013,1.5006638166811488,-0.136254935235858,0.001824335087655,-0.0728459175045929,1.5516788582753045,0.0055217851718543,1.621015434416976,1.212743155178322,0.001186518595581,1.2570436384349764,0.2763159085718599,0.0011973685984403,0.3402444579566843,3.19093273084141,-0.000626799014793,3.224146840971957,1
2020-11-24,0.5220358425258365,0.002578383401252,0.5966372470199279,1.0164354768031671,0.001284345057791,1.069855730980077,-0.0215005713780967,0.0004827082772311,0.0,2.3479779895937365,0.0009291719001499,2.3938216552299374,1.6246477049945074,0.0015467974024428,1.671366611997435,0.9134347173321726,0.0018577873015344,0.9768437350634376,1.5123870615960089,0.0056443955964082,1.5817236377376809,0.392955759471481,0.0011992860661223,0.4372562427281354,0.1471439780671262,0.0012008165966653,0.2110725274519506,3.242816713989358,-0.0004865226385686,3.2760308241199043,1
2020-11-25,0.3096619394653939,0.002588568350038,0.3842633439594854,-0.0467977883614178,0.0012819406126027,0.0066224658154918,-0.1309775331006472,0.0004789506660273,-0.1094769617225505,-0.5874115979422526,0.0009054433602612,-0.5415679323060518,-0.2142856884625898,0.0015370642152458,-0.1675667814596621,-0.0608663803576248,0.0018540136959376,0.0025426373736401,0.7560018817359851,0.0057024834935789,0.8253384578776569,0.301264517748501,0.0012088102662172,0.3455650010051553,0.1661362896129221,0.0012047842896326,0.2300648389977465,-1.404861973278413,-0.0005435725440983,-1.3716478631478657,1
2020-11-27,0.1737599121353927,0.0025932205079976,0.2483613166294843,0.6064988801445098,0.0013062512855908,0.6599191343214195,0.1630931688640322,0.0004825854909645,0.1845937402421289,-0.3895010436498688,0.000889760873512,-0.343657378013668,-0.4001796484151315,0.0015201637322762,-0.3534607414122038,0.2846422477983264,0.0018633801054324,0.3480512655295914,0.4350203456806116,0.0057332221887122,0.5043569218222834,-0.0130829604273383,0.0012073809925109,0.0312175228293159,-0.1761777559330656,0.0011991296693129,-0.1122492065482412,-0.780908852065895,-0.000574027466116,-0.7476947419353479,0
2020-11-30,1.011195685130427,0.0026316155750703,1.0857970896245186,-0.981801641023208,0.0012656700647679,-0.9283813868462985,0.3698740311816225,0.0004913816039338,0.3913746025597192,-1.47234368750537,0.0008307505322334,-1.426500021869169,-0.4515457884052028,0.0015013458608904,-0.4048268814022751,-0.3583987949920181,0.0018483320795232,-0.2949897772607531,-0.8325370268363601,0.0056570071226664,-0.7632004506946883,-0.2287576236030571,0.001198485147272,-0.1844571403464028,0.517651624424429,0.0012129279506838,0.5815801738092534,-2.5558203100996963,-0.0006791783838922,-2.5226061999691494,1
2020-12-01,1.5117844616316494,0.0026899917000377,1.5863858661257408,1.1339887908860833,0.0013113869307944,1.187409045062993,1.5652488441947403,0.0005300033017273,1.586749415572837,0.7710589990262343,0.0008616986473165,0.8169026646624351,0.3309111334801557,0.0015128189072415,0.3776300404830834,0.4837305801508181,0.0018652026268576,0.5471395978820832,0.6749115397468122,0.00570788819504,0.7442481158884838,0.1976684704529818,0.0012043699774769,0.2419689537096361,-0.1366493462228312,0.0012083845143097,-0.0727207968380068,0.444349799631421,-0.0006576819303556,0.477563909761968,1
2020-12-02,0.0763612979740507,0.002690494955918,0.1509627024681422,0.785380503043977,0.0013427529842385,0.8388007572208867,0.3663290391863626,0.0005385767209296,0.3878296105644593,0.9486244946405455,0.000899605084886,0.9944681602767466,0.165302181214882,0.0015178631005133,0.2120210882178097,-0.2760560501432847,0.0018533214618125,-0.2126470324120196,-0.7403831235468623,0.0056397747923863,-0.6710465474051905,-0.33350364433012,0.0011919029634053,-0.2892031610734656,-1.0929464838717609,0.0011771911370522,-1.0290179344869363,1.8075536310740603,-0.0005790451662303,1.8407677412046075,1
2020-12-03,-0.1331368556530621,0.0026826022152405,-0.0585354511589705,-0.1406512146777459,0.001336448048186,-0.0872309605008363,0.4596269104848662,0.0005494358760833,0.4811274818629629,-0.3852308508740161,0.0008842340375605,-0.3393871852378153,-0.8473314280166313,0.0014839469276345,-0.8006125210137036,-0.3505717997575134,0.0018386821163588,-0.2871627820262483,0.9935720256800868,0.005717171278682,1.0629086018217584,-0.6511380651328941,0.0011685503202735,-0.6068375818762397,-0.6644134549095212,0.0011580524570777,-0.6004849055246968,0.2994818312196782,-0.0005639130314791,0.3326959413502253,1
2020-12-04,-0.3634115347247001,0.0026655345690478,-0.2888101302306086,0.000190913189446,0.0013358670982344,0.0536111673663556,0.6849074625492969,0.0005658434031818,0.7064080339273936,0.4238845388290436,0.0009010831938259,0.4697282044652444,1.42678568130874,0.0015374387362195,1.4735045883116678,-0.0327474491305687,0.0018360515329428,0.0306615686006962,0.1654775446970946,0.0057250341572869,0.2348141208387663,1.288300286197508,0.0012119366447789,1.3326007694541622,-0.257455437363849,0.0011502948660369,-0.1935268879790246,1.7660052284086205,-0.0004875298956282,1.7992193385391673,1
2020-12-07,0.5568097917207637,0.002685255924394,0.6314111962148552,-0.2411128950199657,0.0013255461692767,-0.1876926408430561,-0.7384790294221351,0.0005469175719537,-0.7169784580440384,-0.2405148325695803,0.000891511924721,-0.1946711669333795,-0.5745683733422152,0.0015140673419386,-0.5278494663392875,-0.0812883169261656,0.0018316106195455,-0.0178792991949006,1.6862342380345294,0.0058597140310702,1.7555708141762012,-0.0527370053173084,0.0012091587685004,-0.0084365220606541,-0.4619746425820608,0.0011369007434945,-0.3980460931972364,-0.954228150986882,-0.0005249560362248,-0.9210140408563348,1
2020-12-08,0.187375431151647,0.0026901853969542,0.2619768356457385,-0.2129602774285235,0.0013164018397347,-0.1595400232516139,1.4138498143594496,0.0005812863604634,1.4353503857375465,0.0051391132203995,0.0008917029777463,0.0509827788566003,-0.0734499370427082,0.0015099431555392,-0.0267310300397804,0.3759070164802554,0.0018443055944966,0.4393160342115205,0.2421403460439905,0.0058736340792871,0.3114769221856623,-0.0105138489618414,0.0012078372003818,0.0337866342948129,0.6063681433237893,0.0011531106927829,0.6702966927086137,1.579227277148351,-0.0004567426946479,1.612441387278898,0
2020-12-09,-1.1503114051497074,0.0026419362928822,-1.075710000655616,-0.9932145654321206,0.0012759218792507,-0.9397943112552108,0.8261336642985029,0.0006010128184992,0.8476342356765996,-0.448993903397539,0.0008739552149678,-0.4031502377613382,-0.666629218413271,0.0014832124504772,-0.6199103114103434,-1.1301256173755896,0.0018006771255082,-1.0667165996443244,-1.789086809561609,0.0057187615297889,-1.7197502334199373,-0.9420745937618672,0.0011747071838998,-0.8977741105052128,-0.6488948377186684,0.0011346061606829,-0.584966288333844,0.6192490973216249,-0.0004286974479109,0.652463207452172,1
2020-12-10,0.5423447474147757,0.0026610114108614,0.6169461519088671,-0.3454889666116611,0.0012615982129039,-0.2920687124347514,-0.48161170709477,0.0005884562933793,-0.4601111357166734,-0.3794379717777013,0.0008590217106871,-0.3335943061415005,-0.8951533679183757,0.0014478929080411,-0.8484344609154482,-0.3941702358885948,0.001784668907677,-0.3307612181573298,0.8506404343591697,0.0057833578484599,0.9199770105008416,-0.6071725829171556,0.0011531263332132,-0.5628720996605013,-0.4099703676551891,0.0011227585704282,-0.3460418182703647,1.3581449887819053,-0.0003701266584658,1.3913590989124525,0
2020-12-11,-0.4211744992183027,0.0026418754470153,-0.3465730947242111,0.1522955177189551,0.0012672666428509,0.2057157718958648,0.35955660483464,0.0005966220081489,0.3810571762127367,-0.3514813666161634,0.0008452488096656,-0.3056377009799625,-0.7098279198298248,0.0014197566078434,-0.6631090128268972,0.6489405927695665,0.0018075420143296,0.7123496105008316,-0.7398604631311048,0.0057161050475957,-0.670523886989433,-0.4394427897996621,0.0011373382178265,-0.3951423065430078,-0.0840784111213526,0.0011199179754741,-0.0201498617365282,-0.2680515144853921,-0.0003790910748793,-0.2348374043548451,0
2020-12-14,-0.3394493592335019,0.002626045148816,-0.2648479547394103,-0.6993272711292007,0.0012388781595778,-0.645907016952291,-2.123935189837561,0.0005438485877396,-2.102434618459464,-0.5914492443340642,0.0008221110774307,-0.5456055786978634,0.5641176797847138,0.0014400256919879,0.6108365867876415,0.1778373326941122,0.0018128271329583,0.2412463504253773,1.134919970034829,0.005803915511535,1.204256546176501,0.2489517932395842,0.0011449803854109,0.2932522764962386,-0.7443139411469087,0.0010989760108718,-0.6803853917620843,-1.8085467047313464,-0.0004516395419275,-1.7753325946007996,1
2020-12-15,2.5030694160667637,0.0027223215870565,2.5776708205608547,0.2025771022596374,0.0012465750339145,0.2559973564365471,0.8124538784074039,0.0005631561251543,0.8339544497855006,0.8381812208983791,0.0008550787497097,0.8840248865345799,0.3580742339143967,0.0014524179745867,0.4047931409173244,-0.0812975895965116,0.0018084870318512,-0.0178885718652466,-0.3225030340486949,0.0057712827580307,-0.2531664579070232,0.2764102598959275,0.0011535216795747,0.3207107431525819,-0.0995335780639733,0.0010957720427439,-0.0356050286791489,0.922636250237854,-0.0004113281054587,0.955850360368401,1
2020-12-16,-0.1027737175315834,0.0027157026048111,-0.0281723130374918,-0.1657645607341896,0.0012395801020699,-0.1123443065572799,-0.5168962490921887,0.0005499160793326,-0.495395677714092,0.1047546459811479,0.0008592361733991,0.1505983116173487,-0.2958036701478336,0.001440074115048,-0.2490847631449059,1.252918927237003,0.0018535117002694,1.316327944968268,-0.4767437434539059,0.0057260989070128,-0.4074071673122341,-0.0701758940350706,0.0011503118849629,-0.0258754107784162,-0.1402796044386602,0.0010914677443351,-0.0763510550538359,0.7214801439300995,-0.0003794537308735,0.7546942540606466,1
2020-12-17,0.2837395664411998,0.0027242838619924,0.3583409709352914,-0.5361978967025253,0.0012178993212243,-0.4827776425256156,2.1657568940993754,0.0006021210372905,2.1872574654774724,-0.4748808852353935,0.0008407589954872,-0.4290372195991928,0.728242857767706,0.0014663630406907,0.7749617647706337,-0.0284487466708487,0.0018510576570708,0.0349602710604163,1.2402571064398769,0.0058220013709668,1.3095936825815486,0.7923614517585154,0.0011762146355715,0.8366619350151697,0.2773995086439951,0.0010985700092955,0.3413280580288195,-0.280974148135326,-0.0003888573188411,-0.247760038004779,1
2020-12-18,-0.8902831309606877,0.0026868343921392,-0.8156817264665961,-0.470983932993294,0.0011988911268585,-0.4175636788163843,0.4586582138271201,0.0006125876858267,0.4801587852052168,-0.3010894780216042,0.000829124118297,-0.2552458123854034,0.4991747571342702,0.0014839327842726,0.5458936641371979,-0.2704629118722604,0.0018396984907603,-0.2070538941409954,1.398176958185065,0.0059304505193511,1.4675135343267367,-0.007422475572018,0.0011750848866357,0.0368780076846363,-0.1399891570948665,0.0010942853297471,-0.0760606077100421,-0.8821424652222624,-0.0004228502540653,-0.8489283550917153,0
2020-12-21,0.5632596860546798,0.0027063682697127,0.6378610905487714,0.1922924815268082,0.0012061996362698,0.2457127357037179,-0.8207420041874964,0.00059195145605,-0.7992414328093997,1.897579085329686,0.0009029844767679,1.9434227509658868,-0.9857072169850726,0.0014457111909416,-0.938988309982145,0.938145607174228,0.0018728166810314,1.001554624905493,-1.668230955448433,0.0057878345587613,-1.5988943793067614,-0.6960757902913633,0.0011508199580477,-0.6517753070347091,-0.0537846198958798,0.0010923590375094,0.0101439294889445,-0.9315906594978344,-0.0004587279995597,-0.8983765493672872,0
2020-12-22,1.3902080542629347,0.0027580919531366,1.4648094587570264,-0.4738832794991402,0.0011871768011972,-0.4204630253222305,-0.1839532799595738,0.0005868267572116,-0.1624527085814771,-0.8336407658694364,0.0008706160170257,-0.7877971002332355,-0.3882769758125646,0.0014300168263046,-0.3415580688096369,0.2685210865907904,0.0018812341302084,0.3319301043220554,-0.4299639606685294,0.0057467961981486,-0.3606273845268576,-0.9524945855986672,0.0011180537458514,-0.9081941023420128,-0.9622892762917594,0.0010658168320613,-0.898360726906935,-0.8661770628814354,-0.0004917927075821,-0.8329629527508883,1
2020-12-23,-0.4336120585513067,0.0027385838761574,-0.3590106540572151,0.1834005240888797,0.0011941291243215,0.2368207782657893,-0.4448210351290853,0.0005754147405447,-0.4233204637509886,1.4009137449764135,0.0009248722983977,1.4467574106126142,-0.5324920652177079,0.0014089953414336,-0.4857731582147802,-0.7770544943420535,0.0018513337790688,-0.7136454766107885,0.14748815421692,0.0057529304183409,0.2168247303585918,-0.2013889374949706,0.0011105559187047,-0.1570884542383162,-0.5674302818231544,0.001050061619063,-0.50350173243833,0.5992800703095069,-0.000465052375866,0.632494180440054,1
2020-12-24,0.3222843858656868,0.0027485315948847,0.3968857903597783,0.1210854658888146,0.0011986031524381,0.1745057200657243,0.2676132717852374,0.0005812407856247,0.2891138431633341,-0.2735191482386777,0.0009142273299812,-0.2276754826024768,1.0558446471665226,0.0014473031289464,1.1025635541694505,0.3649822449208895,0.0018632854145469,0.4283912626521545,0.5323995052232786,0.0057903115478827,0.6017360813649504,0.9473972644112842,0.0011414573199083,0.9916977476679386,0.0809079869668639,0.0010518713695268,0.1448365363516883,-0.2335209768205731,-0.000472262331154,-0.2003068666900261,1
2020-12-28,1.7659208983838397,0.002814434255782,1.8405223028779316,1.113837900729749,0.0012420205277837,1.1672581549066587,0.3698715331774656,0.0005895063365542,0.3913721045555622,0.2950882592105222,0.0009255466165888,0.3409319248467229,1.304936274954981,0.0014947305992708,1.3516551819579088,0.479619796170559,0.001879370070738,0.5430288139018241,0.002086161673495,0.0057845450725458,0.0714227378151668,1.083300338860636,0.001176765438484,1.1276008221172904,0.8240928329384657,0.0010736961842884,0.88802138232329,0.1324252000185459,-0.0004646018857041,0.1656393101490929,0
2020-12-29,-0.7597768770887653,0.002782304698458,-0.6851754725946737,-0.5178727604518988,0.0012213549562993,-0.4644525062749891,0.4924662159339239,0.00060068561647,0.5139667873120206,-0.1821423386736612,0.0009184585859442,-0.1362986730374604,0.2941793514617544,0.0015044179424758,0.3408982584646821,-0.2604829031863677,0.0018684535093413,-0.1970738854551027,0.0159757250085315,0.0057799255086269,0.0853123011502033,0.4457055288572988,0.001190722186683,0.4900060121139532,-0.5332901753142733,0.0010589373731195,-0.4693616259294488,-0.5874029612534434,-0.0004861077561846,-0.5541888511228963,1
2020-12-30,-0.5133933873200511,0.0027598214264652,-0.4387919828259595,-0.6757859963736343,0.0011945987893824,-0.6223657421967247,1.0054423841948763,0.0006241257184939,1.0269429555729728,0.0991046291513583,0.0009221986573224,0.144948294787559,1.328305036961235,0.0015524097454596,1.3750239439641627,-0.6665176614976259,0.0018428314967829,-0.6031086437663609,0.9948470913979234,0.0058543766823323,1.0641836675395953,1.0702470710608476,0.0012253585966814,1.114547554317502,-0.1255322668969212,0.001055179051101,-0.0616037175120968,0.360322477968782,-0.0004692442025766,0.393536588099329,1
2020-12-31,-0.4709886497686051,0.0027390623456339,-0.3963872452745136,0.4266842318763746,0.0012109584081227,0.4801044860532842,0.6848541634065665,0.0006397977923469,0.7063547347846632,0.6603701037729061,0.0009474337888618,0.7062137694091067,0.1629119470605532,0.0015570867705935,0.2096308540634809,0.1192879582388606,0.0018457982254439,0.1826969759701256,0.3165165904526342,0.0058738600246118,0.385853166594306,0.0571581110609837,0.001226289132635,0.1014585943176381,-0.0793407155081814,0.0010526726912398,-0.015412166123357,-0.4827705471731543,-0.0004864372211504,-0.4495564370426073,0
2021-01-04,-1.3466484978960425,0.0026846900888703,-1.272047093401951,-0.8227065390555556,0.0011786084735007,-0.7692862848786458,-0.4849062510614482,0.0006274587148574,-0.4634056796833515,-0.5347655264095796,0.0009268573763903,-0.4889218607733789,-0.8654135999655058,0.0015237683521467,-0.8186946929625781,-1.2273300084874572,0.0018000322081271,-1.1639209907561925,0.7713972684955775,0.0059298562855696,0.8407338446372493,-0.3098553081379052,0.001215079174145,-0.2655548248812508,1.1592898248385866,0.0010832821278084,1.2232183742234106,0.3010958881904656,-0.0004720228183961,0.3343099983210126,1
2021-01-05,0.5616198129443309,0.0027038177860795,0.6362212174384225,0.3567179992240947,0.0011922162944449,0.4101382534010044,0.952937312586983,0.0006494549083464,0.9744378839650796,0.2358574847062118,0.0009357788675656,0.2817011503424126,-0.6675811988419292,0.0014978733037773,-0.6208622918390017,-0.0106076792981018,0.0017983814232761,0.0528013384331631,0.110798255534059,0.0059325984053731,0.1801348316757308,-0.9379990379174664,0.0011831824179299,-0.8936985546608119,-0.4583116137737975,0.0010706210940843,-0.3943830643889731,2.338597473897815,-0.0003758473228046,2.371811584028362,1
2021-01-06,-1.8068378600973891,0.0026320912996011,-1.7322364556032976,-0.5552842519577461,0.0011704018962017,-0.5018639977808365,0.7583896641708221,0.0006667343417814,0.7798902355489188,2.3851990438279533,0.0010265489885413,2.4310427094641542,-0.0266587675013796,0.0014956568338204,0.020060139501548,-1.4825637787376071,0.0017436914687358,-1.419154761006342,0.629559760203147,0.0059768936792629,0.6988963363448187,-0.5718969244218649,0.001163470402183,-0.5275964411652105,0.3986442850265237,0.0010808241985176,0.4625728344113481,1.222616840503009,-0.0003247762305375,1.2558309506335557,1
2021-01-07,1.6813990847615403,0.0026940818739217,1.756000489255632,1.465690510684617,0.0012268949197085,1.5191107648615267,0.2584956066845226,0.0006720723132736,0.2799961780626193,1.6543208760263166,0.0010891721714344,1.7001645416625175,0.3780757732052405,0.0015083080037355,0.4247946802081682,1.494089012800156,0.0017962769189393,1.5574980305314212,1.8864338034076955,0.0061215190137694,1.955770379549367,0.2908528608611603,0.0011721978786514,0.3351533441178146,-0.0689914905929712,0.0010785620696854,-0.0050629412081468,0.3529120993670661,-0.0003086926387089,0.3861262094976131,1
2021-01-08,0.3695653986619049,0.002705746205741,0.4441668031559965,0.6198970766029268,0.0012504939681139,0.6733173307798365,-0.1920480213693034,0.0006667090682073,-0.1705474499912067,0.0113049623411281,0.0010892009899596,0.0571486279773289,0.5647825409781602,0.0015277505139752,0.6115014479810879,0.2700535765445243,0.0018047178415896,0.3334625942757893,1.860743816848493,0.0062635258422388,1.9300803929901649,0.4150043840328687,0.0011849643796435,0.4593048672895231,-0.0740240607115781,0.0010761753768932,-0.0100955113267537,0.5141132744378112,-0.0002862371897012,0.5473273845683583,0
2021-01-11,-1.270993243492331,0.0026548550088846,-1.1963918389982393,-1.228571608896996,0.001202736323421,-1.1751513547200862,-0.3684558254216773,0.0006571932667533,-0.3469552540435806,0.7268297373260286,0.0011163288120947,0.7726734029622294,-0.9028615907174016,0.0014934468418901,-0.856142683714474,-0.5942141371915283,0.0017821627896961,-0.5308051194602632,-1.994767290368224,0.0060978834048716,-1.925430714226552,-0.7558060330016397,0.0011593427359562,-0.7115055497449854,0.2695483334853242,0.0010828909493972,0.3334768828701486,1.4607649093369202,-0.0002261541346632,1.4939790194674674,1
2021-01-12,-0.1464114524695385,0.0026469287925435,-0.0718100479754469,-0.5995689507380152,0.0011793681264376,-0.5461486965611055,-0.6663472963904984,0.000640680760367,-0.6448467250124017,0.7679642788202247,0.0011449053012717,0.8138079444564253,-0.8597872755135717,0.0014608495228417,-0.813068368510644,-0.7076405991223275,0.001755640401815,-0.6442315813910624,1.0914479161036337,0.0061782259970265,1.1607844922453052,-1.1778441276574771,0.001120028818109,-1.133543644400823,0.7811146700562228,0.0011030927364234,0.8450432194410472,1.059543308305834,-0.0001822600764879,1.0927574184363809,1
2021-01-13,0.7604212708666511,0.0026734513812906,0.8350226753607426,0.2340349548300175,0.0011881036645042,0.2874552090069271,-0.1473039652398367,0.0006364647056666,-0.12580339386174,0.0021522925293281,0.0011444798115676,0.0479959581655289,0.4864738771718416,0.0014774183392778,0.5331927841747693,0.2956406663191429,0.0017650243251448,0.3590496840504079,0.0746988096961206,0.006177586787833,0.1440353858377923,0.0961863666177645,0.0011224235212227,0.1404868498744189,-0.8198683263412022,0.0010810098855764,-0.7559397769563778,0.5218298953805321,-0.0001598769030442,0.5550440055110791,0
2021-01-14,-0.8530563075968516,0.0026387521647951,-0.7784549031027601,-0.5287547050807972,0.001167569236536,-0.4753344509038875,1.427232503508653,0.0006692988123083,1.4487330748867495,0.2566370448290018,0.0011536377351077,0.3024807104652026,-3.050252256820007,0.0013653451813644,-3.0035333498170798,-0.9033271038735362,0.0017316691660561,-0.8399180861422711,-0.3404612338631501,0.0061440758522675,-0.2711246577214783,-2.186675074839997,0.0010504939459763,-2.142374591583343,-0.3050977673071706,0.0010725572522466,-0.2411692179223462,1.8878208135645305,-8.347663870732952e-05,1.9210349236950768,0
2021-01-15,-0.7811682701034438,0.0026069057800074,-0.7065668656093522,-0.1503890872631712,0.0011615883475433,-0.0969688330862615,-0.202044016606339,0.000663758482428,-0.1805434452282424,-0.9736814756627162,0.0011165267051419,-0.9278378100265152,-0.6486121266817773,0.0013408496623908,-0.6018932196788496,-0.1584608815987737,0.0017249213741391,-0.0950518638675087,-0.6182032578214136,0.006088745248548,-0.5488666816797418,-0.1244074743011676,0.0010458475005432,-0.0801069910445132,-1.2385080633449037,0.0010396263369167,-1.1745795139600792,-2.4005573199272545,-0.0001768978615327,-2.367343209796707,1
2021-01-19,0.2046711685512985,0.0026123815672555,0.27927257304539,1.6201965585552411,0.0012232294694373,1.673616812732151,1.2607108262978617,0.0006925106345351,1.2822113976759584,-0.2699100891656441,0.0011059549989507,-0.2240664235294432,0.3978094495718709,0.0013543441011542,0.4445283565747986,0.912044423718464,0.0017561788927007,0.9754534414497292,0.4786383322672843,0.006120145023179,0.5479749084089561,-0.0234882773835292,0.0010444916060299,0.0208122058731251,-0.7041860474884563,0.0010208272551274,-0.6402574981036319,0.943074436503003,-0.0001380355712911,0.97628854663355,1
2021-01-20,1.616196367506329,0.0026709937305038,1.6907977720004206,2.671277850512708,0.0013246828949719,2.724698104689618,-0.2251682747987685,0.0006864060650542,-0.2036677034206718,-0.8221929395036082,0.0010747508406319,-0.7763492738674073,1.428890366224216,0.0014050531599195,1.4756092732271435,1.934280436823494,0.0018235115941591,1.9976894545547592,0.1026407515242834,0.006121823032568,0.1719773276659551,1.247372370777882,0.001084271296326,1.2916728540345366,1.0314462867570149,0.001047501746824,1.0953748361418394,0.6620963980799283,-0.0001103882229929,0.6953105082104752,0
2021-01-21,1.8118475650916817,0.0027367330657258,1.8864489695857736,0.0569484447693041,0.0013263180862153,0.1103686989462138,-0.3532180489533121,0.0006773366312572,-0.3317174775752155,-0.4799349986506661,0.0010564542463081,-0.4340913330144654,-0.1219618438527417,0.0013996211689898,-0.0752429368498139,0.0902799904943348,0.0018254159376209,0.1536890082255998,-0.2273843365718747,0.0060975638849934,-0.158047760430203,-0.2971719200644022,0.0010740059194471,-0.2528714368077479,-0.3999722107804687,0.0010367023961567,-0.3360436613956443,-1.4441938134891117,-0.0001656285938036,-1.4109797033585647,0
2021-01-22,0.752565715459341,0.0027624803801549,0.8271671199534325,0.1735957916803899,0.0013323746241442,0.2270160458572996,0.9111101111178084,0.0006977526746426,0.932610682495905,-0.4451844936373733,0.0010395240773614,-0.3993408280011725,-0.9204927469543522,0.0013654598451626,-0.8737738399514245,0.1750105963983416,0.0018303015689834,0.2384196141296067,-0.0212675317748562,0.0060895621062851,0.0480690443668154,-0.9550329952186978,0.0010425712653343,-0.9107325119620434,0.693051693993724,0.0010544256939127,0.7569802433785484,-0.7288209924564363,-0.0001925945968437,-0.6956068823258893,1
2021-01-25,1.350008156138072,0.0028104979172529,1.4246095606321636,-0.0072027832308836,0.0013315583551503,0.0462174709460259,1.2098915329500806,0.0007250362591683,1.2313921043281773,-0.6920777506174097,0.0010134706946469,-0.6462340849812089,-0.0141205518184551,0.0013640003110763,0.0325983551844725,0.8037712737010165,0.001857303456094,0.8671802914322815,0.9239227983924316,0.0061555702835651,0.9932593745341036,-0.3525742977786766,0.0010306431070152,-0.3082738145220223,-0.1297520193337863,0.0010506821860693,-0.0658234699489619,-0.5831576860915519,-0.0002137539313993,-0.549943575961005,1
2021-01-26,0.0118045980628545,0.0028083221058007,0.0864060025569461,0.3136072653577368,0.0013428755885595,0.3670275195346464,2.2254382703892617,0.0007757794271661,2.2469388417673586,-0.2574435502412883,0.0010036618904251,-0.2115998846050875,-0.2894106190925754,0.0013526729685966,-0.2426917120896477,0.6042408685045348,0.0018771906688172,0.6676498862357999,-0.0053332512916948,0.0061487324922904,0.0640033248499768,0.2625769185332753,0.0010385165297798,0.3068774017899296,0.5999329632966952,0.0010658933682125,0.6638615126815196,-1.1140645633809552,-0.0002555770436017,-1.0808504532504082,0
2021-01-27,-0.470005055964314,0.0027881839794465,-0.3954036514702225,-2.426115872377496,0.0012507547131002,-2.372695618200586,-1.285474160821611,0.0007450177390595,-1.2639735894435142,-1.5095525611775733,0.0009474707489511,-1.4637088955413724,-2.044546418733858,0.0012785610705745,-1.9978275117309297,0.070876287609538,0.0018782968891075,0.134285305340803,-0.5970379359447309,0.0060957865858357,-0.5277013598030591,-2.131126095907931,0.0009696330316386,-2.0868256126512765,-1.9072136356219105,0.0010160935479032,-1.8432850862370864,-0.5911315698979991,-0.0002768452457619,-0.557917459767452,1
2021-01-28,-1.8749455814505605,0.0027158215440265,-1.8003441769564688,0.9045191091061736,0.0012844411371517,0.9579393632830834,0.610410910526145,0.0007581970562575,0.6319114819042417,0.8652195045119679,0.000979367213187,0.9110631701481688,1.4471742334871742,0.0013294856927677,1.493893140490102,1.353632779180849,0.0019242978902565,1.4170417969121138,-0.8877736331624854,0.006020418718532,-0.8184370570208136,0.953862341284615,0.0009997088738756,0.9981628245412694,-0.1102743496550166,0.0010129486287242,-0.0463458002701922,0.7372943839745926,-0.0002463226646931,0.7705084941051396,0
2021-01-29,-2.000283483290218,0.002639078819291,-1.9256820787961264,-0.7625767577669882,0.0012553246478268,-0.7091565035900785,-2.9758092001449894,0.0006885894478476,-2.9543086287668925,-0.6188398454632948,0.0009563329123499,-0.572996179827094,-1.3678364534853558,0.0012798328775291,-1.321117546482428,-1.660015873224802,0.0018648409939839,-1.596606855493537,-1.303992736374305,0.0059130111590051,-1.2346561602326331,-1.5456829720599363,0.0009498567681373,-1.5013824888032823,-1.7441075083123465,0.0009676499092833,-1.6801789589275222,-1.336791671874522,-0.0002964967295927,-1.303577561743975,1
2021-02-01,0.775528760703787,0.0026655692585848,0.8501301651978784,1.7754385644089803,0.0013215533123607,1.82885881858589,-0.2348770256492365,0.0006823620010812,-0.2133764542711398,0.336406021062155,0.0009685980277319,0.3822496866983559,0.8466586136303484,0.0013091873083345,0.8933775206332761,1.7510697007914924,0.0019245500821165,1.814478718522757,1.3663932414783773,0.0060130276889834,1.4357298176200488,1.539085429756271,0.0009985066439317,1.5833859130129255,-0.7072947405118083,0.0009492309963056,-0.6433661911269839,0.0545918009392076,-0.0002925260754797,0.0878059110697546,1
2021-02-02,0.2514910664450461,0.0026725620012806,0.3260924709391376,0.6464335394240671,0.0013452466818066,0.6998537936009768,-0.7651735048969185,0.0006639705858596,-0.7436729335188218,1.5478265807455822,0.0010253857658452,1.5936702463817831,2.089321671208824,0.0013825742076909,2.136040578211752,-0.0953867518060883,0.0019197713842822,-0.0319777340748233,0.8974078649711665,0.0060763756867791,0.9667444411128384,1.2386837793899672,0.0010374156087291,1.2829842626466217,0.7340113660226151,0.0009679376523495,0.7979399154074395,0.7446806802022943,-0.0002618621705106,0.7778947903328413,1
2021-02-03,-0.4748804367919955,0.0026526932863109,-0.400279032297904,3.650423727632927,0.0014811401843353,3.703843981809837,-0.4069815104038126,0.0006538657003181,-0.3854809390257159,0.5470198900196855,0.0010452069254563,0.5928635556558863,-0.2952760514199418,0.001371132795679,-0.2485571444170141,0.7341072554455389,0.0019438240000951,0.797516273176804,-0.5798544898731359,0.0060253976620275,-0.5105179137314642,-0.4137331552101618,0.0010237142674401,-0.3694326719535074,0.1623952037163382,0.000971905097434,0.2263237531011626,1.897423312298395,-0.0001867853001787,1.930637422428942,1
2021-02-04,1.2509088900062275,0.0026965360800807,1.325510294500319,-0.1831118625683187,0.0014734909522768,-0.129691608391409,0.7479033803413218,0.0006702409087323,0.7694039517194184,1.1455936124792148,0.0010868913996361,1.1914372781154154,1.243732716469664,0.0014141989858595,1.2904516234725918,-0.2863869926829159,0.0019324049066187,-0.2229779749516508,-0.2047107843044365,0.0060035295074299,-0.1353742081627648,2.302023722698173,0.0010961235144179,2.3463242059548275,0.6339194333412306,0.0009879341781178,0.697847982726055,0.9112362809334704,-0.0001500167076601,0.9444503910640176,1
2021-02-05,-0.2340289405909389,0.0026855614670976,-0.1594275360968474,0.8183239938608339,0.0015031629276053,0.8717442480377436,1.2370983602631298,0.0006977332737684,1.2585989316412265,-0.1469442826072518,0.0010811344366748,-0.101100616971051,-0.3739338331281937,0.0013999626586856,-0.327214926125266,-0.0204436747901045,0.0019302318315324,0.0429653429411604,-0.004461034997053,0.0059971503789324,0.0648755411446187,-0.1816520804518456,0.0010897032835276,-0.1373515971951913,0.8873146270465807,0.0010103802160756,0.9512431764314052,1.6164575250067588,-8.624842773618931e-05,1.6496716351373055,1
2021-02-08,-0.0181527911162281,0.0026825583868331,0.0564486133778633,-0.1583621341241617,0.0014964208912803,-0.104941879947252,0.21537315409998,0.0007018171615134,0.2368737254780767,0.7646258348750667,0.0011086832030658,0.8104695005112675,-0.318973470414687,0.0013877178009779,-0.2722545634117593,-0.0023900681876235,0.0019286905224543,0.0610189495436414,0.2538976236401535,0.0060106345884965,0.3232341997818252,-0.583527314319622,0.0010706206006614,-0.5392268310629676,0.2799293940340527,0.0010172438378361,0.3438579434188771,2.085143874154344,-4.71892060812173e-06,2.118357984284891,0
2021-02-09,-0.4128925006984134,0.0026650935450965,-0.3382910962043219,-0.2761739019720877,0.0014853336873787,-0.2227536477951781,0.6568902442035782,0.00071593720327,0.6783908155816749,-0.2527309398164665,0.0010990515702503,-0.2068872741802656,-0.6178724526103488,0.0013650012495566,-0.5711535456074212,0.2300355079235478,0.001935167587577,0.2934445256548128,-0.4673591352104008,0.0059687875012669,-0.3980225590687291,-0.1513885416467105,0.0010652262972203,-0.1070880583900562,0.3447543200667422,0.00102573245912,0.4086828694515666,-0.6096169779281135,-2.6807969615548828e-05,-0.5764028677975664,0
2021-02-10,-0.3091757237651581,0.0026514900885372,-0.2345743192710666,0.2183480923968599,0.001492599589049,0.2717683465737696,0.2476685727306958,0.0007207052786985,0.2691691441087926,-0.0161535390531195,0.0010980617793732,0.0296901265830812,0.0771007095214434,0.0013667794858078,0.1238196165243712,-0.2767133749274477,0.0019241836726122,-0.2133043571961826,-1.363005875590231,0.0058585808500329,-1.2936692994485592,-0.0675042330162482,0.0010624904654404,-0.0232037497595938,-0.9276153664191444,0.0010018466224509,-0.8636868170343202,0.4430929191162946,-8.53136298398316e-06,0.4763070292468417,1
2021-02-11,-0.1734309656449342,0.0026428961306338,-0.0988295611508427,0.001909081865741,0.0014918388550838,0.0553293360426507,-0.3941240927531092,0.0007108993250394,-0.3726235213750126,-0.1904056352677952,0.0010907491585153,-0.1445619696315944,1.342660826491639,0.001412917177271,1.3893797334945668,0.3130136325127294,0.0019334946642248,0.3764226502439944,0.139881804375082,0.0058635436488331,0.2092183805167538,1.2746230618867331,0.0011018953625092,1.3189235451433874,-0.1204847244685215,0.0009985285475975,-0.0565561750836971,-1.2655052298549594,-5.5580911632516905e-05,-1.2322911197244124,1
2021-02-12,0.0167986653537438,0.0026412699140152,0.0914000698478354,0.0994968473103435,0.0014946809328696,0.1529171014872531,0.2380244675754758,0.0007154406393044,0.2595250389535726,0.6901824114509031,0.0011153754031104,0.7360260770871039,-0.3391610622076511,0.0014000335294737,-0.2924421552047234,0.0485143499247202,0.0019337037843786,0.1119233676559852,0.0659337733526289,0.0058628520114121,0.1352703494943006,-0.2432748114148521,0.001093593772625,-0.1989743281581977,0.1675741173157116,0.0010025176429247,0.231502666700536,0.6382464582764498,-2.9879277945746584e-05,0.6714605684069967,1
2021-02-16,-0.903319928017325,0.0026061664320901,-0.8287185235232334,0.3269865726887476,0.0015058886175773,0.3804068268656573,-0.7727841340378381,0.0006971252812365,-0.7512835626597414,1.200360981034413,0.0011583630352507,1.2462046466706136,-0.0137080421441869,0.0013985646558029,0.0330108648587407,-0.3516013460974352,0.0019202219945953,-0.2881923283661701,-0.6695996890796996,0.0058062106016085,-0.6002631129380278,-0.6318172033278643,0.0010731723003335,-0.5875167200712099,0.5463323832441717,0.0010160654019477,0.6102609326289961,1.4475246322322215,2.651954473424245e-05,1.4807387423627687,1
2021-02-17,-0.9825642115551008,0.0025683158480845,-0.9079628070610094,0.1374112237741846,0.0015100872207783,0.1908314779510942,0.2747406946111232,0.0007025034330643,0.2962412659892199,0.1152270927169941,0.0011620130559683,0.1610707583531949,-0.6564128655476448,0.0013746966173649,-0.6096939585447171,0.1751969311906712,0.00192478153762,0.2386059489219362,-0.0096671894277551,0.0057998884644602,0.0596693867139166,-0.1566199762567598,0.0010676603433695,-0.1123194930001055,0.7193721670858694,0.0010339281437299,0.7833007164706938,0.732818464602762,5.556342592682964e-05,0.7660325747333091,0
2021-02-18,-0.5190488207934597,0.0025474110055384,-0.4444474162993681,-0.3609329815824857,0.0014959894164676,-0.3075127274055761,0.0185426120017186,0.0007020942095269,0.0400431833798153,0.1289906828496638,0.0011661454411018,0.1748343484858646,0.132877094561644,0.0013783809114872,0.1795960015645717,-0.1552954186733133,0.0019180583265477,-0.0918864009420483,-0.4015165982664462,0.0057638929803002,-0.3321800221247744,0.4866617996981512,0.0010822113852629,0.5309622829548055,-4.865529257373327,0.0009110853774684,-4.801600707988502,-0.8061228195927896,2.6159927024600013e-05,-0.7729087094622427,0
2021-02-19,-0.011131221263526,0.0025449640166227,0.0634701832305654,-0.4640030183848637,0.0014781702446072,-0.410582764207954,-1.4016518782361624,0.0006697758660171,-1.3801513068580658,0.8182628350493062,0.0011950547506013,0.864106500685507,-0.8847577561066062,0.0013467089089708,-0.8380388491036785,-0.6965078996377309,0.0018929457943162,-0.6330988819064658,-0.2594282882954237,0.0057387798955441,-0.1900917121537519,-1.3657610988123652,0.0010391006293561,-1.321460615555711,0.3020458976102013,0.0009185875546147,0.3659744469950257,0.2979124356702494,3.8640358595725416e-05,0.3311265458007965,0
2021-02-22,-1.6080632858472592,0.0024848454145131,-1.5334618813531675,-0.8946538499020488,0.0014446784942794,-0.841233595725139,-0.0726828210160577,0.0006673830424898,-0.0511822496379609,0.4403490507658365,0.0012102887387357,0.4861927164020373,1.15868373506878,0.0013859916906238,1.2054026420717077,-1.5306681175544412,0.0018395976765565,-1.4672590998231765,-2.1740890681941965,0.0055691939504676,-2.1047524920525245,1.005717930561896,0.0010697625352634,1.0500184138185502,-0.4120544409509121,0.0009081462340197,-0.3481258915660877,1.7805007724527169,0.0001070682121575,1.813714882583264,1
2021-02-23,-0.1317814563146662,0.0024781738170627,-0.0571800518205747,0.0916594759514451,0.0014472905330527,0.1450797301283548,-0.7536418575033662,0.0006497552621778,-0.7321412861252695,0.3699680101692742,0.0012229440695199,0.415811675805475,1.4894787870291135,0.0014365746314631,1.5361976940320412,-0.3528016761314519,0.0018263748548351,-0.2893926584001869,-0.608887405376859,0.0055181983597804,-0.5395508292351873,1.0451126253731184,0.0011015312385423,1.0894131086297727,-1.25843804080378,0.0008765486735065,-1.194509491418956,0.6465687367965572,0.0001324957108444,0.6797828469271043,1
2021-02-24,-0.2831206525651323,0.0024660808482627,-0.2085192480710407,0.5314312710860337,0.0014659055319752,0.5848515252629434,1.089110322987442,0.0006733679214857,1.1106108943655386,0.8650956970765487,0.0012532627540335,0.9109393627127496,2.539222951815153,0.001523225420133,2.5859418588180803,0.2369033107598394,0.0018331538215849,0.3003123284911045,1.451727102847861,0.005622401830714,1.5210636789895329,2.0222084566493086,0.0011633996983431,2.066508939905963,-1.2999305061690538,0.000844031018431,-1.2360019567842295,1.4418944454577218,0.0001877553343695,1.4751085555882688,0
2021-02-25,-1.8645340323433592,0.0023972291536671,-1.7899326278492675,-1.709671049260128,0.0014030012438973,-1.6562507950832182,0.0651774573311255,0.0006740564354776,0.0866780287092222,-0.748487174753511,0.0012258597832583,-0.7026435091173102,-1.907879972172341,0.0014562494269286,-1.861161065169413,-1.3608093448202478,0.0017859486461807,-1.297400327088983,-2.053275731743829,0.0054630428163126,-1.983939155602157,-1.5943277407968623,0.0011134020919455,-1.550027257540208,-0.7646834471335364,0.0008249875843529,-0.700754897748712,-0.8491330714065395,0.0001567638528369,-0.8159189612759925,0
2021-02-26,0.0402324184284676,0.002396923374278,0.1148338229225591,0.0969331174474588,0.0014058670314292,0.1503533716243685,-2.211087314942,0.000624068369629,-2.189586743563903,-1.4190921079204606,0.0011746595708572,-1.3732484422842597,-0.1556028058721958,0.0014498159547441,-0.1088838988692681,0.7468474964506492,0.0018099676056604,0.8102565141819142,-0.3118220286689799,0.0054347896889559,-0.2424854525273081,-0.4252931378010529,0.0010996088399289,-0.3809926545443985,-1.2037429648799922,0.0007950804302448,-1.139814415495168,-1.2600550876894712,0.000110481724055,-1.2268409775589242,1
2021-03-01,2.6966184954761414,0.0024916830959425,2.7712198999702333,1.147700650597426,0.0014467706278018,1.2011209047743356,0.42828733944646,0.0006329137774719,0.4497879108245566,1.1255991390220232,0.0012141661394144,1.171442804658224,1.3246477108825674,0.0014942473902796,1.371366617885495,1.010587493591275,0.0018427725037308,1.07399651132254,1.4951729024916838,0.005541821220803,1.5645094786333555,1.1511093876461875,0.0011343484724264,1.195409870902842,0.7629377957479125,0.0008141698973038,0.8268663451327369,1.804315104272893,0.0001790383108696,1.83752921440344,0
2021-03-02,-1.1498014843602269,0.0024486952271821,-1.0752000798661354,-0.1807113452620323,0.0014395103766881,-0.1272910910851226,-0.1775645207577445,0.0006282888219514,-0.1560639493796478,-0.2144049373258184,0.0012059492800459,-0.1685612716896176,-0.0585482069231511,0.0014910950655013,-0.0118292999202234,-0.7725648316791928,0.0018155670206224,-0.7091558139479278,-1.1654926407499333,0.0054497817764879,-1.0961560646082615,-0.2820171058156014,0.0011249657645412,-0.237716622558947,-0.7745052135320111,0.0007950426796683,-0.7105766641471867,-0.3211806694358911,0.000167953341481,-0.2879665593053441,0
2021-03-03,-1.3331550045727096,0.0023993274994866,-1.258553600078618,-1.3608274791336883,0.0013897014977873,-1.3074072249567783,-1.4808116971792564,0.000594827749257,-1.4593111258011595,0.9550251969034752,0.0012392081725246,1.0008688625396762,-0.4265367293988628,0.0014753616258627,-0.3798178223959351,-1.5400991155107937,0.0017627299148066,-1.4766900977795283,-1.2614051542581768,0.0053509312442679,-1.192068578116505,-0.2996318260146748,0.0011150777379243,-0.2553313427580205,-1.4989072276178153,0.0007580450211776,-1.434978678232991,0.3617776244199177,0.0001823714579032,0.3949917345504646,0
2021-03-04,-0.8882826571440136,0.0023659738242517,-0.813681252649922,0.5160078823018603,0.0014076619973253,0.56942813647877,-1.692605494917844,0.0005568088482929,-1.6711049235397473,-0.841497423758947,0.0012087915606863,-0.7956537581227461,-1.6467230058365965,0.0014180071342156,-1.6000040988336686,-0.2630346436906975,0.001752821312968,-0.1996256259594325,-1.2662898324573588,0.0052520793888185,-1.196953256315687,-0.9779634806833029,0.0010844785446285,-0.9336629974266484,-0.0987465800455543,0.0007557959318724,-0.0348180306607299,1.8737357709216036,0.0002530031312152,1.9069498810521504,1
2021-03-05,0.478001840364501,0.0023812799178581,0.5526032448585926,1.5254152797593807,0.0014618402573971,1.5788355339362905,1.6190415576354042,0.0005919787088859,1.640542129013501,0.0745006351985712,0.0012108312138952,0.120344300834772,1.6991657163514315,0.0014749410755123,1.7458846233543592,1.1121854822720865,0.0017888843957764,1.1755945000033516,-0.999858607730184,0.0051733748313777,-0.9305220315885124,1.062713363575718,0.00111629307056,1.1070138468323725,0.8597760429630991,0.0007772071625218,0.9237045923479236,1.8277640405538125,0.0003216688781259,1.8609781506843592,0
2021-03-08,-2.2191434277823943,0.0023008878060159,-2.1445420232883023,-2.2257179368210367,0.0013812313100953,-2.172297682644127,0.6687016065920431,0.0006060954535197,0.6902021779701398,0.6402895561023908,0.0012328056895748,0.6861332217385916,1.5059149936816465,0.0015250903312722,1.5526339006845742,-1.0583201143596337,0.0017524483751244,-0.9949110966283684,-1.5082174240990698,0.0050572743794436,-1.438880847957398,1.3066941961585448,0.0011554266243512,1.350994679415199,-0.7754212619345356,0.000758264447087,-0.7114927125497112,-0.0816803672716374,0.0003192848388965,-0.0484662571410903,1
2021-03-09,2.017255240935352,0.0023707400942756,2.091856645429443,0.7790828475492626,0.0014085309468212,0.8325031017261721,0.136476386255383,0.0006084634842323,0.1579769576334797,-0.4114983575182013,0.0012176954484699,-0.3656546918820006,0.7027100051791031,0.0015477712282686,0.7494289121820308,1.4746259575596683,0.0018004429864982,1.5380349752909332,4.765824356420787,0.005405825930814,4.835160932562459,-0.019823280946981,0.0011540665884461,0.0244772023096733,0.5212279139777436,0.000771269743903,0.585156463362568,-0.7932259254711183,0.000290574556259,-0.7600118153405713,1
2021-03-10,-0.5463220462045445,0.002349762995979,-0.471720641710453,-0.157367032285551,0.0014022539659558,-0.1039467781086414,0.7405323889168919,0.0006240747550174,0.7620329602949886,1.0794320819884946,0.001254999633894,1.1252757476246955,0.6909528385943731,0.0015699709729173,0.7376717455973008,-0.3818104310403004,0.0017865921389017,-0.3184014133090354,-0.2710781328865349,0.0053810970307428,-0.2017415567448631,0.7192822343430637,0.0011751532993213,0.7635827175997181,1.827194953267279,0.0008162774605898,1.8911235026521036,1.4778009237952598,0.0003458685574563,1.511015033925807,1
2021-03-11,0.7746335799783937,0.0023754488589623,0.8492349844724851,1.5538891573277622,0.0014570648036741,1.607309411504672,-0.0267278921116209,0.0006228276635113,-0.0052273207335242,-0.3161716998053785,0.0012432456287928,-0.2703280341691777,0.329754619068618,0.0015798644161099,0.3764735260715457,1.045742647238081,0.0018201289014105,1.109151664969346,1.0928854355209272,0.0054570139914226,1.162222011662599,0.7552832805579894,0.0011972546028823,0.7995837638146438,-0.0919612775261499,0.0008141093112029,-0.0280327281413255,-0.3997172967906044,0.000331725477085,-0.3665031866600573,0
2021-03-12,-0.4670144473659905,0.0023573311490299,-0.392413042871899,-1.2771178815326103,0.0014108374672604,-1.2236976273557003,0.2180693957931454,0.0006269360239879,0.2395699671712421,0.5680916246813844,0.0012624758392949,0.6139352903175852,-0.2796699718843529,0.0015691317740306,-0.2329510648814251,-0.381935745741471,0.001806288427276,-0.318526728010206,-0.2758891886306766,0.0054319279117414,-0.2065526124890048,-0.5182683790195406,0.0011807465002654,-0.4739678957628863,1.051909495943871,0.0008399190188676,1.1158380453286951,0.4965843250178803,0.0003506262654207,0.5297984351484273,1
2021-03-15,1.183959572654786,0.0023972941301728,1.2585609771488775,0.0567365875652938,0.0014122028809131,0.1101568417422034,0.4043252240156016,0.0006350934611985,0.4258257953936983,-0.3044641082372421,0.0012511597492378,-0.2586204426010413,-0.1798130301053664,0.0015618056498287,-0.1330941231024387,-0.2816353408921062,0.0017958119189655,-0.2182263231608411,0.4349136378153693,0.0054591458742993,0.5042502139570411,-0.3351999939441485,0.0011698265360556,-0.2908995106874942,-0.4451057063239026,0.0008290964642567,-0.3811771569390783,-1.288007019650238,0.0003038871500652,-1.254792909519691,0
2021-03-16,0.5811449964823189,0.0024159681949988,0.6557464009764105,0.6756342729507957,0.0014355287223814,0.7290545271277054,0.4693100569296363,0.0006446368005624,0.490810628307733,-0.6656276633956281,0.0012272925093464,-0.6197839977594273,0.0403416631665642,0.0015619173469533,0.087060570169492,0.6125452981874376,0.0018148634941894,0.6759543159187027,-1.1493961751957251,0.0053700972861518,-1.0800595990540534,0.3392219436737229,0.0011792759239965,0.3835224269303773,-0.0861268915092708,0.0008270590645078,-0.0221983421244464,-1.076349548485668,0.0002650796969623,-1.043135438355121,1
2021-03-17,-0.4065505482644811,0.002399992453422,-0.3319491437703896,-0.0941807856567578,0.0014314981547622,-0.0407605314798481,-0.3296813354741976,0.0006367752962986,-0.3081807640961009,0.487024527701495,0.0012436261976124,0.5328681933376959,-0.5655360226705499,0.0015416688899446,-0.5188171156676222,-0.2176715725082286,0.0018065150258166,-0.1542625547769636,0.8373417266300537,0.0054267831335824,0.9066783027717256,-0.4920057211767528,0.0011636796895489,-0.4477052379200985,-0.6804638005035485,0.0008105747980455,-0.6165352511187241,0.1832573715086677,0.0002725272622128,0.2164714816392147,0
2021-03-18,-1.8193643855650217,0.0023346958279556,-1.74476298107093,-1.5404421473384644,0.0013763373230304,-1.4870218931615546,-0.1761387459191337,0.0006322741560579,-0.154638174541037,0.8087467769599231,0.0012710776603399,0.8545904425961239,-1.7005517062476945,0.0014834211043082,-1.6538327992447666,-1.5226653045052507,0.0017553124414401,-1.4592562867739856,-1.7758348769885417,0.005292345164566,-1.7064983008468697,-0.6779671021498967,0.0011425540583084,-0.6336666188932424,-1.031273925998225,0.0007856335082996,-0.9673453766134008,-2.1553510290692333,0.0001944837870684,-2.1221369189386863,0
2021-03-19,-0.30515895874327,0.0023224606711636,-0.2305575542491784,0.0879876117531738,0.0013788580297264,0.1414078659300835,-0.2435684349818498,0.0006263284881088,-0.2220678636037531,-0.8701485667050385,0.0012402109746604,-0.8243049010688376,-1.5793124693736322,0.0014294419290942,-1.5325935623707043,-0.1511826633931723,0.001749281870982,-0.0877736456619073,-0.0048880144617574,0.0052875438358372,0.0644485616799142,-3.77836288508482,0.0010285486091089,-3.7340624018281656,0.9219368236498968,0.0008081130831167,0.9858653730347212,-0.3104268273411822,0.0001840220962507,-0.2772127172106352,1
2021-03-22,1.3835678462490617,0.0023690794288136,1.458169250743153,0.0401628112729876,0.0013796845144674,0.0935830654498973,0.2166854492604963,0.0006303564728923,0.238186020638593,-1.437423403062246,0.0011898186088783,-1.391579737426045,0.2375198950186925,0.0014363803377794,0.2842388020216203,1.2766625133653045,0.0017900259771461,1.3400715310965696,0.4994203958565358,0.0053194726646249,0.5687569719982076,0.2740675550449531,0.0010362334959449,0.3183680383016075,0.2903660506307027,0.0008152349329867,0.3542946000155271,-0.5385207300443254,0.0001652921066857,-0.5053066199137783,0
2021-03-23,-0.42909795881468,0.002352518072644,-0.3544965543205884,0.2130684253530565,0.0013865897627536,0.2664886795299662,-0.0989588544542678,0.0006275568926717,-0.077458283076171,-0.5636676282122086,0.0011697976342335,-0.5178239625760078,-0.5149809197170635,0.0014181880294667,-0.4682620127141357,0.3053511600740302,0.0017988767891952,0.3687601778052953,-0.357396584673992,0.0052890237608176,-0.2880600085323203,-0.0011123140404006,0.0010356699981901,0.0431881692162536,0.8148027578069696,0.000834994280889,0.878731307191794,-0.6405914356661433,0.0001429189828874,-0.6073773255355962,0
2021-03-24,-1.1034751355933774,0.0023126144950277,-1.0288737310992857,-0.2726714075640339,0.0013764156187195,-0.2192511533871243,0.7847899368834806,0.0006438088846584,0.8062905082615773,0.3559636624323765,0.0011815676641126,0.4018073280685774,0.6143324656363117,0.0014376710068292,0.6610513726392394,-0.5517962185970685,0.0017797299746215,-0.4883872008658035,-1.2549265599234325,0.0051935780268195,-1.1855899837817607,-0.0673233531364267,0.0010331340165836,-0.0230228698797724,-0.5230279279374062,0.000822437662647,-0.4590993785525817,0.965006817398474,0.0001788831009367,0.998220927529021,1
2021-03-25,0.1396530250443633,0.0023159137163779,0.2142544295384548,-0.0551729208802532,0.0013739006870455,-0.0017526667033435,0.0092201616010295,0.0006433220154598,0.0307207329791262,0.6175573722238787,0.0012023024200904,0.6634010378600795,-0.2390368634692313,0.0014287148309967,-0.1923179564663036,-0.7886390131319643,0.0017529377603523,-0.7252299954006992,0.3259363575266107,0.0052129417511952,0.3952729336682825,-0.0730753025573226,0.0010304358513122,-0.0287748193006682,0.4369943737599897,0.0008330237396728,0.5009229231448141,-0.1729868515099937,0.0001735017786525,-0.1397727413794467,1
2021-03-26,0.1899816409002668,0.0023209414205175,0.2645830453943583,-0.24685583996917,0.0013646885088242,-0.1934355857922603,1.493096134692745,0.0006746952318533,1.5145967060708416,0.8161897899180469,0.0012297901439508,0.8620334555542478,1.1173532984061014,0.0014648025801233,1.1640722054090291,0.9118306004040412,0.0017815244131991,0.975239618135306,-0.9027445341360164,0.0051434269395102,-0.8334079579943445,1.5565870615320077,0.0010761729178458,1.600887544788662,0.5552525943759453,0.0008464123484317,0.6191811437607697,1.3071042748172312,0.0002216519435291,1.3403183849477782,0
2021-03-29,0.0018177458302368,0.002319456635507,0.0764191503243283,0.4755963704223973,0.0013807397910219,0.5290166245993069,0.5362930405033732,0.0006854512221171,0.5577936118814699,-0.8503561151120513,0.0012000047798446,-0.8045124494758505,-0.5197412466366637,0.0014465313491704,-0.473022339633736,-0.3503871996105944,0.0017690467708176,-0.2869781818793294,-0.3645652413769409,0.0051129898276796,-0.2952286652352691,0.2305203555486568,0.0010824132527016,0.2748208388053112,0.7804185783646467,0.0008651515957609,0.8443471277494711,-0.2975791096423335,0.0002117171699948,-0.2643649995117865,0
2021-03-30,-0.7062500634752854,0.0022935809161285,-0.6316486589811938,-0.0365123596701153,0.0013788811108194,0.0169078945067943,-0.5356406760571683,0.0006732365992137,-0.5141401046790716,0.564518495172994,0.0012187801364201,0.6103621608091948,-0.742594233538423,0.0014209557180869,-0.6958753265354954,-0.8521417522834082,0.0017403588102929,-0.7887327345521431,0.9104637771476412,0.0051744935316221,0.9798003532893128,-0.7728721660447073,0.0010589212492873,-0.728571682788053,-0.56806124962674,0.000851552832352,-0.5041327002419156,-0.6419738405707486,0.0001894102722716,-0.6087597304402016,1
2021-03-31,0.8910847773952955,0.0023227349316608,0.965686181889387,0.3454474310313122,0.001390321256115,0.3988676852082218,-0.3529735220706407,0.0006649661968162,-0.331472950692544,-0.7999152839499554,0.0011908440797022,-0.7540716183137546,-0.3685745608284279,0.0014078166266381,-0.3218556538255001,0.8619612519840638,0.0017672032585531,0.9253702697153288,1.1820217897030454,0.00525530364145,1.2513583658447172,-0.0923420236445897,0.0010556270717127,-0.0480415403879353,-0.0148074812129029,0.0008512191345094,0.0491210681719214,-0.7798260711024313,0.0001622247867696,-0.7466119609718843,1
2021-04-01,0.2835004091952078,0.0023309258196091,0.3581018136892994,1.6051416076803509,0.0014454810324615,1.6585618618572606,-0.787999618945626,0.000647451150417,-0.7664990475675293,0.4574906069949117,0.0012059168534838,0.5033342726311124,1.045105519383316,0.001441305649554,1.0918244263862438,1.4640641585744367,0.0018133893217468,1.5274731763057017,-0.297108280927778,0.0052296715574137,-0.2277717047861062,1.406550732667002,0.0010965695593155,1.4508512159236564,-0.1784773397828534,0.0008469835409721,-0.114548790398029,1.3419578577134352,0.0002113058092039,1.3751719678439822,1
2021-04-05,1.1386919533804154,0.0023683972048624,1.213293357874507,2.076198677092345,0.0015167812606042,2.1296189312692557,0.2838629802566642,0.0006528075076141,0.3053635516347608,0.2286022435734961,0.001213139213562,0.2744459092096969,0.6941723458424242,0.0014631334611516,0.7408912528453518,1.454223668417762,0.0018590953707235,1.5176326861490272,1.0206393988699776,0.0052985373769381,1.0899759750116491,0.5576458151739743,0.001112364754087,0.6019462984306286,2.017399149090461,0.0008950361318032,2.081327698475285,-0.7964394290322852,0.0001835822444179,-0.7632253189017381,0
2021-04-06,0.0521009126473588,0.0023685622274702,0.1267023171414504,-0.2757470623399722,0.0015064147361541,-0.2223268081630626,-0.0417816168522021,0.0006512273705081,-0.0202810454741054,-0.409828314763075,0.0011986258357893,-0.3639846491268742,0.1352421010138694,0.0014665321448579,0.1819610080167971,-0.3293008986729466,0.0018472692878231,-0.2658918809416816,-0.0490327062459422,0.0052906610366843,0.0203038698957295,-0.1509249273109724,0.0011072714747514,-0.106624444054318,0.2921171327022775,0.0009019211748983,0.3560456820871019,-0.1725748549790286,0.0001782737063931,-0.1393607448484816,1
2021-04-07,0.6144838954237793,0.0023879330862047,0.6890852999178709,0.6319186342887789,0.0015274494716482,0.6853388884656886,0.0900948923401519,0.0006524493028443,0.1115954637182486,0.7653274517143887,0.001224055287346,0.8111711173505894,0.172363212904167,0.0014711355983757,0.2190821199070947,0.3870428985605227,0.0018584871317474,0.4504519162917877,-0.8043497856273186,0.0052288893508396,-0.7350132094856469,0.1254942617008499,0.001110308881346,0.1697947449575042,-0.2225979149057182,0.0008965721991828,-0.1586693655208938,0.1851645456304894,0.0001857586915004,0.2183786557610364,1
2021-04-08,0.915170146026386,0.0024174869513124,0.9897715505204776,0.2055283082749689,0.0015337021287476,0.2589485624518786,-0.3456939827251974,0.0006444420126739,-0.3241934113471007,0.0176677010277531,0.0012240599952177,0.0635113666639539,0.9804045944272186,0.0015021615477149,1.0271235014301463,0.6702935460339793,0.0018787450575142,0.7337025637652443,0.4013880169766137,0.0052532625206353,0.4707245931182855,0.346227009124385,0.0011198026751879,0.3905274923810393,-0.1116036151993211,0.0008938703250131,-0.0476750658144967,-0.5463249241840166,0.0001671417722188,-0.5131108140534695,1
2021-04-09,0.967560132204185,0.0024487202479642,1.0421615366982766,0.4040038996769364,0.0015467672816225,0.457424153853846,-0.896208750984556,0.0006248296841436,-0.8747081796064593,0.3412995110787383,0.001235012206121,0.3871431767149391,0.2854336870365165,0.0015103796003836,0.3321525940394442,0.4984882181006633,0.0018934345473494,0.5618972358319284,-0.3134222484538003,0.0052266978651998,-0.2440856723121285,0.4495104406786313,0.0011322839221559,0.4938109239352856,-0.026808191548892,0.0008931823445685,0.0371203578359323,-0.1474648933478715,0.0001627834526603,-0.1142507832173245,1
2021-04-12,-0.7555846934693712,0.0024213044095344,-0.6809832889752797,-0.6368990964564993,0.001524006499371,-0.5834788422795897,0.1789651741931003,0.0006279660177532,0.200465745571197,-0.1551757256049753,0.001229161175108,-0.1093320599687745,-0.0805581191849209,0.0015066357484142,-0.0338392121819932,-0.0505703627190068,0.0018905344441338,0.0128386550122581,0.8382444402601201,0.0052820137995286,0.907581016401792,-0.3268650131440897,0.0011220547538757,-0.2825645298874353,-0.0533484439212452,0.0008918704967458,0.0105801054635791,-0.3591454233949535,0.0001509209118588,-0.3259313132644065,1
2021-04-13,1.176222132202537,0.0024594984728457,1.2508235366966285,0.1688519135343579,0.0015289739056248,0.2222721677112676,-1.1290041152066896,0.0006035488028739,-1.107503543828593,-0.663333153916676,0.0012062010821398,-0.6174894882804752,-0.2881010518239258,0.0014961498321776,-0.2413821448209981,0.4883805294566423,0.0019048297868596,0.5517895471879073,2.0467016568081835,0.0054228076736095,2.116038232949855,-0.1659761700787502,0.0011165503438205,-0.1216756868220958,-0.2917901830285662,0.0008849465144304,-0.2278616336437418,0.1529977243304309,0.0001572607242748,0.1862118344609779,0
2021-04-14,-0.9933255402928818,0.0024241108196696,-0.9187241357987904,-0.3358685465535125,0.0015166350707968,-0.2824482923766029,0.207180713766845,0.0006073043976409,0.2286812851449418,-1.0134721557611597,0.0011715387124267,-0.9676284901249588,-0.0197873003147403,0.0014944183453442,0.0269316066881873,-0.6774431986716777,0.0018819659027821,-0.6140341809404126,-1.0410276567184118,0.005344594303017,-0.97169108057674,0.2157876525638092,0.0011221721145211,0.2600881358204636,-0.0905087049921114,0.000882779766676,-0.026580155607287,1.3890889755649491,0.0002073347290123,1.422303085695496,1
2021-04-15,0.8881178476854582,0.0024524305315109,0.9627192521795498,0.929784084252602,0.0015476180179874,0.9832043384295116,0.2220663239065984,0.0006113592933635,0.2435668952846952,0.2828363501304305,0.0011805421947872,0.3286800157666314,1.1112093001048098,0.0015293766505396,1.1579282071077377,0.7738634037358847,0.0019052978460067,0.8372724214671496,0.1532279337409775,0.0053510227150534,0.2225645098826492,1.1156534841326518,0.0011539094136695,1.159953967389306,0.3827692111571621,0.0008917302724857,0.4466977605419865,-0.3251411926968373,0.0001966582185171,-0.2919270825662903,1
2021-04-16,-0.2046943236529635,0.0024437839202078,-0.1300929191588719,-0.1090658357214308,0.0015430316895536,-0.0556455815445211,0.934424488355192,0.0006303224847742,0.9559250597332886,0.3386154758015318,0.0011913848812072,0.3844591414377326,-0.0910997291738232,0.001525284494018,-0.0443808221708955,0.198128406871088,0.0019102861471333,0.2615374246023531,-0.0383505426824912,0.0053439179931787,0.0309860334591804,-0.0098863774166529,0.0011529038630221,0.0344141058400014,0.1739444937136883,0.0008957562629209,0.2378730430985127,-0.3095997444927632,0.0001865670193122,-0.2763856343622162,0
2021-04-19,0.1862318258371624,0.0024483330217991,0.260833230331254,0.1027651899809652,0.0015456796912838,0.1561854441578748,0.2083911121923204,0.0006340374628304,0.2298916835704172,-0.2653634808081181,0.0011819715919062,-0.2195198151719173,-0.6035052655154038,0.0015046443035847,-0.5567863585124763,-0.4832366433704857,0.0018936813444325,-0.4198276256392206,-0.9062451888653876,0.0052757368793494,-0.8369086127237158,-0.2082756412437188,0.0011461598887583,-0.1639751579870644,-0.5381455932927742,0.0008831106485695,-0.4742170439079498,-0.1895663655586505,0.0001807377568599,-0.1563522554281035,0
2021-04-20,-0.7348380897834774,0.0024218999490235,-0.6602366852893858,-0.2921887384631156,0.001534883217827,-0.238768484286206,1.9091813276506373,0.0006732442123234,1.930681899028734,-1.192202663001286,0.0011416183089563,-1.1463589973650852,-0.822612400168587,0.001477005699064,-0.7758934931656594,-0.164930598799333,0.0018871959021322,-0.1015215810680679,0.0808548017475781,0.0052771647000902,0.1501913778892499,-0.7099701561089097,0.0011249440080033,-0.6656696728522553,0.508787398402207,0.000894956920891,0.5727159477870314,-1.070140620432945,0.0001439730153755,-1.0369265103023977,1
2021-04-21,0.0761761154405706,0.0024227774430755,0.1507775199346621,-0.0681547297166689,0.0015317319337769,-0.0147344755397593,0.033274709020556,0.0006732229210624,0.0547752803986527,0.3946437292997396,0.0011543411271538,0.4404873949359404,0.8743724289474528,0.0015041238571938,0.9210913359503804,0.4282389018664223,0.0018994510319668,0.4916479195976873,0.791086823146672,0.0053284162177755,0.8604233992883438,1.074027506233807,0.0011552566596611,1.1183279894904614,0.1518136694695872,0.0008984405688545,0.2157422188544116,0.5987774206860138,0.0001659029747515,0.6319915308165609,0
2021-04-22,-0.675937463938992,0.0023984529948125,-0.6013360594449004,-0.6300216964326297,0.0015095441610199,-0.5766014422557201,-0.7230068744438357,0.0006574684851004,-0.701506303065739,-1.1360283414477326,0.0011160453594559,-1.0901846758115317,-0.0103142458246036,0.0015027011428421,0.036404661178324,-0.7796259754600812,0.001873614004828,-0.7162169577288161,-0.8775440222585392,0.0052626246436638,-0.8082074461168675,-0.0126986310322363,0.0011541747479673,0.031601852224418,-0.8667221213371535,0.0008782092267709,-0.8027935719523291,-0.6747705404313284,0.0001431414723154,-0.6415564303007814,1
2021-04-23,0.8536692390936139,0.0024253722254644,0.9282706435877056,1.0170394499216815,0.0015431722271157,1.0704597040985913,0.1491284899831587,0.0006598804225536,0.1706290613612554,0.944840678436606,0.0011470596170549,0.9906843440728068,0.4707920908400884,0.0015167268157496,0.517510997843016,0.7836153031840623,0.0018970260470704,0.8470243209153273,0.2627995572406499,0.0052767886429234,0.3321361333823217,0.5951001649523822,0.00117056675187,0.6394006482090365,0.0580723713988662,0.0008795319513907,0.1220009207836906,0.2339085997088236,0.0001522370281303,0.2671227098393706,1
2021-04-26,0.0786446450989102,0.0024263216519837,0.1532460495930018,0.1677209813595795,0.0015479916800218,0.2211412355364892,-0.7224979107792704,0.0006442136025843,-0.7009973394011737,0.0817046733899433,0.0011493217650685,0.1275483390261441,0.0100737568176725,0.0015159406652756,0.0567926638206002,0.020426036725102,0.0018963984304399,0.083835054456367,0.2276657254650074,0.00528845174664,0.2970023016066792,0.0442254211821515,0.0011710956303831,0.0885259044388059,-1.1177762348641462,0.0008535802631241,-1.0538476854793215,0.0642194429917937,0.0001553770844984,0.0974335531223407,0
2021-04-27,-0.2006544677080656,0.002417958298405,-0.1260530632139741,-0.4706551364956079,0.00153126493569,-0.4172348823186982,-0.4961950119810985,0.0006332841690895,-0.4746944406030019,0.1914082685732671,0.0011552107218948,0.2372519342094679,0.1746761827396464,0.0015204228155055,0.2213950897425741,0.0244829935856744,0.001895900110605,0.0878920113169394,-1.1851580938391142,0.0052016336834834,-1.1158215176974424,-0.1560863155976697,0.0011658848101012,-0.1117858323410153,0.1885555764780254,0.0008579616253279,0.2524841258628498,0.6120212225398785,0.0001775985988644,0.6452353326704255,1
2021-04-28,-0.3847706758593291,0.0024034971828286,-0.3101692713652376,1.4575008869594082,0.0015795124835847,1.510921141136318,-0.6309717776196928,0.000619607556208,-0.6094712062415961,0.2896195375512232,0.0011643277585375,0.335463203187424,0.8601104623339941,0.0015467789965738,0.9068293693369218,-1.611521964506225,0.0018442194169507,-1.54811294677496,-0.4305258603949352,0.0051676033273401,-0.3611892842532634,0.877700150997508,0.0011902537084811,0.9220006342541625,-0.3262423012735692,0.0008504298585171,-0.2623137518887448,1.4499598143730854,0.0002288982115989,1.4831739245036324,1
2021-04-29,-0.1131357289069461,0.0023981086160426,-0.0385343244128545,0.6735572069921163,0.0016012464445427,0.726977461169026,1.1143678922541114,0.0006419763436587,1.135868463632208,0.9608276718450828,0.001195575270083,1.0066713374812837,-0.9547161513180096,0.0015151875563895,-0.907997244315082,-0.5041739835982437,0.0018273006967921,-0.4407649658669786,-0.6861891524086339,0.0051159363956356,-0.6168525762669621,0.8303700869453347,0.001213188170466,0.874670570201989,0.8709532899654544,0.0008705463962436,0.9348818393502788,0.6697285090418124,0.0002529224416901,0.7029426191723595,0
2021-04-30,-0.8533495528483036,0.0023681921420565,-0.778748148354212,-0.887908947381717,0.001570514329952,-0.8344886932048073,-0.7634476055563759,0.0006256038475934,-0.7419470341782792,-0.5062027042615265,0.0011783610527675,-0.4603590386253257,-0.9965483306626456,0.0014823725833475,-0.949829423659718,-0.1349314466753307,0.0018219524212631,-0.0715224289440657,1.110262812113956,0.0051889761621543,1.1795993882556275,-0.8785749486706458,0.0011873426225221,-0.8342744654139914,0.0846249624932006,0.0008724825062747,0.148553511878025,-1.4527112868280223,0.0002032711640564,-1.419497176697475,1
2021-05-03,0.3481566255871348,0.0023781529781661,0.4227580300812263,-0.2785997227805784,0.0015602962581324,-0.2251794686036688,1.2415580114480966,0.0006505006376986,1.263058582826193,-0.1973307156396085,0.0011713689346737,-0.1514870500034077,-0.4200332404933006,0.0014679863625845,-0.3733143334903729,-0.1328633409357255,0.0018166867402524,-0.0694543232044605,-0.9208691257424207,0.0051212085150104,-0.851532549600749,-0.2878580106495945,0.0011783907830233,-0.2435575273929401,1.106363245604414,0.0008979059765736,1.1702917949892384,1.3252638752464023,0.0002499485196349,1.3584779853769495,0
2021-05-04,-1.895560658351278,0.0023139288953458,-1.8209592538571864,-0.8402633451217754,0.0015313315337556,-0.7868430909448656,1.2627141204864682,0.0006757468755486,1.284214691864565,0.6698441949920865,0.0011928865036968,0.7156878606282872,-0.539943571193135,0.0014498457816218,-0.4932246641902072,-0.9478543756997436,0.0017861146002097,-0.8844453579684787,-0.4754932087891542,0.0050844398935576,-0.4061566326474825,-0.1936142999001593,0.0011721460260725,-0.149313816643505,-0.793759131362926,0.0008796256653715,-0.7298305819781016,0.2763747337142621,0.0002602216134353,0.3095888438448091,1
2021-05-05,0.0260299159460043,0.0023133203709436,0.1006313204400958,0.1216310476116924,0.0015345752330991,0.1750513017886021,-0.3672681079901362,0.0006675163736932,-0.3457675366120395,0.6334517157392843,0.001213137577882,0.6792953813754851,-1.0123674225419828,0.001416807989394,-0.965648515539055,-0.3549623428858653,0.0017740380374793,-0.2915533251546002,-0.1665498078869533,0.0050691030531944,-0.0972132317452816,-0.772049650013581,0.0011495221096705,-0.7277491667569266,-0.1271011985452933,0.0008766845771131,-0.0631726491604689,1.4468125985377784,0.0003108368980288,1.4800267086683256,1
2021-05-06,0.5842192870886507,0.0023310985853778,0.6588206915827423,0.4426977510576794,0.0015485076573204,0.496118005234589,0.310855906401783,0.0006731819414693,0.3323564777798797,0.9960613165932444,0.0012451910212085,1.041904982229445,0.8741823209226417,0.0014435165753916,0.9209012279255694,0.6605059738266134,0.0017934492878393,0.7239149915578784,-0.3408505674988019,0.0050418175590012,-0.2715139913571301,0.5069116913176063,0.001163175784113,0.5512121745742606,0.4650695912512188,0.0008873006595712,0.5289981406360432,0.4349594474486497,0.0003264334564258,0.4681735575791967,1
2021-05-07,0.1995338386382239,0.0023361679711309,0.2741352431323154,0.263826362590269,0.0015564420340015,0.3172466167671787,0.3539904322196481,0.0006797089788031,0.3754910035977447,0.1313549630152801,0.0012488753649655,0.1771986286514809,-0.0581428209697659,0.001440713574736,-0.0114239139668381,0.5349047284181117,0.0018089118289224,0.5983137461493766,0.2582589393539763,0.0050558034192286,0.3275955154956481,0.1627977364974206,0.0011670596156968,0.2070982197540749,-0.5103926867982793,0.0008756027442928,-0.4464641374134549,0.6704306330025477,0.0003500728909385,0.7036447431330947,0
2021-05-10,-1.4025001296701514,0.0022886334668856,-1.32789872517606,-1.3547766001993669,0.0015105910240852,-1.3013563460224573,0.8490998891746147,0.0006963051359117,0.8706004605527113,-0.0522824325077842,0.0012465556996904,-0.0064387668715834,-1.3407685990769815,0.0013975128436006,-1.2940496920740538,-1.2080773317956923,0.0017705280687377,-1.1446683140644276,-1.6557757535048974,0.0049384055563619,-1.5864391773632256,-1.6308248146982096,0.0011203334964662,-1.5865243314415551,0.2637010914278844,0.0008815936078567,0.3276296408127088,0.0850403166992056,0.0003535403499509,0.1182544268297526,0
2021-05-11,-0.4559340707573497,0.0022722779151393,-0.3813326662632582,-0.5347753430495391,0.0014920833898606,-0.4813550888726294,-0.6980906278254133,0.0006813641299536,-0.6765900564473166,-0.9064670403197432,0.0012164212598153,-0.8606233746835423,0.1391500439208783,0.0014010018088236,0.185868950923806,-0.2737602120873013,0.0017610611851163,-0.2103511943560362,-0.5326927442471041,0.0048983369487386,-0.4633561681054323,-0.1741546324420815,0.0011147873156313,-0.1298541491854271,-0.7320905030959856,0.0008648986063719,-0.6681619537111612,-1.5982151051610758,0.0002993198526393,-1.5650009950305288,0
2021-05-12,-1.3579519682810792,0.002226468388561,-1.2833505637869878,-1.6174698132644845,0.0014377996679475,-1.5640495590875747,-0.3551951858742188,0.0006734386898841,-0.3336946144961221,-0.4017984619791491,0.0012027987313645,-0.3559547963429482,-1.6496850360296915,0.0013483142083234,-1.602966129026764,-1.6704769511514437,0.0017086641232297,-1.6070679334201785,-1.1586139502606894,0.0048155986492847,-1.0892773741190176,-1.33230960142291,0.0010766990747565,-1.2880091181662554,-1.9805062535315932,0.0008198919033169,-1.916577704146769,0.2304974594382277,0.000307836735935,0.2637115695687747,1
2021-05-13,0.8475639386499284,0.0022528438792797,0.92216534314402,0.6120759270162295,0.0014573748459675,0.6654961811931391,0.8457151933051835,0.0006898930691749,0.8672157646832802,1.285895239389098,0.0012440089649143,1.331738905025299,0.4644692983677871,0.0013620711534699,0.5111882053707147,0.8594733408379165,0.0017341319404461,0.9228823585691815,-0.8288632280095228,0.004755651081839,-0.7595266518678511,0.8879792565709342,0.001101055851998,0.9322797398275886,1.1896055452330137,0.0008469502795934,1.253534094617838,-0.6398036445275246,0.0002866046120277,-0.6065895343969775,1
2021-05-14,0.946610923282708,0.00228236025858,1.0212123277767997,1.072346856668126,0.001492068694392,1.1257671108450358,0.1052742099604908,0.0006913020740466,0.1267747813385875,0.758776893446483,0.0012679979733848,0.8046205590826838,0.5326332322901022,0.0013779149247067,0.5793521392930298,1.0896344299984693,0.0017665701361101,1.1530434477297342,0.707910417605203,0.0048006466890794,0.7772469937468747,0.8121315614235893,0.0011232056447908,0.8564320446802437,0.6220444194748246,0.0008610643683033,0.685972968859649,1.1867905805664671,0.0003277164224301,1.220004690697014,0
2021-05-17,-0.5510466011398856,0.0022630288789042,-0.476445196645794,0.1818604946168191,0.0014973183379145,0.2352807487937288,0.06125774218526,0.0006918167420105,0.0827583135633567,0.1624871060458602,0.0012726143314253,0.208330771682061,-0.1365968617048798,0.0013727991035937,-0.089877954701952,-0.7184698953432662,0.0017435630841871,-0.6550608776120012,-0.6082363608773088,0.0047559370916993,-0.538899784735637,-0.1762207567129263,0.0011176340175562,-0.1319202734562719,-0.3984731001218965,0.0008520583505289,-0.3345445507370721,1.1167865132617043,0.0003663079071281,1.1500006233922515,0
2021-05-18,-0.6533091412047276,0.0022404390648228,-0.578707736710636,-0.64113350059366,0.0014754906194487,-0.5877132464167504,0.0076912429926799,0.000691248866835,0.0291918143707767,-0.7752368164502746,0.0012469269816908,-0.7293931508140739,-0.0806626173016421,0.0013694448364917,-0.0339437102987144,-0.532192837719453,0.001726324407918,-0.468783819988188,-0.0249526791994494,0.004750998979257,0.0443838969422222,-0.2743794812897078,0.001109339818487,-0.2300789980330535,1.5470181006553716,0.0008869943998161,1.610946650040196,-1.4260235932219791,0.0003183701686569,-1.392809483091432,0
2021-05-19,-0.1405594926821688,0.0022345589930604,-0.0659580881880773,0.1495707197043259,0.0014796905051514,0.2029909738812356,-0.2014104111219892,0.0006864708458802,-0.1799098397438925,-0.4412696328964998,0.0012320944546733,-0.395425967260299,-0.3553803278679985,0.0013575483383295,-0.3086614208650708,0.0720056794413088,0.0017275728923741,0.1354146971725738,-0.6832063110021709,0.004701437405225,-0.6138697348604991,-0.3044536263592661,0.0011002348566175,-0.2601531431026118,-0.0587000686796654,0.0008856314235629,0.0052284807051589,-1.21411140150797,0.0002777808672382,-1.180897291377423,1
2021-05-20,1.0066808397638585,0.0022658545756688,1.08128224425795,0.7403120114062659,0.001503235049459,0.7937322655831756,0.4609217044687891,0.0006950282109842,0.4824222758468857,-0.1358299971544881,0.0012271441144268,-0.0899863315182873,0.9514498920579,0.001386312290187,0.9981687990608278,0.6930008969261107,0.0017477275902356,0.7564099146573757,0.9495082348372844,0.0047625802229219,1.018844810978956,0.4489620947662975,0.0011121301941402,0.4932625780229519,0.1970885912636034,0.0008900271864085,0.2610171406484278,-0.1500314192298309,0.0002733618860121,-0.1168173090992839,0
2021-05-21,-0.8345143964848497,0.0022375138311894,-0.7599129919907582,-0.3360494395293975,0.0014914874470215,-0.2826291853524878,-0.0747975945942385,0.0006928017414586,-0.0532970232161418,0.5432463070832434,0.0012440347697655,0.5890899727194441,-0.0612940589509724,0.001383553321941,-0.0145751519480446,-0.3543043749645103,0.0017359760316937,-0.2908953572332452,-0.3168628151173664,0.0047379254852316,-0.2475262389756947,0.042965083150066,0.0011127045640721,0.0872655664067204,-0.4124619479506181,0.0008807187497135,-0.3485333985657937,0.0336969119460536,0.000275169209528,0.0669110220766006,1
2021-05-24,0.6105543416831429,0.0022559136756379,0.6851557461772345,1.4299362564453586,0.0015374581577251,1.4833565106222684,0.2955573358966697,0.0006980057408209,0.3170579072747664,0.2342526867295288,0.0012509552017352,0.2800963523657296,0.6505125763993991,0.0014028554210813,0.6972314834023267,1.1889632134975296,0.0017711025435703,1.2523722312287946,1.0138852414876731,0.0048031485764599,1.0832218176293449,0.6290335604749053,0.0011295349774879,0.6733340437315596,-0.0587069189815398,0.000879372836777,0.0052216304032845,0.5431419779806248,0.0002941655470193,0.5763560881111718,0
2021-05-25,-0.1555760249849448,0.0022495630208261,-0.0809746204908533,-0.0140089620047163,0.0015361935628903,0.0394112921721933,-0.2498616685201407,0.0006922787050615,-0.228361097142044,-0.5808610223411308,0.0012317430021413,-0.53501735670493,-0.7897134297081229,0.0013775490257584,-0.7429945227051952,0.1417376407489233,0.00177438138125,0.2051466584801883,-0.1403743214167515,0.0047903976362287,-0.0710377452750798,-0.1226195922540815,0.0011254927610256,-0.0783191089974271,0.2392043034599741,0.0008846998264576,0.3031328528447984,-1.1478057253961018,0.000256119902545,-1.1145916152655546,1
2021-05-26,-0.094876963841554,0.0022451862562724,-0.0202755593474625,0.3219645233352491,0.0015458701309903,0.3753847775121588,-0.5136918644303796,0.0006813001599866,-0.4921912930522829,-0.0522470406106413,0.0012294989195647,-0.0064033749744405,-0.714008399443908,0.0013546640162246,-0.6672894924409803,-0.1134048245946455,0.0017699312877222,-0.0499958068633805,0.5185266544824901,0.0048220028677926,0.5878632306241619,-0.5541718540626717,0.0011095320071097,-0.5098713708060173,-0.1524108580097147,0.0008812577846194,-0.0884823086248903,0.5412090849697544,0.0002750198529985,0.5744231951003015,0
2021-05-27,-0.7115169757314279,0.0022210176875229,-0.6369155712373364,-0.4301135595747725,0.0015310727108426,-0.3766933053978629,-0.148953243381445,0.0006776321607516,-0.1274526720033483,0.7603691916121982,0.0012532058860973,0.806212857248399,-0.1428231794894536,0.0013494623376002,-0.0961042724865259,-0.5378553470978197,0.0017526774752984,-0.4744463293665546,0.396667477169896,0.004845321607109,0.4660040533115677,-0.0996733596876826,0.0011061696043151,-0.0553728764310282,-0.3140615498193008,0.0008742206973392,-0.2501330004344764,-0.3505108925545236,0.0002639088365836,-0.3172967824239766,0
2021-05-28,-0.3498161576242972,0.0022085274223042,-0.2752147531302057,-0.1789186682306812,0.0015244743099304,-0.1254984140537715,0.1945214352634446,0.0006808151337502,0.2160220066415414,-0.0804963632414222,0.0012500333912674,-0.0346526976052214,-0.25705586834393,0.0013407622357821,-0.2103369613410023,0.0178315521511363,0.0017522346894498,0.0812405698824013,-0.2890354096125661,0.0048225990915822,-0.2196988334708943,0.0718368140022176,0.00110754470668,0.116137297258872,0.1138478734669271,0.0008767377329305,0.1777764228517515,-0.1928938941546065,0.0002581193345715,-0.1596797840240595,1
2021-06-01,-0.210889674875693,0.0022005258810497,-0.1362882703816015,0.4716071505652122,0.0015389696143251,0.5250274047421218,-1.843079713160521,0.0006434841224803,-1.8215791417824243,0.5247216590523037,0.0012661299087734,0.5705653246885045,-0.1641858464911127,0.001334944230751,-0.117466939488185,-0.5632067867791041,0.0017343037883857,-0.499797769047839,-0.1213105873872786,0.0048111759158141,-0.0519740112456068,-0.2208086151694119,0.0011008639596505,-0.1765081319127575,-0.2569261449450909,0.0008710017685542,-0.1929975955602665,1.7289810079728287,0.0003166825594223,1.762195118103376,1
2021-06-02,0.2483790188852597,0.0022072294316111,0.3229804233793513,-0.2796120893542128,0.0015291236132363,-0.2261918351773031,0.3139521951451011,0.0006490829332505,0.3354527665231978,-0.0427365178533315,0.0012641461677684,0.0031071477828692,1.0054319651200427,0.0013650227582894,1.0521508721229704,-0.0855335383404079,0.0017307864501182,-0.0221245206091429,-0.8103447243163212,0.0047537546522391,-0.7410081481746494,0.7562936227655438,0.0011210432034318,0.8005941060221982,-0.2260741542927446,0.0008659695835974,-0.1621456049079202,0.3575173528033378,0.0003292196973892,0.3907314629338848,0
2021-06-03,-0.7000497279711447,0.0021836478369823,-0.6254483234770533,-0.5470839780676292,0.0015106743966642,-0.4936637238907195,-0.1013035367545317,0.0006464359994963,-0.079802965376435,-0.0115586457235296,0.0012631577901355,0.0342850199126711,-0.7819164918947916,0.0013402665837913,-0.7351975848918639,-0.4152994861659578,0.001717387124467,-0.3518904684346928,-1.3825476857007042,0.0046583547853014,-1.3132111095590324,-0.4484375292016811,0.0011081202267429,-0.4041370459450267,0.0671095019687995,0.000867451885195,0.1310380513536239,0.1606053737579062,0.0003351457948602,0.1938194838884532,1
2021-06-04,0.9042742976319476,0.0022112515351488,0.9788757021260392,0.942937567441514,0.001540313380235,0.9963578216184236,-0.0564436363941058,0.0006446850851177,-0.0349430650160091,0.0383084763423145,0.0012637516638986,0.0841521419785153,0.5757028516712582,0.0013570992783928,0.6224217586741859,1.0681549371127947,0.0017484649226263,1.1315639548440597,1.0570209932610029,0.0047257254669247,1.1263575694026746,0.4885911609188378,0.001120892552509,0.5328916441754922,0.0668781453115728,0.0008689242075322,0.1308066946963972,0.1839793065541022,0.0003418310433776,0.2171934166846492,1
2021-06-07,-0.0705060797960757,0.0022077627142822,0.0040953246980158,0.1320708484909635,0.0015437615392081,0.1854911026678732,-0.5857454873660315,0.0006324873043651,-0.5642449159879348,-0.2884880218984084,0.001254012725583,-0.2426443562622076,-0.3309203000423721,0.0013462032463574,-0.2842013930394444,0.5956607579135897,0.0017653117665762,0.6590697756448548,0.180516368821473,0.0047346022365342,0.2498529449631447,0.26272020217453,0.0011274495463144,0.3070206854311844,-0.5600988195130583,0.0008565412256002,-0.4961702701282339,-0.3535742119750109,0.0003306179179617,-0.3203601018444639,1
2021-06-08,0.2687322535361746,0.0022150568876405,0.3433336580302661,-0.1351421895464609,0.0015386135265962,-0.0817219353695512,-0.7505536871485725,0.0006170800885201,-0.7290531157704758,-0.2520939676479785,0.0012454542425282,-0.2062503020117777,0.1270576233490733,0.0013492992291458,0.173776530352001,-0.3307970535876813,0.0017544444989596,-0.2673880358564163,-0.1319860141407741,0.0047227075895106,-0.0626494379991024,0.1446726897504685,0.0011307638995419,0.1889731730071229,-0.626558641383782,0.0008427329526583,-0.5626300919989576,0.8374280834604856,0.0003589838300408,0.8706421935910326,1
2021-06-09,0.0837622485898492,0.0022164636231831,0.1583636530839408,0.1480355539461857,0.0015425652787929,0.2014558081230954,1.0944391115305303,0.0006380389925522,1.1159396829086272,-0.6922375583216548,0.0012230550214484,-0.6463938926854541,-0.3300333644127883,0.0013384784557175,-0.2833144574098605,0.1576106924346032,0.0017581701339346,0.2210197101658682,-0.2655124333990604,0.0047020033660828,-0.1961758572573886,0.0227843346069152,0.0011307468458287,0.0670848178635696,-0.4613159420771899,0.0008326081811594,-0.3973873926923655,0.3786896479545709,0.0003720514938716,0.4119037580851179,1
2021-06-10,-0.4874896704382774,0.0021997863050043,-0.4128882659441859,0.5208764587616385,0.0015584436098091,0.5742967129385481,0.7242396618720409,0.0006516546863018,0.7457402332501376,-0.8528860954079067,0.00119567506688,-0.8070424297717058,0.0964292426508767,0.001340646606805,0.1431481496538044,0.7243625667052433,0.0017787486870687,0.7877715844365084,0.3968807031748068,0.0047251898455195,0.4662172793164786,0.3784341670078587,0.0011404030037255,0.4227346502645131,0.3622241874178492,0.0008406202416797,0.4261527368026735,0.0453409666824911,0.0003740451535961,0.0785550768130381,1
2021-06-11,0.4314003069053259,0.0022121977539569,0.5060017113994174,-0.1563825702808752,0.001552617763336,-0.1029623161039656,-1.0730943017144547,0.0006299633903888,-1.051593730336358,-0.0813721677034855,0.0011926150385198,-0.0355285020672847,0.1299032630579151,0.0013438228173579,0.1766221700608428,0.0748824302824732,0.0017799649132862,0.1382914480137382,-0.0786177918987222,0.0047168935725492,-0.0092812157570504,0.2142130061267449,0.0011455684464555,0.2585134893833992,0.3968722538919129,0.0008493666754034,0.4608008032767373,-0.4881125077187748,0.0003584075700597,-0.4548983975882278,1
2021-06-14,1.1901830980993509,0.0022485055461645,1.2647845025934423,0.338136672543913,0.0015625953620622,0.3915569267208226,0.1844743780923146,0.0006329752783359,0.2059749494704113,-0.9243693620654722,0.0011631319699415,-0.8785256964292713,0.1029246520296443,0.0013461719086814,0.1496435590325721,0.3610657275926349,0.0017896656077372,0.4244747453238999,0.245501223426839,0.0047299980015695,0.3148377995685108,-0.2685676695160281,0.0011376288218167,-0.2242671862593737,-0.163921455864501,0.0008457968298403,-0.0999929064796766,-0.1123756963843256,0.000355214567163,-0.0791615862537786,0
2021-06-15,-0.4058836729439797,0.0022344275640921,-0.3312822684498882,-0.4795832233605333,0.0015464821687546,-0.4261629691836236,-0.4625143176535516,0.0006233249844115,-0.441013746275455,-0.831131676024257,0.0011366632880718,-0.7852880103880561,0.1873493468839251,0.0013510652924056,0.2340682538868528,-0.3856325727455896,0.0017772231064696,-0.3222235550143246,-0.7998609044920361,0.0046742361205627,-0.7305243283503643,-0.3256944093453707,0.0011281687242711,-0.2813939260887164,-0.3591047147497865,0.0008379687119448,-0.2951761653649621,1.7587338468397131,0.0004136510816066,1.7919479569702603,0
2021-06-16,0.1278425851942558,0.0022371776367827,0.2024439896883474,-0.3244336058769573,0.0015353573064841,-0.2710133517000477,-0.0517200939358244,0.0006217263555091,-0.0302195225577276,0.3178241874342741,0.0011461902736284,0.3636678530704749,-0.6730331624547599,0.0013299781226219,-0.6263142554518322,-0.2710112933105241,0.0017682096251823,-0.207602275579259,0.1569753077756877,0.0046815482880581,0.2263118839173594,-0.913027726474296,0.001102868028951,-0.8687272432176417,-1.5721346207071092,0.0008036725314746,-1.508206071322285,-0.2091737569274659,0.0004071964366664,-0.1759596467969189,1
2021-06-17,0.5738319125834374,0.0022539198623708,0.6484333170775288,0.3554866620649118,0.0015458655422367,0.4089069162418215,0.3766839571562645,0.0006284836316152,0.3981845285343612,-1.5400133344823024,0.0010977145531921,-1.4941696688461017,0.4646633247840431,0.001343237148558,0.5113822317869707,0.6851156576221414,0.0017874472835104,0.7485246753534065,0.4080597953076991,0.0047053141463759,0.4773963714493708,0.6207342533543085,0.0011190282030783,0.6650347366109629,0.2439636646758399,0.0008090879026347,0.3078922140606643,-1.6532381552236517,0.0003533605353464,-1.6200240450931045,0
2021-06-18,-0.5939326085772846,0.0022340073280154,-0.519331204083193,-0.7354094740658607,0.001521744278743,-0.681989219888951,-1.646752343191547,0.0005958405456124,-1.6252517718134505,-1.3558642494539466,0.0010551321223008,-1.3100205838177457,-0.0277353583679972,0.0013416416766071,0.0189835486349304,-0.3717773898125194,0.0017754768699085,-0.3083683720812544,0.1985563087688758,0.0047152769353434,0.2678928849105476,-0.4931037465988256,0.0011051346557946,-0.4488032633421712,-1.4357134174818826,0.0007779188572146,-1.3717848680970584,-1.2955459559941844,0.0003114207796799,-1.2623318458636374,1
2021-06-21,0.6511989221419177,0.0022531217154337,0.7258003266360092,0.6670505549659188,0.0015421053111686,0.7204708091428285,0.9301444993554776,0.0006133714229172,0.9516450707335744,0.8326769746827399,0.0010807580891661,0.8785206403189408,0.7807250739145922,0.0013643312864529,0.8274439809175199,0.6116785550918417,0.0017924802055448,0.6750875728231067,-0.1672844291572949,0.0047012768105081,-0.0979478530156232,0.9718594187724524,0.0011306815760487,1.0161599020291068,0.6102453715122146,0.0007913194533162,0.674173920897039,1.751243705977,0.0003693063372026,1.7844578161075473,1
2021-06-22,0.5788606685450486,0.0022699146645579,0.6534620730391402,0.1628574273643552,0.0015464628047091,0.2162776815412648,-0.1327569557428559,0.00061022707087,-0.1112563843647591,-0.121568203699954,0.0010766690256844,-0.0757245380637532,0.6646762547034538,0.0013834683271776,0.7113951617063815,0.5367668989763726,0.0018072283641378,0.6001759167076377,0.0448632879284517,0.0047011766606921,0.1141998640701235,0.3671248817801387,0.0011399100041008,0.411425365036793,0.2782616537715049,0.0007974728396252,0.3421902031563293,0.9103539116884342,0.0003995362854054,0.9435680218189813,1
2021-06-23,-0.1821481153601852,0.0022629165821878,-0.1075467108660936,-0.1380238429412474,0.0015413104062396,-0.0846035887643377,-0.5229651794476414,0.0005995354479519,-0.5014646080695447,0.2678085756085233,0.0010846651839849,0.3136522412447241,-0.4580381606436454,0.0013689344558948,-0.4113192536407177,-0.112876257718693,0.0018028767654057,-0.049467239987428,1.227627074294408,0.0047781968685916,1.2969636504360798,-0.3615644740781841,0.001129575833986,-0.3172639908215297,-0.6424550849827709,0.0007836587825984,-0.5785265355979465,0.3294057239807951,0.0004107217215246,0.3626198341113421,1
2021-06-24,-0.1861993201811785,0.002255814768302,-0.1115979156870869,0.1019137864577622,0.0015437348900992,0.1553340406346718,0.3556007792117608,0.0006058664670977,0.3771013505898575,0.4303517714476315,0.0010976670671578,0.4761954370838323,-0.1024553365343141,0.0013650748038904,-0.0557364295313864,0.2295787477748312,0.0018085663692385,0.2929877655060963,0.8023987681190472,0.0048272883848024,0.871735344260719,0.3537583455666814,0.0011384187316266,0.3980588288233358,0.4537632506126265,0.0007936009407185,0.517691799997451,0.1659006001287066,0.0004165471780995,0.1991147102592536,1
2021-06-25,-0.1903365299360646,0.00224860704676,-0.1157351254419731,-0.0498890639647689,0.0015413760030734,0.0035311902121407,0.4046602960184644,0.0006131243475795,0.426160867396561,0.4769457235446998,0.0011120673034347,0.5227893891809006,0.648633382028604,0.0013836400760362,0.6953522890315317,-0.4061407551700428,0.0017956533616366,-0.3427317374387778,-0.3572205075720205,0.0048008538241446,-0.2878839314303487,0.2294496130372019,0.0011439118218884,0.2737500962938562,0.8127047597664485,0.0008112630073721,0.8766333091512729,0.0735796995724048,0.000419352607646,0.1067938097029519,0
2021-06-28,0.5710231303072336,0.0022650566104177,0.6456245348013252,-0.0420029992554805,0.0015392723462518,0.011417254921429,-0.117401715695321,0.000610296449622,-0.0959011443172243,0.0482666925561893,0.0011131946182128,0.0941103581923901,-1.731808089214521,0.0013312268591409,-1.685089182211593,0.7007037533013907,0.0018150870316075,0.7641127710326557,0.5480505418295841,0.004833247453292,0.6173871179712559,-0.8592914629639582,0.0011203428404197,-0.8149909797073038,-0.2938864338435748,0.0008050088083222,-0.2299578844587504,-1.2890947818816971,0.0003779188067732,-1.25588067175115,1
2021-06-29,0.5172107278827751,0.0022797859137404,0.5918121323768666,-0.1627878954111222,0.0015333877110841,-0.1093676412342126,-0.0164687807973278,0.0006094199216402,0.0050317905807688,-0.1095785993686628,0.0011094557798567,-0.063734933732462,-4.92632629136786e-05,0.0013304918756203,0.046669643740014,0.4824527118522967,0.0018280987882817,0.5458617295835618,-0.353857025496186,0.0048071056201427,-0.2845204493545143,0.4314968953409908,0.0011312286895229,0.4757973785976452,-0.4931119048565164,0.0007944857970882,-0.429183355471692,-0.3378256828558155,0.0003674446226607,-0.3046115727252685,1
2021-06-30,0.1632089685954498,0.0022835143218053,0.2378103730895413,-0.1295349239423719,0.0015285629348777,-0.0761146697654622,0.3372256812764072,0.0006153418296011,0.3587262526545038,0.424369004388948,0.0011221513623131,0.4702126700251488,-0.4707090598067711,0.0013157817824153,-0.4239901528038434,-0.164242796151086,0.0018222541446073,-0.100833778419821,-0.1076678794788917,0.0047969715671072,-0.03833130333722,-0.58487173287054,0.0011150523896789,-0.5405712496138856,1.94340268850458,0.0008363640560141,2.007331237889404,0.3283260355087923,0.0003785571707546,0.3615401456393394,1
2021-07-01,0.0418629020781401,0.0022834819952754,0.1164643065722316,0.094461728272837,0.0015307554667242,0.1478819824497466,0.5922839638625439,0.0006261376330946,0.6137845352406406,0.4667499400624904,0.0011361080064064,0.5125936056986912,0.7786568890340061,0.001338162602467,0.8253757960369338,0.078014975134893,0.001823465127916,0.1414239928661581,-0.1338052752581746,0.0047851817505013,-0.0644686991165029,0.2963245093863452,0.0011223232196628,0.3406249926429996,-0.9570594945074764,0.0008158689301856,-0.893130945122652,0.1072082314682596,0.0003824914803567,0.1404223415988066,1
2021-07-02,0.9338460258141416,0.0023109630609255,1.0084474303082331,1.11500622267398,0.0015647918545947,1.1684264768508894,1.486625378794243,0.000654027880851,1.5081259501723396,-0.0955537792379188,0.001132780590624,-0.049710113601718,0.5781329004369716,0.0013545362028979,0.6248518074398993,1.1557595356235653,0.0018559286287273,1.2191685533548302,-0.0337487042928953,0.0047798808858995,0.0355878718487763,0.8418784229352834,0.0011440323924382,0.8861789061919377,0.3561838130226449,0.0008235746670415,0.4201123624074693,-0.103229088449736,0.0003796262041572,-0.070014978319189,0
2021-07-06,0.6828327338448769,0.0023306267688828,0.7574341383389684,0.3252124658975744,0.0015741102541278,0.378632720074484,-0.5168615683081235,0.0006435191075792,-0.4953609969300268,-0.9151895012510586,0.0011043742128633,-0.8693458356148578,0.1091107865742465,0.0013569953133911,0.1558296935771743,-0.0614532838406522,0.0018530440085254,0.0019557338906127,-0.7698947742333818,0.0047272062572594,-0.7005581980917102,0.1990985821814956,0.0011486610904912,0.2433990654381499,-0.1538384902138516,0.0008203462397314,-0.0899099408290272,-1.4355729189706763,0.0003338669039915,-1.4023588088401295,0
2021-07-07,0.8493737974670218,0.0023553489658715,0.9239752019611132,0.0610354483925085,0.0015751803893386,0.1144557025694181,0.6890278321826968,0.00065606608728,0.7105284035607934,0.0148890462854927,0.0011044829060804,0.0607327119216935,-0.3603509576622989,0.0013455930104212,-0.3136320506593713,0.3840619509416394,0.0018630483019994,0.4474709686729044,-0.6265676239253715,0.0046839106325306,-0.5572310477836997,0.0556696903816677,0.0011494851904047,0.099970173638322,-0.1856827419823682,0.0008164479355428,-0.1217541925975437,-0.8030709639977337,0.0003085875237461,-0.7698568538671867,0
2021-07-08,-0.548020770130725,0.0023370945848025,-0.4734193656366334,-0.6284685410177232,0.0015548299653124,-0.5750482868408135,-0.1829711316802136,0.0006519517680275,-0.1614705603021168,-0.9390962362155504,0.0010754814976054,-0.8932525705793495,-0.5190436657548493,0.0013295511723114,-0.4723247587519216,-0.5541795906516745,0.0018459394009773,-0.4907705729204095,0.2422717964759799,0.0046965079890204,0.3116083726176517,-0.8901269937800581,0.0011253545329771,-0.8458265105234037,-0.1275741980240591,0.0008138010041313,-0.0636456486392347,-0.2531870877966555,0.0003010390044071,-0.2199729776661085,1
2021-07-09,0.5971921741583575,0.0023539991062957,0.6717935786524489,0.1395706988557138,0.0015583627273138,0.1929909530326234,0.3069091262068369,0.0006571735785718,0.3284096975849336,1.610844134898905,0.0011242573330867,1.6566878005351062,0.3515934048288874,0.0013391710491493,0.3983123118318151,0.0392016077053786,0.0018459849260109,0.1026106254366436,0.0867831671020742,0.0046991031453146,0.156119743243746,0.4264374868450712,0.0011359790188799,0.4707379701017256,0.3129129789997994,0.0008205401718911,0.3768415283846238,0.8587770925376115,0.0003291514761211,0.8919912026681586,1
2021-07-12,-0.2909227056821895,0.0023436721125092,-0.216321301188098,0.5369525402071266,0.0015741888482397,0.5903727943840362,-0.1533132085121953,0.0006536340192978,-0.1318126371340986,0.6953392132871076,0.0011450319554178,0.7411828789233084,0.3299733501276262,0.0013481256420198,0.3766922571305539,-0.1855085831409585,0.0018395646578346,-0.1220995654096935,1.0079916559040394,0.004760620808713,1.0773282320457112,-0.1949722703820638,0.0011302275491181,-0.1506717871254094,-0.1959408265349323,0.0008164419339707,-0.1320122771501079,-0.0814431766072694,0.0003270898751372,-0.0482290664767224,1
2021-07-13,0.3314024577943739,0.0023523921709114,0.4060038622884654,0.0931768802438711,0.0015762457882553,0.1465971344207807,-0.1241762366772004,0.0006506583669067,-0.1026756652991037,-0.8158890140984836,0.0011198453820382,-0.7700453484622827,1.1168517851742354,0.0013801265082785,1.1635706921771631,0.6589211050792059,0.0018574233903826,0.7223301228104709,-0.6854007815443126,0.0047137872432636,-0.6160642054026408,1.0834824599968151,0.0011580634588392,1.1277829432534696,0.2164416912235869,0.0008211083906146,0.2803702406084112,-0.2665253350793796,0.0003191217389848,-0.2333112249488326,1
2021-07-14,1.165613730568123,0.0023865334013938,1.240215135062214,0.3042385663409336,0.0015848110409251,0.3576588205178433,0.5415384023298917,0.0006603019300644,0.5630389737079884,-0.2221182391852806,0.0011127423440539,-0.1762745735490798,0.94403589093426,0.0014069672010471,0.9907547979371878,0.2346196279971763,0.0018630558366352,0.2980286457284413,-0.6275679277777169,0.0046707887349765,-0.5582313516360452,0.8550845107792743,0.0011798241794039,0.8993849940359286,0.4472799827563316,0.0008306514815028,0.5112085321411559,-1.124550872967878,0.0002838093919398,-1.0913367628373312,0
2021-07-15,-0.3057599268642297,0.0023757520563166,-0.2311585223701382,-0.5420416677192461,0.0015672685361046,-0.4886214135423364,-1.0184139544803816,0.0006404131790954,-0.9969133831022848,0.0676398255836453,0.0011144339132973,0.1134834912198461,-0.1249187728843503,0.0014024759780227,-0.0781998658814226,-0.3501392242039433,0.0018519243110599,-0.2867302064726783,-0.1740787330454958,0.0046567987898957,-0.1047421569038241,0.5788684798135298,0.0011942866202555,0.6231689630701842,-0.0063520060978516,0.0008305676103085,0.0575765432869727,-0.5127218462370771,0.0002680932248188,-0.4795077361065301,0
2021-07-16,-0.7989570006710368,0.0023500060165801,-0.7243555961769452,-0.0674323644726563,0.0015643846932417,-0.0140121102957467,-0.1544194513833639,0.0006369011170823,-0.1329188800052672,-1.228108020975952,0.0010769531913689,-1.1822643553397512,-0.4740601751742065,0.0013878086522382,-0.4273412681712788,-0.1179444730127767,0.0018474668095055,-0.0545354552815117,-0.3107429078967986,0.0046341648065379,-0.2414063317551269,-0.147898726750322,0.0011897101456515,-0.1035982434936676,-0.1162162963877121,0.0008281633481273,-0.0522877470028877,-1.394038382337865,0.0002244020726207,-1.360824272207318,0
2021-07-19,-1.459636977246856,0.0023042801250055,-1.3850355727527643,-1.011565775230443,0.0015325042147274,-0.9581455210535332,-0.6229819172715716,0.0006245661897356,-0.6014813458934749,-1.7294525886257084,0.0010244589680023,-1.6836089229895077,-3.048169157906412,0.0012981757297711,-3.001450250903484,-0.7924928489723999,0.0018237658991816,-0.7290838312411348,0.0070877999000413,0.004631774677243,0.076424376041713,-1.9050067381253173,0.0011392987007592,-1.8607062548686624,-0.2366523285903126,0.0008232266147566,-0.1727237792054882,-1.724667421922169,0.000170350513297,-1.691453311791622,1
2021-07-20,1.262039504303234,0.0023412065836979,1.3366409087973257,0.6126464364713667,0.0015505443766155,0.6660666906482764,0.7581962919284337,0.0006382685738971,0.7796968633065304,0.9193741763130588,0.0010519456729333,0.9652178419492596,1.264963437757889,0.0013343142535787,1.311682344760817,0.3929904989940014,0.0018339299013564,0.4563995167252664,0.4746541053916942,0.0046590227408173,0.5439906815333659,0.5260830231090812,0.0011523814631893,0.5703835063657355,0.2718061436457638,0.0008290118965361,0.3357346930305882,0.5091903602360814,0.0001872783632614,0.5424044703666285,1
2021-07-21,-0.3386871611394618,0.0023295663554847,-0.2640857566453702,0.4863662005681697,0.0015646608456698,0.5397864547450794,0.490186454363776,0.0006468912043627,0.5116870257418726,1.043493941318,0.0010830810266819,1.089337606954201,0.7653195076851135,0.0013558255623418,0.8120384146880412,0.3441417679950889,0.0018426720268157,0.4075507857263539,-0.2635193686461294,0.0046394790607689,-0.1941827925044576,0.1925586711552202,0.0011567477303525,0.2368591544118745,-0.4294901923905526,0.0008200349579638,-0.3655616430057282,1.5498231930134796,0.000237088979256,1.5830373031440268,1
2021-07-22,0.4209029837094413,0.0023409182573155,0.4955043882035329,0.2944768829273105,0.001572865691733,0.3478971371042202,0.218096157623592,0.0006503812111271,0.2395967290016887,-0.6995333170714932,0.0010617602353789,-0.6536896514352925,0.2495579120043367,0.001362310411938,0.2962768190072644,0.8585227587068329,0.0018660032479997,0.921931776438098,-0.2958663788669469,0.0046179526425594,-0.2265298027252751,0.0736585956857397,0.0011580123609669,0.1179590789423941,-0.0114593051382665,0.0008198610399727,0.0524692442465578,-0.58705048241047,0.0002192188768645,-0.5538363722799229,1
2021-07-23,0.5423620843709732,0.0023558998764832,0.6169634888650648,1.7657726361082386,0.0016259654231627,1.8191928902851484,0.8609935287689303,0.0006659056847381,0.882494100147027,-0.1453114372533903,0.0010571282377994,-0.0994677716171895,1.5106602301576242,0.0014052963153844,1.557379137160552,0.6117911014995447,0.0018822619458123,0.6752001192308097,-0.2922824999494426,0.0045967191370958,-0.2229459238077708,1.1526221731359565,0.0011872522372038,1.196922656392611,0.5444208461308856,0.0008313383053047,0.60834939551571,-0.0935392329071693,0.000216975144754,-0.0603251227766223,1
2021-07-26,0.074332295669698,0.0023567343559967,0.1489337001637895,0.336577928549837,0.0016353331828936,0.3899981827267467,0.0171025357654175,0.0006655954181085,0.0386031071435142,0.3012669350181485,0.0010658839035872,0.3471106006543493,-0.1094377680112336,0.001401304055607,-0.0627188610083059,-0.180570266139761,0.0018760248618562,-0.117161248408496,0.4755227683791024,0.0046239072778557,0.5448593445207741,0.2514716014249346,0.0011930694666383,0.295772084681589,0.0401196943413898,0.0008322267657083,0.1040482437262142,1.2092308392137852,0.0002557786044431,1.2424449493443324,0
2021-07-27,-0.8413597556616406,0.0023300212151813,-0.766758351167549,-0.863550785643893,0.0016081440589351,-0.8101305314669832,0.3594556477411992,0.0006716805708678,0.3809562191192959,-0.1141292648184675,0.0010621922035309,-0.0682855991822667,-0.3920723204868452,0.0013891644737132,-0.3453534134839175,-0.5386650702365725,0.0018596789724291,-0.4752560525053074,-0.5499906612424008,0.0045865251486379,-0.480654085100729,0.1184120635391503,0.0011954289315543,0.1627125467958047,-0.0587327995670373,0.0008310470491015,0.005195749817787,-0.5802240923754756,0.0002381772728314,-0.5470099822449285,0
2021-07-28,-0.7022290979297233,0.0023075693862783,-0.6276276934356319,1.5637564044359038,0.0016548038610446,1.6171766586128136,-0.2519099342468582,0.0006663454986979,-0.2304093628687614,0.0396157192706694,0.0010631017527173,0.0854593849068702,-0.985096082923021,0.0013599682358756,-0.9383771759200932,-0.1245124579033912,0.0018550791238466,-0.0611034401721262,0.0146589743894752,0.0045847098631536,0.0839955505311469,-0.9964483974317778,0.0011690051184849,-0.9521479141751236,-0.3651722047223885,0.000823478123065,-0.3012436553375641,0.2986901492326702,0.0002482325691986,0.3319042593632172,1
2021-07-29,0.1596775583266944,0.0023110339434034,0.234278962820786,-0.1716938843962071,0.0016486614105536,-0.1182736302192974,-0.0215005713780967,0.0006653171877431,0.0,0.3978222476816154,0.0010746857376128,0.4436659133178162,0.7042110322959214,0.0013794820149025,0.7509299392988491,-0.0098867910828847,0.0018537254623082,0.0535222266483802,1.0862349306228976,0.0046500747986645,1.155571506764569,0.1933315142438762,0.0011733252207508,0.2376319975005306,0.0299192921570818,0.0008241621304917,0.0938478415419062,0.56696108973694,0.0002666688527218,0.6001751998674871,0
2021-07-30,0.0031284493696235,0.0023098004204928,0.077729853863715,-0.4471027060915425,0.0016341941190154,-0.3936824519146328,-0.0118632016504418,0.0006644712200549,0.0096373697276548,-0.4586537679728849,0.0010607439478024,-0.4128101023366841,-0.4425067759233883,0.0013659828561017,-0.3957878689204606,-0.3671343031988702,0.001842318527614,-0.3037252854676052,0.288648360484819,0.0046653164838878,0.3579849366264908,-0.4138320142378486,0.0011620086320509,-0.3695315309811942,0.0975622909871877,0.0008262508313308,0.161490840372012,-1.1690065618020684,0.0002306984271935,-1.1357924516715214,0
2021-08-02,-0.194568768716412,0.0023026603371532,-0.1199673642223204,-0.0050994552018122,0.0016331416462065,0.0483207989750974,0.0121755836668234,0.0006640740878411,0.0336761550449201,-0.2539283675190081,0.0010529286327741,-0.2080847018828073,-1.5305044538299284,0.0013213079493829,-1.4837855468270007,-0.0807087085219291,0.0018389979095001,-0.0172996907906641,0.7356024602735185,0.0047084435795526,0.8049390364151903,-1.650747783402926,0.0011189478270474,-1.6064473001462716,-0.2354591395392952,0.0008214177671396,-0.1715305901544708,-0.0246622945476684,0.0002306108359496,0.0085518155828785,1
2021-08-03,0.5760990360059206,0.0023185466821406,0.6507004405000121,0.239050949063601,0.0016394664492568,0.2924712032405107,0.9983947408129172,0.0006819572617795,1.019895312191014,0.5432227384194204,0.0010687889155779,0.5890664040556212,-1.1412213131777922,0.0012879226098116,-1.0945024061748645,0.3785508534560858,0.001848577120134,0.4419598711873509,-0.0669086520633409,0.004701362446884,0.0024279240783308,-0.7160778229295549,0.0010999961151271,-0.6717773396729007,0.7695784272812466,0.0008374375451145,0.833506976666071,0.4967104113637416,0.0002467965682809,0.5299245214942887,0
2021-08-04,-0.2177943695659481,0.0023107228637555,-0.1431929650718566,-0.2425931143632214,0.0016312471303526,-0.1891728601863118,-0.5109762272649083,0.0006718530393852,-0.4894756558868117,-0.6045796023236191,0.0010505973194303,-0.5587359366874183,0.0130970062592546,0.0012876582669408,0.0598159132621823,-0.1796832287365769,0.0018424835200801,-0.1162742110053119,-0.028408893281182,0.0046967016898056,0.0409276828604896,-0.1503778546561636,0.0010955920078215,-0.1060773713995093,-0.5687607040670297,0.0008257022239093,-0.5048321546822053,-1.1832604498444768,0.0002105779206365,-1.1500463397139296,1
2021-08-05,-0.036085673112581,0.0023083304138566,0.0385157313815105,0.370373303570534,0.0016415096269094,0.4237935577474436,0.1362489370870144,0.0006737390223589,0.1577495084651111,0.607999357702213,0.0010683286408398,0.6538430233384138,0.5258819722910754,0.0013020401797465,0.5726008792940029,0.5115762175015637,0.0018557501227161,0.5749852352328286,0.0591330006948763,0.0046975009865935,0.128469576836548,0.8513726023737349,0.0011168202803165,0.8956730856303893,1.3105728623394737,0.0008528487548257,1.3745014117242975,0.2784940715266845,0.0002199546626328,0.3117081816572315,1
2021-08-06,-0.319902147565601,0.0022975121990946,-0.2453007430715095,-0.2449079228229488,0.0016332427262634,-0.1914876686460391,-0.2982529029680802,0.000667602901951,-0.2767523315899836,1.424673721607176,0.0011101254328691,1.470517387243377,0.3266494186558423,0.0013106966106068,0.37336832565877,-0.0747404752148178,0.0018525960132776,-0.0113314574835528,-0.6043108685449486,0.0046570896348035,-0.5349742924032769,0.2523449773445584,0.0011226874519305,0.2966454606012128,-0.1963251977664571,0.000848812244538,-0.1323966483816328,0.5346476696469795,0.0002372611061899,0.5678617797775266,1
2021-08-09,-0.0922197810274729,0.0022934818486661,-0.0176183765333814,0.3866632229149292,0.0016439598379327,0.4400834770918388,0.265747790340041,0.0006718751546933,0.2872483617181377,-0.1017251503675477,0.001106782698475,-0.0558814847313469,-0.5978943433933328,0.0012930017130526,-0.5511754363904051,-0.2770677579610578,0.0018438076740156,-0.2136587402297928,0.4468855400085404,0.004681994504495,0.5162221161502122,-0.3915694471769786,0.0011121194434121,-0.3472689639203243,0.1146048067123012,0.0008511953724119,0.1785333560971256,-0.5945984306084997,0.0002194839847732,-0.5613843204779526,1
2021-08-10,-0.247200599152969,0.0022848728572711,-0.1725991946588775,-0.092797665696512,0.0016402735556969,-0.0393774115196023,0.0071401333122223,0.0006713777500633,0.028640704690319,0.5892680828162488,0.0011237957594409,0.6351117484524494,-0.4575360931531556,0.0012793511465885,-0.4108171861502279,-0.4221640531738884,0.0018310048793726,-0.3587550354426234,-0.1993632302544511,0.0046668056508362,-0.1300266541127793,-0.5258497581961491,0.0010981652577651,-0.4815492749394948,1.5137056274667782,0.000882358457829,1.5776341768516025,0.8099931208782836,0.0002452669448855,0.8432072310088305,0
2021-08-11,0.0172976009185576,0.0022841132611232,0.0918990054126491,-0.2497101674487105,0.001631902567862,-0.1962899132718008,-0.0072102955596546,0.0006706183104991,0.014290275818442,0.5718182440271791,0.0011402440192593,0.6176619096633797,-0.5714734624035984,0.0012625078267789,-0.5247545554006707,0.034026026937943,0.0018309276102378,0.097435044669208,-0.1445762380087548,0.0046550504564707,-0.0752396618670831,-0.8013875564500564,0.0010772498145475,-0.7570870731934021,0.5988106706672892,0.0008946308935273,0.6627392200521136,0.1105881637820669,0.0002493409901251,0.143802273912614,1
2021-08-12,0.9944016153476783,0.0023122123196375,1.06900301984177,0.2880499334755569,0.0016396261350123,0.3414701876524665,0.6461238363749455,0.0006818415838891,0.6676244077530422,0.1565349020272667,0.0011444518480071,0.2023785676634675,-0.3794167737239489,0.0012511592753765,-0.3326978667210212,0.4820788266564126,0.0018432918953241,0.5454878443876776,0.4325274008512963,0.0046789584776494,0.501863976992968,-0.796833885096493,0.0010565135153388,-0.7525334018398386,-0.2622087313582208,0.0008892039551457,-0.1982801819733964,-0.1445333932657432,0.0002455245241497,-0.1113192831351961,1
2021-08-13,-0.0020206466890169,0.0023108438916604,0.0725807578050745,0.1443476007736875,0.0016430387278884,0.1977678549505971,0.4751914904293257,0.0006899011090042,0.4966920618074223,-0.6250450646882573,0.0011257388291661,-0.5792013990520565,0.0673390167541101,0.001252488606417,0.1140579237570378,0.5107282261826503,0.001856412971906,0.5741372439139154,-0.2424846884982615,0.004661185312979,-0.1731481123565898,0.1778736067015715,0.0010605404839425,0.2221740899582258,0.1696601527619094,0.0008926389608322,0.2335887021467338,-0.5309303101111669,0.0002298058487934,-0.4977161999806198,0
2021-08-16,0.6225897515087274,0.0023278700328568,0.697191156002819,0.1615109643631304,0.001646952293524,0.2149312185400401,0.7261601734179807,0.0007025243615336,0.7476607447960774,-0.385649763098851,0.0011140885517462,-0.3398060974626502,0.073020944235453,0.0012539744672932,0.1197398512383808,0.2636475678221541,0.0018626542585271,0.3270565855534192,-1.13343731915401,0.004588629733181,-1.0641007430123384,0.6532212307923312,0.0010765829153252,0.6975217140489856,0.5405394151920875,0.0009036483414171,0.6044679645769119,-0.7527659688973442,0.0002073053012608,-0.7195518587667972,0
2021-08-17,-0.3912933559787921,0.0023150380289883,-0.3166919514847006,-0.6594415996095927,0.0016264340111185,-0.606021345432683,0.73811238484567,0.0007153275965895,0.7596129562237667,-0.6712944277478177,0.0010941266232314,-0.625450762111617,-0.0953963745623514,0.0012507039488109,-0.0486774675594237,-0.3458159029929858,0.0018520301735223,-0.2824068852617208,-0.8033705412900128,0.0045365778731968,-0.7340339651483411,-0.2554819973677021,0.0010696187794909,-0.2111815141110477,-0.0884895422543577,0.000901779716138,-0.0245609928695333,-0.3675330136023207,0.0001967147983644,-0.3343189034717738,0
2021-08-18,-1.3868952959575942,0.0022730198156831,-1.3122938914635027,-0.5046477536004501,0.0016105752507016,-0.4512274994235404,-1.0743658263094849,0.000695056959026,-1.0528652549313882,-0.5173722411909772,0.001078716011075,-0.4715285755547765,-0.3832884035660228,0.0012393327265781,-0.336569496563095,-0.3983208829850883,0.0018399890611335,-0.3349118652538232,0.7915388894002996,0.0045825500472615,0.8608754655419714,-0.7847249729165072,0.0010493247671323,-0.7404244896598529,-0.8505233598528179,0.0008843796041516,-0.7865948104679935,-1.0696017943164815,0.0001646074732501,-1.0363876841859343,0
2021-08-19,0.0449476300042698,0.00227309538851,0.1195490344983614,0.0333071129662196,0.0016107180320955,0.0867273671431293,0.6239693112429535,0.0007057555405268,0.6454698826210502,-0.4784449726600631,0.0010644859595043,-0.4326013070238623,-0.5874344599660685,0.0012222532146018,-0.5407155529631408,1.0736552313262446,0.001868549168231,1.1370642490575098,-0.6238611765184169,0.0045416628099506,-0.5545246003767451,-0.0598237843889218,0.001047351068195,-0.0155233011322674,0.4379450339252894,0.0008932629809887,0.5018735833101138,-1.5352741514177173,0.0001183255329405,-1.50206004128717,1
2021-08-20,0.4480611913377643,0.0022849681189089,0.5226625958318559,0.6023906019770675,0.0016277118258404,0.6558108561539772,0.3822831247370444,0.000712030064744,0.4037836961151411,0.1018214047611595,0.0010671782844532,0.1476650703973603,-0.3948742503198158,0.0012106336735565,-0.3481553433168881,1.3363776192148733,0.0019042524825359,1.3997866369461385,0.1788577648717229,0.0045500067763766,0.2481943410133946,-0.0985970403239289,0.0010444081490347,-0.0542965570672746,0.5974206128083289,0.0009053613595578,0.6613491621931533,-0.0238732314456779,0.0001184331707994,0.009340878684869,1
2021-08-23,0.4532330592054621,0.0022969562723782,0.5278344636995537,0.9132209965841028,0.0016538448383786,0.9666412507610126,-0.3792389378268219,0.0007044684280729,-0.3577383664487252,0.6166869525311911,0.0010848170439984,0.6625306181673919,0.8625740182756783,0.0012343144921735,0.909292925278606,-0.0112780601064308,0.0019028212555286,0.0521309576248341,0.8730068448583721,0.004600727845186,0.942343421000044,0.6752229781668336,0.0010609067416689,0.719523461423488,-0.553103885689806,0.0008940710968242,-0.4891753363049816,1.9917578099270152,0.0001801277853251,2.0249719200575624,0
2021-08-24,-0.1055324631638398,0.0022926048895526,-0.0309310586697482,0.3896390756274099,0.0016644418615725,0.4430593298043195,-1.0574521160138042,0.0006846422678992,-1.0359515446357077,0.2746400934088193,0.0010924828265336,0.3204837590450201,0.0676454636551942,0.0012356637251997,0.1143643706581219,-0.4280811081985257,0.0018899597576555,-0.3646720904672607,0.0069933974940284,0.0045984754719635,0.0763299736357001,-0.0187245448568118,0.0010599551034666,0.0255759383998425,-0.8272144164094656,0.0008772594569835,-0.7632858670246412,0.3701053642958111,0.0001921621849293,0.4033194744263582,1
2021-08-25,-0.5079665524178137,0.0022765420266147,-0.4333651479237222,0.2409222012610863,0.0016706231797983,0.294342455437996,-0.5696033677718801,0.0006737006922087,-0.5481027963937836,1.0213351024716564,0.0011217487278,1.0671787681078573,-0.4439247034298104,0.0012227048343132,-0.3972057964268827,-0.1737293037849081,0.0018841042471537,-0.1103202860536431,0.0248262306665443,0.0045973159073487,0.094162806808216,-0.4661030806159276,0.0010478051518856,-0.4218025973592732,-0.0340855472472049,0.0008765481341036,0.0298430021376193,0.0556888241935657,0.0001945823561852,0.0889029343241128,0
2021-08-26,-0.3590435159623023,0.0022648594895259,-0.2844421114682107,-0.2819868521795119,0.0016613945645685,-0.2285665980026023,-0.4639168399136383,0.0006647008725252,-0.4424162685355416,0.221188693359965,0.0011277907212358,0.2670323589961659,-0.978449986679653,0.0011948611874995,-0.9317310796767252,-0.5925998332627489,0.001866809385075,-0.529190815531484,-0.4168602732039703,0.004569300500306,-0.3475236970622985,-0.5772285221072257,0.0010329134574491,-0.5329280388505714,-0.8646744227517875,0.0008590561474547,-0.8007458733669631,-0.6987697945408777,0.000174046441492,-0.6655556844103308,1
2021-08-27,0.2951394622568351,0.0022722138882552,0.3697408667509266,0.8683611648195386,0.0016860025370282,0.9217814189964484,-0.1984198873690647,0.0006605164136237,-0.176919315990968,0.370244838955223,0.001138118177635,0.4160885045914238,0.3894068821719929,0.0012052332591817,0.4361257891749206,0.0518723356912812,0.0018671673823767,0.1152813534225462,0.3084428289158446,0.0045854091870141,0.3777794050575164,0.519390698999152,0.0010454406245572,0.5636911822558064,-0.4812551717517089,0.0008493522032678,-0.4173266223668845,0.9203337287336708,0.0002027475884592,0.953547838864218,1
2021-08-30,1.4906484637662636,0.0023142203761529,1.565249868260355,0.1537197411572312,0.0016895649220382,0.2071399953341408,0.3283590426417831,0.0006658311556583,0.3498596140198798,-0.8745650408655301,0.0011125284913628,-0.8287213752293292,-0.4506895456169202,0.0011921895061285,-0.4039706386139925,0.643302458954719,0.0018836527291746,0.7067114766859841,0.5873174870052421,0.0046183777593393,0.6566540631469139,-0.4200148861784947,0.0010345154979396,-0.3757144029218403,0.5327262976901143,0.0008601044720479,0.5966548470749385,-0.5715259294703455,0.0001861196907591,-0.5383118193397984,0
2021-08-31,-0.5081311804860424,0.0022982162864591,-0.4335297759919509,-0.0157871547880913,0.0016881496904502,0.0376330993888183,-0.2744599955167532,0.0006602901265814,-0.2529594241386566,-0.2039655349731861,0.0011063188132071,-0.1581218693369853,-1.082486595464953,0.0011616241843195,-1.0357676884620253,-0.371701091451914,0.0018724508397127,-0.308292073720649,0.0926666594026938,0.0046213024334319,0.1620032355443655,-0.5959008133744335,0.0010192454715778,-0.5516003301177792,0.13673268417037,0.0008628590598674,0.2006612335551944,-0.6042269094003567,0.0001685511156131,-0.5710127992698097,1
2021-09-01,0.1558880030075925,0.0023014614441435,0.230489407501684,0.1286596107133157,0.001690965042885,0.1820798648902254,0.2705202934421658,0.000664550875351,0.2920208648202625,-0.1203024767951849,0.0011025323394554,-0.0744588111589841,0.4705250043656765,0.0011742506898789,0.5172439113686043,-0.0724777003180813,0.0018694178857668,-0.0090686825868163,-0.1238770718605805,0.0046111285855252,-0.0545404957189087,0.2222907694887929,0.0010243538088969,0.2665912527454472,-0.2240178487576371,0.0008583595499268,-0.1600892993728127,-0.7102488838014649,0.000147829087204,-0.6770347736709178,0
2021-09-02,0.3100515846229978,0.0023091483224715,0.3846529891170894,-0.7288494034015377,0.0016687194287439,-0.675429149224628,0.5461406105092849,0.0006737404552947,0.5676411818873816,0.1940367174907084,0.0011077787294086,0.2398803831269092,-1.3182743193761013,0.0011372687433366,-1.2715554123731736,-0.1867025349877963,0.0018632928961872,-0.1232935172565313,-0.1263453334619797,0.004600835990082,-0.057008757320308,-1.5899651318313963,0.0009844774284755,-1.5456646485747425,0.3270987147947982,0.0008649264835691,0.3910272641796226,1.165818601508225,0.0001838101948222,1.1990327116387722,1
2021-09-03,0.1430961408629857,0.002311998822994,0.2176975453570772,0.10719131555853,0.0016709289777607,0.1606115697354396,0.0306199205809502,0.0006736739026754,0.0521204919590469,-0.3588231402517763,0.0010971658811716,-0.3129794746155755,-0.2116928587122587,0.0011310164514445,-0.164973951709331,-0.0652375332700969,0.0018604787986107,-0.0018285155388319,-0.0296746292592189,0.0045964002283523,0.0396619468824528,0.2041081388172738,0.0009891716755778,0.2484086220739282,0.2801939347560478,0.000870534614567,0.3441224841408722,-0.220850057332454,0.0001778808474471,-0.187635947201907,1
2021-09-07,0.7224897611568531,0.0023315208898936,0.7970911656509447,0.138010787627999,0.0016740297200083,0.1914310418049086,-1.3093596881539769,0.000649654738384,-1.2878591167758802,-0.1367228062545449,0.0010929399249979,-0.0908791406183441,0.659307669038437,0.001148848199088,0.7060265760413647,-0.2378794553846672,0.0018529999331654,-0.1744704376534021,0.5800180723972524,0.0046286690259242,0.6493546485389242,0.2642637082333197,0.0009953402985318,0.308564191489974,-1.0468061821348595,0.0008495909639687,-0.9828776327500351,-0.3202375367640483,0.0001689772883423,-0.2870234266335013,1
2021-09-08,-0.5934992921451696,0.0023131555763583,-0.518897887651078,-0.2612268383599856,0.0016655091035461,-0.2078065841830759,-0.2235004025091762,0.0006450882036671,-0.2019998311310795,-0.2767362024978668,0.0010847258864104,-0.230892536861666,0.9379060230113504,0.0011743134019399,0.984624930014278,-0.0579404657198706,0.0018504066138888,0.0054685520113944,-0.0382755260544526,0.0046236883767916,0.0310610500872191,0.7019958725683106,0.0010123044060772,0.746296355824965,0.0316600101642747,0.0008502427677873,0.0955885595490991,-0.4843211053617381,0.0001551681040173,-0.451106995231191,0
2021-09-09,-0.4196388037103512,0.0022998349557301,-0.3450373992162597,-0.1065181358392678,0.0016615068535945,-0.0530978816623581,-1.8680657192841148,0.0006112245741751,-1.846565147906018,0.1795367702337131,0.0010895538872839,0.2253804358699138,0.0097923116962205,0.0011741355952431,0.0565112186991482,-0.6030577804487784,0.001833109202148,-0.5396487627175134,-0.0370081991175576,0.0046187984841923,0.032328377024114,-0.4625030354345429,0.0010004931112462,-0.4182025521778885,-0.586447982164812,0.0008385692531923,-0.5225194327799876,0.0032163584454847,0.0001560323014183,0.0364304685760318,0
2021-09-10,-1.7780366887454722,0.0022476201033024,-1.7034352842513805,-0.9976794530325784,0.0016316726432548,-0.9442591988556688,-0.5639189439360113,0.0006006699646805,-0.5424183725579146,-0.6410006461256564,0.0010709916930166,-0.5951569804894558,-0.6601049973747029,0.0011555311261779,-0.6133860903717752,-0.3469535705300745,0.0018227644211826,-0.2835445527988094,-0.6755910191885838,0.0045756630316107,-0.606254443046912,-0.7234294140502782,0.0009822897475215,-0.6791289307936238,-0.3321081748014761,0.0008319935388793,-0.2681796254166517,-0.1333063303915409,0.0001528025027099,-0.1000922202609939,1
2021-09-13,0.1257402183047789,0.0022500435176621,0.2003416227988705,0.472423974401755,0.0016444966666412,0.5258442285786646,-0.6022348404776894,0.0005894655628194,-0.5807342690995928,0.7766766683647678,0.0010928123192128,0.8225203340009686,0.0196480512620968,0.0011556522121712,0.0663669582650246,0.1734957202806137,0.0018264547454955,0.2369047380118787,0.1556830606509892,0.0045823861530066,0.2250196367926609,-0.1188452559673043,0.0009790096587944,-0.0745447727106499,-0.4854316162868522,0.0008223893448042,-0.4215030669020278,1.2340970143500294,0.0001905015591282,1.2673111244805766,0
2021-09-14,-0.5666662800411134,0.0022326728635941,-0.4920648755470219,0.0223248698901857,0.0016442684446524,0.0757451240670953,-0.5213640648513708,0.0005797290913804,-0.4998634934732741,-0.9494233763559176,0.00106553924214,-0.9035797107197168,-0.3581063320478193,0.0011454124328364,-0.3113874250448916,0.4526001381338027,0.0018376335194925,0.5160091558650678,-0.0199700123022339,0.0045785963937502,0.0493665638394377,-0.4708190298466202,0.0009670952056236,-0.4265185465899658,-0.4520707320020751,0.000813475589313,-0.3881421826172507,-0.735397465166442,0.0001692395783844,-0.702183355035895,1
2021-09-15,0.2415647270248964,0.002238416173017,0.3161661315189879,0.6191376292577672,0.0016612722769706,0.6725578834346768,0.2902942865464591,0.0005844021846274,0.3117948579245558,0.3134472355162896,0.0010741651733306,0.3592909011524904,-0.2095267398050315,0.0011392717718198,-0.1628078328021038,0.8548978576071449,0.001859572995316,0.91830687533841,0.3056336621633925,0.0045942400099124,0.3749702383050642,0.1651182747763531,0.0009708105915405,0.2094187580330075,0.0644217326677057,0.0008148249834323,0.1283502820525301,1.625906917731818,0.0002184942002332,1.659121027862365,0
2021-09-16,-0.157482160557085,0.0022327724953969,-0.0828807560629934,-0.3420057004105954,0.0016505164724343,-0.2885854462336857,-0.1217099237070302,0.0005817723830994,-0.1002093523289335,-0.0687686521650946,0.0010719408810639,-0.0229249865288938,0.195897284523712,0.0011442359031141,0.2426161915266397,0.0084178996462641,0.0018587706186101,0.0718269173775291,-0.0315546841228726,0.004589753971346,0.0377818920187991,0.0948268714453162,0.0009727938800784,0.1391273547019706,0.1820685883404771,0.0008184987826504,0.2459971377253015,-0.5565825634232535,0.0002025809975875,-0.5233684532927064,0
2021-09-17,-1.0187962459089062,0.002202639634675,-0.9441948414148146,-1.0485708881276574,0.0016194517066329,-0.9951506339507477,-0.2572636200282405,0.0005767555736014,-0.2357630486501438,-0.1801133503194137,0.001066574270224,-0.1342696846832129,-0.5529951715860995,0.0011287361601758,-0.5062762645831719,-1.0227524096301306,0.0018303856013602,-0.9593433918988656,0.0119633142042987,0.0045878693145113,0.0812998903459705,-0.7329875649022819,0.0009545306274144,-0.6886870816456275,-0.2171687271610947,0.0008142720416335,-0.1532401777762703,-0.6151229720917208,0.0001849728393964,-0.5819088619611739,0
2021-09-20,-1.1738447018153972,0.0021681899642779,-1.0992432973213058,-0.8049308114698535,0.0015954813809991,-0.7515105572929437,-0.4943455009281409,0.000567571237981,-0.4728449295500442,-1.5956008704625475,0.001021251839165,-1.5497572048263468,-0.5703498626893676,0.0011128085418812,-0.5236309556864399,-1.0800353072386466,0.0018005534382607,-1.0166262895073814,-1.0196886822049671,0.0045247220738381,-0.9503521060632956,-0.5033549392110144,0.0009419272711777,-0.45905445595436,-1.0826160806365916,0.0007929795751195,-1.0186875312517671,-1.3447850733784366,0.0001457407499753,-1.3115709632478896,1
2021-09-21,0.1017957173608626,0.0021700288392864,0.1763971218549541,0.0615142603422818,0.0015964512623993,0.1149345145191915,0.3427580473093184,0.000573158917125,0.3642586186874151,-0.039071832273536,0.0010199519091004,0.0067718333626647,-0.4113555231701961,0.0011012562681614,-0.3646366161672683,0.0295722019338222,0.001800404985165,0.0929812196650872,0.2411761681006531,0.0045365305541532,0.3105127442423249,-0.0116459018651729,0.0009413482946542,0.0326545813914814,0.0814057156018163,0.0007946856705759,0.1453342649866406,-0.0790461505429266,0.0001441684860507,-0.0458320404123796,1
2021-09-22,0.7936767556273543,0.0021914613454929,0.8682781601214458,0.4040254321227195,0.001607235338974,0.4574456862996292,-0.3237548340353156,0.000567007097841,-0.3022542626572189,0.9457519725443256,0.0010463848230961,0.9915956381805264,0.9116144216682754,0.0011257048524389,0.9583333286712032,0.6383622881466177,0.0018164715780525,0.7017713058778827,0.3488441998118248,0.0045546801905094,0.4181807759534965,0.6573903647461272,0.00095705794631,0.7016908480027816,-0.2348856351824095,0.0007901635340367,-0.1709570857975851,1.407276613303674,0.0001866249366284,1.440490723434221,1
2021-09-23,0.2711703664135711,0.002198051904223,0.3457717709076626,0.2846537225557053,0.0016145715804393,0.3380739767326149,0.4487048519428099,0.0005744401032344,0.4702054233209066,1.7041313926591557,0.0010940629079907,1.7499750582953564,1.6177015187522696,0.001169250492996,1.664420425755197,0.1162341827623215,0.0018186051959956,0.1796432004935865,-0.0136811259907278,0.0045513412304308,0.0556554501509438,1.4503615253191098,0.0009919977616095,1.4946620085757645,-0.0223809048694038,0.0007898296583938,0.0415476445154204,1.6337307418275242,0.0002356554813145,1.6669448519580712,1
2021-09-24,-0.0430746140019937,0.0021957475281823,0.0315267904920977,0.3063723666667411,0.0016225071837587,0.3597926208436507,-0.2728661395003072,0.0005691967775824,-0.2513655681222104,0.5516188751740415,0.0011092461687796,0.5974625408102423,0.5726791412611283,0.0011843414339588,0.619398048264056,-0.1017797086484286,0.0018149428741764,-0.0383706909171636,0.6084566548993656,0.004584744891312,0.6777932310410374,0.8159677383016714,0.0010114372941355,0.8602682215583257,0.1436490927564423,0.0007927540155708,0.2075776421412667,0.406515499323432,0.0002482996659482,0.4397296094539791,1
2021-09-27,-0.6174992330827797,0.0021772488996936,-0.5428978285886881,-0.4621818869811153,0.0016084874365186,-0.4087616328042056,-0.621554593917125,0.0005578623405288,-0.6000540225390283,1.20527350548047,0.0011427097558634,1.2511171711166709,-0.2548302080982089,0.001176989282906,-0.2081113010952811,-1.010478505867343,0.0017871941338008,-0.9470694881360778,0.470131385660446,0.0046098962967243,0.5394679618021178,-0.5588338385415316,0.0009974981147619,-0.5145333552848772,-0.5400112607379138,0.000782276948585,-0.4760827113530894,1.4281118588088832,0.0002910345639575,1.4613259689394302,0
2021-09-28,-1.2994363825778796,0.0021395985641387,-1.2248349780837882,-1.9432619888101783,0.0015523038387081,-1.8898417346332683,-0.2043487212951824,0.0005538563962231,-0.1828481499170857,-0.3248990540861339,0.0011332420195168,-0.279055388449933,-0.8868436684642493,0.0011525756943012,-0.8401247614613216,-2.0448970122744963,0.0017321346706922,-1.9814879945432315,-0.4986241226965824,0.00457794230771,-0.4292875465549107,-1.0979591747830335,0.0009705510185183,-1.0536586915263793,-0.9753917583710106,0.0007633134884519,-0.9114632089861862,0.4813404878253287,0.0003057652696715,0.5145545979558758,1
2021-09-29,0.2590220878690102,0.002145884391095,0.3336234923631018,-0.6062809029276165,0.0015343259993038,-0.5528606487507068,0.5944423793867664,0.0005638102156083,0.615942950764863,-0.0863644747090482,0.001130469353643,-0.0405208090728474,0.2601678307912534,0.0011591905769382,0.3068867377941812,0.0292537617729081,0.0017320781007441,0.0926627795041731,0.0493878525511128,0.0045782966296603,0.1187244286927846,0.2530319590844435,0.0009763323094387,0.2973324423410978,-0.0955493570354704,0.0007615911779099,-0.0316208076506461,-0.0660682878073643,0.0003043566901458,-0.0328541776768173,0
2021-09-30,-0.5537921267719378,0.0021293270067743,-0.4791907222778463,-0.3098789576949783,0.0015248219035753,-0.2564587035180687,-1.294839873782588,0.0005407930528204,-1.2733393024044912,-0.7509142130994015,0.0011091556359062,-0.7050705474632007,-0.8832097581347063,0.001134971205921,-0.8364908511317786,-0.4642547830332272,0.0017189914751836,-0.4008457653019622,-0.2530271637621461,0.0045608976323958,-0.1836905876204743,-1.082456888110476,0.0009498677951123,-1.0381564048538214,-0.6231261955272673,0.0007495833984017,-0.5591976461424429,-0.9044221314594656,0.0002783358666782,-0.8712080213289185,1
2021-10-01,0.3436306028309516,0.0021379820204095,0.4182320073250431,1.0373661463978625,0.0015535698018867,1.090786400574772,-0.5500568922475197,0.00053080988587,-0.5285563208694231,1.0421894598106574,0.0011378807307687,1.0880331254468585,1.8810296307737435,0.0011852131638163,1.9277485377766712,1.3305021351172983,0.0017532616154711,1.3939111528485637,-0.0775905251661595,0.0045538324283215,-0.0082539490244878,2.028331861428024,0.0009984433968492,2.0726323446846786,-1.3024368075986363,0.0007243793617958,-1.238508258213812,1.732243477159674,0.0003296979893029,1.765457587290221,0
2021-10-04,-1.3408236623055243,0.0020994464025305,-1.266222257811433,-1.1274561879889886,0.0015209021701385,-1.0740359338120788,-0.6671016017339348,0.0005188205360086,-0.6456010303558382,-0.1016121427815207,0.0011346889965401,-0.0557684771453199,-2.425618221992729,0.0011195764845151,-2.378899314989801,-1.1974325383651043,0.0017208797070727,-1.1340235206338394,0.1310400003662209,0.0045589992712175,0.2003765765078927,-1.5331223849101936,0.0009611788071765,-1.4888219016535391,-0.777525204182907,0.0007094569146764,-0.7135966547980828,0.6048934966493931,0.0003479054732991,0.6381076067799402,1
2021-10-05,0.6539917166626764,0.0021167972891652,0.728593121156768,0.8459257700986791,0.001544156989898,0.8993460242755887,0.1659110354985256,0.0005213277032067,0.1874116068766223,0.7996185272865944,0.0011565532209012,0.8454621929227951,-0.2009259589946358,0.0011138274931093,-0.1542070519917081,1.0288761452635684,0.0017471189878433,1.0922851629948334,-0.0989476568032508,0.0045507088404626,-0.029611080661579,-0.1642155767809719,0.0009569144197275,-0.1199150935243175,0.4218647065198031,0.0007178706652956,0.4857932559046275,-0.1129595500618315,0.0003450734574786,-0.0797454399312845,1
2021-10-06,0.2499748034157021,0.0021228181185557,0.3245762079097937,0.5231415932286121,0.001558226301333,0.5765618474055217,0.1498559291407173,0.0005235493320817,0.171356500518814,0.0646578956711368,0.0011579581254109,0.1105015613073376,0.8094055532816979,0.0011351679455346,0.8561244602846255,0.7610831221686656,0.0017662529035104,0.8244921398999305,-0.0012166339670675,0.0045481462451323,0.0681199421746041,0.5510932515118553,0.0009698254878242,0.5953937347685097,0.478386085797944,0.0007273563585017,0.5423146351827683,-0.9357200056321144,0.0003182299699799,-0.9025058955015676,1
2021-10-07,0.3928777949637344,0.0021328058150405,0.4674791994578259,0.5602973946202104,0.0015733033907284,0.6137176487971201,0.719662972263212,0.0005356286770598,0.7411635436413087,0.2819170313622596,0.0011653796836034,0.3277606969984604,0.8247352214634648,0.0011568573484657,0.8714541284663925,0.2615064409057032,0.0017722361009777,0.3249154586369683,0.2722120861916464,0.0045615266097727,0.3415486623333182,1.0237153142915694,0.0009940233860856,1.0680157975482236,0.808197202998851,0.0007432016889404,0.8721257523836754,0.1050994535424545,0.0003218055219693,0.1383135636730015,1
2021-10-08,-0.2146469443682491,0.0021258513355332,-0.1400455398741575,0.1513374659978551,0.0015768172254689,0.2047577201747647,-0.2321443841114584,0.0005312200103265,-0.2106438127333617,-0.0062849624978463,0.0011648047653887,0.0395587031383544,0.1123618989527685,0.0011594504875114,0.1590808059556962,-0.063409017731265,0.0017696970807757,0.0,-0.3212180670252743,0.0045403326826493,-0.2518814908836025,-0.1170298685819973,0.000990859206873,-0.0727293853253429,0.159555850499857,0.000746458548247,0.2234843998846814,1.1999922472775135,0.0003572434623887,1.233206357408061,0
2021-10-11,-0.107017756112497,0.0021219088765476,-0.0324163516184054,-0.3705187984612111,0.0015656417890022,-0.3170985442843015,-0.3716698846138573,0.0005244155033068,-0.3501693132357606,-1.1346888971351234,0.0011330506349405,-1.0888452314989223,-1.2264743763110886,0.0011263146158083,-1.1797554693081609,-0.1785041075376903,0.0017641568755802,-0.1150950898064253,0.1328101701732601,0.0045455847511513,0.2021467463149318,-1.3861279513277314,0.0009573838875428,-1.3418274680710771,-0.1329082270248193,0.0007440586706181,-0.0689796776399949,-0.5239360410443451,0.0003424677690746,-0.490721930913798,0
2021-10-12,-0.5430507531179121,0.0021058731568744,-0.4684493486238206,-0.955901323121458,0.0015380556673583,-0.9024810689445484,-1.3454646481679355,0.0005008450480894,-1.3239640767898389,-0.4435220570604088,0.0011204587585081,-0.3976783914242081,-0.3262861300765766,0.0011172570967941,-0.2795672230736488,-0.3145293220053486,0.0017550820404285,-0.2511203042740835,0.359013321480317,0.0045639485833688,0.4283498976219888,-0.3262627898875965,0.0009492894201835,-0.2819623066309422,-0.14356884548642,0.0007414600896148,-0.0796402961015955,-0.2890418327887015,0.0003345525910477,-0.2558277226581545,0
2021-10-13,-0.2927972196716581,0.002096820458715,-0.2181958151775666,0.3688849812772238,0.0015477066491297,0.4223052354541334,0.7720869087362429,0.000513790202261,0.7935874801143395,-1.4109232239447411,0.0010812471608601,-1.3650795583085404,-0.510955078356763,0.00110331231095,-0.4642361713538354,0.5775788748693826,0.0017692852213522,0.6409878926006477,0.094427912269554,0.0045669277994015,0.1637644884112258,-0.4692427834831232,0.0009378118385065,-0.4249423002264689,-0.6008015165992051,0.0007300650481045,-0.5368729672143807,-0.169837403156174,0.0003301152191044,-0.136623293025627,1
2021-10-14,0.9662348291362712,0.0021226454231909,1.0408362336303627,1.2659158206941177,0.0015824547514416,1.3193360748710274,0.4522408432112563,0.0005212009668548,0.473741414589353,0.7484288130803227,0.0011015610283171,0.7942724787165235,0.3025470495821128,0.001111019608308,0.3492659565850406,1.1261084308104228,0.0017977245789878,1.1895174485416875,0.1504102194066796,0.0045731379750427,0.2197467955483514,0.6878499769775589,0.000953893077925,0.7321504602342133,0.7392159851769998,0.0007444673414423,0.8031445345618242,0.7162568062393777,0.000351337961067,0.7494709163699248,1
2021-10-15,0.31199503922777,0.0021303123522407,0.3865964437218616,0.0247727123355972,0.0015823907124733,0.0781929665125069,0.5944995690443905,0.0005310323106286,0.6160001404224871,0.9486166726962026,0.0011273173616311,0.9944603383324035,1.7303115586052265,0.0011565825181225,1.7770304656081544,0.2005426179772833,0.0018020274877364,0.2639516357085483,0.6740113891358912,0.0046095858577267,0.743347965277563,1.5007076053526869,0.0009892381599291,1.5450080886093414,0.2962757729416447,0.0007503242471019,0.3602043223264691,0.4351283387157217,0.000364374803298,0.4683424488462688,1
2021-10-18,0.5329320170713266,0.00214405598834,0.6075334215654182,0.4538461345994762,0.0015943104782073,0.507266388776386,-0.6278336871982702,0.0005198859669103,-0.6063331158201735,-0.0644791905217065,0.0011252047658458,-0.0186355248855057,0.3207742295654159,0.0011646751186164,0.3674931365683436,0.4907112586332575,0.0018138489695139,0.5541202763645225,0.7214306051907947,0.0046486663393726,0.7907671813324665,-0.1324330348317537,0.0009857423598558,-0.0881325515750994,0.5317263308232657,0.0007606787228783,0.5956548802080901,-0.0568115942600468,0.0003631761506415,-0.0235974841294998,1
2021-10-19,0.7014353809126224,0.0021624052094229,0.7760367854067138,0.110088933262453,0.0015966092273445,0.1635091874393626,1.9195006534262289,0.0005523684709078,1.9410012248043256,0.5820828106981422,0.001140812369396,0.627926476334343,0.5007731399194233,0.0011775064529311,0.547492046922351,0.1040308963529132,0.0018156155673424,0.1674399140841782,-0.2345653492397479,0.0046325521167064,-0.1652287730980761,0.7007887369455282,0.001001993672751,0.7450892202021826,1.5100573560228312,0.0007897344079787,1.5739859054076557,0.7062690558860104,0.000383973828778,0.7394831660165575,0
2021-10-20,0.0983712589320361,0.0021641033237166,0.1729726634261276,-0.574668989831302,0.0015798309881667,-0.5212487356543923,-0.0670195559492305,0.0005508081325098,-0.0455189845711338,0.6513377111431763,0.0011582704848936,0.6971813767793771,-0.8359638088537967,0.0011549894836838,-0.789244901850869,-0.2090296898260492,0.0018092752615578,-0.1456206720947842,-0.025755990564763,0.0046284979551263,0.0435805855769087,-0.5827968670555244,0.0009878366880106,-0.53849638379887,0.606835646939464,0.0008014396937248,0.6707641963242883,0.2380536180909362,0.0003912371546885,0.2712677282214832,1
2021-10-21,0.0012375933471371,0.0021631268461792,0.0758389978412286,-0.0114540119149586,0.0015787635370838,0.041966242261951,-0.2137837116641937,0.000546747468268,-0.192283140286097,-0.451935141804337,0.001145537763111,-0.4060914761681363,-0.1308825075631794,0.0011511356694684,-0.0841636005602517,0.5330365797358593,0.0018221301452884,0.5964455974671243,0.7324780666967484,0.0046680206040349,0.8018146428384202,-0.3496249151612972,0.0009792274586107,-0.3053244319046428,0.3471179178432491,0.0008081535214173,0.4110464672280735,-0.9273311976624738,0.0003649871136346,-0.8941170875319268,1
2021-10-22,-0.3465592375806551,0.0021526071850073,-0.2719578330865636,-1.6017402274037278,0.0015335348156284,-1.548319973226818,0.1408200599647867,0.0005487415465985,0.1623206313428834,0.6505734066900547,0.0011629190362829,0.6964170723262554,0.3235772978058663,0.0011592640805128,0.3702962048087941,-0.3452081905320743,0.0018122842518709,-0.2817991728008093,0.3624312120489493,0.0046862001053844,0.4317677881906211,0.2131828479176432,0.0009839177400819,0.2574833311742976,0.7081929747380529,0.0008217320343343,0.7721215241228773,0.3043564513471212,0.000374159571762,0.3375705614776682,1
2021-10-25,-0.0919122211073708,0.0021490966097049,-0.0173108166132793,-0.0976075768983318,0.001530146453257,-0.0441873227214222,0.1607067845888362,0.0005510684378354,0.1822073559669329,-0.2990079683200401,0.0011543818653111,-0.2531643026838393,0.2806805066368708,0.0011662411727368,0.3273994136397985,-0.2457315501307568,0.0018050296601609,-0.1823225323994917,3.047623794516064,0.0048581744121833,3.116960370657735,0.6419545107104294,0.0009986941495603,0.6862549939670837,0.7951099585523617,0.0008369269201493,0.8590385079371861,0.9258175303409256,0.0004011163833462,0.9590316404714728,1
2021-10-26,0.1608291632783678,0.0021525133480727,0.2354305677724593,0.6353940413927143,0.0015470666877173,0.6888142955696239,0.8220318978316379,0.0005646275422506,0.8435324692097345,0.0934772960189529,0.0011565461458777,0.1393209616551537,-0.5727246026990983,0.001150781616403,-0.5260056956961706,0.2882708176184334,0.0018115374414665,0.3516798353496984,-0.2237875852239498,0.0048424952223176,-0.154451009082278,-0.5717253949478656,0.0009848819816876,-0.5274249116912112,-0.7107069730419392,0.0008234524917633,-0.6467784236571148,1.1063562858436993,0.0004331639676897,1.1395703959742465,0
2021-10-27,-0.2365772746772935,0.0021450589273004,-0.1619758701832019,2.468932965036644,0.0016146442005664,2.5223532192135534,-1.0264966849359949,0.0005467782107924,-1.0049961135578982,-1.1241863907252414,0.0011256248802147,-1.0783427250890405,-3.2879893768091915,0.0010641420839582,-3.241270469806264,2.2415637726945405,0.0018682219700451,2.304972790425805,0.4003255943719409,0.0048625176464855,0.4696621705136126,-4.187545362095779,0.0008861806160917,-4.143244878839125,-0.6715661338382466,0.0008107590111617,-0.6076375844534223,-1.3114337022054705,0.0003960257473689,-1.278219592074923,1
2021-10-28,1.2114849402138972,0.0021771469676556,1.2860863447079889,-0.1815928997697932,0.0016088369205629,-0.1281726455928835,-0.4720056531867675,0.0005383757439406,-0.4505050818086709,0.7346157071185982,0.0011452163878773,0.780459372754799,-0.4763433294212404,0.0010513939543625,-0.4296244224183128,0.1364178347647671,0.0018707259325957,0.1998268524960321,0.8599899147473264,0.0049087089822767,0.9293264908889982,-1.6926847688900568,0.0008462732581703,-1.6483842856334023,0.3980904712819593,0.0008183789000771,0.4620190206667837,0.1049188382574629,0.0003994115536076,0.1381329483880099,1
2021-10-29,-1.008904812422195,0.0021486295706597,-0.9343034079281036,0.7127111890743993,0.0016277077353561,0.766131443251309,-0.0062355045584381,0.0005378789865854,0.0152650668196585,-0.1886843380723136,0.0011397406212627,-0.1428406724361128,0.3541731189181826,0.0010604055546224,0.4008920259211103,1.1633563193776828,0.0018995387598105,1.2267653371089478,0.7754424677872191,0.0049499538425565,0.8447790439288909,0.5064427430486509,0.0008579858603889,0.5507432263053053,0.420162575859836,0.0008263952536806,0.4840911252446604,0.0892282268466354,0.0004023407136498,0.1224423369771825,1
2021-11-01,-0.3631715035957335,0.0021377664907938,-0.288570099101642,-1.616182883807323,0.001582392817333,-1.5627626296304131,0.04975586224395,0.0005383298249472,0.0712564336220468,-0.0732703603807548,0.0011374023937365,-0.0274266947445539,-0.2816420652489919,0.0010527840710811,-0.2349231582460642,-0.4347550377466488,0.0018873757140339,-0.3713460200153837,2.020935184769061,0.0050619430217402,2.090271760910733,0.1508249118174568,0.0008613480303818,0.1951253950741111,0.1195261289351185,0.0008287058860177,0.1834546783199429,0.8523044377946315,0.0004269772509802,0.8855185479251786,0
2021-11-02,0.2916039497011949,0.0021447294030402,0.3662053541952865,0.6325749009421829,0.0015990441319819,0.6859951551190926,1.2850529031806304,0.0005596256258154,1.306553474558727,0.1584352371041893,0.0011413300838262,0.2042789027403901,-0.9407602232181316,0.0010279914577585,-0.8940413162152038,0.5613937479805043,0.0019007021715765,0.6248027657117694,-0.8146292149130042,0.0050125207303923,-0.7452926387713324,-0.9800306358277284,0.000838287958881,-0.935730152571074,-0.0985595590710633,0.0008268931037764,-0.0346310096862389,-0.6406174509168189,0.0004091188034967,-0.6074033407862718,1
2021-11-03,0.4296368835323496,0.0021554191103869,0.5042382880264412,0.3541741426753811,0.0016080037748046,0.4075943968522907,-0.2867617550024767,0.0005543738694323,-0.2652611836243799,-0.0276196705478204,0.0011402276692745,0.0182239950883803,0.1083505930239172,0.0010305949016164,0.1550695000268449,0.0795242654756634,0.0019016949603614,0.1429332832069284,0.8099177943466267,0.0050554037154333,0.8792543704882985,-0.3420777251326804,0.0008301718428019,-0.297777241876026,0.1637049703630153,0.0008300294156338,0.2276335197478397,-0.7089522111591224,0.0003893710050035,-0.6757381010285755,1
2021-11-04,-0.2546407959527567,0.0021475334527949,-0.1800393914586651,0.5257768942908859,0.0016216442342749,0.5791971484677956,-0.2524689770257202,0.0005497138549516,-0.2309684056476234,-0.7258902075960114,0.0011203176194383,-0.6800465419598106,0.9298595407343864,0.0010545595640372,0.976578447737314,0.3364232756571759,0.0019092314382505,0.399832293388441,0.2561624431748864,0.0050667940838632,0.3254990193165581,0.1513757025575687,0.0008335715660162,0.1956761858142231,0.4787279104143999,0.00083908729222,0.5426564597992243,0.3363101818726696,0.0003992998522603,0.3695242920032167,1
2021-11-05,0.1097359438502136,0.0021495314800172,0.1843373483443051,0.1470768617443752,0.0016248761890361,0.2004971159212848,-0.6106228315292755,0.0005390480583587,-0.5891222601511789,-0.1196786197520931,0.0011167710188752,-0.0738349541158923,2.088897667598198,0.0011085635225452,2.135616574601126,-0.125232562833788,0.0019049991101716,-0.061823545102523,-0.2258583923155518,0.0050508818777104,-0.15652181617388,2.218624661119365,0.0008850437938607,2.26292514437602,-0.5781404561601091,0.0008282520794819,-0.5142119067752847,0.4328744021318569,0.0004119337527037,0.466088512262404,0
2021-11-08,-0.3603355143654859,0.0021388193369603,-0.2857341098713943,0.0077408460303836,0.0016242888141668,0.0611611002072933,-0.3054785529017367,0.0005335327367784,-0.2839779815236399,0.2653224201587684,0.0011235769769848,0.3111660857949692,0.0885634065506893,0.0011105307844303,0.135282313553617,0.0880526598624604,0.001906198501575,0.1514616775937254,-1.2608377532332078,0.0049765403041199,-1.191501177091536,1.0114433912991572,0.0009083341650074,1.0557438745558114,-0.5373631420616837,0.0008182125048907,-0.4734345926768593,0.4966279647151075,0.0004263341888645,0.5298420748456546,0
2021-11-09,0.0519628172849344,0.0021392646524949,0.1265642217790259,-0.0918127951237498,0.0016209844175952,-0.0383925409468401,-0.2046944068962613,0.0005297217048378,-0.1831938355181646,-0.4378452809626423,0.0011115003222357,-0.3920016153264415,-0.8164954738869992,0.0010890489527895,-0.7697765668840715,-0.2322983528945511,0.0018992651941269,-0.168889335163286,-3.0210413298207244,0.0048030964529425,-2.9517047536790524,-1.9725148994647697,0.000862348986509,-1.9282144162081156,0.194154149709281,0.0008219142672319,0.2580826990941053,0.446054177205005,0.0004392673912104,0.4792682873355521,1
2021-11-10,-1.0607501222200064,0.0021097188820152,-0.9861487177259148,-1.0865328945372883,0.001590562622164,-1.0331126403603783,0.8760631697280425,0.0005440077662248,0.8975637411061392,-0.0952130677916806,0.0011086361289938,-0.0493694021554798,2.020889243695981,0.0011410212008518,2.067608150698909,-0.9024394749700454,0.0018753689117646,-0.8390304572387803,0.9997850047802884,0.0048566697615093,1.06912158092196,0.6711134874632427,0.0008777234596946,0.715413970719897,-0.7316379803704761,0.0008082743940051,-0.6677094309856517,-1.0027802793147635,0.0004113341634831,-0.9695661691842165,0
2021-11-11,-0.0919932657868828,0.0021063287373075,-0.0173918612927913,-0.0976936608973151,0.0015871539388991,-0.0442734067204054,-0.631978101292734,0.0005330520767714,-0.6104775299146373,-0.048938834740707,0.0011070178185569,-0.0030951691045062,-0.5860073309262914,0.0011255104129625,-0.5392884239233637,0.2062810147828618,0.0018795962621292,0.2696900325141268,-0.1716842593887276,0.0048441847219164,-0.1023476832470559,-1.4721497143437128,0.0008434815378229,-1.4278492310870583,-0.0339688052859714,0.0008077149874003,0.0299597440988529,0.0587950097218315,0.0004133538265748,0.0920091198523786,1
2021-11-12,0.6631920939548156,0.0021232454306458,0.7377934984489071,0.962425187054153,0.0016125847374067,1.015845441231063,0.9696197284184797,0.000548855354746,0.9911202997965762,-0.2774961480237183,0.0010992979755048,-0.2316524823875175,1.3393709483647052,0.0011597084274425,1.3860898553676329,0.6428914871646996,0.0018948455630906,0.7063005048959645,-0.7658400919019069,0.0047983516835513,-0.6965035157602352,0.4309553169508786,0.0008532923875927,0.475255800207533,-0.4331472812630518,0.0007997049467982,-0.3692187318782274,-0.4082030112036703,0.0004022435311883,-0.3749889010731232,0
2021-11-15,-0.071174250728534,0.002120404757152,0.0034271537655575,-0.1307141427381479,0.0016082582976787,-0.0772938885612382,-0.7698347623561098,0.0005356257568032,-0.7483341909780131,-0.1389403266430355,0.0010952959250878,-0.0930966610068347,-0.362377199871402,0.0011499753360709,-0.3156582928684743,-0.1690417538397329,0.0018895626004889,-0.1056327361084679,-0.5464776626688217,0.004764953070039,-0.4771410865271498,0.0149769805474932,0.0008534811106972,0.0592774638041476,-0.4901216679307709,0.0007906548593098,-0.4261931185459465,0.3909234687532293,0.0004135913169813,0.4241375788837763,1
2021-11-16,0.2684713240357859,0.0021266755455191,0.3430727285298774,-0.2507569088663458,0.0016006882220242,-0.1973366546894361,-0.4523300002856948,0.0005277167937396,-0.4308294289075982,-0.418826337019711,0.001083848263769,-0.3729826713835102,1.1700121367425966,0.0011796886403512,1.2167310437455243,0.4968044985027125,0.0019010744871843,0.5602135162339775,0.93490124528129,0.0048146479877714,1.004237821422962,0.768030054503364,0.0008710154008261,0.8123305377600184,-1.950020814233811,0.0007544503635158,-1.8860922648489864,0.4637530723693941,0.0004269489334667,0.4969671824999412,0
2021-11-17,0.7739721878155614,0.0021464594925129,0.848573592309653,0.0053807614281349,0.0016000759097572,0.0588010156050446,0.2892978181842242,0.0005321553136394,0.3107983895623208,-0.3245081007149668,0.0010749414797197,-0.2786644350787659,-1.5541904712621724,0.0011393385837813,-1.507471564259245,-0.0262583906886297,0.0018993908864947,0.0371506270426353,0.7307597096572671,0.0048527837457561,0.8000962857989388,-2.86050151274334,0.000805035648269,-2.816201029486685,-0.7004308453832625,0.0007415775464912,-0.6365022959984381,-0.5706287612425691,0.0004113199207034,-0.5374146511120221,0
2021-11-18,1.3938853798395507,0.0021827590281141,1.4684867843336422,0.562034637981794,0.0016145202556936,0.6154548921587036,-0.4681881587050179,0.000524009685373,-0.4466875873269212,-0.4928340097213889,0.0010615870399666,-0.4469903440851882,-1.6814041069929626,0.0010958360605174,-1.6346851999900347,0.2835789976973296,0.0019054987807138,0.3469880154285946,0.0972646096202925,0.0048554176199266,0.1666011857619643,-0.5494918201479084,0.0007923235682987,-0.5051913368912541,0.5728749085585585,0.0007523804380938,0.6368034579433829,-0.5689091298808536,0.0003957819659462,-0.5356950197503065,0
2021-11-19,0.7989972240802197,0.0022030795755556,0.8735986285743113,-0.3629861711708455,0.0016039416484175,-0.3095659169939359,0.22857617751612,0.0005274346955562,0.2500767488942167,-0.7221793067245137,0.0010421843090936,-0.6763356410883129,-1.3555572487979894,0.0010608006694565,-1.3088383417950618,0.2316775827205991,0.0019102872953593,0.2950866004518641,0.8440666034489955,0.0048997150105712,0.9134031795906672,-0.7717250738057182,0.0007745485079804,-0.7274245905490638,-0.4624361648623505,0.0007439583877292,-0.3985076154775261,-2.307896689456919,0.0003317503750205,-2.274682579326372,0
2021-11-22,0.0760402937240938,0.0022040730599009,0.1506416982181853,-0.9496960266699478,0.0015775677443643,-0.896275772493038,-1.1123382716731067,0.0005086563096409,-1.09083770029501,1.0577011231096003,0.0010699937383508,1.1035447887458012,-2.9540071733989124,0.0009849681116317,-2.9072882663959847,-0.5866164830966496,0.0018945536480072,-0.5232074653653846,0.3595513299700855,0.0049168925236986,0.4288879061117572,-1.618375231155344,0.0007374271847498,-1.5740747478986896,1.179631581629752,0.0007659625625355,1.2435601310145763,0.6481958350573278,0.0003502878243986,0.6814099451878749,1
2021-11-23,0.0500465087490435,0.0022043718749542,0.1246479132431351,-0.2341935322285536,0.0015705376839905,-0.1807732780516439,0.4922696222783,0.0005164514828636,0.5137701936563968,1.1921499238248308,0.0011012843938236,1.2379935894610317,1.2382671488740011,0.0010164477194164,1.2849860558769288,-0.4096721195905138,0.0018832918141566,-0.3462631018592488,-1.0873395867438829,0.004853509201437,-1.018003010602211,0.8466565856804615,0.0007567990611051,0.8909570689371159,0.4631446784027455,0.0007746587667518,0.5270732277875699,1.2629730147509122,0.0003858863239716,1.2961871248814592,1
2021-11-24,0.0943606533965967,0.0022058478890947,0.1689620578906883,0.0644961443238346,0.0015715608610892,0.1179163985007443,-0.2536010210846258,0.0005119139080358,-0.232100449706529,-0.4519416286016113,0.0010890474943661,-0.4060979629654105,1.7460263912109086,0.0010607957088007,1.7927452982138363,-0.0261509468574085,0.0018816467412186,0.0372580708738565,0.0853783833090155,0.0048554671539445,0.1547149594506872,1.3916884515325945,0.0007885693447379,1.435988934789249,0.3070134047615447,0.0007804482946062,0.370941954146369,0.2396346570723818,0.0003929425766222,0.2728487672029289,0
2021-11-26,-1.7047897227386704,0.0021595578363997,-1.6301883182445789,-1.4237522378878362,0.0015326057786901,-1.3703319837109265,-0.5594127562187852,0.0005023478655883,-0.5379121848406885,-1.6055899114567211,0.0010464027443304,-1.5597462458205202,-2.543160230135652,0.0009957416038363,-2.4964413231327245,-1.3964083037117554,0.0018458039507574,-1.3329992859804904,-0.8210937461398118,0.0048071159760961,-0.75175716999814,-1.694138042149899,0.0007498525454324,-1.6498375588932448,-0.8930996223752753,0.000764092806228,-0.8291710729904509,-1.7621028913873142,0.0003444149962908,-1.7288887812567673,1
2021-11-29,1.0510419072851098,0.0021864533244061,1.1256433117792013,1.1439890224395577,0.0015626343404924,1.1974092766164672,0.264874999339856,0.0005063765825291,0.2863755707179527,-0.2696515327641258,0.0010390776274918,-0.223807867127925,-0.2385945284505998,0.000989501173196,-0.1918756214476721,1.0903866935168365,0.001872045747808,1.1537957112481012,1.1836963244383722,0.004869998802732,1.253032900580044,-0.4563280878652543,0.0007394423493718,-0.4120276046085999,-1.2245701388294443,0.0007416782109364,-1.1606415894446205,0.2399850723476281,0.0003515182870059,0.2731991824781751,0
2021-11-30,1.5503906882791934,0.0022264956162724,1.6249920927732848,-1.3230615955561984,0.0015264948205651,-1.2696413413792886,-2.003316667345909,0.0004731083282487,-1.9818160959678124,-0.8165133179508636,0.0010173817624579,-0.7706696523146627,-1.389632520333764,0.0009540312330667,-1.3429136133308364,-1.045442085944356,0.001845050099622,-0.9820330682130908,0.0988946069969811,0.0048726743130877,0.1682311831386528,-0.8130558802093767,0.0007209442796656,-0.7687553969527223,-1.1028101494595026,0.000721563737498,-1.0388816000746783,-1.431598173519652,0.0003123285761913,-1.3983840633891047,0
2021-12-01,-0.2396115935597816,0.0022191037257498,-0.1650101890656901,-0.3566454292632964,0.0015163063463218,-0.3032251750863867,1.1212229282248392,0.0004912239098884,1.1427234996029358,-0.3522468051328344,0.0010079455187846,-0.3064031394966335,-1.5177947983923965,0.0009154057884929,-1.4710758913894686,-0.1478312432197701,0.0018404412132412,-0.0844222254885051,-1.1393981154195434,0.0048069051853665,-1.0700615392778716,-1.1598917921640155,0.0006946161010311,-1.1155913089073612,-1.9025592026185076,0.000686817406399,-1.8386306532336831,-0.0743329218220029,0.0003107669154531,-0.0411188116914559,1
2021-12-02,-0.3900311100185742,0.0022077604380023,-0.3154297055244827,0.6368916181910529,0.0015326876670138,0.6903118723679625,-0.5405358516821209,0.0004820474356777,-0.5190352803040242,1.0428011859636548,0.0010351459488235,1.0886448515998557,2.3901970238181955,0.0009759129223448,2.436915930821124,-0.1612465574106258,0.0018355118188509,-0.0978375396793608,-0.3031465251007392,0.0047874695272466,-0.2338099489590674,2.515790608997774,0.0007517610163307,2.5600910922544284,-0.9661184393392864,0.0006693389268324,-0.902189889954462,1.1932420672818005,0.0003442038234522,1.2264561774123477,0
2021-12-03,-0.6779519752388865,0.0021888563541816,-0.603350570744795,-0.3965252901168786,0.0015214545029479,-0.3431050359399689,1.18665363010137,0.0005011729416533,1.2081542014794668,-0.9836205254933028,0.0010091641944391,-0.9377768598571018,0.2731222098674628,0.0009826824566324,0.3198411168703906,-1.1397810539031217,0.0018063368631208,-1.0763720361718567,-1.6497452057577917,0.0046938654155796,-1.58040862961612,-0.6391937814167532,0.0007372611227236,-0.594893298160099,1.0517289466509794,0.0006888630680048,1.1156574960358037,-0.3464178286771915,0.0003351018125392,-0.3132037185466445,1
2021-12-06,1.0319477474329952,0.0022150271520789,1.1065491519270867,0.359710599631508,0.0015303996954661,0.4131308538084176,1.8297112300711256,0.0005307603161466,1.8512118014492225,0.5657981894897336,0.0010238049252342,0.6116418551259343,1.820975434588775,0.0010285495982572,1.867694341591703,0.4754145898757784,0.0018172291772592,0.5388236076070435,-0.2138922618867272,0.0046795484078135,-0.1445556857450555,1.895589155027492,0.000780159101465,1.9398896382841468,0.738849833642205,0.0007026119430164,0.8027783830270294,0.5244792856104001,0.0003500024301617,0.5576933957409471,1
2021-12-07,1.749483020663426,0.002259995095442,1.8240844251575177,1.4083473577799863,0.0015672210394719,1.461767611956896,0.1921404497984855,0.0005335303088346,0.2136410211765822,0.7332029726298424,0.0010427814963737,0.779046638266043,0.9473903400362148,0.0010522460243995,0.9941092470391424,1.4013920455180238,0.0018509858775463,1.464801063249289,0.973417752937326,0.0047305346365064,1.042754329078998,1.3413256586745463,0.0008104157503459,1.3856261419312006,-0.3037539635516503,0.000697280867358,-0.2398254141668259,0.5182411341530418,0.0003646912019484,0.5514552442835889,1
2021-12-08,1.097815975571892,0.0022877287276467,1.1724173800659834,0.2632683787656733,0.0015735177045002,0.316688632942583,0.4756547673507369,0.0005409156172247,0.4971553387288335,-0.6381803104018865,0.0010259113344885,-0.5923366447656857,0.4002176768550406,0.0010620881233348,0.4469365838579684,-0.0552447160648637,0.0018486861266807,0.0081643016664012,0.333483278925688,0.0047462544485979,0.4028198550673598,0.4235045553216926,0.0008198777546325,0.467805038578347,-0.8125755178347764,0.0006826833365543,-0.748646968449952,0.1090426687073788,0.0003681044730175,0.1422567788379259,0
2021-12-09,-0.2274351594162342,0.0022806333763477,-0.1528337549221426,-0.2414893791245031,0.0015664038779625,-0.1880691249475934,0.7652334272998983,0.0005529963036532,0.786733998677995,-0.1263893458670545,0.0010224272962137,-0.0805456802308537,0.2947342276746933,0.0010692487673913,0.341453134677621,-0.3689423289270258,0.0018386576573403,-0.3055333111957607,-1.569927737804352,0.0046575868369007,-1.5005911616626804,0.6433531171386055,0.0008342689434284,0.6876536003952599,0.9665733272518308,0.0007005329402107,1.0305018766366552,0.0928816621840148,0.0003710653802353,0.1260957723145618,1
2021-12-10,1.366964077971044,0.0023153132186723,1.4415654824651356,0.0716202197317216,0.0015676062368764,0.1250404739086312,-0.2263299448645163,0.000548920211752,-0.2048293734864196,-0.2523299554562129,0.0010156742445064,-0.2064862898200121,0.7937044852087749,0.001088931661693,0.8404233922117026,1.4876688517255685,0.0018743734788101,1.5510778694568337,0.2551193814735322,0.0046690724705738,0.324455957615204,0.5250748591790629,0.00084595929954,0.5693753424357172,1.289433319871423,0.0007242074983853,1.3533618692562472,0.2812109408667662,0.0003791755272185,0.3144250509973131,0
2021-12-13,-1.1384947591186063,0.0022843720155414,-1.0638933546245146,-0.8008391615612325,0.001545717398426,-0.7474189073843227,1.4608807281599814,0.0005722545852043,1.482381299538078,-0.6613351286058733,0.000998306742548,-0.6154914629696725,-0.7531241276735287,0.0010697345694697,-0.706405220670601,-0.5651284203402226,0.0018595130400911,-0.5017194026089575,-1.2946059936845042,0.0045957999232275,-1.2252694175428325,-0.71213390606212,0.0008298102915963,-0.6678334228054656,1.2704265472537406,0.0007474730474374,1.3343550966385649,-1.1110907011447797,0.0003491882836459,-1.0778765910142325,0
2021-12-14,-0.4874919943335303,0.0022705174094755,-0.4128905898394387,-0.7228625187157308,0.0015259481294154,-0.6694422645388212,0.8837693990379062,0.0005861668170143,0.9052699704160028,0.3508473887499694,0.0010072635778307,0.3966910543861702,-0.7858467377068304,0.0010497688148382,-0.7391278307039028,-1.8469379978214773,0.0018132140717061,-1.7835289800902123,-0.2705736992863983,0.0045786354365058,-0.2012371231447265,-0.3394259475771949,0.0008220705375418,-0.2951254643205405,0.6430451258612364,0.0007592941925509,0.7069736752460608,-0.105077581909395,0.0003467563208777,-0.071863471778848,1
2021-12-15,1.3924877063756818,0.0023057369320473,1.4670891108697732,0.8421270648143023,0.0015475351943487,0.895547318991212,0.3922018691440853,0.0005920803096567,0.413702440522182,-0.4330088870420986,0.0009958736962228,-0.3871652214058979,0.8664898844211997,0.0010712206811771,0.9132087914241273,0.988411621512764,0.0018365760006503,1.0518206392440292,0.379602131194824,0.0045969682991864,0.4489387073364958,0.6201534042159902,0.0008358614706314,0.6644538874726446,0.3603249919519642,0.0007659614203126,0.4242535413367886,-0.2491447362257844,0.0003404016294655,-0.2159306260952374,0
2021-12-16,-2.095131202548334,0.0022500137695831,-2.020529798054242,-0.746630381526273,0.0015271900478957,-0.6932101273493634,0.8840636940825378,0.0006059334272112,0.9055642654606344,0.7638115702688986,0.0010155021552388,0.8096552359050994,0.9704073071087164,0.0010952129813345,1.017126214111644,-1.6580019466933655,0.0017950593272724,-1.5945929289621004,-1.3070304752046322,0.0045234105229271,-1.2376938990629605,0.5367035102043205,0.0008477473272743,0.5810039934609749,-1.298970067921749,0.0007425887890331,-1.2350415185369248,0.0471113027308201,0.0003421331688052,0.0803254128613671,0
2021-12-17,-0.409178225752752,0.0022382980477243,-0.3345768212586605,-1.0111363362795331,0.0014999372126261,-0.9577160821026236,-2.3112705054300045,0.0005681366193514,-2.289769934051908,-1.223901245859366,0.0009836815466916,-1.178057580223165,-0.5951997969082042,0.0010800531141536,-0.5484808899052765,-0.2487124599458791,0.0017881239257948,-0.1853034422146141,0.0807177362841822,0.0045255149927039,0.150054312425854,-0.7398339039066358,0.0008310631395685,-0.6955334206499815,-2.4363452938166392,0.0006987275076571,-2.372416744431815,-1.1078171710399858,0.0003124451301936,-1.0746030609094388,0
2021-12-20,-0.4925639411564601,0.0022244473618391,-0.4179625366623686,-0.0957751730264811,0.0014968185996978,-0.0423549188495715,-0.257973094268666,0.0005635625476747,-0.2364725228905693,-0.977179985706932,0.0009583169907331,-0.9313363200707312,-1.9332353925832173,0.0010315722045002,-1.8865164855802896,-0.7209268853632455,0.0017696725146491,-0.6575178676319805,-0.93068258206941,0.0044726877384124,-0.8613460059277384,-0.9317197093805796,0.0008101395053029,-0.8874192261239252,0.1763479266224996,0.0007021291302317,0.240276476007324,-0.7464695690909384,0.000292652263524,-0.7132554589603913,1
2021-12-21,0.9076177792615716,0.0022469606171495,0.9822191837556632,0.6165851895493949,0.0015124085508497,0.6700054437263046,-0.2882837504041213,0.0005585124023687,-0.2667831790260246,0.677228218333555,0.0009756841561338,0.7230718839697557,2.136101930897044,0.0010845470942907,2.182820837899972,1.199178488353189,0.0017981092400237,1.2625875060844542,0.9862727694989616,0.0045239666106252,1.0556093456406337,1.860498726432936,0.0008515277872297,1.9047992096895905,0.1596255915497196,0.0007052203207355,0.2235541409345439,1.0815246692059333,0.0003225023249799,1.1147387793364802,1
2021-12-22,0.7137175183033255,0.0022643899073299,0.7883189227974171,0.9896636724547364,0.0015377375876998,1.043083926631646,0.3353332717204035,0.0005635084449991,0.3568338430985002,0.1564863712733861,0.0009795939878603,0.2023300369095869,0.983669808693504,0.0011087234624332,1.0303887156964315,0.9249120258563842,0.0018197886248175,0.9883210435876492,1.77566746191175,0.0046178640621272,1.8450040380534216,0.6729997693895625,0.0008663642100189,0.7173002526462169,0.0315728712245438,0.00070599873922,0.0955014206093682,0.3653897989936698,0.0003328712851771,0.3986039091242169,1
2021-12-23,0.112896974531502,0.0022662263301024,0.1874983790255936,0.1207913750587051,0.0015402510672754,0.1742116292356148,0.1364665632788924,0.0005652960846077,0.1579671346569891,0.1391614538282497,0.0009830478209093,0.1850051194644505,0.4182373795673251,0.0011187936948137,0.4649562865702528,0.1813324991720826,0.0018233197727029,0.2447415169033476,1.3490918686943525,0.0046884379622513,1.418428444836024,-0.4124335621932603,0.0008570244616281,-0.3681330789366059,-0.2282171377507804,0.0007021059423785,-0.164288588365956,-0.0090058571899961,0.0003330830236289,0.0242082529405508,1
2021-12-27,1.107701036404963,0.0022937645575601,1.1823024408990546,0.2892945215909875,0.0015471636069835,0.3427147757678971,0.67798110371819,0.0005757676600914,0.6994816750962867,0.2504618483508595,0.0009893512400854,0.2963055139870603,-0.0868761884893242,0.0011163100114825,-0.0401572814863964,1.2055748149931098,0.0018517271231708,1.2689838327243748,0.5522139854210374,0.0047157783259971,0.6215505615627092,0.2348975002265657,0.0008620850399166,0.2791979834832201,0.6106244471755009,0.000713279745148,0.6745529965603252,0.6684728825375826,0.0003515996150504,0.7016869926681297,0
2021-12-28,-0.3713921632976094,0.0022830592173811,-0.2967907588035178,-0.4727662382801911,0.0015341591282353,-0.4193459841032815,0.310655383753302,0.0005803254478768,0.3321559551313987,0.111284399970932,0.0009920678652252,0.1571280656071328,0.0232375934811212,0.0011165601890697,0.0699565004840489,-0.2552007152340901,0.001844614294704,-0.1917916975028251,-0.1924305145177609,0.0047028752002749,-0.1230939383760891,0.0712582224847609,0.0008635030135888,0.1155587057414152,0.9992826438148906,0.0007313905754118,1.063211193199715,-0.1922626615163738,0.0003468409125296,-0.1590485513858268,0
2021-12-29,-0.048757359234219,0.0022806973507964,0.0258440452598724,-0.0645061256603399,0.0015318353480264,-0.0110858714834302,0.5623191679193624,0.0005888984221793,0.5838197392974591,-0.0719449578169058,0.0009900834869784,-0.026101292180705,0.0290813091820884,0.0011169542464451,0.0758002161850162,0.0488675570580085,0.0018448885584589,0.1122765747892735,-0.1209029639854863,0.0046938598349215,-0.0515663878438146,-0.0113479233570073,0.0008630876310308,0.032952559899647,-0.1002585826035237,0.00072977020853,-0.0363300332186993,-0.4640040734305549,0.0003347718793944,-0.4307899633000079,0
2021-12-30,-0.4131187525662536,0.0022689637061593,-0.3385173480721621,-0.2110373110033727,0.0015257016890856,-0.157617056826463,0.3456297305836773,0.0005939856839766,0.3671303019617739,-0.0719693482909729,0.0009881037413781,-0.0261256826547721,-0.0912514506174583,0.0011143747903284,-0.0445325436145306,-0.4843613029781171,0.0018322579329435,-0.420952285246852,-0.4285607512208731,0.0046683152942347,-0.3592241750792014,-0.1266344060553663,0.000860123318206,-0.0823339227987119,0.1748776250384758,0.000733072891353,0.2388061744233002,-0.322956631867813,0.0003265307633011,-0.289742521737266,0
2021-12-31,-0.2565306063564783,0.002261286080974,-0.1819292018623867,-0.5225254137365086,0.0015114830662977,-0.4691051595595989,-0.6179100765622808,0.0005836811318332,-0.5964095051841841,-0.088305998051053,0.0009857118433948,-0.0424623324148522,-0.2947659027404427,0.0011067815773766,-0.2480469957375149,-0.5472983599139689,0.0018181396567873,-0.4838893421827038,-0.3812109040056773,0.0046453825480467,-0.3118743278640055,-0.3631354235960708,0.0008519425827553,-0.3188349403394164,0.7226377835075408,0.0007461464854671,0.7865663328923652,0.2906317816644958,0.0003348028340655,0.3238458917950428,1
2022-01-03,1.2121148294487212,0.0022913292749483,1.2867162339428126,-0.0044504290218443,0.0015107583171871,0.0489698251550653,0.2062058559180425,0.0005865395419619,0.2277064272961392,1.0494339506904302,0.0010123563133837,1.095277616326631,1.6887600796783602,0.0011480761950495,1.735478986681288,-0.3189082035042705,0.0018095711309193,-0.2554991857730055,3.261812699251339,0.0048179998553673,3.331149275393011,1.259913684162248,0.0008795889604795,1.3042141674189025,-0.084407442613582,0.0007447956781316,-0.0204788932287576,1.856886410685952,0.0003850935877502,1.8901005208164987,0
2022-01-04,-0.7277144195555145,0.0022715629394448,-0.653113015061423,-0.2610718212937779,0.0015033788747469,-0.2076515671168682,-0.2437476243300588,0.0005822279792629,-0.2222470529519621,1.9168417401588,0.0010610336606347,1.9626854057950007,0.5950614764225497,0.0011623521499718,0.6417803834254774,-1.0018896856531538,0.0017845624452393,-0.9384806679218888,-1.099150147082968,0.0047564554006292,-1.029813570941296,0.2342516277619873,0.0008845654833904,0.2785521110186416,-1.4212287462649658,0.0007196439518572,-1.3573001968801417,1.8179608006586416,0.000434208206915,1.8511749107891888,0
2022-01-05,-1.44344083657734,0.0022335242073571,-1.3688394320832489,-2.3866569343777484,0.0014409551130702,-2.333236680200838,0.5307709608274647,0.0005902404437629,0.5522715322055614,-0.992352808872623,0.0010355486711137,-0.946509143236422,-0.2595563622579652,0.001155590903721,-0.2128374552550375,-2.1644367712278703,0.001731634233236,-2.101027753496605,-1.3856605443241818,0.0046797391040845,-1.31632396818251,-0.7064810501004877,0.000868830414961,-0.6621805668438333,0.937825050164813,0.0007365103085006,1.0017535995496374,0.5788956203747455,0.0004500227438099,0.6121097305052926,0
2022-01-06,-0.933640902297934,0.0022086206245582,-0.8590394978038426,-0.063575233397569,0.0014387963986015,-0.0101549792206593,-0.3054411805805023,0.000584955894199,-0.2839406092024056,0.5041920249287136,0.0010481651652667,0.5500356905649144,-0.5363581996618838,0.0011420548527844,-0.4896392926589561,-0.4958854806342141,0.0017189586719388,-0.4324764629029491,-0.5991867684513843,0.0046452613239069,-0.5298501923097125,-0.11234208608885,0.0008661921010073,-0.0680416028321956,-0.2698380704875046,0.0007318842793227,-0.2059095211026802,1.124364460896618,0.0004803790413947,1.157578571027165,0
2022-01-07,-0.0237532212551068,0.0022070167895867,0.0508481832389846,-0.323129436029042,0.0014299372179997,-0.2697091818521323,1.0988095348186202,0.0006019501987153,1.120310106196717,0.4671346406168941,0.0010598079325784,0.5129783062530949,-0.0974385389637089,0.0011393111213595,-0.0507196319607811,-0.0355065811757261,0.0017173697727373,0.0279024365555389,-0.9419400410356346,0.0045925782374738,-0.8726034648939629,-0.8045603931139291,0.0008483702099393,-0.7602599098572748,0.6432852004567634,0.0007434660942357,0.7072137498415878,0.3701745297067164,0.0004905184162311,0.4033886398372635,0
2022-01-10,-0.0686161146879274,0.0022042730779767,0.0059852898061641,0.5599691722329264,0.0014438880931458,0.6133894264098361,-0.4312503237263881,0.0005946720149353,-0.4097497523482915,0.0036993365884395,0.001059672930221,0.0495430022246403,-0.8793348157461234,0.001117437555302,-0.8326159087431957,-0.0233297103749258,0.0017160770176621,0.0400793073563391,0.6776043996410862,0.0046263700684138,0.746940975782758,-1.421537298648794,0.0008170735014194,-1.3772368153921395,-0.2070891178399869,0.0007399545699542,-0.1431605684551626,-0.3261532831355518,0.0004820633744184,-0.2929391730050048,1
2022-01-11,0.7890925529038938,0.0022233810372954,0.8636939573979854,0.3377373897219948,0.0014520756157669,0.3911576438989044,-0.9024947548326,0.0005799607222873,-0.8809941834545032,0.006760649541854,0.0010596157785459,0.0526043151780548,0.3039537860701417,0.0011245445451277,0.3506726930730695,0.0602333617351784,0.0017167886784184,0.1236423794664434,0.0767684899555211,0.0046280852120432,0.1461050660971928,0.6365184500552119,0.0008309038249731,0.6808189333118662,-0.2739967067306729,0.0007352686488623,-0.2100681573458485,2.0368681772174897,0.0005365586363277,2.0700822873480367,1
2022-01-12,0.0576664274709444,0.0022238350953011,0.1322678319650359,0.563313019362332,0.00146604704955,0.6167332735392417,-0.7281114405938549,0.0005680420021675,-0.7066108692157583,0.2477971432261121,0.0010656526028672,0.293640808862313,0.1025705881773439,0.0011267169472368,0.1492894951802716,0.5082696697662387,0.0017282132495118,0.5716786874975037,0.8978761476132906,0.0046734538818335,0.9672127237549624,0.3272102670276255,0.0008379369267944,0.3715107502842799,-0.4543932487994673,0.0007274079403545,-0.3904646994146429,-0.1780574751779075,0.0005320041504542,-0.1448433650473605,0
2022-01-13,-1.0537897492979214,0.0021960549460054,-0.9791883448038298,-1.075958002327685,0.0014378493333443,-1.022537748150775,-0.5242636071563457,0.0005593696325053,-0.502763035778249,-0.1103872195428616,0.0010626299514351,-0.0645435539066608,0.2759106949469926,0.0011331095592513,0.3226296019499203,-2.37978826734932,0.0016706304281795,-2.316379249618055,-1.7307934860030116,0.0045791211665443,-1.66145690986134,-0.2414209376622555,0.0008325384569119,-0.1971204544056012,0.984569666911112,0.0007449566174898,1.0484982162959364,-0.3860342634138515,0.0005219375521824,-0.3528201532833044,1
2022-01-14,0.1883895386370879,0.0021998597634069,0.2629909431311795,0.274482304816667,0.0014443890106209,0.3279025589935767,-0.4733084016013306,0.0005515225479936,-0.4518078302232339,-3.2279584328285544,0.0009810033003121,-3.182114767192353,0.3334560010102935,0.0011408865561842,0.3801749080132212,0.9062423973669812,0.0016915780835083,0.969651415098246,0.3614133062347412,0.0045959862284354,0.430749882376413,-0.1361956872446409,0.0008294481442746,-0.0918952039879865,-0.2727363486090223,0.0007403047270103,-0.2088077992241979,0.8308155521175193,0.0005441754878294,0.8640296622480664,0
2022-01-18,-1.0468984040282705,0.0021723579074683,-0.9722969995341788,-1.323257848097344,0.0014099535203636,-1.2698375939204345,-0.3868877544266992,0.000545055440801,-0.3653871830486026,-2.216558205920727,0.0009250594589149,-2.1707145402845263,-0.8881519230880127,0.0011189391344725,-0.841433016085085,-1.3955296333110854,0.0016576396223052,-1.3321206155798204,-0.517305925293665,0.0045662688523454,-0.4479693491519932,0.2458114353025021,0.0008346833370401,0.2901119185591565,-1.3612067459505648,0.0007165102442817,-1.2972781965657405,0.7953768977253282,0.0005654166138687,0.8285910078558753,0
2022-01-19,-1.1565417450382152,0.0021421534089585,-1.0819403405441237,-0.3830919445169966,0.0013996775041828,-0.3296716903400869,-0.2794021745079474,0.0005402938692507,-0.2579016031298506,-0.846713120223035,0.0009037130215438,-0.8008694545868342,-0.8620747143724035,0.0010976821250656,-0.8153558073694758,0.0595779838240924,0.0016584071485032,0.1229870015553574,-0.9020925292090504,0.0045162764489979,-0.8327559530673787,-0.3302432767763397,0.0008273787792962,-0.2859427935196853,0.6742484030786888,0.0007285506898938,0.7381769524635132,-0.0130167553936014,0.0005652147556815,0.0201973547369455,0
2022-01-20,-0.6070773172066494,0.0021259122671165,-0.5324759127125578,-0.7343330381686229,0.0013804475557131,-0.6809127839917133,-0.6832227965172041,0.0005292085499448,-0.6617222251391074,-0.4873291252542255,0.0008914488850691,-0.4414854596180247,0.4393420504465659,0.0011080428395982,0.4860609574494935,-0.3755633163696119,0.0016488339507233,-0.3121542986383468,-0.0540072056308855,0.0045112132857129,0.0153293705107861,-0.1363502697119287,0.0008243038751157,-0.0920497864552743,-1.4639423269567873,0.0007030301544392,-1.4000137775719632,0.0744899250891821,0.0005673255758864,0.1077040352197291,0
2022-01-21,-0.7314893493765801,0.0021065735382228,-0.6568879448824885,-1.1811922972015405,0.0013498569360069,-1.1277720430246307,-0.2120770574068953,0.0005255349166887,-0.1905764860287986,-0.9504511812495718,0.0008675992989684,-0.9046075156133708,-1.3606890205525566,0.001074778320921,-1.313970113549629,-1.0742093185025146,0.0016227077155694,-1.0108003007712496,-1.3633781606100963,0.0044370869475171,-1.2940415844684243,-2.396496226927729,0.0007722184914636,-2.3521957436710745,-0.6042872395441304,0.0006926450338597,-0.540358690159306,-0.7720680428362608,0.0005470917064871,-0.7388539327057139,0
2022-01-24,-0.3249286533615704,0.0020975319913388,-0.2503272488674788,0.1231356989740711,0.0013526086844728,0.1765559531509808,-0.9766227913253684,0.0005099058564728,-0.9551222199472718,-0.0922259408607508,0.0008653120289804,-0.04638227522455,-0.9013985537558896,0.001052710078604,-0.854679646752962,-0.0005374373688132,0.001622092956938,0.0628715803624517,-0.4318560773165045,0.0044122319321868,-0.3625195011748327,-1.2306876306705867,0.0007455196987691,-1.1863871474139325,-0.0586316930068606,0.0006918393911795,0.0052968563779637,0.3895805956831589,0.0005575244729408,0.422794705813706,0
2022-01-25,-0.6604568993604826,0.0020800681182492,-0.585855494866391,-1.557773881414507,0.0013125422198465,-1.5043536272375977,2.3483274688439404,0.0005462845539214,2.3698280402220373,0.5184867255852954,0.0008783105757503,0.5643303912214962,-1.6825109282986632,0.0010118287985467,-1.6357920212957353,-1.5186488644883218,0.0015855504306032,-1.4552398467570566,-0.3763928791373671,0.0043903597083854,-0.3070563029956953,0.0002019428811954,0.0007455166761211,0.0445024261378497,-1.6756953311843938,0.0006627633225576,-1.6117667817995696,1.4136883902109425,0.0005948846411244,1.4469025003414897,1
2022-01-26,-0.1035810346374279,0.0020766486979788,-0.0289796301433364,0.8673309085180729,0.0013342645082704,0.9207511626949828,0.3493097672882937,0.0005513659248352,0.3708103386663904,0.4452765839901304,0.0008894461597001,0.4911202496263311,0.8871334964412091,0.0010330507717403,0.9338524034441368,1.4960835059777997,0.0016203602510366,1.5594925237090644,0.4402209438720584,0.0044114576293095,0.5095575200137302,1.1029111454483764,0.0007693366070713,1.147211628705031,-0.8201992798048077,0.0006487005058988,-0.7562707304199833,-0.5324017371344819,0.0005809934832147,-0.4991876270039348,0
2022-01-27,-0.2260694541702761,0.0020701628628975,-0.1514680496761845,-0.143143820706905,0.0013302613877322,-0.0897235665299954,1.0662620016063336,0.000567610806406,1.0877625729844302,-0.9593565785426752,0.000865500179511,-0.9135129129064742,0.8664796924481316,0.0010537202399374,0.9131985994510592,0.5139362515185805,0.0016318955676428,0.5773452692498455,-2.9136778915883506,0.0042564793176182,-2.8443413154466786,0.0371424689565576,0.0007700998536113,0.081442952213212,-0.0148099394646062,0.0006487189553369,0.0491186099202181,0.597162861407353,0.0005967914416422,0.6303769715379001,1
2022-01-28,3.516191550521953,0.0021575274569775,3.5907929550160453,1.6599540970698905,0.0013720139298309,1.7133743512468,0.5615064870868497,0.0005759552341321,0.5830070584649464,0.4173362585248223,0.0008759272015037,0.463179924161023,4.845122287576839,0.001170080843439,4.891841194579767,1.4735580765220515,0.0016660247072047,1.536967094253317,0.4428461513571214,0.0042778331414237,0.5121827274987931,6.302501970063362,0.0009058687408158,6.346802453320017,0.8523402965974056,0.0006638398016111,0.91626884598223,0.0716051436637294,0.0005987695426135,0.1048192537942764,1
2022-01-31,1.2698350950700283,0.0021884141834261,1.3444364995641198,0.6912446663126051,0.0013891139784477,0.7446649204895147,0.2197284210366976,0.0005789638747915,0.2412289924147943,0.6568934887791797,0.0008922901216293,0.7027371544153805,0.4957632661086151,0.001181610805375,0.5424821731115428,0.4195240762245126,0.0016752484990728,0.4829330939557776,2.559217148588054,0.0044099185546942,2.6285537247297257,-0.5249307591885337,0.0008943579832291,-0.4806302759318794,1.169791541879153,0.0006844433398791,1.233720091263977,0.4113515295742954,0.0006096385479482,0.4445656397048424,1
2022-02-01,-0.1246408238410356,0.0021843462295373,-0.0500394193469441,0.8263591791050664,0.0014095890985236,0.8797794332819762,-0.6997741979465635,0.0005676858964532,-0.6782736265684668,0.8425764010067778,0.000913226772145,0.8884200666429787,0.7415308651509929,0.0011990101667526,0.7882497721539204,-0.4541119747219971,0.0016639051326814,-0.3907029569907321,-0.2130907262176858,0.0043967275055409,-0.1437541500760141,1.594560524978946,0.0009284306504475,1.6388610082356003,0.5189879749646797,0.0006936885076966,0.5829165243495041,3.122098873904652,0.0006913670987752,3.1553129840351986,1
2022-02-02,0.2878923633812894,0.0021905927301661,0.3624937678753809,3.773116120255192,0.001504483733451,3.826536374432101,0.8951752153605572,0.0005811729032999,0.9166757867386538,-0.4602910367488809,0.0009017635499096,-0.4144473711126802,0.5946861177613457,0.0012128446646877,0.6414050247642734,0.7696922883666606,0.00168133150483,0.8331013060979257,-0.7458037075320354,0.0043557558871547,-0.6764671313903636,0.744274751049073,0.0009441641974043,0.7885752343057274,-0.0954772887869708,0.0006922495374399,-0.0315487394021464,-0.1610778864951485,0.0006871390424146,-0.1278637763646015,0
2022-02-03,-0.9350113031239518,0.0021663174777574,-0.8604098986298602,-1.7407213897310183,0.0014599647194197,-1.6873011355541088,-0.0263265736802874,0.0005803521032045,-0.0048260023021907,-0.4740130676777238,0.0008899895212598,-0.428169402041523,-0.9494861823494471,0.0011896745505917,-0.9027672753465196,-2.195316384082536,0.0016291704208245,-2.13190736635127,-0.4640154326673681,0.0043295835496553,-0.3946788565256964,-1.0312056247738348,0.0009217952825667,-0.9869051415171805,0.0097016794141065,0.0006926366714248,0.0736302287989309,-0.6070475823646473,0.0006712894320741,-0.5738334722341003,1
2022-02-04,-0.1610286485248664,0.0021613869569719,-0.0864272440307749,0.0187449014706096,0.0014599120930292,0.0721651556475193,-0.5635754020688337,0.0005712226062782,-0.542074830690737,1.2980857056431878,0.0009221284446426,1.3439293712793885,-1.1285364127783724,0.0011622826937161,-1.0818175057754449,0.7886885885432864,0.001647041618643,0.8520976062745514,0.8196262119909843,0.0043703290959817,0.8889627881326561,-0.8589461348471958,0.0009031718224207,-0.8146456515905415,-0.9362203932365204,0.0006766540686404,-0.8722918438516961,1.03532620821684,0.0006982642442963,1.068540318347387,0
2022-02-07,-0.2925150507442609,0.0021531974921953,-0.2179136462501693,-1.5058027702042052,0.001421478348314,-1.4523825160272954,-0.2967346976378769,0.0005662390112468,-0.2752341262597803,0.1272201114591349,0.0009252278607631,0.1730637770953357,-0.8982849366854425,0.0011404593262151,-0.8515660296825148,-0.956103904920966,0.0016240486600565,-0.8926948871897009,-0.4953950614772787,0.0043425729941669,-0.426058485335607,-0.3667818510914497,0.0008951198640448,-0.3224813678347953,-0.7924164051675244,0.0006631976696914,-0.7284878557827,0.5592325507809618,0.0007127836349054,0.5924466609115088,1
2022-02-08,0.8757099050496554,0.0021740589135992,0.9503113095437468,0.0189218281244187,0.0014214795203476,0.0723420823013284,0.1965126609592462,0.0005688787821479,0.2180132323373429,0.928243465104224,0.0009481044868717,0.9740871307404247,-0.2976143045780562,0.0011330172847505,-0.2508953975751286,0.5931116981445764,0.0016373111459351,0.6565207158758415,0.3284119633434695,0.0043576812007261,0.3977485394851413,0.1613116445194721,0.0008983661336019,0.2056121277761265,-0.0478071237897891,0.000662627851158,0.0161214255950352,-1.305546407857745,0.0006788127007182,-1.272332297727198,1
2022-02-09,0.3521884298310365,0.0021818743563267,0.426789834325128,0.7466828336787911,0.0014397556392551,0.8001030878557007,-0.0311564311282351,0.0005680034487632,-0.0096558597501384,0.1699598574802672,0.0009522171272277,0.215803523116468,0.955855332982062,0.0011554503166231,1.0025742399849895,1.1316255190097793,0.0016631057896696,1.1950345367410444,0.1976621327631064,0.0043659675854342,0.2669987089047781,0.7254173718333732,0.000913635415389,0.7697178550900275,-0.2249972470824852,0.000659005042807,-0.1610686976976608,-0.2688149127418185,0.000671831884259,-0.2356008026112716,0
2022-02-10,-1.2889960268051774,0.0021489910963457,-1.214394622311086,-1.120957419217602,0.0014111462731291,-1.0675371650406922,-1.0219038466111598,0.0005518824876019,-1.0004032752330632,-0.2607513884862718,0.0009457079226425,-0.214907722850071,-1.0280786557985793,0.0011306315924133,-0.9813597487956516,-1.6162967247404674,0.0016247946027029,-1.5528877070092022,-0.7943881647215553,0.004322831439257,-0.7250515885798836,-1.3185838174241122,0.0008853266859075,-1.2742833341674578,-0.9302392935781908,0.000643249853502,-0.8663107441933663,-0.5066658118157744,0.0006587044802929,-0.4734517016852274,0
2022-02-11,-1.1150513916481044,0.0021204975537708,-1.040449987154013,-1.6448224355632963,0.0013694884351731,-1.5914021813863866,-0.8579823441266583,0.0005383221798195,-0.8364817727485616,-0.7197439827304732,0.0009279215913892,-0.6739003170942724,-0.7083874910354168,0.0011134713402076,-0.6616685840324891,-1.391967923681939,0.0015918023222665,-1.3285589059506735,-1.2817704520337658,0.0042545844823965,-1.212433875892094,-0.2831833740771682,0.0008791169433977,-0.2388828908205139,-0.4722488807079232,0.0006354096374521,-0.4083203313230988,1.2059635069531034,0.0006899402934453,1.2391776170836504,0
2022-02-14,-0.0013678139142019,0.0021196102851146,0.0732335905798895,0.4175437815414263,0.001379527414882,0.470964035718336,-1.0642181191863385,0.0005216304307363,-1.0427175478082418,-0.526838278812872,0.0009149210071328,-0.4809946131766712,0.589864584699323,0.0011271594525279,0.6365834917022507,-0.0708197764489463,0.0015896048610068,-0.0074107587176812,0.3817942209204383,0.0042724866196608,0.4511307970621101,0.1289294403868705,0.0008816790375906,0.1732299236435249,-0.8194222885754053,0.0006216275558714,-0.7554937391905809,-0.7879198549846046,0.0006695525240888,-0.7547057448540575,1
2022-02-15,1.116840727148084,0.0021463357860232,1.1914421316421755,0.3528125320200919,0.0013879236650701,0.4062327861970016,0.8342940891656606,0.0005340883180342,0.8557946605437573,0.711265560633117,0.0009323401216179,0.7571092262693178,1.010882581682873,0.0011507899276361,1.0576014886858007,0.9514381576872286,0.0016111457794857,1.0148471754184936,1.2425451913477483,0.0043347715976317,1.31188176748942,0.6147144998535466,0.0008945428336193,0.659014983110201,0.1683807481509391,0.000624821934947,0.2323092975357635,-0.6501123216395607,0.0006527745174111,-0.6168982115090137,1
2022-02-16,-0.1460714581309866,0.002141849529143,-0.0714700536368951,0.3670966598462496,0.0013966550205625,0.4205169140231592,-0.0710261992855267,0.0005326521977662,-0.04952562790743,0.0478476181396905,0.0009334534867197,0.0936912837758913,0.1486134169264548,0.0011539525823014,0.1953323239293825,-0.127296264562359,0.0016076198507201,-0.063887246831094,-0.0437159039741647,0.0043305913712907,0.025620672167507,0.218548449580918,0.0008989781241468,0.2628489328375724,-0.5270948384394007,0.0006160955045484,-0.4631662890545763,0.1939585642895843,0.0006578038843548,0.2271726744201313,0
2022-02-17,-1.1691328578760134,0.0021121775113836,-1.094531453381922,-1.9731358392270448,0.0013470450944211,-1.9197155850501348,-0.5270431238868898,0.0005242459740191,-0.5055425525087931,-1.2382881930714824,0.0009030785392028,-1.1924445274352815,-1.3391166083627064,0.0011219408432712,-1.2923977013597787,-1.666061849919752,0.0015684693501377,-1.602652832188487,-1.3234150062975245,0.0042605365038915,-1.2540784301558527,-1.1460461796166388,0.0008745192841599,-1.1017456963599843,2.904447065224735,0.0006660950878242,2.9683756146095592,-0.108568255992734,0.0006550295842075,-0.075354145862187,0
2022-02-18,-0.5560516584987186,0.0020976611681007,-0.4814502540046271,-0.8730728791849488,0.00132493989185,-0.819652625008039,-0.9098693974589966,0.0005100139836097,-0.8883688260809,0.1969112783213046,0.000907870687479,0.2427549439575054,-0.5847829026414264,0.0011078182194441,-0.5380639956384987,-0.5905338448567632,0.001554292659978,-0.5271248271254981,-0.6134565451870224,0.0042271648940173,-0.5441199690453506,-0.5561646662788031,0.0008625919402868,-0.5118641830221488,-0.5386977902952195,0.0006571402630059,-0.4747692409103951,-0.580556590575332,0.0006401226636718,-0.547342480444785,0
2022-02-22,-0.991235305337849,0.0020724904255753,-0.9166339008437576,-0.2833356510243033,0.0013175498136464,-0.2299153968473937,-1.147797216065751,0.0004921886119614,-1.1262966446876543,-0.137716544515677,0.0009044795123339,-0.0918728788794762,-0.2873186678849884,0.001100744868043,-0.2405997608820607,-0.1033186779749962,0.0015514058288311,-0.0399096602437312,-1.0876672326336114,0.0041695246827297,-1.0183306564919397,-0.4126854748548,0.0008537239432086,-0.3683849915981457,-0.8907647620504576,0.0006422004468338,-0.8268362126656332,-0.6057736777264169,0.0006246056653895,-0.5725595675958699,0
2022-02-23,-1.4055772593997886,0.0020372170101941,-1.3309758549056971,-0.9253474580028498,0.0012942399133581,-0.87192720382594,0.0196387618268422,0.0004921939113422,0.0411393332049389,-1.1299207326609542,0.0008768990658975,-1.0840770670247533,-1.0745810536247076,0.0010751508688317,-1.02786214662178,-1.4805833067302965,0.0015167534979154,-1.4171742889990315,-1.7920441846308264,0.004075902585914,-1.7227076084891546,-1.4972147075231936,0.000822010242403,-1.4529142242665394,-0.8240920870282152,0.000628434616379,-0.7601635376433908,0.1663217180605828,0.0006289361674643,0.1995358281911299,1
2022-02-24,0.7837694004466464,0.0020556823158722,0.858370804940738,1.9807417648699988,0.0013430439363843,2.0341620190469083,-1.6048138702714982,0.0004674821894144,-1.5833132988934016,-1.487348449848044,0.0008406822391318,-1.4415047842118434,1.1630235177430577,0.00110224624314,1.2097424247459854,2.7330219152378983,0.0015792716976837,2.7964309329691632,1.114108434771093,0.0041313849975366,1.1834450109127648,0.3300390799287307,0.0008288569312758,0.3743395631853851,-0.3492107358328458,0.0006227863917155,-0.2852821864480214,-0.6550657926941489,0.0006122094028384,-0.6218516825636018,1
2022-02-25,0.5926180084398132,0.0020694228598016,0.6672194129339046,0.6244386097886313,0.0013581384736035,0.677858863965541,4.097773553331368,0.0005294916754569,4.119274124709465,1.1790758125952212,0.0008694214835809,1.224919478231422,-0.0888172778137273,0.0010998691853718,-0.0420983708107996,0.441936628142052,0.0015889113903883,0.5053456458733171,0.2104166925695278,0.0041404941238934,0.2797532687111996,0.4985630517120047,0.000839230875388,0.5428635349686591,0.9549112154441832,0.0006393217109107,1.0188397648290075,1.2913021685926789,0.000645333587285,1.324516278723226,0
2022-02-28,0.0096683462235315,0.0020688796404345,0.0842697507176231,0.1725925341197668,0.0013620199077447,0.2260127882966765,-0.735440920608879,0.0005179899517233,-0.7139403492307823,-2.204635713266279,0.0008158780138334,-2.158792047630078,-1.24813021991818,0.0010703015425421,-1.2014113129152524,0.2090477451800971,0.0015931744790813,0.2724567629113621,1.7714926727634164,0.0042293456640314,1.840829248905088,-0.9045257238830468,0.0008201052033912,-0.8602252406263925,-0.7266989177434747,0.0006272649928629,-0.6627703683586503,0.3335130729409861,0.0006538948281871,0.3667271830715332,0
2022-03-01,-0.6729741968326713,0.0020516727323947,-0.5983727923385799,-0.4283102849428315,0.0013510486353084,-0.3748900307659218,-0.3085860362561995,0.0005129874983408,-0.2870854648781029,-1.9991811254884728,0.0007674545144545,-1.953337459852272,-2.47491207722523,0.0010120650127212,-2.428193170222302,-0.7668143981551343,0.0015750273453912,-0.7034053804238694,-0.2407266667251423,0.0042152860044716,-0.1713900905834705,-2.025360752273121,0.0007775127157145,-1.9810602690164667,0.3910434317763004,0.0006341917984319,0.4549719811611248,0.4374713064759988,0.0006650882326122,0.4706854166065458,1
2022-03-02,0.9848690990011724,0.0020749304254501,1.0594705034952638,0.1400566650808176,0.0013541265619576,0.1934769192577272,1.009436566328637,0.000527951441998,1.0309371377067338,1.0279207878960954,0.0007925142242477,1.0737644535322963,-0.1074035515203428,0.0010093751281908,-0.0606846445174151,0.9089251308217584,0.0015953416783649,0.9723341485530234,0.3726767301303522,0.004232525667094,0.4420133062720239,-0.1847181659563213,0.0007735949309681,-0.1404176826996669,0.028694640134805,0.0006349646884548,0.0926231895196294,0.8122097948169559,0.0006858072515909,0.8454239049475029,0
2022-03-03,-0.1765430611182577,0.0020698478422118,-0.1019416566241661,-0.3073864967372043,0.0013461721410652,-0.2539662425602947,1.1963963681653027,0.0005457047620812,1.2178969395433992,-0.4138399867873256,0.0007826138983238,-0.3679963211511249,-0.5298049575744098,0.0009968200348287,-0.4830860505714822,-0.8419207781039494,0.0015755176722595,-0.7785117603726843,-1.2052366970433033,0.0041693995641424,-1.1359001209016315,-0.4033310408848896,0.0007651120104962,-0.3590305576282352,1.6391717797699634,0.0006629755895167,1.7031003291547877,0.2784617312073391,0.0006928838506768,0.3116758413378862,0
2022-03-04,-1.0219053393980853,0.0020442180094625,-0.9473039349039938,-0.8104361771589949,0.0013258584113559,-0.7570159229820851,0.4704096938037294,0.0005524502775828,0.4919102651818261,-1.502159395246106,0.0007464289974868,-1.4563157296099052,-1.6553254041330274,0.0009580247329621,-1.6086064971300995,-1.1842355499563113,0.0015479154471589,-1.120826532225046,-0.0986687295600135,0.0041626900282341,-0.0293321534183418,-2.049654875176204,0.0007222405004815,-2.0053543919195493,1.813648726454649,0.0006938638218101,1.877577275839473,1.8190340243491865,0.0007391202685344,1.8522481344797332,0
2022-03-07,-1.295122279657697,0.0020120156753736,-1.2205208751636056,-2.184850665988069,0.00127181567854,-2.13143041181116,1.31351328580937,0.0005718950014903,1.3350138571874666,-2.0450887315679984,0.0006972260299975,-1.9992450659317975,-2.938730306346871,0.000889406927893,-2.892011399343943,-2.13097015741709,0.0014987599518358,-2.067561139685825,-1.059272570947208,0.0041072206593963,-0.9899359948055364,-2.9114236953065813,0.0006614868492536,-2.8671232120499264,-0.6604873676029412,0.0006829313968671,-0.5965588182181168,1.740150794161893,0.0007832375624667,1.77336490429244,0
2022-03-08,-0.675438701317454,0.0019949273781572,-0.6008372968233624,0.2387491376450305,0.0012773997466011,0.2921693918219402,-1.7010720748758552,0.0005458805887196,-1.6795715034977583,-0.4104760279115714,0.0006875628637786,-0.3646323622753706,0.1948752291966909,0.0008939217106417,0.2415941361996186,-0.6638940377829274,0.001483191609214,-0.6004850200516625,0.5370878191839916,0.00413284702824,0.6064243953256634,0.2728508586949468,0.0006672732536267,0.3171513419516012,-1.5961811603414795,0.0006562590231707,-1.5322526109566554,0.3396150566801851,0.0007917172985354,0.3728291668107322,1
2022-03-09,1.7263636426223126,0.0020360771848014,1.8009650471164045,2.4736500935442782,0.0013377613763695,2.527070347721188,0.2928364583494476,0.0005499290909114,0.3143370297275443,2.028288037313044,0.00073665867082,2.074131702949245,2.3072939013235474,0.0009475483757693,2.3540128083264755,2.4464648866970187,0.0015385217849802,2.509873904428284,0.962960360544941,0.0041799801057346,1.0322969366866128,2.4701180061387924,0.0007187985310023,2.514418489395447,0.3205453292554182,0.0006619113826329,0.3844738786402426,-2.8309163453784203,0.0007198492731913,-2.7977022352478733,0
2022-03-10,-1.4736055731197344,0.0019996860451854,-1.3990041686256427,-0.4309853071556946,0.0013268504538362,-0.377565052978785,0.1253116312974636,0.0005514502636266,0.1468122026755603,-0.6588609497918194,0.0007209958452086,-0.6130172841556187,-0.6251617651387771,0.0009329337443524,-0.5784428581358495,-0.6154624964188117,0.0015240446867081,-0.5520534786875467,-0.6617244373372784,0.0041448073343325,-0.5923878611956066,-0.580875935910518,0.0007067442885109,-0.5365754526538637,1.6201058443326102,0.0006893938348609,1.6840343937174345,1.494550945874191,0.000757611127743,1.5277650560047382,0
2022-03-11,-1.304949913879951,0.0019674617792384,-1.2303485093858595,-1.0362143839668796,0.0013011656097947,-0.98279412978997,-0.1729110307705226,0.0005484921001369,-0.1514104593924259,-1.2119525443553871,0.0006920845318276,-1.1661088787191862,-0.0136963979891695,0.00093253938914,0.0330225090137581,-1.1212799846172448,0.0014981088141128,-1.0578709668859798,-1.330600512080292,0.0040759274919999,-1.2612639359386202,-0.4254099639060406,0.00069794921914,-0.3811094806493862,-0.3548116769414464,0.0006836530384682,-0.290883127556622,-0.286910271532693,0.0007502573257036,-0.253696161402146,0
2022-03-14,-1.441530000643801,0.0019320205812669,-1.3669285961497095,-1.5883549092651232,0.0012620585863918,-1.5349346550882137,1.123654620556208,0.000564975217461,1.1451551919343048,0.4682960638529089,0.0007035611277945,0.5141397294891097,0.5806279709360032,0.0009459151962554,0.6273468779389308,-0.7727823153669611,0.0014801472081831,-0.709373297635696,-0.96631708179662,0.0040256011195022,-0.8969805056549484,1.0576503969198834,0.0007199424166012,1.1019508801765376,0.9686226050372472,0.0007001166991079,1.0325511544220716,-1.7950393571531431,0.0007048551657734,-1.761825247022596,1
2022-03-15,1.4526040940707747,0.0019664439644024,1.5272054985648662,1.257732857757233,0.0012924778443559,1.3111531119341429,2.1265861657619856,0.0005964314984106,2.148086737140082,0.8729168770632928,0.0007247057192714,0.9187605426994936,0.9992558699597076,0.0009689444632054,1.045974776962635,2.05703978569854,0.0015263787788152,2.120448803429805,1.0716409161610188,0.004078110740379,1.1409774923026903,1.692372136032415,0.0007550321466815,1.7366726192890694,0.8258369777377222,0.000714148372221,0.8897655271225466,-2.83416986465244,0.0006333695548964,-2.8009557545218926,1
2022-03-16,1.41855920503262,0.0019999622414023,1.4931606095267118,1.553666489742458,0.0013300319578619,1.6070867439193677,-0.7837314443496036,0.0005842958330801,-0.7622308729715069,2.267660274884706,0.0007791806042831,2.313503940520907,1.50263522078893,0.0010035499412349,1.5493541277918577,1.3165480767884383,0.0015557305320185,1.3799570945197035,1.1076730791818836,0.0041323039617977,1.1770096553235554,1.620178620958418,0.0007885409546018,1.6644791042150724,-0.2824552167096479,0.0007096084457441,-0.2185266673248236,-0.2180330384022147,0.0006279312642441,-0.1848189282716677,1
2022-03-17,0.2575131419033766,0.0020054743952497,0.3321145463974682,0.1597062979314925,0.0013335721516949,0.2131265521084022,1.0612476192333926,0.0005997415076709,1.0827481906114893,0.6088007333603008,0.0007938655651463,0.6546443989965016,0.2270740897421904,0.0010086275514071,0.2737929967451181,0.0908985572637886,0.0015572944286604,0.1543075749950536,0.8497555063709225,0.0041733964203463,0.9190920825125942,0.4022515471996908,0.0007967944630011,0.4465520304563452,0.0486443304035471,0.0007106107334058,0.1125728797883715,1.2782413893249271,0.0006601336144355,1.311455499455474,1
2022-03-18,1.0018972824218415,0.0020288532310537,1.0764986869159332,0.8154587502749486,0.0013530411073961,0.8688790044518584,-0.9402959566926912,0.0005852966452094,-0.9187953853145944,-0.064318295373619,0.0007924431820756,-0.0184746297374182,0.5181989434209289,0.0010204039800103,0.5649178504238566,0.9024853400098052,0.0015771839152574,0.96589435774107,0.8850269643634489,0.0042161583460028,0.9543635405051206,1.543538675384497,0.0008285867571827,1.587839158641151,0.1557622435604801,0.0007133977227662,0.2196907929453044,-0.2263779319947573,0.0006544660936789,-0.1931638218642103,1
2022-03-21,0.3647689405177699,0.002036889239508,0.4393703450118614,-0.0623926823899081,0.0013511528881452,-0.0089724282129984,0.4477692777904049,0.0005915644187324,0.4692698491685016,-0.2121336458981755,0.0007874995055978,-0.1662899802619747,-0.7374595304462009,0.0010032400713903,-0.6907406234432732,-0.2947813990050071,0.001570017746536,-0.231372381273742,0.3594489659683005,0.0042324568713643,0.4287855421099723,-0.6100252378499528,0.0008159001701811,-0.5657247545932985,-0.6803092177355639,0.0007022458461516,-0.6163806683507395,2.175107292695317,0.0007090541913496,2.208321402825865,1
2022-03-22,0.9957906988406114,0.0020600253649696,1.070392103334703,1.3540843993780245,0.0013836107156382,1.407504653554934,-0.4126993442714182,0.0005850147827196,-0.3911987728933215,1.055223175488584,0.0008127521523562,1.101066841124785,0.5661493623651235,0.0010160967877416,0.6128682693680512,0.8330523407059753,0.0015882782380488,0.8964613584372403,1.876731437655939,0.0043247133213155,1.9460680137976107,0.3502374139098695,0.0008230183509126,0.3945378971665239,-0.2848136455729493,0.0006977037362538,-0.220885096188125,-0.2487518012482548,0.0007027797660265,-0.2155376911177078,0
2022-03-23,0.3491170558959797,0.0020676286174806,0.4237184603900712,-0.6324981034564338,0.0013678847571873,-0.5790778492795241,-0.3340828243721498,0.0005796494858525,-0.3125822529940532,-1.076792819883693,0.0007872277600041,-1.0309491542474922,-1.1742328779720332,0.0009889486190933,-1.1275139709691056,-0.8860175221236473,0.0015678124910525,-0.8226085043923823,0.057717339953171,0.0043257433985772,0.1270539160948427,-1.0831024270589362,0.0008006403824478,-1.0388019438022815,-1.017063614613496,0.0006810009261557,-0.9531350652286716,0.7425385705062469,0.0007213262177457,0.775752680636794,1
2022-03-24,1.092407309431822,0.0020929793566542,1.1670087139259135,1.159073387001424,0.0013955258969305,1.2124936411783338,0.4063467867227486,0.000585286314166,0.4278473581008453,0.2911998491487824,0.0007942669438859,0.3370435147849832,1.076803797076518,0.0010135056057142,1.1235227040794458,0.7790605689548781,0.0015848173844728,0.8424695866861431,0.2955707801939469,0.0043386553112728,0.3649073563356186,0.6892878359717733,0.0008147242860568,0.7335883192284277,0.3953719703848199,0.0006877886579146,0.4593005197696443,0.114798588429656,0.0007241381980146,0.148012698560203,1
2022-03-25,0.1175455169789255,0.0020949951998813,0.1921469214730171,-0.0171471163907431,0.0013946876647109,0.0362731377861665,0.7730433530246286,0.00059634485499,0.7945439244027253,0.4067892321651762,0.0008040316326919,0.452632897801377,-0.0973664402800006,0.0010111000949996,-0.0506475332770728,-0.138989759197947,0.0015811739499327,-0.0755807414666819,-0.1489724419892463,0.00432935114261,-0.0796358658475745,0.2643241080066902,0.000820055092634,0.3086245912633446,0.2576649779305048,0.0006922762901463,0.3215935273153292,1.0410283032606755,0.0007500637084427,1.0742424133912225,1
2022-03-28,0.1845959468969845,0.0020986048088204,0.2591973513910761,-0.1314853803661021,0.00139109305193,-0.0780651261891924,0.404774077004722,0.0006019240817269,0.4262746483828187,-0.4288725547110799,0.0007939674173492,-0.3830288890748791,0.1791105207794453,0.0010150272543563,0.225829427782373,1.201787762297431,0.0016075976063798,1.2651967800286958,1.908552929256651,0.004422621973553,1.9778895053983228,0.5971756462855262,0.0008321931714812,0.6414761295421805,1.2530750874303227,0.0007132382927745,1.317003636815147,-1.4137723761936238,0.00071472433268,-1.3805582660630769,1
2022-03-29,0.9100590735522552,0.0021194819056176,0.9846604780463468,0.324083432761085,0.0013984844854873,0.3775036869379946,-0.0634456361137772,0.0006005661997035,-0.0419450647356805,0.068060840158889,0.0007956906135641,0.1139045057950897,2.563181845067621,0.0010734338822125,2.609900752070549,0.7662795568022148,0.0016242050462352,0.8296885745334799,0.1049513493081057,0.0044258783903696,0.1742879254497774,1.949279852924044,0.0008719730804605,1.9935803361806983,0.560233075463164,0.0007226885474423,0.6241616248479884,-0.2947067703735404,0.0007073370938295,-0.2614926602429934,0
2022-03-30,-0.4167805370103667,0.0021087489270201,-0.3421791325162752,-0.2557719495426461,0.0013919029223248,-0.2023516953657364,0.8411311967523444,0.000612570995089,0.8626317681304411,-0.2805210989392357,0.0007891685241573,-0.2346774333030349,-0.8213618649655448,0.0010544368437539,-0.7746429579626172,-0.3323711814351923,0.0016162020817246,-0.2689621637039273,-0.1942639913723838,0.0044142497091756,-0.124927415230712,-1.1389036302238984,0.0008485315384512,-1.094603146967244,1.264558318410353,0.0007437517239991,1.328486867795177,0.8092340597510879,0.0007274231958875,0.8424481698816348,0
2022-03-31,-0.9893530912613506,0.0020844401627651,-0.9147516867672592,-1.0821497631866823,0.0013654740084033,-1.0287295090097728,-1.1106266755132783,0.0005957569027005,-1.0891261041351816,-1.6004211579084109,0.0007514958564069,-1.5545774922722098,-0.766097433321982,0.0010367462596688,-0.7193785263190543,-1.0312215357470098,0.0015926090035586,-0.9678125180157447,-0.4381503428401496,0.0043905381408975,-0.3688137666984778,-0.6271839398822052,0.0008355943392851,-0.5828834566255509,-0.5335719735647444,0.0007350930658945,-0.46964342417992,-0.732256825140354,0.0007091698291888,-0.699042715009807,1
2022-04-01,-0.1630181122048371,0.0020797971970133,-0.0884167077107456,0.3426418605335283,0.0013733151877427,0.396062114710438,0.4274658886544555,0.0006016439067662,0.4489664600325522,-0.4294292118629115,0.000741531812808,-0.3835855462267108,0.9419946190529512,0.0010579951383937,0.9887135260558788,0.1336232609754188,0.0015950600103333,0.1970322787066838,0.0903468429042951,0.0043930974342154,0.1596834190459669,1.1950531892006573,0.0008598452454936,1.2393536724573118,0.9758519561873774,0.0007513316315103,1.0397805055722018,0.2826169099899503,0.0007161395391554,0.3158310201204973,1
2022-04-04,1.1446726373145868,0.0021061552739654,1.2192740418086785,0.9703057592260674,0.0013961874492198,1.023726013402977,-0.8214958890647626,0.0005891385911956,-0.7999953176866659,0.1837230626673003,0.0007460349957419,0.2295667283035011,0.3864067029441296,0.001066555904793,0.4331256099470573,0.9182912314197004,0.0016149888140672,0.9817002491509657,1.3120315539796812,0.0044561709897683,1.381368130121353,0.3207558226650271,0.0008662312939986,0.3650563059216815,-0.0492097256356993,0.0007506576513535,0.014718823749125,-0.0095235934363135,0.0007158532311725,0.0236905166942334,0
2022-04-05,-1.0493759065085306,0.00208051780401,-0.9747745020144392,-0.9002411961736336,0.0013742064045688,-0.8468209419967239,0.5139116053585411,0.0005962897794587,0.5354121767366378,-0.6483417719795631,0.0007309516283838,-0.6024981063433623,-0.5713594057058802,0.0010533389270737,-0.5246404987029525,-0.7741190941928124,0.0015972051391521,-0.7107100764615474,-1.2339619674795383,0.0043931196590326,-1.1646253913378666,-0.4781516915349638,0.0008563512641172,-0.4338512082783094,0.1469737224948439,0.0007532106404712,0.2109022718796683,-0.2876955095896777,0.0007086831286454,-0.2544813994591307,0
2022-04-06,-1.024083740119827,0.0020555406289715,-0.9494823356257356,-1.5159902118807296,0.0013375502548167,-1.4625699577038198,2.1343081846160232,0.000627209027009,2.15580875599412,-0.7641401294179005,0.0007131839434622,-0.7182964637816998,-1.488574780842957,0.0010193437275119,-1.4418558738400291,-2.0668865483529486,0.0015507296986149,-2.003477530621684,-1.0957578023778152,0.004337051515537,-1.0264212262361434,-1.919454040547622,0.0008172135093686,-1.8751535572909677,1.6578102323447983,0.0007805659036617,1.7217387817296228,0.5140685635992857,0.0007213492348488,0.5472826737298327,1
2022-04-07,0.0182475499710432,0.0020552353280586,0.0928489544651347,-0.2990717384122544,0.0013300562496786,-0.2456514842353447,-0.2352623819329716,0.0006233129742995,-0.2137618105548749,-0.2033441941388672,0.0007086209445159,-0.1575005285026664,-0.5797869721190406,0.0010060252569818,-0.5330680651161129,0.2783200886141668,0.0015564320249528,0.3417291063454318,0.2013767968607009,0.0043451435745767,0.2707133730023727,-0.8262654518808749,0.0008003532992904,-0.7819649686242206,0.6769830823634826,0.0007917687202013,0.740911631748307,0.790482768911125,0.0007408089265243,0.8236968790416721,0
2022-04-08,-0.6874499716527489,0.0020382882970794,-0.6128485671586573,-1.0268982761380292,0.0013052132321207,-0.9734780219611194,0.1426362154510554,0.0006249600078178,0.1641367868291521,0.9020062916002628,0.0007299793797305,0.9478499572364636,0.3705107161790906,0.0010142477533889,0.4172296231820184,-0.8624818397665294,0.0015368248415977,-0.7990728220352643,-0.8090768189308211,0.0043034025654262,-0.7397402427891493,0.1856412037135002,0.0008040421957044,0.2299416869701546,0.3478270296087123,0.0007975526017743,0.4117555789935367,1.002571605834106,0.0007654512737623,1.0357857159646529,0
2022-04-11,-1.3876571540156415,0.002004889373193,-1.3130557495215498,-1.7567776453834567,0.00126303536472,-1.703357391206547,-1.0590572931179338,0.0006090277868906,-1.0375567217398372,-0.2358837691399138,0.0007246452536333,-0.190040103503713,-0.7925472556958891,0.0009961580566989,-0.7458283486929614,-2.22155272853113,0.0014871662441063,-2.158143710799865,-1.2590499501415318,0.0042396068216211,-1.18971337399986,-0.6597299984697315,0.0007906098858773,-0.6154295152130771,-1.5324088761976455,0.0007725605731439,-1.4684803268128213,-1.7277255450233773,0.0007227892312264,-1.6945114348928303,0
2022-04-12,0.5183899944602488,0.0020164128070911,0.5929913989543404,-0.491251286734125,0.0012510841558596,-0.4378310325572154,0.0061476199749372,0.0006086943417334,0.027648191353034,-0.6141691267981833,0.0007104781819419,-0.5683254611619825,-0.2890664534834835,0.0009894801425078,-0.2423475464805557,-0.6773926072886105,0.0014717845473015,-0.6139835895573454,0.2086388768125701,0.0042481446021839,0.2779754529542419,-0.978411318348094,0.0007707670644085,-0.9341108350914396,-0.572906950807072,0.0007633081317608,-0.5089784014222476,0.9939261844063848,0.0007471810565606,1.0271402945369317,1
2022-04-13,0.7664027789285972,0.0020337360434615,0.8410041834226887,0.8145074330749479,0.0012702064875348,0.8679276872518575,0.328627466917042,0.0006130666972748,0.3501280382951386,-1.7146580384206165,0.0006706425503681,-1.6688143727844154,1.4015304342797723,0.0010209438348839,1.4482493412827002,1.0154615508695146,0.0014938405288964,1.0788705686007796,0.8141425891948011,0.0042864036244738,0.8834791653364729,0.4853977109668084,0.0007805314435793,0.5296981942234628,1.8652372326818605,0.0007938712308586,1.9291657820666843,0.662455085025839,0.0007633698150186,0.6956691951563861,0
2022-04-14,-1.6178063251825368,0.0019950622383955,-1.543204920688445,-1.2922575654709292,0.0012392544236868,-1.2388373112940194,-0.3701556700558211,0.0006072455298411,-0.3486550986777244,-0.525740755919594,0.0006586377421064,-0.4798970902833932,0.357911642585588,0.001028824806911,0.4046305495885158,-1.5457548716641614,0.0014593262382039,-1.4823458539328962,-0.9691607999002488,0.0042370814959316,-0.8998242237585771,-0.1790762555466214,0.0007768704848687,-0.1347757722899671,-0.1298881670840597,0.0007918372166469,-0.0659596176992353,0.5450581805565353,0.0007766385708576,0.5782722906870824,1
2022-04-18,-0.1430976137082515,0.001991050045463,-0.06849620921416,0.3264257453284249,0.0012467686614647,0.3798459995053346,-1.0534322391356088,0.0005914934235843,-1.0319316677575123,0.9147322607259878,0.0006802241585896,0.9605759263621886,-0.1995697190532176,0.0010241450682167,-0.1528508120502899,0.0715405098383675,0.0014605401600725,0.1349495275696325,0.4127646504684926,0.0042555937419331,0.4821012266101644,0.0626347358182022,0.0007780875383506,0.1069352190748566,-0.6299191138750583,0.000781666749649,-0.5659905644902339,0.3702387404282868,0.0007855904519396,0.4034528505588338,1
2022-04-19,0.6517827173666744,0.0020056576796936,0.7263841218607658,0.8757225557335486,0.001267277215249,0.9291428099104584,2.506905411542286,0.0006275369930328,2.528405982920383,1.026196751369508,0.0007043524945431,1.072040417005709,1.0157467396603614,0.0010467847250702,1.0624656466632891,0.8691867651630732,0.0014793099787682,0.9325957828943382,0.5155266743786588,0.0042790907295275,0.5848632505203306,0.6663809662752948,0.0007914492539754,0.7106814495319491,0.777328326569097,0.0007944055822392,0.8412568759539214,-0.472291548370895,0.0007738950380706,-0.4390774382403479,0
2022-04-20,-0.1268618365771785,0.0020020220560176,-0.052260432083087,-0.8236952292957406,0.0012475269439071,-0.7702749751188308,0.3451718242209511,0.0006321058486337,0.3666723955990478,0.1357880426843679,0.0007077266362861,0.1816317083205687,0.1625303753341261,0.0010502212224804,0.2092492823370538,0.1399438458786451,0.0014820009019906,0.2033528636099101,-1.2892543241217698,0.0042143083860338,-1.219917747980098,0.5359130558168559,0.0008021569083201,0.5802135390735103,0.8665810736686929,0.000808563445879,0.9305096230535173,0.078955952483301,0.0007757064526912,0.1121700626138481,0
2022-04-21,-0.3238558938086723,0.0019937941294874,-0.2492544893145808,-1.3346363114874418,0.0012157494402152,-1.281216057310532,-0.2603564904267357,0.0006278821313066,-0.2388559190486389,-0.4471869839176636,0.0006975586332434,-0.4013433182814628,-0.17148905123487,0.0010461620958805,-0.1247701442319423,-1.1241637086493284,0.0014569250769869,-1.0607546909180632,0.7262210522491896,0.0042480854680968,0.7955576283908614,-0.4127250044431104,0.0007937977607273,-0.368424521186456,0.0474467283508271,0.0008093984563955,0.1113752777356514,-0.5535638117441194,0.0007620662140855,-0.5203497016135723,0
2022-04-22,-1.5063058279339554,0.0019580015166758,-1.431704423439864,-2.163752040470621,0.0011644778499507,-2.1103317862937114,-0.8441531943043561,0.0006152122882979,-0.8226526229262594,-1.5328695142832287,0.000662240680613,-1.4870258486470278,-1.9976250653895136,0.0010012272802707,-1.9509061583865857,-1.384865788098646,0.0014261912147384,-1.3214567703673807,-0.16036141854533,0.0042385468580842,-0.0910248424036583,-2.3349521983365604,0.0007469220584828,-2.290651715079905,-1.45883273537116,0.0007858244196397,-1.3949041859863356,-1.1076705185476767,0.0007349426629932,-1.0744564084171295,1
2022-04-25,0.2721005587655417,0.0019637320317187,0.3467019632596332,1.408352797337949,0.0011975437996135,1.4617730515148588,2.0191863383923154,0.000643998430867,2.0406869097704123,-0.0621888332466376,0.000661068076419,-0.0163451676104368,0.4754640415534464,0.0010117039253985,0.5221829485563741,1.2727783987240051,0.001453753966661,1.3361874164552705,-0.2415267835431231,0.0042250778026334,-0.1721902074014513,0.4677315292926075,0.0007562793283317,0.5120320125492618,-0.0261402628156161,0.0007854937535316,0.0377882865692082,-1.692400014346398,0.0006936382290107,-1.659185904215851,0
2022-04-26,-1.9955195868526023,0.0019166760058677,-1.9209181823585104,-1.8816031911956232,0.0011530606865184,-1.8281829370187133,-0.6140999494872036,0.0006346639622318,-0.5925993781091069,-1.577323383064146,0.0006248501097511,-1.531479717427945,-1.6329321073697418,0.0009750635739055,-1.586213200366814,-2.1105807460645205,0.0014072178000253,-2.047171728333256,-3.0687544987264417,0.0040741002018884,-2.99941792258477,-2.568455900903025,0.0007048907884542,-2.5241554176463703,-0.8381280485620812,0.0007720383260224,-0.7741994991772568,-0.015267058059683,0.0006932442499157,0.0179470520708639,1
2022-04-27,-0.1500805069169627,0.0019126288574477,-0.0754791024228711,-1.9204049404082757,0.0011077714055146,-1.8669846862313657,-1.1792928979772863,0.000617194411128,-1.1577923265991898,-0.719193323591113,0.0006085453536569,-0.6733496579549122,2.6739145528243653,0.0010345910199893,2.720633459827293,2.569663027480695,0.0014630811161117,2.63307204521196,0.0736335538498453,0.0040761738601044,0.1429701299915171,3.8296187448327834,0.000781432876775,3.873919228089437,-0.5696312373115011,0.0007629500721187,-0.5057026879266768,1.3722505927659352,0.000726574819929,1.4054647028964822,1
2022-04-28,2.2491114289492344,0.0019642927610062,2.323712833443326,1.8279677093209088,0.0011506438129598,1.8813879634978183,0.5974636322435078,0.0006253798418438,0.6189642036216045,0.7728256173444396,0.0006267105477571,0.8186692829806403,2.5128342410394438,0.0010903870273381,2.5595531480423714,1.175315462279656,0.001488373465613,1.2387244800109212,-0.1810431685664738,0.0040658824900343,-0.111706592424802,1.787562413691197,0.0008170487673599,1.8318628969478512,0.8823401388773067,0.0007772981590934,0.9462686882621312,1.4553250540464602,0.0007618424588554,1.4885391641770074,0
2022-04-29,-1.9582941233241191,0.0019182677464055,-1.8836927188300276,-1.9470861984230472,0.0011048394803443,-1.8936659442461372,-1.376749320332776,0.0006051199817901,-1.3552487489546794,-1.7164602839305958,0.0005874562392559,-1.670616618294395,-2.2334804458026696,0.0010404184759797,-2.186761538799741,-2.3518563503500736,0.0014367020175013,-2.288447332618808,-0.2586992843996791,0.0040518513412233,-0.1893627082580073,-2.0877141475767886,0.0007753520377315,-2.043413664320134,-1.591100366507039,0.0007517726699786,-1.5271718171222146,-1.1337800231993174,0.0007342479330185,-1.1005659130687704,1
2022-05-02,0.0265887631543459,0.0019183250765822,0.1011901676484374,1.0490416789510688,0.0011293589571713,1.1024619331279786,-0.8573416459335991,0.0005923782076996,-0.8358410745555025,0.4269350570227612,0.0005976402551148,0.472778722658962,-0.6871124806378758,0.0010249431429638,-0.6403935736349481,1.3072456272004698,0.0014648385803375,1.3706546449317347,0.8404322508473251,0.0040910699745643,0.9097688269889967,-0.4938333839559169,0.0007654801568925,-0.4495329006992625,-0.5530393568572728,0.0007430079917333,-0.4891108074724484,0.6364672763447838,0.0007495911877968,0.6696813864753308,1
2022-05-03,0.4205757503043396,0.0019274966899462,0.4951771547984311,0.2742039352724135,0.001135683254611,0.3276241894493232,-0.1838743810510927,0.0005893406186737,-0.162373809672996,1.063111925455333,0.0006224285039896,1.1089555910915336,-0.2333890850854223,0.0010195784342642,-0.1866701780824946,-0.5809598799421769,0.0014518373562737,-0.5175508622109118,0.1026969258961184,0.004094519033835,0.1720335020377902,-0.8850539991370904,0.0007478539871329,-0.840753515880436,0.1944404702559816,0.0007462750608066,0.258369019640806,0.9805760656454012,0.0007732216461935,1.0137901757759484,1
2022-05-04,2.035721399978683,0.0019739665343584,2.110322804472774,2.0822211300459723,0.0011842628515302,2.135641384222882,0.8663343482082511,0.0006013777693682,0.8878349195863477,1.666859490884815,0.0006610240854909,1.7127031565210158,1.5612980034635513,0.0010540255827648,1.608016910466479,1.529322803545053,0.0014847137184858,1.5927318212763182,1.104881593832313,0.0041463669847635,1.1742181699739849,1.6669049967119944,0.0007809444890465,1.7112054799686487,0.9610881831128788,0.000761838590695,1.025016732497703,1.925570165279154,0.0008196274311546,1.958784275409701,0
2022-05-05,-2.941783119289248,0.0019054508727239,-2.8671817147951564,-2.44764627596616,0.0011269472985398,-2.39422602178925,-1.6036289593398012,0.0005779914484016,-1.5821283879617043,-1.3411745787111824,0.0006305244633702,-1.2953309130749815,-2.251016828917093,0.0010039491701848,-2.2042979219141654,-2.447229578164496,0.0014312225292916,-2.383820560433231,-2.119627790872348,0.004042527887186,-2.050291214730676,-2.6347056539591103,0.0007286399042125,-2.590405170702456,-0.6987300394301091,0.0007507577157643,-0.6348014900452847,-0.7792130913567201,0.0008006517050881,-0.7459989812261731,0
2022-05-06,0.1686675038203993,0.0019087982603194,0.2432689083144908,-0.384760219073437,0.0011178823211597,-0.3313399648965273,-0.2043574099973055,0.0005746885592956,-0.1828568386192088,-0.1294081609773168,0.0006278618362059,-0.083564495341116,-0.9950980058620278,0.0009817768248049,-0.9483790988591,-0.5804334411916822,0.001418318859562,-0.5170244234604172,-0.2844235281019874,0.0040273680905249,-0.2150869519603157,-0.7503541176557825,0.0007137885787727,-0.7060536343991282,-1.606402331138688,0.0007251701021167,-1.5424737817538638,0.7188192175094048,0.0008178283289787,0.7520333276399519,0
2022-05-09,-1.7825395855113335,0.0018672127919077,-1.707938181017242,-1.4751015644034342,0.0010834379186937,-1.4216813102265244,0.4296306499898082,0.0005804570955585,0.4511312213679049,-0.8241831590785742,0.0006093053265555,-0.7783394934423733,-3.0016869161105424,0.0009153169416066,-2.9549680091076147,-2.0854843498547173,0.0013728642068204,-2.0220753321234524,-2.3028635817666308,0.0039150969339336,-2.233527005624959,-2.943563225315622,0.0006555762611128,-2.8992627420589674,0.8029765897464695,0.0007381747420921,0.8669051391312939,-3.9139587697245823,0.0007234319092667,-3.8807446595940354,1
2022-05-10,0.754530057853114,0.0018840705446109,0.8291314623472055,0.7982167647322418,0.0011019722456973,0.8516370189091516,-0.1336586896965927,0.000578168630546,-0.112158118318496,-1.307652719517078,0.0005797414454577,-1.261809053880877,-0.4815626348881969,0.0009046362510151,-0.4348437278852692,0.95435434853398,0.0013932461302766,1.017763366265245,0.3350582628917603,0.0039299041257116,0.404394839033432,0.1356509589276634,0.0006583568474179,0.1799514421843178,-1.106874758430352,0.0007206417453412,-1.0429462090455277,0.2930935265319632,0.0007304222104287,0.3263076366625102,0
2022-05-11,-2.742378604835364,0.0018205653638583,-2.6677772003412725,-0.4057625990315316,0.0010924808141569,-0.352342344854622,-0.4707893954772641,0.0005710772930799,-0.4492888240991675,-0.3724407407112258,0.0005715995424233,-0.3265970750750249,0.0422695487801537,0.0009055286916893,0.0889884557830814,-1.8810202558545277,0.0013523443765186,-1.8176112381232623,-2.1014028969303515,0.0038276869477422,-2.03206632078868,0.9270080345075712,0.0006767521210641,0.9713085177642256,-0.8386709206400044,0.0007074292661458,-0.77474237125518,0.9913952115278982,0.0007541675862854,1.024609321658445,0
2022-05-12,-1.4585919066762407,0.0017866635672512,-1.3839905021821493,-0.3929929920001206,0.0010833082252774,-0.3395727378232109,0.7972264382598603,0.0005820662582422,0.818727009637957,-0.0896738221951356,0.0005699251734032,-0.0438301565589348,-0.8085415287627885,0.0008876850375647,-0.7618226217598609,-1.155724626382449,0.0013271848954173,-1.0923156086511838,-0.2705689863620219,0.0038135168489242,-0.2012324102203501,-0.7686197261097744,0.0006616720579494,-0.72431924285312,-0.1341945505099132,0.0007054743105586,-0.0702660011250888,0.1901942369705845,0.000758636607317,0.2234083471011315,1
2022-05-13,1.5678375631615888,0.0018221940703527,1.6424389676556803,1.3917568933754505,0.0011155391944585,1.4451771475523605,-0.4967577225756462,0.0005746175530193,-0.4752571511975495,0.4146922539211277,0.0005797429179848,0.4605359195573285,1.8827949097605905,0.0009290740535659,1.9295138167635184,1.1733247940526288,0.0013522665241738,1.236733811783894,1.3370350046699635,0.0038763889914272,1.4063715808116353,1.5795142662777522,0.0006928700264496,1.6238147495344064,0.222417847920239,0.000709200133034,0.2863463973050634,1.4267039809611266,0.0007927231652812,1.4599180910916736,0
2022-05-16,-0.6237981665484352,0.0018074774567337,-0.5491967620543436,-0.7570320251567132,0.001097930241491,-0.7036117709798035,0.5549467954841016,0.0005821331899299,0.5764473668621983,-0.4066722477271842,0.0005708509957076,-0.3608285820909834,-0.5413445589743168,0.0009171142445915,-0.4946256519713891,0.0162394926696517,0.0013523878364863,0.0796485104009167,-1.515821472887127,0.0038026140201554,-1.446484896745455,-0.4710986960042894,0.0006836587674136,-0.426798212747635,0.0161379201935418,0.0007096377068761,0.0800664695783661,1.1243228340981932,0.0008194925880481,1.1575369442287402,1
2022-05-17,1.2336420980689835,0.001835259613142,1.3082435025630754,0.8478341949241935,0.0011174862358893,0.9012544491011032,0.3228691562129093,0.0005863367424167,0.344369727591006,1.6702699881225995,0.0006091760971232,1.7161136537588009,1.437965475462596,0.0009486111335509,1.4846843824655236,1.0500530636023155,0.0013747310320283,1.1134620813335807,1.1962499811763097,0.0038586229187076,1.2655865573179814,1.829530328497144,0.0007196695140597,1.8738308117537985,-8.491939613110533,0.0005749705906284,-8.428011063725709,0.594502078424258,0.0008335338307984,0.6277161885548049,0
2022-05-18,-2.9779483065535017,0.0017668057276631,-2.9033469020594103,-2.050504498576512,0.0010700311351668,-1.9970842443996024,-1.5602187641725636,0.0005638309194246,-1.5387181927944669,-0.9314544925310312,0.0005883594314783,-0.8856108268948304,-0.5150897877686867,0.0009372318602964,-0.4683708807657591,-2.5553137894891083,0.0013196142177348,-2.4919047717578438,-1.7436616284755595,0.0037741664897501,-1.674325052333888,-1.221359899906841,0.0006957253918647,-1.1770594166501869,-5.095224240133553,0.0004944945833019,-5.031295690748729,-0.8133192562846286,0.0008139281080879,-0.7801051461540816,0
2022-05-19,-1.3426484624667263,0.0017358104192581,-1.268047057972635,-0.7422229826446655,0.0010528793550939,-0.6888027284677558,-0.7581872595030291,0.0005527362408766,-0.7366866881249324,-0.8132307355942828,0.0005702718225626,-0.767387069958082,-0.634153048454415,0.0009232730333141,-0.5874341414514874,-0.2658954954548161,0.0013137230773264,-0.2024864777235511,-0.082862955216546,0.003769091806725,-0.0135263790748743,-0.8287881920134843,0.0006795322060746,-0.7844877087568299,-2.097206185801737,0.0004617026355069,-2.0332776364169134,0.2328250697573352,0.0008193174450313,0.2660391798878822,0
2022-05-20,0.0153003783000057,0.001735823545801,0.0899017827940973,-0.7334830879588118,0.0010359692490611,-0.6800628337819021,1.426966682759787,0.0005725772933835,1.448467254137884,-0.4703192728971487,0.0005599914826191,-0.4244756072609479,0.5924082275329445,0.0009361645851446,0.6391271345358722,-0.1888048241762828,0.0013094970114685,-0.1253958064450178,-1.6489155094316208,0.0036894503659652,-1.5795789332899492,0.4593456635970037,0.0006885958751952,0.503646146853658,0.0169432761633101,0.0004624410505284,0.0808718255481345,0.3555830491768262,0.0008276183148239,0.3887971593073732,1
2022-05-23,1.9899643354456944,0.0017807692632906,2.0645657399397863,1.151414320371312,0.0010624956765049,1.2048345745482216,1.670461768371191,0.0005958121642512,1.6919623397492876,3.157406835255299,0.0006317849669154,3.2032505008915,1.907092559782284,0.0009777366682022,1.953811466785212,1.689735065522232,0.0013454715535411,1.7531440832534972,0.3385426184919092,0.0037045314711103,0.407879194633581,2.522039296841337,0.0007379741308968,2.566339780097992,2.049312746482622,0.0004952995007963,2.1132412958674465,1.054379911497079,0.0008525260154709,1.0875940216276263,0
2022-05-24,-1.0634626130666784,0.0017562117014983,-0.988861208572587,-2.5706541472341566,0.0010033652467208,-2.517233893057247,0.8837552222179788,0.0006078904938776,0.9052557935960754,0.6854478885704174,0.0006475666090259,0.7312915542066182,-1.2378056765157028,0.0009506120014654,-1.1910867695127751,-0.2796741539123495,0.0013392763964568,-0.2162651361810845,-1.7742081390001574,0.0036191990987405,-1.7048715628584856,-1.4665885204092304,0.0007093308012343,-1.422288037152576,0.860672432820217,0.0005093165050696,0.9246009822050414,0.2341274990023747,0.0008578822507859,0.2673416091329217,1
2022-05-25,-0.015948362500255,0.0017554915585582,0.0586530419938365,-0.1326149730563435,0.0010003740117609,-0.0791947188794338,-0.8347291916997326,0.0005957172720192,-0.813228620321636,0.3147144810178439,0.0006549459419167,0.3605581466540448,0.5938244442465038,0.0009634572903511,0.6405433512494315,0.5479473989727678,0.0013507610200019,0.6113564167040328,1.1314372388336076,0.0036719539819405,1.2007738149752794,0.3132777676951959,0.0007154782211213,0.3575782509518503,-0.5175691227957455,0.0005015684349734,-0.4536405734109211,0.9573396059392688,0.000880392943507,0.990553716069816,1
2022-05-26,1.119240568118747,0.0017805134052445,1.1938419726128384,0.9019540733322908,0.001021125773897,0.9553743275092008,-0.0953247803159563,0.0005939827591441,-0.0738242089378596,0.8493089252942931,0.0006743568661993,0.8951525909304939,0.7511415183238646,0.0009796961429463,0.7978604253267921,0.6412667597034049,0.0013642083880133,0.7046757774346699,1.759034303310642,0.0037543337198475,1.8283708794523137,1.3393228088869369,0.0007416052888056,1.3836232921435914,1.5154816011770622,0.0005258584959374,1.5794101505618865,0.1405384209431808,0.000883485219144,0.1737525310737278,1
2022-05-27,2.022766868220748,0.0018259404271544,2.0973682727148395,2.081119068455251,0.0010688510998652,2.1345393226321607,0.7312555639697758,0.00060387640229,0.7527561353478724,0.6861035977297365,0.0006900484714444,0.7319472633659372,1.1623849560753214,0.0010048362097664,1.209103863078249,1.447422117188679,0.0013947914175316,1.510831134919944,1.7359351063310489,0.0038354278093785,1.8052716824727204,1.198960689017389,0.0007649394800695,1.2432611722740434,1.3943138684078706,0.0005481857989005,1.458242417792695,0.4505851593727035,0.0008939127477777,0.4837992695032506,0
2022-05-31,-0.3497171765409949,0.0018175910674079,-0.2751157720469033,0.6011324733808228,0.0010825891773623,0.6545527275577324,-0.7354653374063945,0.0005931446796971,-0.7139647660282978,0.3327878473971113,0.0006977589707736,0.3786315130333122,-0.0332381526623201,0.0010039591210846,0.0134807543406075,-0.3378358643911666,0.0013873305865806,-0.2744268466599016,-0.1137356752812252,0.0038288632096132,-0.0443990991395535,-0.2440185036360536,0.0007601662424513,-0.1997180203793992,0.0225555141565621,0.000548906562874,0.0864840635413865,-0.8350529080439398,0.0008739052338673,-0.8018387979133927,0
2022-06-01,-0.1195425603746,0.0018144621074508,-0.0449411558805085,0.0046999810390228,0.0010826591480473,0.0581202352159324,-0.8616671825401006,0.0005806672786162,-0.8401666111620039,-0.9542046261212052,0.0006765461915183,-0.9083609604850044,-0.168071492627732,0.001000160058855,-0.1213525856248043,0.0473187389732687,0.0013880698657326,0.1107277567045338,-0.6501477174670988,0.0037969767521598,-0.5808111413254271,-0.6764969664545594,0.0007470060257087,-0.632196483197905,-1.8955256018383488,0.0005195217258046,-1.8315970524535248,0.9100724638772874,0.0008951758270705,0.9432865740078344,1
2022-06-02,0.7905031411579009,0.001831879755587,0.8651045456519925,1.61246182155556,0.0011194443118763,1.6658820757324695,-0.2826743820550898,0.0005763328057619,-0.2611738106769931,0.7870742127334555,0.0006944457060323,0.8329178783696563,0.8572973438160959,0.0010185802767866,0.9040162508190236,0.3705471262498259,0.0013956665646767,0.4339561439810909,1.0821186981745845,0.0038468919708434,1.151455274316256,1.4161311189295749,0.0007744648649116,1.4604316021862291,1.1526561029255264,0.0005379902246547,1.2165846523103507,-0.1187273415050556,0.0008921180838027,-0.0855132313745085,0
2022-06-03,-2.0586770016369145,0.0017850268212183,-1.9840755971428223,-1.3858434675617883,0.0010877533153799,-1.3324232133848786,-0.3630244136584172,0.0005708836790111,-0.3415238422803205,-0.7675203491265244,0.0006774691156412,-0.7216766834903237,-0.8235098158598715,0.0010005921256811,-0.7767909088569438,-0.9723389473457345,0.0013747816962062,-0.9089299296144692,-2.3389062548000075,0.0037354760870196,-2.2695696786583355,-0.712576366595929,0.0007606196125732,-0.6682758833392747,-1.3363843780062503,0.0005174414858356,-1.2724558286214265,0.6823057992781109,0.0009079493046434,0.715519909408658,1
2022-06-06,0.1944051737863088,0.0017890157163283,0.2690065782804003,0.9587418849361696,0.0011095533693903,1.0121621391130793,-0.0308969878610073,0.0005700907931434,-0.0093964164829105,-0.2168944114448079,0.0006728557212948,-0.1710507458086071,0.3009311842249898,0.0010069456678899,0.3476500912279175,-0.3208224951475553,0.0013677388315364,-0.2574134774162902,0.3257043204264799,0.0037497422812158,0.3950408965681517,0.037360410134964,0.000761318464732,0.0816608933916184,-0.3299726737908071,0.0005126809035321,-0.2660441244059827,-0.1573891361677794,0.0009039735706546,-0.1241750260372324,1
2022-06-07,0.830381156495007,0.001807299242905,0.9049825609890986,0.0898120075231302,0.0011115287038526,0.1432322617000399,0.8899666730778583,0.0005821598213209,0.911467244455955,0.0898565316165619,0.0006751106163507,0.1357001972527627,0.530944920825386,0.0010182495174423,0.5776638278283137,0.7002823371635045,0.0013823056049428,0.7636913548947696,-0.0066592183308926,0.0037483491256703,0.0626773578107791,0.394386361314376,0.0007689165080567,0.4386868445710303,-0.9539145083651211,0.0004981840268893,-0.8899859589802968,2.222409975900861,0.0009559735632787,2.255624086031408,0
2022-06-08,-0.3341263047092012,0.0017993796003757,-0.2595249002151096,-0.0340957801652022,0.001110682958652,0.0193244740117073,-0.5141013485337146,0.0005746154708446,-0.4926007771556179,-0.869777671251264,0.0006559318730719,-0.8239340056150632,-0.2956494366972919,0.0010117052149104,-0.2489305296943641,-0.4831927770095122,0.0013718406464083,-0.4197837592782472,0.2377539842290047,0.0037584371803604,0.3070905603706764,-0.3234579626322199,0.0007626381040937,-0.2791574793755655,-0.70647776236244,0.0004875816947237,-0.6425492129776156,0.5476338788999443,0.0009685125940696,0.5808479890304914,0
2022-06-09,-1.9249044390127268,0.0017557823632053,-1.850303034518635,-1.0769544644375786,0.0010861616176458,-1.0235342102606688,-1.690448276655068,0.0005506985208103,-1.6689477052769712,-1.1338791637568566,0.0006309069030055,-1.0880354981206557,-2.019336830565001,0.0009680549025611,-1.972617923562073,-1.200911743130999,0.0013462572836721,-1.137502725399734,-0.2891839144264413,0.0037437847640916,-0.2198473382847695,-2.1169901287783386,0.0007217878098428,-2.072689645521684,-0.8393519373594371,0.0004749328616999,-0.7754233879746127,-1.0966596929513646,0.0009424425758701,-1.0634455828208176,0
2022-06-10,-2.0624570451580317,0.0017092026776813,-1.9878556406639396,-1.6805936349667596,0.0010480073455997,-1.62717338078985,-0.5749540518789719,0.0005423609794016,-0.5534534805008752,-2.425620461841527,0.0005771618943681,-2.3797767962053262,-2.236049153699238,0.0009198435755721,-2.1893302466963105,-2.502429300288844,0.0012933049412369,-2.4390202825575797,-0.8371767133678417,0.0037034909970806,-0.76784013722617,-1.9617774252812328,0.0006840214114774,-1.9174769420245776,0.3523768548342773,0.0004808661554943,0.4163054042191017,-0.9325862858493392,0.000920277913302,-0.8993721757187922,0
2022-06-13,-2.0447499354578373,0.0016631267375502,-1.9701485309637456,-2.235370822337368,0.000997374089963,-2.1819505681604583,-0.8572331762425487,0.0005301187205674,-0.835732604864452,-1.587543133328456,0.0005421901280621,-1.541699467692255,-2.4509673993234244,0.0008671255458302,-2.4042484923204963,-2.38472782114482,0.0012429521753745,-2.321318803413555,-1.8177045073785072,0.0036174022517994,-1.7483679312368356,-2.220303807962168,0.0006413681089613,-2.1760033247055133,-1.45802183851727,0.0004586337877472,-1.3940932891324456,-2.2916410833322707,0.0008663502671006,-2.258426973201724,1
2022-06-14,0.2687697477404013,0.0016688912929867,0.3433711522344929,0.1009955931774069,0.0009997201896946,0.1544158473543165,-1.2927427266867226,0.0005118576376532,-1.271242155308626,-0.9073050973264032,0.000522418500253,-0.8614614316902025,0.3557501544560673,0.0008747653055763,0.4024690614589949,0.4404024554782783,0.0012521146662929,0.5038114732095433,0.5187038890348455,0.0036407276313205,0.5880404651765173,0.3481344012306218,0.0006481716262525,0.3924348844872762,-0.0329108394878596,0.0004585877911679,0.0310177098969647,0.0951538922864417,0.000868354819274,0.1283680024169887,1
2022-06-15,0.9603526434530852,0.001690089855338,1.0349540479471766,1.3996935127660315,0.0010314115692859,1.4531137669429413,0.8654738197024769,0.0005235706762841,0.8869743910805736,0.566936905430167,0.0005354226377464,0.6127805710663677,0.4942397725564294,0.0008853562857333,0.5409586795593571,1.564046871008953,0.0012848539627794,1.627455888740218,1.2802814134313691,0.003699558600484,1.349617989573041,0.7725939179072071,0.0006631071272934,0.8168944011638615,-0.1135390968865343,0.000457291000238,-0.0496105475017099,-0.652891406938912,0.0008528840586849,-0.619677296808365,0
2022-06-16,-2.1150891510026177,0.0016426252595293,-2.0404877465085263,-1.7821766173059217,0.0009912022291783,-1.728756363129012,0.0223910688117441,0.0005235775927971,0.0438916401898408,-0.9340677681386688,0.0005151106915798,-0.8882241025024679,-2.783787050076276,0.0008257330104141,-2.737068143073349,-1.5395092749232775,0.0012524145453121,-1.4761002571920123,-2.171854804118426,0.0035972540565954,-2.102518227976754,-2.214729924497275,0.000620731617552,-2.1704294412406204,0.705632214371401,0.0004686915578759,0.7695607637562254,-1.8485073312375808,0.0008095571013336,-1.8152932211070336,0
2022-06-17,0.5189054965210042,0.0016539677342488,0.5935069010150957,0.4789872338508337,0.001002070382322,0.5324074880277434,-0.3236309821196303,0.0005187965465681,-0.3021304107415336,-0.2284093785153084,0.0005104760407558,-0.1825657128791076,0.2849438196474385,0.000831879570677,0.3316627266503662,0.5353516321741629,0.001263524134666,0.598760649905428,0.3534673335910401,0.0036128248435533,0.4228039097327118,0.2597630048810235,0.0006258429698927,0.3040634881376778,-1.495078134186255,0.0004460015470773,-1.4311495848014306,-2.8711891278547235,0.0007424994204282,-2.837975017724176,1
2022-06-21,1.6112821909105863,0.0016895998027783,1.685883595404678,2.0354331040320885,0.0010479685547996,2.0888533582089983,1.7147060261715137,0.0005421988490863,1.7362065975496102,1.2366659386925305,0.0005382670312989,1.2825096043287312,1.1113061236715884,0.0008556657906409,1.158025030674516,1.2824958822304848,0.0012902452694419,1.34590489996175,2.233485052947698,0.0037158391885452,2.3028216290893697,1.3360497721607243,0.0006515312549554,1.380350255417379,2.3662147604800023,0.0004830633494153,2.4301433098648264,3.0298713959143533,0.0008129418664661,3.0630855060449003,0
2022-06-22,-0.2715438105053531,0.0016832878310189,-0.1969424060112615,-0.0791801892105554,0.0010461899940139,-0.0257599350336458,1.286258863617323,0.0005596326931047,1.3077594349954194,-0.3363683446942106,0.0005312306151394,-0.2905246790580098,-0.2578890988171586,0.0008501806591046,-0.2111701918142309,-0.1949852301890094,0.0012860184058491,-0.1315762124577444,-0.1679984650791117,0.0037070020660364,-0.0986618889374399,-0.2198908097123725,0.0006474307140712,-0.1755903264557181,-0.961466691028187,0.0004686495968432,-0.8975381416433627,-1.9807386840300425,0.000766735181017,-1.9475245738994955,1
2022-06-23,1.0355655151789456,0.0017060191673384,1.110166919673037,0.2907720431859651,0.0010527286706569,0.3441922973628747,1.8271372813314228,0.000584485225049,1.8486378527095195,-0.6122107459909348,0.0005181211752108,-0.566367080354734,0.0567374772643722,0.0008514141314505,0.1034563842672999,1.1755265404159152,0.0013104191096877,1.2389355581471804,-0.1753468917695013,0.0036978439940867,-0.1060103156278296,0.8269383013505937,0.0006633189115202,0.871238784607248,1.7347005167165046,0.0004958592163019,1.7986290661013289,-1.5176125133312304,0.0007313886807111,-1.4843984032006834,1
2022-06-24,1.1870849807173307,0.0017320597777629,1.2616863852114222,2.5443327287133184,0.001109834224159,2.597752982890228,1.1917262503803714,0.0006005289078907,1.213226821758468,1.4993384680967248,0.0005516000321695,1.5451821337329257,2.279092413715914,0.0008999588041124,2.3258113207188416,1.8056684325641132,0.001347907191166,1.8690774502953784,1.044574982752955,0.0037452766989457,1.1139115588946265,2.6567687520310512,0.0007140543866464,2.7010692352877057,-0.0039770007846507,0.0004962169094194,0.0599515486001735,0.9428871832900604,0.0007531946032442,0.9761012934206073,0
2022-06-27,-0.0746014044940915,0.00173008479512,0.0,-0.9766248158551748,0.0010878707757083,-0.923204561678265,-0.0987826241167793,0.000598780890343,-0.0772820527386826,-0.4606684550760644,0.0005418348667265,-0.4148247894398637,-0.3176456207719719,0.0008931711628558,-0.2709267137690442,-0.637943585307929,0.0013344006369262,-0.574534567576664,-0.1481529900198813,0.0037373554592516,-0.0788164138782096,-0.612477571395198,0.0007024209124914,-0.5681770881385436,0.1755902200241541,0.0004993374306388,0.2395187694089785,1.1730981292993738,0.0007802844920094,1.2063122394299208,0
2022-06-28,-1.6075869585465012,0.0016941853958819,-1.5329855540524098,-1.7333171307129025,0.0010490118737325,-1.6798968765359927,-2.3787769855784107,0.0005657039043442,-2.357276414200314,-0.2949577163511839,0.0005357374426194,-0.2491140507149831,-1.7653747926375691,0.0008556469871364,-1.7186558856346412,-1.8010585365030969,0.0012967206200049,-1.737649518771832,-1.3012804593691236,0.0036761015716843,-1.231943883227452,-1.6445632207953382,0.0006711832656406,-1.6002627375386838,-1.108495633544008,0.0004827105254352,-1.0445670841591836,1.3321735512678576,0.0008109940500095,1.3653876613984048,0
2022-06-29,0.5956072282930835,0.0017070745614272,0.6702086327871751,-0.1923641810619238,0.0010447104668024,-0.1389439268850142,0.0019214310573134,0.0005653818396553,0.0234220024354102,-0.2782811982141509,0.0005300203440962,-0.2324375325779501,0.6776595717758175,0.0008700429637252,0.7243784787787452,0.7432216728278294,0.0013120121518773,0.8066306905590944,-0.5109039441903902,0.0036515130802707,-0.4415673680487184,0.3727853575493013,0.0006783438002901,0.4170858408059557,-0.3363935106678478,0.0004779775139835,-0.2724649612830235,-1.85120682613056,0.0007680466770733,-1.8179927160000124,0
2022-06-30,-1.0023147708891769,0.0016846486849137,-0.9277133663950852,-1.3003040186460462,0.0010156638500434,-1.2468837644691364,0.2219953760924106,0.0005680780118652,0.2434959474705073,-1.2537271807803785,0.0005029060161848,-1.2078835151441774,-1.2284920191035984,0.0008440086501127,-1.1817731121006707,-0.7847305215189744,0.0012955447630167,-0.7213215037877094,-0.5020920216101752,0.003627387238362,-0.4327554454685035,-0.8276925981011698,0.0006627063953024,-0.7833921148445154,-0.2705154711474257,0.0004742657041849,-0.2065869217626013,-1.4183013039951424,0.0007351925891398,-1.3850871938645954,1
2022-07-01,0.7572250215226166,0.001701084252169,0.8318264260167082,-0.1586743571319675,0.0010121619464246,-0.1052541029550578,0.916960506182168,0.0005802861387102,0.9384610775602646,0.6161975062912448,0.0005168499362561,0.6620411719274456,0.4223590627939582,0.0008529806467267,0.4690779697968859,0.5226172836071755,0.0013062278072591,0.5860263013384406,0.2366367278461797,0.0036373778676794,0.3059733039878515,0.6521671967948117,0.0006751561530043,0.696467680051466,0.5758905077005623,0.0004835298553829,0.6398190570853867,1.064408749506342,0.0007596731541535,1.097622859636889,1
2022-07-05,0.8995664640001793,0.0017206186455504,0.9741678684942708,2.063281553311135,0.0010582011426696,2.116701807488045,-0.6586176929517527,0.000570912308192,-0.637117121573656,-0.2427613607415641,0.0005119515608821,-0.1969176951053633,0.1251422130364776,0.0008556475872333,0.1718611200394054,0.6260746365349971,0.0013190297934187,0.6894836542662621,0.5592869014217235,0.0036622059027659,0.6286234775633953,0.3645532019955497,0.0006821319589766,0.408853685252204,0.9148063766580712,0.0004979595417061,0.9787349260428956,-1.573468276561413,0.0007233284177106,-1.540254166430866,1
2022-07-06,0.419785578821875,0.0017295501367496,0.4943869833159665,0.5343622391433718,0.0010700910834388,0.5877824933202814,0.0529608929402524,0.0005712832448334,0.0744614643183491,-0.381440960011255,0.0005040307209176,-0.3355972943750542,0.1061152518963863,0.000857906613735,0.1528341588993141,0.6362180880038542,0.0013320126712871,0.6996271057351192,-0.2101680305359113,0.0036515796197498,-0.1408314543942395,0.1288932275481492,0.000684635001184,0.1731937108048036,0.4608138532526761,0.0005054168142933,0.5247424026375005,-0.9210706366881763,0.0007020785172437,-0.8878565265576295,1
2022-07-07,1.1604215235092312,0.0017547423412852,1.2350229280033227,1.81587369851272,0.0011104577034629,1.8692939526896293,0.0714568890424509,0.0005719057992954,0.0929574604205477,1.2636279390612193,0.0005320723025942,1.30947160469742,0.6895924361291232,0.000872470360984,0.7363113431320509,0.3868307443398033,0.0013398116911202,0.4502397620710683,1.2914915538187124,0.0037099817297734,1.3608281299603842,0.4558906140814789,0.0006933097839576,0.5001910973381333,0.0485592548699712,0.0005065626194424,0.1124878042547956,1.5387489174413682,0.0007374162971044,1.5719630275719152,1
2022-07-08,0.1680043037170873,0.0017580865997091,0.2426057082111789,0.1908530782714809,0.0011146299757311,0.2442733324483905,-0.1236567094405489,0.0005698667957885,-0.1021561380624522,-0.2083097475141709,0.0005279252433139,-0.1624660818779701,-0.2138179211149869,0.0008679631531664,-0.1670990141120591,-0.2142818721316434,0.0013351829738191,-0.1508728544003784,0.556811984781711,0.003734529964754,0.6261485609233827,0.1830645127515082,0.000696816748557,0.2273649960081626,-0.0166378141142447,0.000506711484913,0.0472907352705796,0.0469607606735812,0.0007384238166746,0.0801748708041282,0
2022-07-11,-0.8340411398633361,0.0017394457160246,-0.7594397353692445,-1.62027463715356,0.001078600375237,-1.5668543829766504,0.0110517298676413,0.0005696669178038,0.032552301245738,-0.7249172897904284,0.0005125252307372,-0.6790736241542276,0.1408369041902693,0.0008709315122322,0.1875558111931971,-0.7075342992770091,0.0013203928855761,-0.644125281545744,-1.6812874896630563,0.0036564096606386,-1.6119509135213848,0.3939769228144937,0.0007042912108204,0.4382774060711481,-0.0343924686848605,0.0005065895356207,0.0295360806999638,-0.2847867288643244,0.0007318209709406,-0.2515726187337773,0
2022-07-12,0.2770820389604043,0.0017451893546489,0.3516834434544958,-0.7815102297380977,0.0010612448460917,-0.728089975561188,-1.183238645453255,0.0005532214195782,-1.1617380740751584,0.0046244904100611,0.000513046403787,0.0504681560462619,-0.2667015959310564,0.0008653242694076,-0.2199826889281287,-2.3063867905925,0.0012727018855256,-2.242977772861235,-0.2030981412856866,0.0036461616095703,-0.1337615651440148,-0.1143768526036791,0.0007021778401273,-0.0700763693470247,-0.2883374331332384,0.0005026035634922,-0.224408883748414,-0.6883429463833567,0.0007159885394039,-0.6551288362528097,0
2022-07-13,-0.2051502708436688,0.0017403672070344,-0.1305488663495773,-1.2430523528291844,0.0010337089552914,-1.1896320986522746,-0.2147272613356317,0.0005499728973456,-0.193226689957535,-0.5316312633377055,0.0005019020774398,-0.4857875977015047,0.0379743917405735,0.0008661285619821,0.0846932987435012,-0.2683800547971046,0.0012670512833127,-0.2049710370658395,0.3499831840213225,0.0036612373830727,0.4193197601629943,-0.2401746979074628,0.0006977034501611,-0.1958742146508084,0.1137839805217321,0.0005047387868083,0.1777125299065565,0.1648122849976334,0.0007197134320143,0.1980263951281804,1
2022-07-14,0.979448680354008,0.0017614497212636,1.0540500848480994,-0.5037634165321032,0.001022585910921,-0.4503431623551935,0.0918700862836878,0.0005508929799092,0.1133706576617845,-1.85470983450666,0.0004620363535544,-1.808866168870459,0.2285291683865271,0.0008709286381566,0.2752480753894549,0.2311212865760691,0.0012716793171185,0.2945303043073342,0.0629048522826645,0.0036631615943616,0.1322414284243362,0.47193116104597,0.000706616065579,0.5162316443026244,1.3838772893354316,0.0005261528222577,1.447805838720256,-1.019367941268456,0.000696364334709,-0.986153831137909,1
2022-07-15,0.5146177455828018,0.0017723356675608,0.5892191500768933,0.5963328571572514,0.0010357914203395,0.649753111334161,1.181475734509439,0.0005665830653665,1.2029763058875358,2.3270584286790297,0.0005130152215931,2.3729020943152306,1.1971338286475584,0.0008960151705092,1.243852735650486,0.50527481888985,0.0012819251178523,0.5686838366211151,0.1117795712349828,0.0036673122347509,0.1811161473766546,1.156745728731915,0.0007283584695922,1.2010462119885692,0.6606258832537508,0.0005365500684988,0.7245544326385752,0.7955102098944729,0.0007145019342503,0.82872432002502,0
2022-07-18,-1.1369051073628942,0.0017471780405943,-1.0623037028688025,-1.3035538836510554,0.0010070416978194,-1.2501336294741456,-1.8815155857515928,0.0005407587582565,-1.860015014373496,-0.577552520365102,0.0005009129636942,-0.5317088547289012,-0.2982240986790598,0.0008897451312576,-0.2515051916761321,-0.5900029338141313,0.0012696879229029,-0.5265939160828663,-0.0201158225447381,0.0036654403094708,0.0492207535969336,-0.8511078068933382,0.0007124191174241,-0.8068073236366838,-0.2361335993534583,0.000533339188017,-0.1722050499686339,0.8749469028521024,0.0007344103496179,0.9081610129826496,1
2022-07-19,1.3005229557273996,0.0017751766817479,1.375124360221491,2.176321466737652,0.0010550622019706,2.2297417209145616,-1.2297310891898687,0.0005238089545254,-1.208230517811772,1.2370112352324043,0.0005281301916256,1.2828549008686054,1.4710848181477187,0.0009204821299541,1.5178037251506464,1.0731914122044297,0.0012915457454238,1.1366004299356949,0.4406558264804394,0.003684556091881,0.5099924026221112,1.8196486993866008,0.0007465170457294,1.8639491826432548,0.3905920159114091,0.000539618975051,0.4545205652962334,1.2071598516445157,0.0007618416455282,1.2403739617750629,1
2022-07-20,0.6206126503882844,0.0017883172199121,0.6952140548823759,-0.0132004053509232,0.0010547662816634,0.0402198488259864,-0.4945681219883402,0.0005168304269968,-0.4730675506102435,-0.0548849085300882,0.00052734322166,-0.0090412428938874,0.0934777494716747,0.0009223793254017,0.1401966564746024,0.5144287210547345,0.0013019221703809,0.5778377387859995,0.1281805150009889,0.0036894148918527,0.1975170911426606,-0.1255753539164131,0.0007441611671974,-0.0812748706597588,0.5536444455343486,0.000548349206669,0.617572994919173,0.5076206581927782,0.0007732944629526,0.5408347683233253,1
2022-07-21,0.7021528579958649,0.0018032007567502,0.7767542624899564,0.1430486342731023,0.0010579074653235,0.1964688884500119,0.2698124816102065,0.0005201840538878,0.2913130529883032,0.3067276082722158,0.0005343708097934,0.3525712739084167,0.8409962787512997,0.0009398665427886,0.8877151857542274,0.4729103601701139,0.0013114268545639,0.536319377901379,2.338364156145339,0.0037946892680682,2.407700732287011,0.7471155825615053,0.0007581124095098,0.7914160658181597,1.0192838600489542,0.000564090093616,1.0832124094337785,-0.8549326276155342,0.000753753331331,-0.8217185174849871,0
2022-07-22,-0.4919910942134874,0.0017921235679675,-0.4173896897193959,-2.917982084712032,0.0009937944882539,-2.864561830535122,0.3703643097554678,0.0005248857785492,0.3918648811335644,-0.2972545836030296,0.0005283479730281,-0.2514109179668288,-0.5165873854294595,0.0009290252609425,-0.4698684784265318,-0.9892424528152662,0.0012910610875893,-0.9258334350840012,-0.0207115789319884,0.0037926563484614,0.0486249972096832,-0.7339906176483201,0.0007443963525458,-0.6896901343916657,-0.2539882342782533,0.0005605935258258,-0.1900596848934289,-0.4089948263766209,0.0007443798878214,-0.3757807162460739,1
2022-07-25,-0.4553054439869168,0.0017818667414495,-0.3807040394928253,-0.2372500035014846,0.0009886513327181,-0.183829749324575,0.1421961750250228,0.000526504387146,0.1636967464031195,0.1616780285688653,0.0005322318884366,0.2075216942050661,0.0047354328523857,0.000929059414799,0.0514543398553134,-0.3850417181976844,0.0012830615080825,-0.3216327004664194,-0.4138559488585921,0.003772804125448,-0.3445193727169204,0.1154234659035663,0.0007465425335259,0.1597239491602207,-0.1703992609090076,0.0005583639653951,-0.1064707115241832,1.6057863811594644,0.0007807174196404,1.6390004912900116,0
2022-07-26,-0.5288151035877353,0.0017700402879299,-0.4542136990936437,-1.2313598515028723,0.0009617289483577,-1.1779395973259623,0.5647762670185795,0.0005338037081656,0.5862768383966762,-0.8546488852899617,0.0005142223926475,-0.808805219653761,-0.5031355972519885,0.0009185340376383,-0.4564166902490608,-1.5287928566955489,0.0012517826450805,-1.4653838389642837,-0.9472860551251198,0.0037288392031105,-0.877949478983448,-0.5417395017984816,0.0007364491934404,-0.4974390185418273,-5.698215594664638,0.0004729599797158,-5.634287045279813,-0.2246447451330426,0.0007755107401326,-0.1914306350024956,1
2022-07-27,1.6871310339740573,0.0018061924575219,1.761732438468149,3.840217095539148,0.0010459107189638,3.8936373497160575,-0.2505396318073207,0.000530131791895,-0.229039060429224,0.7849219096894385,0.000531518866473,0.8307655753256393,0.2659357218264453,0.00092400452443,0.312654628829373,3.595478916496801,0.0013248337417966,3.658887934228066,1.4484521062423377,0.0037933449912944,1.5177886823840094,-0.6135590749859777,0.0007250427205605,-0.5692585917293234,2.7360574310316186,0.0005145189563452,2.799985980416443,1.0320280415962717,0.0007987502912055,1.0652421517268185,1
2022-07-28,0.1092030995943407,0.0018081563842165,0.1838045040884322,0.4684015638357457,0.0010561600903733,0.5218218180126554,0.4570301773745197,0.0005359647208046,0.4785307487526163,-0.2390191716037604,0.0005267772039131,-0.1931755059675595,1.387216492067239,0.0009527242053729,1.4339353990701666,1.4986613284875585,0.0013551071648976,1.5620703462188237,0.4752877313661951,0.003813734510039,0.5446243075078668,0.2060713834755372,0.0007288871513179,0.2503718667321916,1.7854843017166262,0.0005417136213108,1.8494128511014505,0.5418545142445446,0.0008108593614456,0.5750686243750915,1
2022-07-29,1.61294829303416,0.0018425841437035,1.6875496975282518,0.881654739065192,0.0010754149205943,0.9350749932421016,0.130733561593336,0.0005374101506682,0.1522341329714327,0.2021694897786444,0.0005315146063717,0.2480131554148452,0.157142371526009,0.0009558900978301,0.2038612785289367,0.7939672486669269,0.0013710072139368,0.857376266398192,1.354776201212339,0.0038737745493144,1.4241127773540108,0.1710223384022015,0.0007320726881574,0.2153228216588559,1.249386675654911,0.0005608078550082,1.3133152250397353,2.245855828652342,0.0008614121431227,2.279069938782889,0
2022-08-01,-0.3912699273918769,0.0018337093230662,-0.3166685228977853,-0.691781682712834,0.0010602907028562,-0.6383614285359244,-0.3111787947877376,0.0005329343934839,-0.2896782234096408,-0.5619627977729498,0.0005198603426924,-0.516119132136749,-0.5392876253829006,0.000944633347658,-0.4925687183799729,-0.5956200478439654,0.0013586930593531,-0.5322110301127003,-0.05884188117304,0.0038699482862454,0.0104946949686316,-0.2560221576881757,0.0007273359465542,-0.2117216744315213,0.210976549311406,0.0005643036758033,0.2749050986962303,-1.277178894530368,0.0008324027088537,-1.243964784399821,0
2022-08-02,-0.5525254407844633,0.001821380143317,-0.4779240362903717,0.0661294507139127,0.0010617211946745,0.1195497048908224,-0.4933115744795596,0.0005260321883124,-0.4718110031014629,-0.8527212643357729,0.0005020056712172,-0.8068775986995721,-0.2807500312545056,0.0009387471718888,-0.2340311242515779,-0.6914311174244259,0.0013444654468493,-0.6280220996931608,0.2047637737651111,0.0038780020027775,0.2741003499067828,-1.4891939179981952,0.0006997783893129,-1.444893434741541,0.0143522636291405,0.0005648494570443,0.0782808130139649,-0.2467799689178222,0.0008266689595803,-0.2135658587872752,1
2022-08-03,1.893650687840619,0.0018617195462625,1.9682520923347109,1.24976325134081,0.0010889211507924,1.30318350551772,0.7789235064602769,0.0005361449857403,0.8004240778383735,0.4975291347585838,0.0005130725406277,0.5433728003947846,0.7398784553172024,0.0009539535393997,0.7865973623201301,1.4601074693231897,0.0013738029405079,1.5235164870544546,0.4883882626144241,0.0038987967814691,0.5577248387560959,0.6001997729689938,0.000710922701148,0.6445002562256482,-1.2812266609066325,0.000546028439728,-1.2172981115218082,-1.6288990316150225,0.0007898479746193,-1.5956849214844755,0
2022-08-04,-0.1737399556433249,0.0018575290379887,-0.0991385511492334,-0.0060417699916494,0.0010887470775466,0.0473784841852602,-1.3506652557104275,0.0005178111378653,-1.3291646843323308,-0.6154740852446949,0.0005003340073089,-0.5696304196084943,0.2470173349071207,0.0009589582389228,0.2937362419100484,0.1652349485877764,0.001376904443655,0.2286439663190414,0.0296999155039965,0.0038989341996903,0.0990364916456683,1.3889530382350952,0.0007366132681368,1.4332535214917497,-2.862798987007667,0.0005036347535003,-2.7988704376228424,-2.104115005084389,0.0007424271455789,-2.0709008949538426,0
2022-08-05,-0.1460772021565594,0.0018539417724708,-0.0714757976624678,-0.3632516717647025,0.0010808126320114,-0.3098314175877928,-0.3495560457407066,0.0005128651525104,-0.3280554743626099,1.5207857135515124,0.000533217460412,1.5666293791877133,0.1701198397346127,0.0009623671890749,0.2168387467375404,-0.2061886682134912,0.0013725004255816,-0.1427796504822262,-1.7015463399209625,0.0038213629941397,-1.6322097637792907,0.6289304393653665,0.0007482224151641,0.6732309226220209,0.531961990587002,0.0005119656057292,0.5958905399718264,0.6780001391028608,0.0007575748988448,0.7112142492334078,0
2022-08-08,-0.2239921648577545,0.0018486912617516,-0.149390760363663,-0.1270181410507871,0.001078022456267,-0.0735978868738774,-0.4622718706951357,0.0005064289539792,-0.4407712993170391,-0.6764519995189048,0.0005191848075267,-0.630608333882704,-0.8491037274443227,0.0009447878276557,-0.802384820441395,-0.5644753726551087,0.0013608806672392,-0.5010663549238437,0.1231578101581265,0.003825775876103,0.1924943862997983,-0.7516602591653492,0.0007343581079966,-0.7073597759086948,0.5389581614795301,0.0005203822961342,0.6028867108643545,0.2449915009620311,0.000762978075097,0.2782056110925781,0
2022-08-09,-0.058998805069965,0.0018469872977865,0.0156025994241265,-0.3439332961409351,0.0010705361173588,-0.2905130419640255,-0.031223703645113,0.0005057412495473,-0.0097231322670163,0.4204870052784078,0.0005285432583754,0.4663306709146085,-0.9024086800816652,0.0009261511537182,-0.8556897730787375,0.3231776088114056,0.001367167830309,0.3865866265426706,-0.6703127340006645,0.003794642026334,-0.6009761578589927,-0.9032518071961868,0.0007177332323796,-0.8589513239395326,0.6675935932421995,0.0005306947179871,0.7315221426270239,0.874182759899612,0.0007824647292876,0.9073968700301592,1
2022-08-10,1.2733921477676209,0.0018738020135932,1.3479935522617124,1.2853305327491578,0.0010983467690399,1.3387507869260675,0.2171360930573854,0.0005083553907363,0.2386366644354821,1.3047856898058767,0.0005566921773843,1.3506293554420776,1.0116119425918322,0.0009468689894473,1.05833084959476,1.2665845196430927,0.0013924246473902,1.3299935373743577,0.8884247482533326,0.0038333107220834,0.9577613243950044,0.4797079217199493,0.0007265803210094,0.5240084049766037,0.0912896242580535,0.0005324175909948,0.155218173642878,0.433993571922423,0.0007920580288727,0.4672076820529701,0
2022-08-11,-0.3026538812545636,0.0018668653701914,-0.2280524767604721,-0.4188285269550126,0.0010892345261813,-0.365408272778103,-1.735701129680087,0.0004850420376516,-1.7142005583019904,0.7194406161743386,0.0005723412150965,0.7652842818105394,-0.4715641127236833,0.0009371107249318,-0.4248452057207557,-0.4684636117370108,0.0013827511698449,-0.4050545940057458,-0.715526751150577,0.0038002165490732,-0.6461901750089052,-0.2267170137602121,0.0007224296953256,-0.1824165305035577,0.6505522391737523,0.0005424410398158,0.7144807885585767,1.3904749342563651,0.0008230105510657,1.423689044386912,1
2022-08-12,1.0279680745804645,0.0018883584528721,1.102569479074556,1.1620078520356851,0.0011142989157315,1.215428106212595,-0.9338663417096996,0.0004724116917646,-0.9123657703316028,0.8117200204820968,0.0005899145417346,0.8575636861182977,0.517632300458568,0.0009476470761787,0.5643512074614957,0.8690692760288518,0.0013999540180423,0.9324782937601168,1.0815319069635485,0.0038474142711384,1.15086848310522,0.0266290404991407,0.0007229374826825,0.0709295237557951,1.3057326267829958,0.000562160396522,1.36966117616782,0.394567887031196,0.0008316578925322,0.4277819971617431,1
2022-08-15,0.2513212299595836,0.0018932378166378,0.3259226344536752,0.1137702912711766,0.0011166842206848,0.1671905454480863,0.3745918850591625,0.0004771392721228,0.3960924564372591,0.0940438400824715,0.0005922329275455,0.1398875057186723,0.8129732135373651,0.0009642065409688,0.8596921205402928,0.2290911975830229,0.0014042836859815,0.2925002153142879,0.6929077155334484,0.003877179567126,0.7622442916751202,1.3979447932722795,0.0007485822897256,1.442245276528934,0.1490185836248879,0.0005646983788644,0.2129471330097123,-0.912809822792762,0.000811126454196,-0.8795957126622149,1
2022-08-16,-0.1221441107501756,0.0018901488838762,-0.0475427062560841,-0.2117321387108864,0.0011120466953318,-0.1583118845339767,0.7170036355040904,0.0004863866691048,0.7385042068821871,0.4488027513775205,0.0006020596741389,0.4946464170137213,-0.1509938892733744,0.0009610169111289,-0.1042749822704467,-0.2051639785115054,0.0013999039782426,-0.1417549607802404,-0.2887289962141721,0.0038631562608099,-0.2193924200725003,0.1549107954301888,0.0007514092928034,0.1992112786868431,3.718686598691991,0.0006200616447482,3.782615148076816,-0.4916638910323844,0.0008000229940636,-0.4584497809018374,0
2022-08-17,0.3774534704131151,0.0018977002114202,0.4520548749072067,-0.9519185593113212,0.0010914789180178,-0.8984983051344114,-0.0165542340968397,0.0004859193040002,0.004946337281257,-0.4813627934571875,0.0005921864799093,-0.4355191278209867,-0.6317956961785642,0.0009480128138109,-0.5850767891756365,-0.2076788457525507,0.0013954835368668,-0.1442698280212857,-0.2754419272759875,0.0038497548481352,-0.2061053511343157,-0.7668072057546756,0.0007373707367079,-0.7225067224980213,0.015789175568889,0.0006205610220603,0.0797177249537134,0.3649795920226569,0.0008080086068719,0.3981937021532039,1
2022-08-18,-0.1925229511100035,0.0018931168429119,-0.1179215466159119,0.2103376420175134,0.0010959587282401,0.263757896194423,-0.4220961036634616,0.0004800992923436,-0.4005955322853649,-0.4470547172561061,0.0005830599114084,-0.4012110516199053,0.2596018597197431,0.0009532260428938,0.3063207667226708,-0.2794691400452171,0.001389637666544,-0.216060122313952,-0.1605741882102417,0.0038414879175342,-0.09123761206857,0.1594680977512783,0.0007402870877672,0.2037685810079326,-0.3028818440763012,0.0006163533168922,-0.2389532946914769,1.1304405811160778,0.0008329935749575,1.1636546912466248,0
2022-08-19,-0.851750893798663,0.0018745430765716,-0.7771494893045715,-1.3061759092518124,0.0010678409965279,-1.2527556550749026,1.2407683475998963,0.0004962199396565,1.2622689189779932,-1.3269543018216408,0.0005553789832574,-1.28111063618544,-0.5088363741212676,0.0009427651141098,-0.4621174671183399,-0.8216488373889475,0.001372978143557,-0.7582398196576824,-0.5735471924652958,0.0038149050316285,-0.5042106163236241,-0.7203050369606111,0.0007271400956508,-0.6760045537039567,-1.156051960158809,0.0005995693474435,-1.0921234107739846,-0.1896483413612672,0.0008286093381763,-0.1564342312307202,0
2022-08-22,-1.2596925102539636,0.001847355623619,-1.185091105759872,-1.3421546027968037,0.0010390123695926,-1.288734348619894,-0.3122382019425804,0.0004918484879307,-0.2907376305644837,-0.9012409258750284,0.0005367353125668,-0.8553972602388277,-1.374025872113077,0.0009147114733992,-1.3273069651101492,-1.6700632152065091,0.0013394320602214,-1.6066541974752442,-0.629728350460554,0.0037858887352975,-0.5603917743188822,-1.2288547917360506,0.0007047502675518,-1.184554308479396,-1.3886550600632648,0.000579394546599,-1.3247265106784405,-0.0698401109834318,0.0008268922944013,-0.0366260008528848,1
2022-08-23,-0.1790334497040984,0.0018431280109165,-0.1044320452100069,-0.2225864160037506,0.0010342520982735,-0.1691661618268409,-0.7435048644231854,0.0004818119269296,-0.7220042930450887,-0.5561565550154111,0.0005254010015819,-0.5103128893792104,-0.7636906744874847,0.0008991320991494,-0.716971767484557,-0.3215447602924772,0.0013328280917313,-0.2581357425612122,0.4859956529022828,0.0038063604983732,0.5553322290439546,-0.563845987998182,0.0006945200494785,-0.5195455047415276,-0.3777217761983794,0.0005741439130351,-0.313793226813555,2.0555975002927,0.0008722746461415,2.088811610423247,1
2022-08-24,0.0177217668456261,0.0018430745607411,0.0923231713397176,-0.1293584771200024,0.0010314989887576,-0.0759382229430928,-0.2958833183188195,0.0004776806585986,-0.2743827469407228,0.0796479519163987,0.0005274690872491,0.1254916175525995,-0.2323272858677736,0.0008943818359332,-0.1856083788648459,-0.1920976866745384,0.0013288149074227,-0.1286886689432734,-0.0159136496230576,0.0038045781077291,0.0534229265186141,-0.0819500905736329,0.0006930785844979,-0.0376496073169785,0.472356409857096,0.00058140358998,0.5362849592419203,0.2580507336075546,0.0008777712998954,0.2912648437381016,1
2022-08-25,0.6933280306400661,0.0018573070275763,0.7679294351341577,1.2707352715019111,0.0010587069711826,1.324155525678821,0.7543090776740152,0.0004873468292087,0.7758096490521119,1.183643174838168,0.0005527361090653,1.2294868404743688,0.7361688495484913,0.0009092964504985,0.782887756551419,0.5438420019996208,0.0013394419905501,0.6072510197308859,-0.1544066521365396,0.0037966779308908,-0.0850700759948678,0.8683780759400678,0.0007089094497071,0.912678559196722,0.4301217162998896,0.0005880271583364,0.494050265684714,0.2213959599325846,0.0008824455589796,0.2546100700631316,0
2022-08-26,-2.0146258890486197,0.0018143106820558,-1.9400244845545276,-2.804574375310007,0.0009987590538046,-2.751154121133097,-1.4397405959024423,0.000468216633352,-1.4182400245243458,-1.7402896377331332,0.0005165606674022,-1.6944459720969325,-2.02398167242521,0.0008682253761912,-1.977262765422282,-2.1753432606141376,0.001296043441312,-2.111934242882872,-0.7328532214775872,0.0037632542354665,-0.6635166453359156,-2.022045586462615,0.0006722387306979,-1.9777451032059603,-2.392302305805023,0.0005532278718226,-2.3283737564201985,-0.6391486158912556,0.0008681038056774,-0.6059345057607086,0
2022-08-29,-0.7791002888045535,0.0017974763558241,-0.704498884310462,-0.4774773205940011,0.0009886215971695,-0.4240570664170914,-0.6622334865038256,0.0004593140524104,-0.6407329151257289,-0.1722654686393379,0.0005133484729523,-0.1264218030031371,-0.4682971127320903,0.0008587458006776,-0.4215782057291626,-0.6472792102016108,0.0012830532612441,-0.5838701924703458,-0.3487587473450897,0.0037468439902518,-0.279422171203418,-0.2095853839924036,0.0006685118245142,-0.1652849007357492,0.6566629947845524,0.0005631876816617,0.7205915441693768,1.098224407819487,0.0008921228784714,1.131438517950034,0
2022-08-30,-0.86222967415781,0.0017789264821141,-0.7876282696637185,-0.2765262527718572,0.0009827915031144,-0.2231059985949475,-0.3113235086701309,0.0004550230467301,-0.2898229372920342,-0.0367927912151808,0.0005129813054363,0.0090508744210199,-0.2974410348424754,0.0008527428381974,-0.2507221278395477,-0.5297613143228695,0.0012724200810508,-0.4663522965916045,-0.6847287232341924,0.0037156671239729,-0.6153921470925207,-0.3254638019141233,0.0006626941324681,-0.2811633186574689,-0.2869363879644635,0.0005593121450439,-0.2230078385796391,-1.906060036207852,0.0008498816305433,-1.8728459260773047,0
2022-08-31,-0.6218802949547649,0.001765477003753,-0.5472788904606734,-0.3895591675640634,0.0009745661755051,-0.3361389133871537,-0.5776542870782803,0.0004472597164283,-0.5561537157001836,-0.3535576462548925,0.0005059861181293,-0.3077139806186917,-0.6093738275776683,0.0008404499916901,-0.5626549205747406,-0.3756133099719466,0.0012648613427408,-0.3122042922406815,-0.2546123838155184,0.0037034874156197,-0.1852758076738466,-0.8382216301565559,0.0006476116833469,-0.7939211468999016,-0.0247796684825194,0.0005592786687882,0.0391488809023049,-0.4011414448670614,0.0008408612756294,-0.3679273347365144,1
2022-09-01,0.1676100407355845,0.0017686601991717,0.242211445229676,0.6609215696203683,0.0009887121394859,0.714341823797278,2.033236629789626,0.0004736072551594,2.0547372011677227,0.3092386474857383,0.0005128611422403,0.3550823131219392,0.0987438016094987,0.0008424764418219,0.1454627086124264,-0.2873874504032945,0.0012590635299679,-0.2239784326720294,0.0691107676818132,0.0037055658443515,0.1384473438234849,0.3836153348192554,0.0006546447364992,0.4279158180759098,1.0148451566044787,0.0005744318201887,1.0787737059893032,-0.9187566543186632,0.000820477966947,-0.8855425441881163,0
2022-09-02,-0.775034508679182,0.0017520334358066,-0.7004331041850904,-0.9293512234404018,0.0009690242198546,-0.875930969263492,-1.3247639383762535,0.0004560951077206,-1.303263366998157,-0.4075562224544948,0.000504753645546,-0.3617125568182941,-0.4901927638522843,0.0008326242303926,-0.4434738568493566,-0.9755933762281562,0.0012396844863256,-0.9121843584968912,-0.6866386790595373,0.0036744508410375,-0.6173021029178656,-0.7534388329185271,0.0006411342644724,-0.7091383496618727,-0.8793046464911567,0.0005619128982553,-0.8153760971063323,0.8685542368355258,0.0008393996206173,0.9017683469660728,0
2022-09-06,-0.4973584257630776,0.001741269702793,-0.422757021268986,-0.5438553804026124,0.0009575641846549,-0.4904351262257028,0.2025746465653525,0.0004585223090699,0.2240752179434492,-0.0321765952986693,0.0005044936341179,0.0136670703375314,0.2059656051321556,0.0008368142519727,0.2526845121350833,-0.6640333731060045,0.0012264947317089,-0.6006243553747395,0.3142167084469875,0.0036873084062798,0.3835532845886593,0.2221624817656786,0.0006452474086332,0.2664629650223329,-0.4315767257314722,0.0005559471761915,-0.3676481763466478,-0.3627175883303916,0.0008312629335407,-0.3295034781998445,1
2022-09-07,0.4016127702822077,0.0017493740333171,0.4762141747762993,1.2036642033590186,0.0009831945134665,1.2570844575359283,0.4305301792236495,0.0004639113754601,0.4520307506017462,0.9373517658791372,0.0005244355813368,0.983195431515338,0.7044170501256599,0.0008510234483487,0.7511359571285876,0.9825958399934912,0.0012457882549656,1.046004857724756,0.7631454878389698,0.0037198105235328,0.8324820639806416,0.4922968584331489,0.0006542181490062,0.5365973416898033,1.8394793354229628,0.0005830619288099,1.903407884807787,-0.4530576716379852,0.0008211636311121,-0.4198435615074382,1
2022-09-08,-0.569538621952597,0.0017371249042466,-0.4949372174585055,-0.5506313052652475,0.0009716003415073,-0.4972110510883378,0.6452843675796364,0.0004720810864787,0.6667849389577329,1.1602480368603294,0.0005489738823102,1.2060917024965303,0.1898699597557528,0.0008548611378189,0.2365888667586805,0.0277801663649374,0.0012462411994367,0.0911891840962024,0.4131197371792767,0.0037369208113621,0.4824563133209484,0.042345172667269,0.0006550724118607,0.0866456559239234,0.3126735555755061,0.000587911217396,0.3766021049603305,0.3693292880862374,0.0008290926238042,0.4025433982167845,1
2022-09-09,0.8949125868622014,0.0017555348701351,0.969513991356293,1.0118186695254092,0.0009931000173809,1.065238923702319,0.1388551771952154,0.000473655645827,0.1603557485733121,0.2029735376426919,0.000553556224539,0.2488172032788927,0.892218899245211,0.0008727905200204,0.9389378062481388,1.1941572964964913,0.0012696327992767,1.2575663142277562,0.8174545888002183,0.0037716742817798,0.88679116494189,1.2952507232718602,0.0006784473346221,1.339551206528515,0.1587331969966203,0.0005905134504095,0.2226617463814447,0.7912686128552631,0.0008462331516865,0.8244827229858102,1
2022-09-12,1.907018324655564,0.0017950532479761,1.9816197291496556,0.043100274163483,0.0009940728056501,0.0965205283403927,-0.0565266040992624,0.0004726919055016,-0.0350260327211657,0.5667201117376793,0.000565683401386,0.6125637773738801,0.3636079652014866,0.0008800806651572,0.4103268722044144,0.3898206823915064,0.0012771718774117,0.4532297001227715,0.320035892917863,0.0037846261814371,0.3893724690595347,0.3729965796516845,0.000685211176855,0.4172970629083389,0.6020098151398289,0.0005995435749682,0.6659383645246533,0.5328790316445977,0.0008576914298453,0.5660931417751448,0
2022-09-13,-3.094283274919352,0.0017300965156881,-3.01968187042526,-3.053780601887828,0.0009296395517526,-3.000360347710918,-2.1780145776795785,0.0004442352860642,-2.1565140063014816,-1.8448735056608885,0.0005277516950747,-1.7990298400246878,-2.1032777719873166,0.0008379377537689,-2.0565588649843884,-3.072454274090211,0.001216747020893,-3.009045256358946,-1.063188611624826,0.0037371970652774,-0.9938520354831542,-2.06127269980676,0.0006482955461178,-2.0169722165501054,-1.5932311378157165,0.0005767279300018,-1.5293025884308922,-1.18279020491531,0.000831680798018,-1.149576094784763,1
2022-09-14,0.4171320073485933,0.0017384929358574,0.4917334118426849,0.2781031819444058,0.0009356361145258,0.3315234361213154,1.6891841912594974,0.0004659057000262,1.710684762637594,-0.1659402237727813,0.0005246964929872,-0.1200965581365805,0.0208261741952521,0.0008383903104629,0.0675450811981798,-0.013460081280817,0.0012164207029936,0.0499489364504479,0.8137983382442188,0.0037716790126368,0.8831349143858905,-0.1222744248795966,0.0006462027855667,-0.0779739416229423,-0.2282900162728438,0.0005737287848307,-0.1643614668880194,1.1748446871032368,0.0008571258994288,1.2080587972337835,0
2022-09-15,-1.0487390002181305,0.0017163403915082,-0.9741375957240388,-1.0657607932297923,0.0009132991973206,-1.0123405390528826,0.1898844818239102,0.0004681400609948,0.2113850532020069,0.7344046512215684,0.0005402870666665,0.7802483168577692,-1.5095701429705315,0.000808250256414,-1.462851235967604,-1.5476840884187375,0.0011860502189065,-1.4842750706874726,0.0234040288553768,0.0037716742910054,0.0927406049970485,-1.2574745949757076,0.0006237953973823,-1.213174111719053,-0.8601513093568112,0.0005615950476055,-0.7962227599719868,-1.464265190350741,0.0008250416383179,-1.4310510802201943,0
2022-09-16,-0.6386091007743755,0.0017027682680877,-0.5640076962802839,-0.1077866214079355,0.0009111768693126,-0.0543663672310259,1.2436513914694611,0.0004839828214089,1.2651519628475578,-0.3928442119140543,0.0005325325762936,-0.3470005462778535,-0.356297038878702,0.0008012032494066,-0.3095781318757743,-0.2061545546636847,0.0011819879503392,-0.1427455369324197,-0.1017540989683572,0.0037662261896938,-0.0324175228266855,-0.6787451554083902,0.0006117836628087,-0.6344446721517358,-0.2193691541552282,0.0005587474451115,-0.1554406047704038,-0.8739682579143612,0.000805867866024,-0.8407541477838141,1
2022-09-19,1.2161654243455555,0.0017277735391354,1.2907668288396472,0.0801620716724432,0.000913011444488,0.1335823258493529,-0.6742334429602679,0.0004750418221787,-0.6527328715821712,0.4317262925700795,0.0005418286799782,0.4775699582062802,-0.2338880673279981,0.0007966129590659,-0.1871691603250704,-0.1125992886211645,0.0011797625545271,-0.0491902708898994,0.3948524412364407,0.0037823651033433,0.4641890173781125,-0.0969629749639318,0.0006101887513824,-0.0526624917072774,0.570213646059005,0.0005673042491768,0.6341421954438294,-0.0385069661576028,0.0008048909534357,-0.0052928560270558,0
2022-09-20,0.7315603678504671,0.0017426644409455,0.8061617723445585,-1.0057703483091691,0.0008920304798221,-0.9523500941322596,-0.674412765924472,0.0004661176159976,-0.6529121945463753,-1.0667479477716684,0.0005201824580047,-1.0209042821354677,-0.1764796487366632,0.0007931763564293,-0.1297607417337354,-0.5267531658379243,0.0011694574910154,-0.4633441481066592,-0.0964172909949097,0.0037771488344915,-0.027080714853238,-0.3729625220067826,0.0006036729254985,-0.3286620387501283,-0.494131303669076,0.0005604944384287,-0.4302027542842516,-0.4345378880337618,0.0007953189679983,-0.4013237779032148,0
2022-09-21,-1.1175954654443412,0.0017191740015385,-1.0429940609502495,-0.9887448407898418,0.0008714515627562,-0.935324586612932,-0.870528025362683,0.0004546870370454,-0.8490274539845863,-1.5387105347445706,0.0004888534300277,-1.4928668691083695,-1.547788390372934,0.0007624525255653,-1.5010694833700062,-0.8535175098447918,0.0011528026810155,-0.7901084921135267,-0.7016586698862832,0.0037457047603889,-0.6323220937446115,-1.6187008577060236,0.0005749685423774,-1.5744003744493693,0.6128740289747491,0.0005696456390749,0.6768025783595734,-0.8264866271439594,0.0007772679513172,-0.7932725170134124,0
2022-09-22,-0.4026691414114937,0.0017105446653625,-0.3280677369174021,0.3871455032416734,0.0008797575136465,0.440565757418583,1.4504705944062757,0.0004731369990375,1.471971165784372,-0.6349608003564843,0.000476201184778,-0.5891171347202835,-1.1279127321655875,0.0007401425099471,-1.08119382516266,0.4015657614436612,0.0011606307913863,0.4649747791749262,-1.0686006948738742,0.0036984367078095,-0.9992641187322024,-0.4381358712012922,0.0005673438286783,-0.3938353879446379,-0.8225538999964987,0.0005581219491256,-0.7586253506116744,-0.2388354501723822,0.0007719851340282,-0.2056213400418352,0
2022-09-23,-0.8528699609341349,0.0016926169015888,-0.7782685564400433,-0.7644519811401984,0.0008639320492575,-0.7110317269632888,0.2478028169509951,0.0004760936210212,0.2693033883290918,-1.0095110557638889,0.0004558713758022,-0.963667390127688,-0.9057421968897243,0.0007222926821831,-0.8590232898867968,-0.758393121264763,0.0011458717825583,-0.6949841035334979,-1.2004478178605351,0.0036455655585446,-1.1311112417188638,-0.6341148235665041,0.0005562499135605,-0.5898143403098497,-1.9134782618559525,0.0005309414464619,-1.849549712471128,-2.652371002422519,0.0007144871936906,-2.619156892291972,0
2022-09-26,0.0417136967491327,0.0016932208001158,0.1163151012432242,-0.3470203127500972,0.0008568717129697,-0.2936000585731876,-0.5285465777055617,0.0004690786289152,-0.507046006327465,-1.1606039911327553,0.000432480141058,-1.1147603254965543,-0.6804749309677712,0.0007089502483206,-0.6337560239648437,-0.1715279617755145,0.0011425512328414,-0.1081189440442495,-0.0085352629651228,0.0036443147950944,0.0608013131765488,-1.141260418412293,0.0005361697276141,-1.0969599351556387,0.648098122751305,0.0005406006662383,0.7120266721361294,-1.049081763380757,0.0006917681770464,-1.0158676532502098,0
2022-09-27,0.2632912651525528,0.0016983991683936,0.3378926696466444,-0.4005324815610265,0.0008487082532145,-0.3471122273841169,-0.401611812154491,0.0004637061663742,-0.3801112407763944,-0.5015618646387541,0.0004226663289663,-0.4557181990025533,-0.7176205618720702,0.0006948999676952,-0.6709016548691427,-0.3031308098627302,0.0011366824588187,-0.2397217921314652,0.5487519627501417,0.0036671239807801,0.6180885388918135,-0.9462081232309392,0.0005195938082416,-0.9019076399742848,-0.2670123967699692,0.0005371131711365,-0.2030838473851448,0.9981999612922824,0.0007133043168357,1.0314140714228297,1
2022-09-28,-0.7256547623601282,0.001683165699048,-0.6510533578660366,1.2767517525684462,0.0008755715473109,1.330172006745356,0.6920088257972036,0.0004723531649669,0.7135093971753003,1.0008492669716484,0.0004436795809134,1.0466929326078491,0.6457900720620356,0.0007078728360532,0.6925089790649633,1.0154394026142988,0.0011564011363091,1.078848420345564,0.3543814303016612,0.0036815029493507,0.4237180064433329,0.3967153484582196,0.0005268606107355,0.441015831714874,1.1581065294929254,0.0005540530367541,1.2220350788777496,1.7576908921766046,0.0007511769791428,1.7909050023071518,0
2022-09-29,-2.602292122843905,0.0016292926750962,-2.527690718349814,-1.390358438060867,0.0008467671572065,-1.3369381838839571,-0.9331701248986228,0.0004601871783736,-0.911669553520526,-0.9231779435337872,0.0004252388362432,-0.8773342778975864,-0.6768096922448226,0.0006946606292446,-0.6300907852418949,-0.8739328955668499,0.0011394705839962,-0.8105238778355849,-1.7457961227475816,0.0036053820504203,-1.6764595466059098,0.2497879634448147,0.0005315100147866,0.2940884467014691,-0.5425975117881207,0.0005466141118339,-0.4786689624032962,-0.1329052799217868,0.0007482323351684,-0.0996911697912397,0
2022-09-30,-1.6204310064697884,0.0015957455658995,-1.5458296019756967,-0.9774699487321314,0.0008266236251264,-0.9240496945552216,-0.6108712584876319,0.0004521665080475,-0.5893706871095352,-0.8553946466442226,0.0004082240806843,-0.8095509810080218,-0.5010741496794758,0.0006849483216355,-0.4543552426765481,-1.1234667415228985,0.001117746196523,-1.060057723791633,-0.3410169414243079,0.00358987200916,-0.2716803652826361,-0.845770292398069,0.0005167685122963,-0.8014698091414146,-1.4924395199993772,0.0005256098775422,-1.428510970614553,-0.7935491326739009,0.0007310740089999,-0.7603350225433538,1
2022-10-03,1.5079370397945735,0.0016265992947145,1.5825384442886652,1.5364341996840511,0.0008588280710255,1.589854453860961,-0.1026747961574173,0.0004506515749279,-0.0811742247793206,1.5543963756351602,0.0004405000952612,1.600240041271361,1.1111267259445567,0.0007070742004683,1.1578456329474844,1.7789893419019716,0.0011521851147278,1.8423983596332365,-2.190009421039159,0.0034949142937016,-2.120672844897487,1.3039775910321167,0.0005400482424474,1.3482780742887712,1.5526264183954133,0.0005481431097498,1.616554967780237,2.565374370475914,0.0007861740913399,2.598588480606461,1
2022-10-04,1.2439553797530236,0.0016519651751786,1.318556784247115,1.4933934005287592,0.0008900698531042,1.546813654705669,1.207439525368471,0.0004658499846879,1.228940096746568,2.3762585982047666,0.0004894885128565,2.4221022638409675,1.9449795653009732,0.0007455924295138,1.9916984723039013,1.7871938443842346,0.0011867096850585,1.8506028621154995,0.6456260319440723,0.0035219206636586,0.7149626080857441,1.2742984565262527,0.0005627548244617,1.318598939782907,0.8975854840624093,0.0005612825710679,0.9615140334472336,1.760417996452624,0.0008238681611917,1.793632106583171,1
2022-10-05,0.0310741979497999,0.0016523892146194,0.1056756024438914,-0.1584969691066799,0.000886948316382,-0.1050767149297703,-0.2766903668037461,0.0004621066257441,-0.2551897954256494,-0.6850640301445564,0.0004759339212977,-0.6392203645083556,0.4747674301365444,0.0007550751803424,0.5214863371394721,0.0069704130985638,0.0011868144319648,0.0703794308298288,-0.9210386148314604,0.0034816678249083,-0.8517020386897887,0.6072355035009774,0.0005736501076418,0.6515359867576318,-0.7978975735262865,0.0005502286551574,-0.7339690241414621,1.955643593337908,0.0008656714133993,1.988857703468455,0
2022-10-06,-0.4155648690739775,0.0016436570126383,-0.3409634645798859,-0.0584337149915335,0.0008859087348214,-0.0050134608146238,-1.6277690134195866,0.0004411748914208,-1.60626844204149,-1.1010796417258844,0.0004539317116782,-1.0552359760896834,-0.8376691112530611,0.0007387182678659,-0.7909502042501334,-0.5927232762847737,0.0011753609156303,-0.5293142585535087,-0.3433058390558924,0.0034662556482659,-0.2739692629142206,-0.7079686267005199,0.000561353858752,-0.6636681434438655,-0.7550939484219231,0.0005398074939373,-0.6911653990370988,1.4265550932825477,0.0008960462457861,1.459769203413095,0
2022-10-07,-1.9641575996772227,0.0016032331265455,-1.889556195183131,-1.4274600940861677,0.0008565068672689,-1.3740398399092577,-0.8968141032255674,0.0004295809223713,-0.8753135318474707,-1.079953376010397,0.0004324058601258,-1.034109710374196,-0.810065762812862,0.0007229382976934,-0.7633468558099343,-2.8466618995970148,0.0011205366056154,-2.78325288186575,-1.626210798832626,0.0033959616433606,-1.5568742226909542,-0.612157578053992,0.0005507695463724,-0.5678570947973376,-1.819350128909399,0.0005142714777453,-1.755421579524575,-0.5298965931598446,0.0008844676106823,-0.4966824830292976,0
2022-10-10,0.0466218322969285,0.0016040251531151,0.1212232367910201,-0.4760441297909229,0.0008468582716051,-0.4226238756140132,0.0871564721832248,0.0004305087866607,0.1086570435613215,-0.5294789397959516,0.0004221174932241,-0.4836352741597508,-0.6265966157131159,0.0007107933513613,-0.5798777087101883,-1.2293464865984989,0.0010969330053352,-1.1659374688672337,-0.0814759604584138,0.0033918678716603,-0.0121393843167421,-0.5817790244256928,0.0005407415366599,-0.5374785411690385,0.3740492020090553,0.0005199528992851,0.4379777513938797,-1.1000487452489691,0.0008607187129529,-1.066834635118422,0
2022-10-11,-0.6023359997211988,0.0015915549379258,-0.5277345952271073,-0.4068284381627976,0.0008386610121838,-0.3534081839858879,1.1771451790266576,0.0004452641051916,1.1986457504047543,-1.5399947127927591,0.0003913267061717,-1.4941510471565584,-1.099677009339089,0.0006893963616382,-1.0529581023361614,-0.9801772715331488,0.001078166194238,-0.9167682538018838,-0.7825980194271805,0.0033578345340447,-0.7132614432855088,-1.0435028581370054,0.000522626579135,-0.999202374880351,1.8553036423188671,0.0005466458111246,1.9192321917036912,-0.451456664993973,0.000850877515983,-0.418242554863426,0
2022-10-12,-0.3115599047828163,0.001585046295926,-0.2369585002887247,0.1454551933215458,0.0008418875262459,0.1988754474984555,-0.0418510350927946,0.000444538462259,-0.0203504637146979,0.7919747935362988,0.0004079142665612,0.8378184591724995,-0.5472109474484113,0.0006788673609116,-0.5004920404454836,0.0191436644330147,0.0010786180395169,0.0825526821642798,0.0148067722594577,0.0033578977742709,0.0841433484011294,-0.3451488248515485,0.0005168001455202,-0.3008483415948941,-0.9015915701024676,0.0005341951436791,-0.8376630207176432,0.1827207007146627,0.0008545925330997,0.2159348108452097,1
2022-10-13,1.6551283458253765,0.0016186535921106,1.7297297503194682,0.7285503052279328,0.0008571375473445,0.7819705594048425,1.2316558441118195,0.0004599382544736,1.2531564154899164,2.832360795150508,0.0004658212580958,2.878204460786709,1.955155313972948,0.0007173314007402,2.001874220975876,1.9949304456505348,0.0011169489662812,2.0583394633818,0.438332304004364,0.0033760136559026,0.5076688801460358,2.112524200564538,0.0005540529929264,2.1568246838211924,0.5630269481221274,0.0005425143056562,0.6269554975069518,1.6867958222734518,0.0008903682357164,1.7200099324039988,0
2022-10-14,-1.7336876503676557,0.0015831623129172,-1.6590862458735638,-1.3369736959287557,0.0008297848728321,-1.283553441751846,-0.3677584717729498,0.0004550767516606,-0.3462579003948531,0.8156927948347008,0.0004827761662516,0.8615364604709017,-1.007981720989798,0.0006977874263232,-0.9612628139868704,-1.3905703126680558,0.0010903603303198,-1.3271612949367906,-1.9268574601211623,0.0032933810317228,-1.8575208839794908,-0.7058084066964341,0.0005418924359373,-0.6615079234397797,-1.100088277756222,0.000527285667262,-1.0361597283713977,-1.3279656576628172,0.0008618583915975,-1.29475154753227,1
2022-10-17,1.4240702355609338,0.0016119996152599,1.4986716400550255,1.742672980370352,0.0008658949470497,1.7960932345472618,1.0518744269355156,0.0004681618066848,1.0733749983136125,2.1286040088704747,0.000526249729975,2.174447674506675,1.1326768029640266,0.0007200890251392,1.1793957099669543,2.084560249755996,0.0011303134823136,2.1479692674872606,1.6551686655026476,0.0033632855529131,1.7245052416443194,0.8180596434684615,0.0005564049367934,0.8623601267251159,0.4700206479706982,0.0005342801328569,0.5339491973555226,0.6762967695836104,0.0008760517682871,0.7095108797141575,1
2022-10-18,0.4096039322697752,0.0016201557574521,0.4842053367638667,0.3535767701889369,0.0008733599134388,0.4069970243658465,-0.3100539657018816,0.0004640301783045,-0.2885533943237849,1.2857886034048531,0.0005526038913363,1.3316322690410545,0.9237365977372474,0.0007382678698124,0.9704555047401752,0.1600882000849795,0.0011334026160835,0.2234972178162445,0.0249353736053279,0.0033637732034195,0.0942719497469996,0.5763206401687155,0.0005666642546074,0.6206211234253699,1.49825062313442,0.0005557773030911,1.5621791725192444,0.0548383141747245,0.0008770068761882,0.0880524243052715,0
2022-10-19,-0.0352113460711949,0.0016192626410411,0.0393900584228965,-0.6287913615401788,0.0008606260103547,-0.5753711073632691,-0.68047666513396,0.0004552368531923,-0.6589760937558633,-1.0609027268715634,0.0005315393803672,-1.0150590612353625,-0.5143925674172797,0.0007283823786249,-0.467673660414352,-0.5269534118509435,0.0011233683023841,-0.4635443941196784,0.1374939945874587,0.0033690375920334,0.2068305707291305,-0.2874325370532022,0.0005618294102501,-0.2431320537965478,-0.2737946167643374,0.0005522366000514,-0.209866067379513,1.4266422706685704,0.0009070860580011,1.4598563807991174,0
2022-10-20,-0.2427276345065999,0.001614162057835,-0.1681262300125084,0.1201485072628863,0.000863289992222,0.1735687614397959,0.1898716700125015,0.0004574238814217,0.2113722413905982,-0.2147018840393133,0.0005275800063157,-0.1688582184031125,-0.3132244546324449,0.0007224338088002,-0.2665055476295172,-0.139788067354647,0.0011207389782199,-0.076379049623382,-1.7057677259482302,0.0032961320346639,-1.6364311498065585,0.215883056039791,0.0005657784817998,0.2601835392964454,0.1188444279478194,0.000554235294056,0.1827729773326437,0.0331561622458829,0.0009075469032849,0.0663702723764299,1
2022-10-21,1.3178538734464804,0.0016406944720256,1.392455277940572,0.5367285638277098,0.0008744894246354,0.5901488180046195,1.7855183389352738,0.000479682485795,1.8070189103133705,2.6736278192112977,0.0005818028717553,2.7194714848474986,1.0554121413471778,0.0007431140893264,1.1021310483501054,1.32023601896784,0.0011459317698302,1.383645036699105,0.781015143828259,0.0033287144470337,0.8503517199699308,0.9632050451976298,0.0005827330870654,1.0075055284542842,1.4334084864186156,0.000574731780281,1.49733703580344,0.8807271845302178,0.0009259648412586,0.9139412946607648,1
2022-10-24,0.6871572445373351,0.0016544049969521,0.7617586490314265,0.6456225676713228,0.0008878958178289,0.6990428218482324,1.0936330914253494,0.0004931986111749,1.115133662803446,0.0176798685405851,0.0005824749247982,0.0635235341767859,0.5260516073148823,0.0007534673153108,0.57277051431781,1.0962327640037004,0.0011668087731367,1.1596417817349651,-0.4355446874021464,0.0033097512369909,-0.3662081112604746,0.0626505121336962,0.0005839865643542,0.1069509953903506,1.3495789145569388,0.0005940069270074,1.413507463941763,0.3108178508884646,0.0009322819367127,0.3440319610190116,1
2022-10-25,0.920520174735439,0.0016728058243152,0.9951215792295306,0.9189195599658172,0.0009068659685903,0.9723398141427272,-0.1523803609376657,0.0004910421184942,-0.130879789559569,0.0895454356575703,0.0005845900145218,0.1353891012937711,0.9726899668013524,0.0007724668793584,1.01940887380428,0.6914307123988254,0.001179946019693,0.7548397301300903,1.2323281371596375,0.0033613287393221,1.3016647133013093,1.108037212201267,0.0006034037772111,1.1523376954579214,0.2868153429544498,0.0005983151190646,0.3507438923392742,-0.365625747707857,0.0009242834503819,-0.33241163757731,0
2022-10-26,-1.0846218659171825,0.0016506645281111,-1.010020461423091,-4.702219567237111,0.0008109076836225,-4.648799313060202,0.7067401623781451,0.0004996656990575,0.7282407337562418,0.549087289611469,0.0005959274969276,0.5949309552476697,1.3479546637867104,0.0007987021131513,1.3946735707896378,-4.286282716769677,0.0010985154408425,-4.222873699038413,0.1763730255318984,0.0033682100216892,0.2457096016735701,2.712824392975789,0.0006506390320238,2.757124876232444,0.502019127467499,0.0006056338154554,0.5659476768523234,0.5524640752139705,0.000935693113979,0.5856781853445175,0
2022-10-27,-1.642363369755876,0.001617314537062,-1.5677619652617842,-1.5053195021836805,0.0007804214446143,-1.451899248006771,0.0266199233995244,0.0004997497639257,0.0481204947776211,0.1585674951224321,0.0005994086266361,0.2044111607586329,-0.0702206932318877,0.0007974175730618,-0.02350178622896,-1.144697730011143,0.0010768593881388,-1.0812887122798778,-0.020023144354898,0.0033667925570235,0.0493134317867736,0.238426657610797,0.0006548663185137,0.2827271408674514,-0.2791347284165781,0.0006019885530581,-0.2152061790317537,0.1551139609477059,0.0009386951285887,0.1883280710782529,1
2022-10-28,3.8133752152645473,0.0016940110105477,3.887976619758639,2.191184483575736,0.0008253935894181,2.244604737752646,1.2097936161327616,0.0005146429193394,1.2312941875108585,0.569114947304822,0.0006111085010607,0.6149586129410228,1.648981329078966,0.0008293963210292,1.6957002360818936,2.137929728064964,0.001117465069335,2.201338745796229,0.3057933210594878,0.0033791074865321,0.3751298972011596,1.4359146283613962,0.0006798295788414,1.4802151116180504,0.8731620325360677,0.0006144848481466,0.937090581920892,1.4082320113708178,0.0009681038538607,1.441446121501365,0
2022-10-31,-0.8676359683003638,0.0016762860618606,-0.7930345638062722,-0.9935950652031736,0.000805382010311,-0.940174811026264,-0.4480296040117255,0.0005087764665351,-0.4265290326336288,-0.1279781586598173,0.0006088312390237,-0.0821344930236166,-0.2566662093047291,0.00082447929666,-0.2099473023018014,-0.931243864553094,0.0010998757372596,-0.867834846821829,-0.1749087509722106,0.0033711617659239,-0.1055721748305388,-0.6678707390717615,0.0006683338352439,-0.6235702558151072,-0.1575181504219016,0.0006125390303514,-0.0935896010370772,0.0156895404562341,0.0009681303493547,0.0489036505867811,0
2022-11-01,-0.9773594646669675,0.0016563905739187,-0.902758060172876,-2.227487714150161,0.0007602970803369,-2.174067459973251,-0.4407304186469964,0.0005030133311375,-0.4192298472688997,0.8877757048807586,0.0006268687884977,0.9336193705169596,0.7718230441467508,0.0008394289722321,0.8185419511496785,-0.9971034413991516,0.001081077146454,-0.9336944236678866,-0.0390420048440519,0.0033689458785898,0.0302945712976198,-0.1107788195296544,0.0006664927217608,-0.0664783362730001,-0.397059188760731,0.0006072502281267,-0.3331306393759066,0.4553407743336876,0.0009774044732205,0.4885548844642347,0
2022-11-02,-1.9943301628366408,0.0016160996465505,-1.919728758342549,-2.021021820000263,0.0007195034803845,-1.9676015658233528,-1.2951465090577616,0.0004866009427042,-1.273645937679665,-0.5225651797804302,0.0006166982917144,-0.4767215141442293,-2.198303834880661,0.0007970642962496,-2.151584927877733,-1.9991678128926007,0.0010433838757401,-1.935758795161336,-1.456783255832808,0.003307178268037,-1.3874466796911362,-1.7747718704187962,0.0006359185773906,-1.730471387162142,-0.5554450735082387,0.0005997615891803,-0.4915165241234143,-1.0446973807096651,0.0009551400401621,-1.011483270579118,0
2022-11-03,-2.2567794491007653,0.001570623349835,-2.1821780446066734,-2.12357613357965,0.0006767110760951,-2.07015587940274,0.1195295268146344,0.0004878561732546,0.1410300981927311,0.047938060983145,0.000617932507063,0.0937817266193458,-1.832227870817704,0.0007618401907726,-1.785508963814776,-1.51810400149405,0.0010148485802455,-1.4546949837627852,-0.0315479548429872,0.0033053475415844,0.0377886212986845,-1.8918243300315505,0.0006033882176572,-1.847523846774896,-0.0797271122854213,0.0005989217097238,-0.0157985629005969,0.6357989816645455,0.0009681963620521,0.6690130917950926,1
2022-11-04,-0.1748047401458722,0.0015669929942097,-0.1002033356517806,1.8668360508734456,0.0007149768111848,1.9202563050503556,0.3474500329576644,0.0004919468735737,0.368950604335761,1.3705734268620555,0.000645528520148,1.4164170924982564,1.548821751151154,0.0007917629019542,1.5955406581540816,1.760542775563502,0.0010481928913609,1.8239517932947669,-0.9657212268399634,0.0032643589499271,-0.8963846506982917,0.6413724291217676,0.0006145825242995,0.685672912378422,0.0677206318488888,0.00060013741488,0.1316491812337132,0.5027969445351679,0.000978436814406,0.5360110546657149,1
2022-11-07,0.1261962582616179,0.0015694001977252,0.2007976627557094,1.068558344037876,0.0007369824211911,1.1219785982147854,0.7034701112465759,0.0005004577224675,0.7249706826246726,0.2275174510979582,0.0006503063690607,0.273361116734159,1.0917931563007828,0.0008128366838727,1.1385120633037102,1.5385605716557076,0.0010772871683348,1.6019695893869723,-1.302165911699394,0.0032093652537581,-1.2328293355577222,0.9041647773634176,0.0006302780868168,0.948465260620072,0.7138776533082778,0.0006103418812971,0.7778062026931022,0.5496022162008413,0.0009896366009807,0.5828163263313882,1
2022-11-08,0.1402636059222474,0.0015720839696369,0.214865010416339,0.1822295674168008,0.0007409951711296,0.2356498215937104,0.3905440615226158,0.0005050625196515,0.4120446329007125,-0.0143101894912719,0.0006502639087391,0.0315334761449288,0.0555150631997316,0.0008139631866206,0.1022339702026593,0.1767711278559779,0.0010806971091648,0.2401801455872429,-0.7913211801269228,0.0031758559330736,-0.721984603985251,0.4584397229985465,0.0006382754449617,0.5027402062552009,0.1128896342045674,0.0006121712000532,0.1768181835893918,0.1226915105924754,0.0009918798611823,0.1559056207230225,0
2022-11-09,-1.7825789854915874,0.0015363204030886,-1.7079775809974955,-0.9573297675346568,0.0007219481292543,-0.903909513357747,-0.6841994365322929,0.0004963164668737,-0.6626988651541962,-0.719338381486995,0.0006362114481165,-0.6734947158507942,-1.7108419189941335,0.0007811957212772,-1.6641230119912056,-1.1060463722303953,0.0010599864505924,-1.0426373544991303,-1.833608154854408,0.0030988565217728,-1.7642715787127363,-2.245261266326016,0.0005998041406823,-2.200960783069361,-1.7865259577161272,0.0005876207910722,-1.7225974083313031,-2.2349397759051404,0.0009448338874597,-2.2017256657745934,1
2022-11-10,4.504068355865366,0.0016261849659088,4.578669760359458,3.802383656457412,0.0007991229773574,3.8558039106343216,0.9492985312263532,0.0005078450493483,0.9707991026044498,2.0850711961456483,0.0006778588996384,2.130914861781849,3.627668915130096,0.0008508220314634,3.674387822133024,4.439238756944093,0.0011434479574352,4.502647774675358,1.7507378053250078,0.0031716576683788,1.8200743814666795,3.549839906718893,0.0006608750481162,3.5941403899755477,1.4712599139620377,0.0006083131301535,1.5351884633468618,0.6898726789884663,0.0009589629191075,0.7230867891190133,1
2022-11-11,0.9169732852898136,0.0016442984059029,0.9915746897839052,1.283842490436662,0.00082529774828,1.3372627446135716,-2.501138871390173,0.0004766057557146,-2.479638300012076,0.0384757196946578,0.0006788350723647,0.0843193853308586,0.2744278430200825,0.0008560977889711,0.3211467500230103,0.8668841293448105,0.0011597251342132,0.9302931470760756,0.6083139970732646,0.0031966634253153,0.6776505732149364,-0.2103263324959436,0.0006573499036799,-0.1660258492392892,0.0505654492063087,0.0006092752185754,0.1144939985911331,1.503359266004214,0.0009900333827491,1.536573376134761,0
2022-11-14,-0.5627205036298178,0.0016328834071841,-0.4881190991357262,-0.427975291480302,0.000816897928756,-0.3745550373033924,1.281042278797146,0.0004922363502169,1.3025428501752427,-0.577726105494997,0.0006676019600763,-0.5318824398587962,-0.0340919657861755,0.0008554612716042,0.0126269412167521,-1.2948711177421937,0.0011354586607898,-1.2314621000109285,-0.699941327845473,0.0031671117834619,-0.6306047517038013,0.4990040053613293,0.0006659814755117,0.5433044886179836,-2.241141989271485,0.000578509783365,-2.1772134398866605,0.1104657569971575,0.0009920122484971,0.1436798671277045,1
2022-11-15,0.5361974546346924,0.0016433715260839,0.610798859128784,1.402746308140769,0.0008453962348759,1.4561665623176787,0.2099186301926054,0.0004945929685063,0.2314192015707021,-0.4208655056690781,0.0006594961736309,-0.3750218400328773,0.6073851096345995,0.0008670838386071,0.6541040166375272,0.0317564031638902,0.0011360768083542,0.0951654208951552,0.3780188601266893,0.0031824859548886,0.447355436268361,0.8617543617246526,0.0006808022202341,0.906054844981307,4.78102564318449,0.0006449200806538,4.844954192569315,0.2967014550539073,0.0009978642295919,0.3299155651844543,0
2022-11-16,-0.5033303028886911,0.0016331621066745,-0.4287288983945995,0.1584148094788033,0.0008487941048937,0.211835063655713,0.4929116013067527,0.0005004397299083,0.5144121726848495,0.0242525136033837,0.000660206951512,0.0700961792395845,-0.163783534693919,0.0008639616814802,-0.1170646276909913,0.0363896427916677,0.0011367803374803,0.0997986605229327,-1.018985490626985,0.0031397441284005,-0.9496489144853132,-0.0015359333697368,0.0006808363672442,0.0427645498869174,0.4687222110251737,0.0006516187035053,0.5326507604099981,-0.5592896243021386,0.0009859019174799,-0.5260755141715915,0
2022-11-17,0.5929098820865674,0.0016447553417404,0.6675112865806588,-0.305535118606436,0.0008428576084786,-0.2521148644295263,0.6473965636128087,0.000508180475463,0.6688971349909053,-0.2714203014392496,0.0006550768093007,-0.2255766358030488,-0.2798127050876187,0.0008586332789469,-0.233093798084691,-0.0747294562464992,0.0011354064965195,-0.0113204385152342,-0.5632129457757523,0.0031160204034929,-0.4938763696340806,0.1979245241481828,0.0006842763445868,0.2422250074048371,-0.3133967046962428,0.0006475094755398,-0.2494681553114184,0.0321656859504694,0.0009862521715294,0.0653797960810164,1
2022-11-18,0.1200189456738118,0.0016469383703985,0.1946203501679034,-0.5343003112028192,0.0008323387590695,-0.4808800570259094,0.6136129018966336,0.0005154890310852,0.6351134732747303,0.4619771136137977,0.0006644267738438,0.5078207792499985,0.3335106635514165,0.0008649996480901,0.3802295705543442,-0.1675814412372839,0.0011323025696195,-0.1041724235060189,-0.4698379846796364,0.0030962195486094,-0.4005014085379647,-0.0982222574408259,0.0006826575858932,-0.0539217741841715,1.0523986458323331,0.0006622389554034,1.1163271952171574,-0.45980760921927,0.0009763908902264,-0.4265934990887229,0
2022-11-21,-1.1902768503461454,0.0016231351159471,-1.1156754458520537,-1.008694800269066,0.0008123234417097,-0.9552745460921562,0.4045532459542552,0.0005202086852433,0.4260538173323519,-0.3514399899425952,0.0006577256511261,-0.3055963243063943,-0.8954201732720428,0.0008479656287735,-0.8487012662691151,0.1249161139270647,0.0011346582761488,0.1883251316583297,-1.7524873546976016,0.0030232924741395,-1.68315077855593,-1.316911481918791,0.0006602747917681,-1.2726109986621368,0.389771564612356,0.0006678120127435,0.4537001139971804,-0.5206270071095196,0.0009652887260632,-0.4874128969789725,1
2022-11-22,0.679870492824345,0.0016364257012835,0.7544718973184364,0.7179780858470528,0.0008269564310108,0.7713983400239625,0.3788357839801598,0.0005246024012936,0.4003363553582565,0.728509222319027,0.0006723017003847,0.7743528879552277,1.0169483991362054,0.0008673229230273,1.063667306139133,0.6104091609947839,0.0011460514432035,0.6738181787260489,0.2298221368704883,0.0030325983043732,0.2991587130121601,1.119523297282036,0.0006794139047534,1.1638237805386906,0.2007676125553379,0.0006707732103509,0.2646961619401622,1.3904160970493429,0.0009937916990138,1.42363020717989,1
2022-11-23,0.2303666232809251,0.0016407941685478,0.3049680277750166,0.6854899375439827,0.0008409091248622,0.7389101917208923,0.0675503233294188,0.0005251623631123,0.0890508947075155,0.5062275747274179,0.0006824759363394,0.5520712403636187,0.5252866072244402,0.0008773031886128,0.5720055142273679,0.5061789308262526,0.0011554821046977,0.5695879485575177,1.8561857552808667,0.0031091616857883,1.9255223314225385,0.3542808775398159,0.0006855003164545,0.3985813607964702,0.2926237756909511,0.0006749909352319,0.3565523250757755,-0.2788991614851868,0.000987696118694,-0.2456850513546397,0
2022-11-25,-1.082899623089272,0.0016191924920658,-1.0082982185951803,-0.5699727679798451,0.0008297215365329,-0.5165525138029354,0.0861938385778836,0.0005259500279461,0.1076944099559803,0.052793505443397,0.000683719809179,0.0986371710795978,0.3608449198077558,0.0008841432611607,0.4075638268106835,-0.0833015543759911,0.0011539368968371,-0.0198925366447261,-0.1150234586605557,0.0031041107835264,-0.045686882518884,0.538300280481679,0.0006947005973487,0.5826007637383334,0.252004444683462,0.0006786423361363,0.3159329940682864,-0.2064909789419372,0.0009831096443156,-0.1732768688113902,0
2022-11-28,-1.4261697926954369,0.0015908556939129,-1.3515683882013452,-0.7892140522554538,0.0008141758570728,-0.7357937980785442,0.0205760656864566,0.000525931476288,0.0420766370645533,-0.9507472597872018,0.0006652623182678,-0.9049035941510007,-1.0693778359993131,0.0008638619548722,-1.0226589289963854,-1.3305842682565103,0.0011292351289979,-1.2671752505252454,-0.0612594361677028,0.0031012896409829,0.0080771399739688,-0.7529327327397364,0.0006819680865138,-0.708632249483082,0.1490318267616751,0.0006808738389048,0.2129603761464995,-1.5112714514276055,0.000951589605333,-1.4780573412970586,0
2022-11-29,-1.162888874520078,0.0015677705237628,-1.0882874700259866,-0.5087973674735944,0.0008042592771454,-0.4553771132966848,-0.6010246214473047,0.0005182985342415,-0.579524050069208,0.8057906709526594,0.0006812869671914,0.8516343365888602,-0.2738979761926164,0.0008586835103704,-0.2271790691896886,-0.3871348392498916,0.0011220838185751,-0.3237258215186266,-0.3506089537018867,0.0030865413875513,-0.281272377560215,-0.6678796409984622,0.000670703437031,-0.6235791577418078,-0.3245322887154895,0.0006766115210679,-0.2606037393306651,0.2939574475103614,0.000957372550281,0.3271715576409085,1
2022-11-30,2.426044616172204,0.0016154640146285,2.5006460206662955,3.0454755863477616,0.00086523943817,3.098895840524672,0.8774490757370128,0.0005287735806136,0.8989496471151095,0.5683143793069521,0.0006926270659977,0.6141580449431528,2.026905943976333,0.0008970349994025,2.0736248509792605,3.309340620818248,0.0011834444078445,3.372749638549513,1.8188659266432337,0.0031612019408196,1.8882025027849052,2.2299288003735867,0.0007085418810007,2.274229283630241,-0.3303015613479744,0.0006722788722486,-0.26637301196315,0.3229643680353544,0.0009637415246149,0.3561784781659014,1
2022-12-01,0.0227373598545608,0.0016157437124425,0.0973387643486523,-0.0534202541769096,0.0008643628024677,0.0,0.3230635705128189,0.0005324501003898,0.3445641418909156,-0.7727035776209702,0.0006777009082462,-0.7268599119847694,0.6152489110517662,0.0009086345051022,0.6619678180546938,-0.159938000897819,0.0011804584617607,-0.096528983166554,-0.0693365761416717,0.0031579991019738,0.0,-0.0443004832566543,0.0007078240067545,0.0,0.3978299601661922,0.0006779124333303,0.4617585095510166,-0.2719071183306245,0.0009578512119944,-0.2386930082000774,0
2022-12-02,-0.2480955405025966,0.0016106959886806,-0.1734941360085051,-0.330404606671106,0.0008579757096181,-0.2769843524941964,0.0433887491099391,0.000532703645043,0.0648893204880358,-0.4562493760102543,0.000668991601269,-0.4104057103740535,-0.156694011632013,0.0009056388795277,-0.1099751046290853,0.0075053203392675,0.0011805750810443,0.0709143380705325,-0.0491060710668779,0.0031556345238491,0.0202305050747937,0.137834397437999,0.00071018616353,0.1821348806946534,-0.1363810176378826,0.0006762364794076,-0.0724524682530582,-0.4507455696931999,0.0009482948738461,-0.4175314595626529,0
2022-12-05,-0.4854114669394231,0.0016009955627488,-0.4108100624453316,-0.5395343710592722,0.0008474438753321,-0.4861141168823625,-0.0678194183359271,0.0005315999188609,-0.0463188469578304,-1.497597959016307,0.0006399622705009,-1.4517542933801064,-0.6379240433622655,0.0008935745145806,-0.5912051363593378,-1.097860493045821,0.0011602706587756,-1.034451475314556,-1.637141259869438,0.0030880486769542,-1.5678046837277664,-1.1392328338704003,0.0006909794389863,-1.0949323506137465,-0.8230930877903476,0.0006651918993052,-0.7591645384055232,-1.3816325837270595,0.0009196328164104,-1.3484184735965126,0
2022-12-06,-1.3801504399926168,0.0015737521829447,-1.3055490354985253,-1.3315506952183926,0.0008212033395655,-1.2781304410414829,-1.2638767329259415,0.0005159210641099,-1.2423761615478448,0.0408602602862069,0.0006410074693839,0.0867039259224077,-1.3356571423773744,0.0008683903077733,-1.2889382353744467,-1.174668455809461,0.0011385897192452,-1.1112594380781964,-0.4241932047443786,0.0030703689797402,-0.3548566286027068,-1.3333878462908475,0.000668536394756,-1.2890873630341937,-0.9237581135303156,0.0006527971767912,-0.8598295641454912,-1.4011979448800858,0.0008906270984191,-1.3679838347495386,0
2022-12-07,-0.7839825002001962,0.0015582539699855,-0.7093810957061047,-1.1232492118814446,0.0007991485947378,-1.0698289577045348,0.4820741689812279,0.000521531754043,0.5035747403593246,-0.0812480424732746,0.0006396705850927,-0.0354043768370738,-0.0636837451929617,0.0008671947621096,-0.016964838190034,-0.2308776924680549,0.0011343531746995,-0.1674686747367899,-0.8606228452555386,0.0030348354781223,-0.7912862691138668,-0.4080369473805135,0.0006617322573353,-0.3637364641238592,-0.4494662930021268,0.0006468873805772,-0.3855377436173025,-0.1421745378151681,0.0008874943121451,-0.1089604276846211,1
2022-12-08,0.549763123014621,0.0015689138963676,0.6243645275087125,-0.7123411195644861,0.0007852827732824,-0.6589208653875764,-0.0074905685551707,0.0005211764238398,0.0140100028229259,0.4974758464848958,0.000649604747277,0.5433195121210966,0.5320407948104875,0.0008772015313104,0.5787597018134152,0.6152208744234904,0.001145708937768,0.6786298921547554,-0.154203471152553,0.0030283009354369,-0.0848668950108813,0.3274213100217572,0.0006673229687836,0.3717217932784116,0.0507793576744058,0.0006477960369386,0.1147079070592302,0.3323983311730906,0.0008940884405557,0.3656124413036376,0
2022-12-09,-0.2513630438093029,0.0015638748060451,-0.1767616393152114,-0.5310172606757514,0.0007750352131852,-0.4775970064988417,-0.7043490584586545,0.0005123542669203,-0.6828484870805578,-0.3263711866334973,0.0006434939036732,-0.2805275209972964,-0.4040103164755477,0.0008696076623702,-0.35729140947262,-0.5014361692005318,0.0011364955257716,-0.4380271514692668,0.7269261473499595,0.0030578247842115,0.7962627234916313,-0.1588456195626094,0.0006647245642799,-0.1145451363059551,-1.7918691707014198,0.0006236563163001,-1.7279406213165955,-0.4479733816339437,0.0008847011582779,-0.4147592715033966,1
2022-12-12,0.7688259430311196,0.0015787902410273,0.8434273475252112,0.2095536337552983,0.0007794573208562,0.262973887932208,0.9688536714306252,0.0005238605290625,0.990354242808722,0.7572195866045535,0.0006584515337717,0.8030632522407543,1.3889442812091353,0.000895669647703,1.435663188212063,1.517746970896694,0.0011644159080792,1.581155988627959,-1.6133390994231611,0.0029916500251643,-1.5440025232814896,1.6456567050150783,0.0006924483038321,1.6899571882717326,1.3177865362436536,0.000641791223185,1.381715085628478,1.178857837869657,0.0009085878356026,1.212071948000204,1
2022-12-13,0.274436561039124,0.001584020246003,0.3490379655332156,1.2111085265483357,0.0008036621373933,1.2645287807252454,0.6169557319241941,0.0005310763384776,0.6384563033022908,-0.0959867764366288,0.000656816379073,-0.050143110800428,-0.1994223219572767,0.0008919072363944,-0.152703414954349,0.8924646036638123,0.0011807982035149,0.9558736213950774,-1.0770949248852033,0.0029475008513165,-1.0077583487435315,-0.4768171543167291,0.0006844930928773,-0.4325166710600748,-0.3292042405685783,0.0006375476449864,-0.2652756911837539,0.5049078240086319,0.0009186637127509,0.538121934139179,0
2022-12-14,-0.8740855923937089,0.0015668315749281,-0.7994841878996174,-0.3512387905180031,0.0007969760026627,-0.2978185363410934,0.2328425738785564,0.0005336243494675,0.2543431452566531,-0.3045520466504851,0.0006511398360058,-0.2587083810142843,0.0073311712815747,0.0008920238333695,0.0540500782845024,0.0004944370938467,0.0011807849344598,0.0639034548251117,-0.7040814944602886,0.0029186535937732,-0.6347449183186168,0.0343964606861544,0.0006851253602102,0.0786969439428088,-0.4758315131410226,0.0006313255324232,-0.4119029637561982,-0.395731891178544,0.0009103457879649,-0.362517781047997,0
2022-12-15,-2.485744822145897,0.0015182647406724,-2.4111434176518056,-2.3056368119161705,0.0007517601459388,-2.2522165577392608,-1.068060029196968,0.0005204233732411,-1.0465594578188713,-1.330353011909023,0.0006256014446685,-1.284509346272822,-1.735483724026288,0.0008595387697929,-1.6887648170233605,-1.8103448704450864,0.0011475862282593,-1.7469358527138217,0.0672517226200933,0.0029212912914117,0.136588298761765,-1.5629199228609505,0.0006590010641223,-1.5186194396042958,-0.7256489152627544,0.0006217338351116,-0.66172036587793,-0.5047458004851876,0.0008998228331477,-0.4715316903546405,0
2022-12-16,-0.8248298739803219,0.0015021354780605,-0.7502284694862305,-0.3892691228927464,0.0007443901628241,-0.3358488687158368,-0.871342108907326,0.0005096271999562,-0.8498415375292293,-0.368188645835411,0.0006187359340133,-0.3223449801992102,-0.110208522721417,0.0008574910497115,-0.0634896157184892,-1.0129260557706006,0.0011290529168951,-0.9495170380393356,-1.2309637501240922,0.0028710824032496,-1.1616271739824204,-0.338075472547343,0.0006534248968011,-0.2937749892906886,-1.394224322991309,0.0006031191523392,-1.3302957736064849,-0.3786230314058052,0.000891888787326,-0.3454089212752582,0
2022-12-19,-0.8933195469380398,0.0014847062553261,-0.8187181424439484,-1.0789452048098709,0.0007234609029779,-1.0255249506329611,-0.1111344252435143,0.0005080344611458,-0.0896338538654176,0.2624971393068133,0.0006240782242254,0.3083408049430142,-0.7568009650137913,0.0008433763628355,-0.7100820580108637,-1.011798242759352,0.0011105773361948,-0.948389225028087,-0.1283280612489397,0.0028658097183965,-0.058991485107268,-0.6434246382970575,0.0006427554870215,-0.5991241550404032,-0.037975364650043,0.0006028660842514,0.0259531847347813,0.1877187361139095,0.000895489628142,0.2209328462444565,0
2022-12-20,-0.1018089695036989,0.0014826928407977,-0.0272075650096073,0.280109948975085,0.0007292953353194,0.3335302031519946,0.0682303281485271,0.0005086091165058,0.0897308995266238,0.2049322308202039,0.0006282979484886,0.2507758964564047,0.218818888448422,0.0008474852853388,0.2655377954513497,0.2438806297406471,0.0011150812585937,0.3072896474719122,-2.051936288816181,0.002782407494061,-1.9825997126745096,0.1135773223045776,0.0006447492756256,0.157877805561232,0.5846120303355035,0.0006110169201719,0.6485405797203277,0.678083491116291,0.0009090469759925,0.711297601246838,1
2022-12-21,1.1506401905255386,0.0015049972277459,1.22524159501963,0.2665297883766924,0.0007348513631714,0.319950042553602,0.926779513764746,0.0005195314985634,0.9482800851428426,0.5365014376992961,0.0006389071903427,0.5823451033354969,0.3816654780472528,0.0008546200646767,0.4283843850501806,0.5318892781161407,0.0011248331411243,0.5952982958474058,-0.1104244140531238,0.0027779604789924,-0.0410878379114521,0.3784865219104268,0.0006511586191228,0.4227870051670812,0.5172549816764275,0.0006182432245363,0.5811835310612519,0.5987543022035621,0.0009209669587839,0.6319684123341092,0
2022-12-22,-1.297949855566366,0.0014797700889494,-1.2233484510722743,-1.0867343513426182,0.000713841440508,-1.0333140971657084,-0.3246812896103465,0.0005153621380943,-0.3031807182322498,-0.6334607942022096,0.0006269422334658,-0.5876171285660089,-0.693526300049459,0.0008417282241781,-0.6468073930465313,-1.4606297644185398,0.0010982328401876,-1.3972207466872746,-2.2560431345605068,0.0026865377982755,-2.186706558418835,-0.5509993443030289,0.0006420638280879,-0.5066988610463745,-0.9314757432182116,0.0006059398356895,-0.8675471938333871,-1.0260795530740614,0.0008999140904236,-0.9928654429435142,1
2022-12-23,-0.2185918274899597,0.0014755050345976,-0.1439904229958682,0.7984928642672634,0.0007298300062945,0.8519131184441732,0.1891400734952304,0.0005173822979562,0.2106406448733271,0.1998258152018627,0.000631048144225,0.2456694808380635,0.2798447134844816,0.0008469612317964,0.3265636204874094,0.0606622639214858,0.001099398022462,0.1240712816527509,-0.5013930260499452,0.0026663609575329,-0.4320564499082734,0.1805529525630647,0.0006451674839343,0.2248534358197191,0.0858168097633961,0.0006073508566707,0.1497453591482205,1.268269218875448,0.0009253825768206,1.3014833290059953,0
2022-12-27,-0.7887886002041096,0.0014602123294685,-0.714187195710018,-1.102194012493651,0.0007085641795543,-1.0487737583167411,-0.044846630714695,0.0005165864065079,-0.0233460593365983,0.1355619662004671,0.0006339095480217,0.1814056318366679,0.3527765939718127,0.0008535385808181,0.3994955009747404,-0.4691906757582049,0.0010909184919086,-0.4057816580269398,-2.8779032902657344,0.0025500712222023,-2.808566714124063,0.0895314786652563,0.0006467509633595,0.1338319619219106,-0.0433059382627845,0.0006070231710619,0.0206226111220398,0.6505923712326185,0.0009382997715927,0.6838064813631655,0
2022-12-28,-1.653678821899818,0.0014282267816392,-1.5790774174057265,-0.8507287331499623,0.0006922604014279,-0.7973084789730527,-0.3811375062787425,0.00051175461269,-0.3596369349006458,0.2371146981996279,0.0006387170164523,0.2829583638358287,-0.698831475289454,0.0008405878498796,-0.6521125682865263,-0.624673198510282,0.0010796291429786,-0.561264180779017,0.7452275475236054,0.0025804581317471,0.8145641236652772,-0.4216544745885529,0.0006398370070007,-0.3773539913318985,-1.3621775428729703,0.0005889831809459,-1.298248993488146,-0.8416295155537542,0.0009210216906077,-0.8084154054232071,1
2022-12-29,1.3829823868229738,0.0014549624911588,1.4575837913170653,1.3833155962678887,0.0007196529822819,1.4367358504447985,0.4007106134797392,0.0005163099113256,0.4222111848578358,0.2512038434116194,0.0006437854397673,0.2970475090478202,0.9348720115859772,0.0008579498309404,0.9815909185889048,1.448798129977623,0.0011060207530669,1.512207147708888,1.920414312231757,0.002658237901962,1.9897508883734285,0.8524902488882514,0.0006540879826755,0.8967907321449058,0.3870276387339463,0.0005944482065127,0.4509561881187707,0.3391410060731759,0.0009276269115231,0.3723551162037229,1
2022-12-30,0.0524483718265459,0.0014559693625794,0.1270497763206374,-0.1799200150577065,0.0007164683747618,-0.1264997608807969,-0.4462656812928083,0.0005107076168671,-0.4247651099147116,0.2961590769776931,0.0006497060828734,0.3420027426138939,-0.1206359252360342,0.0008557288701612,-0.0739170182331065,-0.3336410630758523,0.001100019323312,-0.2702320453445873,0.2054928662176608,0.0026666845550044,0.2748294423593326,-0.1306500286506092,0.0006520064364555,-0.0863495453939548,-0.2515664951795126,0.0005913428452751,-0.1876379457946882,0.462556510796907,0.0009367092585478,0.4957706209274541,0
2023-01-03,-1.99946421714494,0.0014174171080673,-1.924862812650848,0.4596173023545404,0.0007257649129585,0.5130375565314501,0.7010364455561432,0.000518849876947,0.7225370169342399,0.3479426505714002,0.0006566072538327,0.393786316207601,-0.1901175965614617,0.000852226762343,-0.143398689558534,-0.1181877605148328,0.0010979351133717,-0.0547787427835678,-3.083063797680855,0.0025425881559003,-3.013727221539183,-0.150934283538492,0.0006495929636449,-0.1066338002818377,0.8818304912734215,0.0006034203026521,0.945759040658246,-1.724290517943833,0.0009016917517512,-1.691076407813286,1
2023-01-04,0.4561761528346342,0.0014262346149446,0.5307775573287258,-0.646932497513249,0.0007134800343814,-0.5935122433363393,0.880800233539932,0.0005291256741029,0.9023008049180288,0.4369354657556058,0.0006651983329403,0.4827791313918066,1.2442706754115402,0.0008752444246137,1.290989582414468,-2.4575357350686,0.001053493976757,-2.3941267173373357,1.192278575589085,0.0025908599742353,1.2616151517307568,1.4628880651413052,0.0006738945593808,1.5071885483979597,0.0186103571647884,0.0006039263996171,0.0825389065496128,0.1100173460974475,0.000903682459864,0.1432314562279945,0
2023-01-05,-0.6203221762643802,0.001414322834078,-0.5457207717702888,-1.138976025762735,0.0006916406774612,-1.0855557715858255,-0.6334333793506894,0.0005212913324928,-0.6119328079725928,-0.057321292809872,0.0006643202223218,-0.0114776271736712,-0.5570147269555252,0.0008649550207095,-0.5102958199525975,-1.6855280219007172,0.0010231065646932,-1.6221190041694522,-0.7842045914314163,0.0025595431843991,-0.7148680152897445,-0.4667599902099807,0.0006662421559282,-0.4224595069533264,-0.3164287958105499,0.0005999540645523,-0.2525002464257255,1.067931820640228,0.0009249403540197,1.101145930770775,1
2023-01-06,1.8188403180646184,0.0014493176839056,1.89344172255871,0.6191986590392046,0.0007040377472412,0.6726189132161142,0.6506072349008397,0.0005287971063748,0.6721078062789364,0.9448581873070008,0.0006825905952106,0.9907018529432016,2.4678293627940624,0.0009104857328301,2.5145482697969905,0.5816143775263862,0.0010337516073354,0.6450233952576513,0.5375099653756776,0.0025813943685549,0.6068465415173494,1.839092697334268,0.0006966934337679,1.8833931805909223,1.7511423901593075,0.0006235930728537,1.815070939544132,0.5616414562074632,0.0009359808233004,0.5948555663380103,1
2023-01-09,0.1358114393400553,0.0014519258941431,0.2104128438341468,0.3425465277424535,0.0007110352647317,0.3959667819193631,-2.1687209429296828,0.0005026735083186,-2.147220371551586,-0.2597782537400382,0.0006778328941149,-0.2139345881038374,0.4345314061121949,0.0009184549690032,0.4812503131151226,0.4694876334121381,0.0010423512332882,0.5328966511434031,1.3916836780746795,0.0026374888517918,1.4610202542163515,0.1894548729893227,0.0006998624045375,0.2337553562459771,-0.987622904731361,0.0006106571104074,-0.9236943553465368,-0.9504681563772568,0.0009166392798649,-0.9172540462467098,1
2023-01-10,0.1547174370151479,0.0014548916290397,0.2293188415092394,0.1777061601147044,0.0007148194580276,0.231126414291614,-0.2197757804890475,0.0004998156059665,-0.1982752091109507,0.4177193757552173,0.00068600269603,0.4635630413914181,-0.0409314279343401,0.0009176548524477,0.0057874790685875,0.3534833463248658,0.0010488415625206,0.4168923640561308,-0.2584322847943954,0.0026273024123954,-0.1890957086527237,0.637779153599005,0.0007104160092716,0.6820796368556594,-0.1099364545208624,0.0006094412657666,-0.046007905136038,0.7018195329146495,0.0009304778684289,0.7350336430451965,1
2023-01-11,1.011857091977428,0.0014742778262094,1.0864584964715194,1.729710603048136,0.0007486904828397,1.7831308572250455,-0.1539637162192711,0.0004977464628017,-0.1324631448411744,0.3389068915929187,0.000692655117775,0.3847505572291195,0.9432565230764108,0.000934958065153,0.9899754300793384,1.5915695034870772,0.0010776278820602,1.6549785212183423,0.8358232636602041,0.0026609727849498,0.905159839801876,0.229253397021451,0.000714220651626,0.2735538802781054,0.5856169344338148,0.0006174864575532,0.6495454838186392,0.5389932954077569,0.0009410263788209,0.5722074055383038,1
2023-01-12,-0.1054451311218355,0.0014722348257714,-0.0308437266277439,-0.2701513480464214,0.0007437544515098,-0.2167310938695117,-0.4385655881575087,0.0004922981494784,-0.417065016779412,-0.0977592628648611,0.0006909847546702,-0.0519155972286603,0.2299809066120121,0.0009391211323822,0.2766998136149399,0.5726519327647849,0.001088015925072,0.6360609504960499,-0.0014106172460524,0.0026610696221816,0.0679259588956193,0.3654995629635891,0.0007202594698582,0.4098000462202434,-0.7331816657722953,0.0006079783228327,-0.6692531163874709,0.7843236570543468,0.0009564652973147,0.8175377671848938,1
2023-01-13,0.4461357832682995,0.0014807455917643,0.5207371877623911,0.4990964600828794,0.0007537149498121,0.5525167142597891,-0.2929910608930406,0.0004885893968447,-0.2714904895149439,1.2606361915643014,0.0007151422524828,1.3064798572005023,-0.6523490781355114,0.0009270796293161,-0.6056301711325837,0.1018082231989327,0.0010899161947332,0.1652172409301978,-0.3004479718455876,0.0026492101839878,-0.2311113957039159,-0.19424350926049,0.0007170859526245,-0.1499430260038357,0.1816557481208524,0.0006106425013763,0.2455842975056767,-0.0636401526707534,0.0009549154043372,-0.0304260425402064,1
2023-01-17,0.3760087187235063,0.0014878996629027,0.4506101232175978,-0.5116598984460086,0.000744114503797,-0.4582396442690989,-0.5328199686503119,0.0004820425424321,-0.5113193972722152,-0.8459148794438731,0.0006992437977496,-0.8000712138076722,-0.120968881243153,0.0009248064268024,-0.0742499742402253,0.1928352614765709,0.0010934480844661,0.256244279207836,1.758870548170302,0.0027196285981324,1.8282071243119735,-0.0604141002243186,0.0007161162556744,-0.0161136169676642,-0.5126728406410601,0.0006040863693826,-0.4487442912562357,-0.1289075575982715,0.0009520645606035,-0.0956934474677245,0
2023-01-18,-0.3509515037266739,0.0014811628798015,-0.2763500992325823,-0.1481329947905102,0.0007415542260289,-0.0947127406136006,-1.2716874234127915,0.0004667510371876,-1.250186852034695,-1.6012259759348717,0.0006690455042667,-1.5553823102986706,-0.9160619150867516,0.0009079713426479,-0.869343008083824,-1.097242928054465,0.001073818749421,-1.0338339103232002,-0.5767014197720094,0.0026967114948797,-0.5073648436303376,-0.9948684076330488,0.0006998190958481,-0.9505679243763944,-1.895456093007938,0.0005792089612411,-1.8315275436231135,-1.044279054502252,0.0009309487777984,-1.0110649443717048,0
2023-01-19,-0.051762878818583,0.0014801448665291,0.0228385256755084,1.023826524899229,0.0007616124637723,1.077246779076139,-0.133786067372261,0.0004649634181379,-0.1122854959941642,-0.7357931386227526,0.0006553108611966,-0.6899494729865518,-0.1891483341223781,0.0009044735111077,-0.1424294271194504,-0.9639558075008948,0.0010566178267817,-0.9005467897696299,-0.3771023857954411,0.0026817962273153,-0.3077658096537694,0.2149157618605877,0.0007033804963777,0.259216245117242,-1.1212623259720182,0.0005646352485493,-1.0573337765871935,0.2827076505780598,0.0009363347024988,0.3159217607086068,1
2023-01-20,0.9145050425996688,0.0014975375790542,0.9891064470937604,2.663081356910235,0.0008132305270802,2.716501611087145,-0.4077040276652096,0.0004599390254962,-0.3862034562871129,0.080943320463073,0.0006570693054784,0.1267869860992738,1.168642827256386,0.0009258089127826,1.2153617342593137,1.8928912675717984,0.0010906247013711,1.9563002853030635,1.1405317292354942,0.0027273501644086,1.209868305377166,1.0152473261141184,0.0007200383056871,1.0595478093707726,0.8486164856271143,0.0005761572851023,0.9125450350119388,0.864254039078378,0.000953294797894,0.897468149208925,1
2023-01-23,1.1347456927823438,0.0015190879986101,1.2093470972764353,0.8649771398481797,0.0008301202045404,0.9183973940250896,-0.2327025152372811,0.0004569926061833,-0.2112019438591844,0.7935258359061962,0.0006723049310253,0.839369501542397,0.2796088739914664,0.000930863004388,0.3263277809943941,0.474277181092786,0.0010991785293444,0.537686198824051,1.836660436468832,0.0028005111228651,1.9059970126105037,-0.0790089988065878,0.0007187653701728,-0.0347085155499334,1.0431138178371635,0.0005902279909256,1.1070423672219878,-0.2893856033808171,0.0009472630283412,-0.2561714932502701,1
2023-01-24,0.4432428996032083,0.0015274479491041,0.5178443040972999,-1.1186186472825896,0.0008088148009031,-1.06519839310568,-0.0215005713780967,0.0004565454509913,0.0,0.3991952813126591,0.0006800581008297,0.4450389469488598,0.1572313358082696,0.0009336739863867,0.2039502428111973,-0.1852420732275936,0.0010959249143899,-0.1218330554963286,-0.0453614425157061,0.0027987238407464,0.0239751336259655,-0.1217617720904526,0.0007167963277015,-0.0774612888337983,0.1334330486463165,0.0005922570202286,0.1973615980311409,0.4250720255615416,0.0009554476086304,0.4582861356920886,0
2023-01-25,-0.3165086662535893,0.0015213596925009,-0.2419072617594977,-1.3444192027509745,0.0007832111618089,-1.2909989485740647,0.5693899776624909,0.0004630685387315,0.5908905490405875,0.20469579819694,0.0006841237681105,0.2505394638331408,0.2891035445266583,0.000938883603923,0.335822451529586,-0.3867603242103181,0.0010890784942779,-0.3233513064790531,0.0230482183105142,0.0027996564861899,0.092384794452186,0.2258154949342499,0.0007205051394283,0.2701159781909042,-0.4161909113256094,0.0005870303026162,-0.352262361940785,-0.2926763489872747,0.0009493601657188,-0.2594622388567277,1
2023-01-26,0.6871914339091948,0.0015343304963002,0.7617928384032864,1.175058434065864,0.0008060346181322,1.2284786882427736,-0.3246343057742245,0.0004590444475939,-0.3031337343961279,0.2742215575314906,0.0006894929285731,0.3200652231676913,-0.7688704016143919,0.000924814208807,-0.7221514946114642,1.6175906038089116,0.0011180086930102,1.6809996215401768,2.630520992159202,0.0029040245868542,2.6998575683008736,-0.0948788798131437,0.0007189766633808,-0.0505783965564893,-0.1315850673335449,0.0005855652373653,-0.0676565179487205,1.9447762540865408,0.0009876818206526,1.977990364217088,1
2023-01-27,0.6295946192060281,0.0015461840455417,0.7041960237001197,0.9114057003435354,0.0008237560211264,0.9648259545204452,-0.345378870664737,0.0004547840101197,-0.3238782992866403,0.0799104489636432,0.0006911899831243,0.125754114599844,-0.5029520265372331,0.0009156107019776,-0.4562331195343054,-0.0281070973755885,0.001117547223654,0.0353019203556764,2.638625361006376,0.0030085102254702,2.7079619371480472,1.7491066436788965,0.0007474944672746,1.793407126935551,0.5039259249680658,0.000592471649935,0.5678544743528902,-0.931760372659336,0.0009689059962792,-0.898546262528789,0
2023-01-30,-1.1078203734445389,0.0015251079170467,-1.0332189689504474,-1.2971319618931167,0.0007991188874914,-1.243711707716207,-3.090665193016194,0.000418246764067,-3.069164621638097,-0.4849226729470784,0.0006822502982798,-0.4390790073108777,-0.4638945314098841,0.0009071351016682,-0.4171756244069565,-1.265396099939251,0.0010950529793933,-1.201987082207986,-1.6247031027935597,0.0029439975352413,-1.555366526651888,-0.6497299438366848,0.0007369115160726,-0.6054294605800304,-0.6584744625837489,0.0005840726455317,-0.5945459131989245,-0.9058935865727812,0.0009506790395502,-0.8726794764422343,1
2023-01-31,0.3896080356784951,0.001532406451986,0.4642094401725867,0.943406564438589,0.0008174251746753,0.9968268186154986,0.7049593467871546,0.000426374507591,0.7264599181652512,0.2630148415359947,0.0006873948290612,0.3088585071721955,-0.1218401849051641,0.0009048876310701,-0.0751212779022364,1.0866452042663264,0.0011144469690043,1.1500542219975916,0.8996439258307068,0.0029794576729373,0.9689805019723786,0.2458275823860753,0.0007409117099714,0.2901280656427296,0.8325272804924845,0.0005952857664738,0.8964558298773088,1.0285721878329055,0.0009707605674579,1.0617862979634525,1
2023-02-01,0.3319740257522432,0.0015386013252752,0.4065754302463347,0.7647310477788491,0.000832278404877,0.8181513019557588,0.7392075213051605,0.0004348884201428,0.7607080926832572,-0.1827086382021643,0.0006841545782629,-0.1368649725659635,0.4567623960373323,0.0009131415947472,0.5034813030402601,1.027637429739945,0.0011327544595292,1.09104644747121,1.0945984602024166,0.0030225524886301,1.1639350363440883,0.1351692166151064,0.0007431064715754,0.1794696998717608,0.3480343978620399,0.0006001157278853,0.4119629472468643,-0.5719776272069201,0.0009591672965701,-0.538763517076373,1
2023-02-02,1.8326693469419133,0.0015731244019501,1.9072707514360048,3.648484369754144,0.000902205342508,3.701904623931054,0.290061371031055,0.0004381191361994,0.3115619424091517,-0.2869139632429515,0.000678964596856,-0.2410702976067507,0.0765590544060228,0.0009144885346865,0.1232779614089505,2.5026358966907503,0.001177216598084,2.566044914422016,0.8615690813921294,0.0030563642909143,0.9309056575338012,-0.3918031948387118,0.0007367445977536,-0.3475027115820575,-0.6016510426336165,0.0005924791426101,-0.5377224932487921,-1.5730709786190376,0.0009278286386512,-1.5398568684884906,0
2023-02-03,1.1810276475652557,0.0015952863058136,1.2556290520593472,-1.4507102692500555,0.0008746560071488,-1.3972900150731458,-0.4870762613316005,0.0004322397781972,-0.4655756899535038,0.7552971514427418,0.0006933289476164,0.8011408170789426,-0.1940314895934093,0.0009109333126185,-0.1473125825904816,-1.3561801358757142,0.0011531413726141,-1.2927711181444492,0.1542550606554054,0.0030622150583838,0.2235916367970771,0.1043790225608503,0.0007384399266632,0.1486795058175046,-1.0492225074016408,0.0005789922269525,-0.9852939580168164,0.307724388193105,0.0009336535821954,0.3409384983236521,0
2023-02-06,-0.9972302271426632,0.0015763491785673,-0.9226288226485716,-0.9659473574202464,0.0008564049643072,-0.9125271032433367,-0.650886519019309,0.0004244547267048,-0.6293859476412124,0.258718106985678,0.0006983622763299,0.3045617726218788,-0.1815056001916411,0.0009076115718083,-0.1347866931887134,-0.3981430948310551,0.0011460908592998,-0.3347340770997901,0.5500512420128781,0.0030836489306409,0.6193878181545499,-0.2238285115034794,0.0007348157359321,-0.1795280282468251,-0.6024216977065227,0.0005713808547951,-0.5384931483216983,-0.1167502760567391,0.0009311016687451,-0.0835361659261921,1
2023-02-07,0.9157377678923349,0.001593469641042,0.9903391723864264,2.289361592603721,0.0009002107094426,2.342781846780631,-0.0011956750033685,0.0004242808346757,0.0203048963747281,0.5852534822002161,0.0007094973977907,0.6310971478364169,0.2537406094149299,0.0009121619399155,0.3004595164178576,2.2365161794673574,0.0011856993105128,2.2999251971986228,0.1897813752276336,0.0030908603088858,0.2591179513693054,0.4463419784678263,0.0007420433192125,0.4906424617244806,0.0940692708967921,0.0005728936464076,0.1579978202816165,1.3719188123014685,0.0009578649998243,1.4051329224320153,0
2023-02-08,-0.983013369016004,0.0015748383788356,-0.9084119645219124,-3.960952784687762,0.0008249634900431,-3.907532530510853,0.0850225883947356,0.0004251143523885,0.1065231597728323,-0.4098492170830659,0.0007020043092206,-0.3640055514468651,-0.7200604214123856,0.0008991222213144,-0.6733415144094579,-0.2331880253282255,0.0011815485482599,-0.1697790075969605,0.4910312490690448,0.0031099040545268,0.5603678252107165,-0.3342284602413335,0.0007366378860004,-0.2899279769846791,-0.4633245601439879,0.0005671204063069,-0.3993960107591635,-0.4614755616613958,0.0009485138882015,-0.4282614515308488,0
2023-02-09,-0.4302698982854451,0.0015666310958136,-0.3556684937913536,-2.2849424928430078,0.0007817320552749,-2.231522238666098,-1.1410066070402156,0.0004116394644802,-1.119506035662119,-0.8516105232222864,0.0006862735515997,-0.8057668575860855,-0.0365862704644315,0.0008984354245778,0.0101326365384961,-0.7015719574626043,0.0011691293552183,-0.6381629397313392,0.6681241306296617,0.0031358682184167,0.7374607067713335,-0.1485503145033516,0.0007342417544819,-0.1042498312466972,0.6229474067524903,0.0005755382156403,0.6868759561373147,0.1525572147452527,0.0009512471269203,0.1857713248757997,0
2023-02-10,0.051794817863019,0.0015674905651799,0.1263962223571106,-0.2889595529838919,0.0007765021793712,-0.2355392988069823,0.3636312456640821,0.0004157315874281,0.3851318170421788,0.1827451741975611,0.0006898764309173,0.2285888398337618,-0.5663717256618227,0.000888203542802,-0.519652818658895,-0.1713642232811917,0.0011660940096774,-0.1079552055499266,-1.3078085147748069,0.0030842309177042,-1.238471938633135,-0.605655275730929,0.00072447478586,-0.5613547924742747,1.0877990921040614,0.0005900019363779,1.1517276414888855,2.0412637710120016,0.0009910539047371,2.0744778811425486,1
2023-02-13,0.8931972002767515,0.0015841306796317,0.967798604770843,-0.0319075868398996,0.0007761609451337,0.02151266733701,0.2851382772096063,0.0004189016277574,0.3066388485877029,0.5157848028618515,0.0006996815712217,0.5616284684980521,0.5379547976563761,0.0008978714992135,0.5846737046593038,1.6465644421047885,0.0011951257567663,1.7099734598360534,-0.3506572233879381,0.0030702232616234,-0.2813206472462664,0.3984903436218311,0.0007309130959172,0.4427908268784855,1.0650146165882142,0.0006041408870415,1.1289431659730385,-0.2246582266296515,0.0009863425129092,-0.1914441164991045,1
2023-02-14,-0.2920244750658654,0.0015785287677218,-0.2174230705717739,-0.015783831623776,0.0007761260839203,0.0376364225531336,-0.3830224054453974,0.0004142912023629,-0.3615218340673007,0.1829379353275589,0.0007032681626452,0.2287816009637597,-0.1725235557800958,0.0008947431123364,-0.125804648777168,0.1080565472471116,0.0011969943464365,0.1714655649783766,1.7784886298420035,0.003139646050814,1.8478252059836755,0.0891220626480523,0.0007323569054861,0.1334225459047066,-0.2771932763377407,0.0006007824589467,-0.2132647269529163,-0.6097466571415057,0.0009740947864328,-0.5765325470109586,1
2023-02-15,0.6408755632965429,0.0015904024724555,0.7154769677906344,1.1605855860604573,0.00079837438666,1.214005840237367,-1.3871149495360515,0.0003980178445629,-1.3656143781579548,0.171077566846585,0.0007066271439301,0.2169212324827858,-0.0930954623772148,0.0008930478626397,-0.0463765553742871,-0.5008768836974471,0.0011881407965363,-0.437467865966182,0.5177177657980654,0.0031595954275772,0.5870543419397372,-0.1669858772347592,0.0007296775306064,-0.1226853939781048,0.4860383313571247,0.0006073551151736,0.5499668807419491,-0.1811802291737793,0.0009702598976902,-0.1479661190432323,0
2023-02-16,-0.6112938290800645,0.0015788340180924,-0.5366924245859729,-0.8036763276837269,0.0007834081117138,-0.7502560735068171,-0.6091495998525294,0.000390810366235,-0.5876490284744327,-0.7586957644093564,0.0006926949464545,-0.7128520987731556,-0.3498851983678969,0.0008867464951062,-0.3031662913649691,-1.5205008196983627,0.0011613739868081,-1.4570918019670978,-1.471189468017603,0.0031017464067413,-1.4018528918759312,-0.8525720298257596,0.0007159838499286,-0.8082715465691053,-1.2265155450157397,0.0005916675128114,-1.1625869956309156,-0.1773736112378549,0.0009665068341146,-0.1441595011073079,0
2023-02-17,-0.4629611269708189,0.0015700594072265,-0.3883597224767274,-0.6711271106393453,0.0007709765715305,-0.6177068564624356,1.7087396247761777,0.0004105086411322,1.7302401961542742,0.107461815748285,0.0006948761395342,0.1533054813844858,-0.983295519568156,0.0008690984496571,-0.9365766125652282,-0.9173107895874264,0.0011452556765412,-0.8539017718561612,0.6946280305017009,0.003128603843753,0.7639646066433726,-0.6462121036061411,0.0007056301482708,-0.6019116203494868,1.0504351401239722,0.0006055612630553,1.1143636895087965,-1.925610892791624,0.0009286048457566,-1.8923967826610768,0
2023-02-21,-1.4475624372577167,0.0015429220520743,-1.372961032763625,-1.4333834269103307,0.0007441716674847,-1.379963172733421,-1.256467153537399,0.0003958001193203,-1.2349665821593023,-0.995820388109296,0.0006765822617902,-0.9499767224730952,-0.814331336467836,0.0008545113938175,-0.7676124294649083,-1.2065620236077292,0.0011240915616239,-1.143153005876464,-1.3621922703075746,0.0030751489943946,-1.2928556941659028,-0.8317893753185439,0.0006923192755324,-0.7874888920618895,0.3863624495621868,0.0006108179962167,0.4502909989470112,-0.0818620889853722,0.0009267632685576,-0.0486479788548252,0
2023-02-22,0.0744476055926497,0.0015442209559699,0.1490490100867412,-0.1309928643776353,0.000741993731269,-0.0775726102007256,-0.1368896722273204,0.0003940841107993,-0.1153891008492237,-0.442591675124607,0.000668578543405,-0.3967480094884063,-0.1958406948168236,0.0008510222926697,-0.1491217878138959,-0.3146909275336358,0.0011186066556812,-0.2512819098023707,0.3659624821412418,0.0030891676167375,0.4352990582829136,-0.2071508102253879,0.0006890448955003,-0.1628503269687335,-1.617808019119564,0.0005901036321976,-1.5538794697347398,-0.6707000960692525,0.0009134428996003,-0.6374859859387054,1
2023-02-23,0.0947282237275374,0.0015458952225367,0.1693296282216289,-0.4751579469083958,0.0007333319589226,-0.4217376927314862,-0.0477591255796845,0.0003934025011294,-0.0262585542015878,0.3688999023246901,0.0006756181433126,0.4147435679608909,0.037868486772671,0.0008517188781421,0.0845873937755987,0.646008330933609,0.0011299615762578,0.709417348664874,0.0789620295657907,0.0030919815785554,0.1482986057074624,0.2577978121558082,0.0006932212784673,0.3020982954124625,-1.168252490859605,0.0005752467199212,-1.1043239414747807,0.4197802922023173,0.0009213920257667,0.4529944023328643,0
2023-02-24,-1.0011681437995783,0.0015271679138419,-0.9265667393054868,-1.0382677285148372,0.0007140815095808,-0.9848474743379276,-0.9463080026174158,0.000382337275214,-0.9248074312393192,0.4212078429045325,0.0006836120175966,0.4670515085407333,-0.4101805595424878,0.0008444101571855,-0.3634616525395601,-1.25569316581081,0.0011080130836138,-1.1922841480795452,-0.701615131589023,0.0030644182053926,-0.6322785554473512,-0.4721589434325309,0.00068571321697,-0.4278584601758766,0.1342032145671846,0.0005772572990051,0.198131763952009,-0.0287717198273659,0.0009205959269041,0.004442390303181,1
2023-02-27,0.3498153066951234,0.0015335987915247,0.424416711189215,0.3688438425880896,0.0007213432354257,0.4222640967649993,-0.2021469804247513,0.0003798855906407,-0.1806464090466546,0.4060156249536832,0.0006913097871538,0.451859290589884,0.3116291906905957,0.0008499975327644,0.3583480976935235,0.1430230711296603,0.0011105620929187,0.2064320888609253,1.274819192577572,0.0031137362612123,1.3441557687192438,0.1739028947018242,0.0006885440897946,0.2182033779584786,-0.5995491144353178,0.0005697866607653,-0.5356205650504934,-0.1220879208357181,0.0009179869119974,-0.0888738107051711,0
2023-02-28,-0.2520232540773414,0.0015288365247416,-0.1774218495832498,0.0540969758643198,0.0007226746577578,0.1075172300412295,-1.2835957012440766,0.0003649637166053,-1.26209512986598,0.3875464335763379,0.0006986517891826,0.4333900992125388,-0.0753803024150577,0.0008486738859136,-0.02866139541213,-0.2253161765488439,0.0011066722522213,-0.1619071588175789,-0.2969791292781935,0.0031019189133777,-0.2276425531365217,-0.1557222033213665,0.0006861069234046,-0.1114217200647122,0.2975063046483313,0.0005739058715774,0.3614348540331557,-0.318129347846406,0.0009115747014578,-0.2849152377158591,0
2023-03-01,-0.8076983617810597,0.0015137699827345,-0.7330969572869682,0.1160023678827943,0.0007251660849886,0.169422622059704,-0.39462651439596,0.0003603151129891,-0.3731259430178633,-0.3347793068998603,0.0006926541580481,-0.2889356412636595,-0.3168481937522196,0.0008430515321476,-0.2701292867492919,-0.754629489813834,0.0010935528775218,-0.691220472082569,-0.4211683193891024,0.0030853058334054,-0.3518317432474306,-0.4744738894388954,0.0006785902460191,-0.430173406182241,-1.09603586267302,0.0005600521801143,-1.0321073132881955,0.4056029777654419,0.0009192201057616,0.438817087895989,0
2023-03-02,0.1378818702546356,0.0015162654883664,0.2124832747487272,0.8696588933170952,0.0007417924953702,0.923079147494005,-0.0867041378640414,0.0003592205910314,-0.0652035664859447,-0.5833627762378117,0.000682086431572,-0.537519110601611,0.2672453678648785,0.0008478343609994,0.3139642748678062,1.0122453376042924,0.001111262576859,1.0756543553355575,-1.5104233614342564,0.0030265037461793,-1.4410867852925846,0.1476701155803211,0.0006810017920087,0.1919705988369755,0.1210887966648402,0.0005619006789039,0.1850173460496646,0.1931319455334785,0.0009227314602638,0.2263460556640255,1
2023-03-03,1.7311452423194202,0.0015482709457297,1.805746646813512,0.8587270712761705,0.0007581823041889,0.9121473254530804,0.8320496470619457,0.0003686959826283,0.8535502184400424,0.9046849753030738,0.0006989383139466,0.9505286409392746,0.847513114548697,0.0008629245962346,0.8942320215516247,0.8476460280462873,0.00112607159073,0.9110550457775524,0.819160527449347,0.0030580248987789,0.8884971035910187,1.243186024132952,0.0007008491689606,1.2874865073896062,0.0256977169996518,0.0005625182512392,0.0896262663844762,0.5897112475250459,0.0009339178022056,0.6229253576555929,1
2023-03-06,0.87943795128938,0.0015644528533184,0.9540393557834714,0.7503344190521372,0.0007725111575579,0.8037546732290468,0.8071492777888499,0.0003778671858944,0.8286498491669466,-0.3485693700027239,0.0006927038710673,-0.3027257043665231,0.758681838873879,0.0008764082694588,0.8054007458768067,0.2753300879886717,0.0011308935357582,0.3387391057199367,-0.5646966935543765,0.0030359483692834,-0.4953601174127047,0.7531396065012153,0.0007128647149063,0.7974400897578695,-0.0744545374274679,0.0005618472101066,-0.0105259880426435,0.4030515022814737,0.000941470708721,0.4362656124120207,0
2023-03-07,-0.8206006200715928,0.0015491712095052,-0.7459992155775014,-0.7323947967688029,0.0007590739033295,-0.6789745425918933,-0.8046749140028654,0.0003685164525317,-0.7831743426247687,-1.5683417940890882,0.0006640643313853,-1.5224981284528876,-1.0681564310339664,0.0008574489058944,-1.0214375240310387,-0.642965204409579,0.0011197422659309,-0.579556186678314,-0.8441475347479265,0.0030031129499974,-0.7748109586062547,-0.9897082878723112,0.0006971643498623,-0.9454078046156568,-0.8013734490343957,0.0005518419401039,-0.7374448996495713,-0.9845703845580024,0.0009221823603571,-0.9513562744274556,0
2023-03-08,0.3565005665355724,0.0015556618696981,0.4311019710296639,0.1579033961431635,0.0007623020268044,0.2113236503200732,-0.62926887642758,0.0003611953241463,-0.6077683050494833,-0.3521040786217076,0.0006578099921565,-0.3062604129855068,-0.1822760543472388,0.0008542306555202,-0.1355571473443111,-0.160307895531593,0.001116994941786,-0.096898877800328,-0.8181815877792836,0.0029713425969678,-0.7488450116376119,-0.3072499171722864,0.0006923274729826,-0.2629494339156321,-0.6757853894371448,0.0005434670316204,-0.6118568400523204,-0.7519681804962863,0.0009074233036639,-0.7187540703657394,0
2023-03-09,-0.842111430238287,0.0015400206319762,-0.7675100257441955,-1.094888044007363,0.0007421313604939,-1.0414677898304532,-0.9534444870538368,0.000350173484408,-0.9319439156757402,-2.8486269515411906,0.0006057736129215,-2.8027832859049897,-0.7322117867969608,0.0008412784030382,-0.6854928797940331,-0.3611187241401196,0.0011107684847644,-0.2977097064088546,-1.2975032129362458,0.0029211417778341,-1.228166636794574,-0.6318215179661237,0.0006823522859379,-0.5875210347094694,-0.5628440333087771,0.0005365557320802,-0.4989154839239527,-0.4135865323347417,0.0008992217835618,-0.3803724222041947,0
2023-03-10,-0.7887972245211502,0.0015253920179931,-0.7141958200270586,-0.9844471275796882,0.0007240592122531,-0.9310268734027785,0.1812466012715333,0.000352162257313,0.20274717264963,1.2689319292680707,0.0006292930277962,1.3147755949042716,-1.1555793478530554,0.0008208594230689,-1.108860440850128,-0.872500235672165,0.001095689071101,-0.8090912179408999,0.0046928592475315,0.0029212234229079,0.0740294353892033,-1.097607770895558,0.0006650159650951,-1.0533072876389038,-0.1719514295345084,0.0005346633233428,-0.108022880149684,-0.6420339549232118,0.0008866318249362,-0.6088198447926648,1
2023-03-13,0.6080610731001755,0.0015365203383533,0.6826624775942671,0.2159458619234304,0.0007283930847131,0.26936611610034,0.7711714016468214,0.0003608941903834,0.7926719730249181,-0.9755485538813334,0.0006116752194525,-0.9297048882451324,-0.4174712674683126,0.0008135272738295,-0.3707523604653849,1.110085474169964,0.0011149736864732,1.173494491901229,0.0782762217787249,0.0029241381601077,0.1476127979203967,-0.5069583854609366,0.0006570620710594,-0.4626579022042822,0.1524326748997914,0.0005369246321756,0.2163612242846157,-0.5994320007500626,0.0008748862340046,-0.5662178906195157,1
2023-03-14,0.6504333705600156,0.0015484073128535,0.7250347750541072,1.5430818309576455,0.0007574292003262,1.5965020851345553,0.4441305100515324,0.000365872782966,0.4656310814296291,1.283474204220948,0.0006354104936401,1.3293178698571488,1.214785227383136,0.0008350363789491,1.2615041343860638,1.41738164963741,0.0011395386520137,1.480790667368675,1.1694359390701832,0.0029690215026899,1.238772515211855,1.12555825425638,0.0006749403530266,1.1698587375130345,0.3297725621025142,0.0005414483742383,0.3937011114873386,0.1515730680094677,0.0008776133169946,0.1847871781400147,0
2023-03-15,0.0602958205861428,0.0015494224211395,0.1348972250802343,1.1048124011302891,0.0007782577897503,1.1582326553071989,0.2100458770125611,0.0003681698107553,0.2315464483906578,-2.491782223273806,0.000590113087844,-2.445938557637605,-0.7670742363938963,0.0008215361757666,-0.7203553293909687,0.9124961607880592,0.0011553298142511,0.9759051785193242,-0.4468053416826534,0.0029517060677515,-0.3774687655409817,-0.6714277775362604,0.0006643936117359,-0.627127294279606,0.7622501737986638,0.0005514861523506,0.8261787231834882,-2.481550942706226,0.0008297180418718,-2.448336832575679,1
2023-03-16,0.8874055579931535,0.0015656272237949,0.962006962487245,2.1744294272206592,0.0008189249657455,2.227849681397569,-0.1933295234415602,0.0003658622003637,-0.1718289520634635,0.95925216999105,0.0006079047491782,1.0050958356272508,-0.0590406430083229,0.0008205424730888,-0.0123217360053952,2.1552124686084126,0.0011925521013918,2.2186214863396776,0.4326991496910491,0.002968191700115,0.5020357258327209,0.2545869719910903,0.0006684834019042,0.2988874552477447,-0.4847730267064235,0.0005455959339653,-0.4208444773215991,-0.3189448366278107,0.0008234463280252,-0.2857307264972637,0
2023-03-17,-0.3552669581983803,0.001558998675737,-0.2806655537042888,0.6056423968244492,0.0008303882415921,0.6590626510013589,-0.909282981896313,0.0003554015648768,-0.8877824105182163,-2.001910058530723,0.0005716537177321,-1.956066392894522,0.2090482910903937,0.0008242719670019,0.2557671980933215,0.5766332315732048,0.0012024687037386,0.6400422493044698,-0.6041202914711589,0.0029448753892231,-0.5347837153294871,-0.0608147361251686,0.000667591740121,-0.0165142528685142,0.5361157105050075,0.000552728629985,0.6000442598898319,-0.6129110602239227,0.0008115461452158,-0.5796969500933757,1
2023-03-20,0.7222024845530177,0.0015721352916151,0.7968038890471093,-0.2536183899905115,0.0008258913572267,-0.2001981358136018,0.7997579279012014,0.0003644146536354,0.8212584992792981,0.5014701870218472,0.0005810875455562,0.547313852658048,-0.098850848818377,0.0008225771213336,-0.0521319418154493,-1.473650639635096,0.0011770262113228,-1.4102416219038312,0.3570569487863892,0.0029584375787359,0.426393524928061,0.1650411622670507,0.000670260035879,0.2093416455237051,0.7332899007875859,0.0005623585911019,0.7972184501724103,1.2533581477599844,0.0008354426377959,1.2865722578905314,1
2023-03-21,0.5400547951022736,0.0015819110781776,0.6146561995963652,1.8056949208283688,0.0008595653968284,1.8591151750052783,-0.0215005713780967,0.0003640711902483,0.0,1.342735935927015,0.0006058186418539,1.388579601563216,0.7591279888214776,0.0008359668716529,0.8058468958244053,0.2481961162779818,0.001181282876664,0.3116051340092468,1.855726703789436,0.0030293525211106,1.925063279931108,0.9987698030431172,0.0006860460046949,1.0430702862997716,-0.316327313797023,0.0005586176666443,-0.2523987644121986,2.1717418186195503,0.0008768818457024,2.2049559287500973,0
2023-03-22,-0.5430749743069329,0.0015718494240829,-0.4684735698128413,-0.8047700306282561,0.0008448453825722,-0.7513497764513464,-1.551002479608128,0.00034635086402,-1.5295019082300312,-1.3822988818074156,0.0005809412377793,-1.3364552161712149,-0.5820523564305551,0.0008257785722463,-0.5353334494276275,-0.3612582883874228,0.0011750462503346,-0.2978492706561577,-0.870481842901731,0.0029958561255239,-0.8011452667600593,-0.559607245653514,0.0006772968341459,-0.5153067623968597,-0.5387712858837492,0.0005520566250296,-0.4748427364989248,-1.1596829660939438,0.0008545037164539,-1.1264688559633966,1
2023-03-23,0.2840497472992737,0.0015769271315559,0.3586511517933652,1.043762112102287,0.0008643449385062,1.0971823662791966,0.0224181816358708,0.0003465235556827,0.0439187530139675,-0.1842475789266135,0.0005778798555829,-0.1384039132904127,0.4634653682686746,0.0008339527910894,0.5101842752716024,1.01597161473359,0.0011924934323388,1.0793806324648552,0.0684653250629303,0.0029983038023937,0.137801901204602,0.6496472819436282,0.000687561710686,0.6939477652002826,0.5361085799483227,0.0005591563128459,0.6000371293331471,-0.588467982939779,0.000843086319717,-0.555253872809232,0
2023-03-24,0.3528222863377178,0.0015832513240282,0.4274236908318093,-0.1304791543756895,0.0008621085830483,-0.0770589001987799,0.8120444503844195,0.0003556504361655,0.8335450217625162,-0.8336098071717642,0.0005630360676553,-0.7877661415355633,-0.4613006266542501,0.0008259021035918,-0.4145817196513225,0.5102093390143464,0.0012012228565165,0.5736183567456115,-0.3011412353231365,0.0029866359594694,-0.2318046591814647,-0.4612818677768199,0.000680370817337,-0.4169813845201656,0.5418536947531988,0.0005663155359419,0.6057822441380232,0.0238975440708132,0.0008433845940573,0.0571116542013602,1
2023-03-27,-0.7072339443251402,0.0015702214464848,-0.6326325398310487,-1.490835443373985,0.0008347614820833,-1.4374151891970752,0.3313962774131937,0.0003593146524158,0.3528968487912904,1.4379890140551077,0.0005894187746419,1.4838326796913084,0.4092201020510868,0.0008331109233161,0.4559390090540144,-0.8807571264425776,0.0011860726045835,-0.8173481087113126,0.111663654542008,0.0029907353837486,0.1810002306836797,0.1642920324082529,0.0006830028399004,0.2085925156649072,1.1743413488007448,0.000581477302289,1.238269898185569,1.0458856517522193,0.0008631806648838,1.0790997618827662,0
2023-03-28,-0.2794307449492481,0.0015650145543436,-0.2048293404551565,-0.7632489475331338,0.0008208858151957,-0.7098286933562241,-0.8216186419504752,0.000349921115225,-0.8001180705723785,0.1112965238219289,0.0005917131324009,0.1571401894581297,-0.0905785255245319,0.0008315620528246,-0.0438596185216042,-0.2911438675676091,0.001181056634704,-0.227734849836344,-0.4055940837474985,0.0029751161900339,-0.3362575076058268,-0.4438307735834627,0.0006761031025021,-0.3995302903268083,-0.3517239841102493,0.0005772878018091,-0.2877954347254249,0.5808065867143032,0.0008740747454848,0.6140206968448502,1
2023-03-29,0.9438565884422496,0.001582096155143,1.018457992936341,0.1278021758455805,0.000823455938691,0.1812224300224902,0.7918586846263989,0.0003587908833104,0.8133592560044954,0.0585983470567185,0.000593049225981,0.1044420126929193,0.7401799238977085,0.0008445368957412,0.7868988309006362,0.986567382925602,0.0011979292667131,1.0499764006568673,0.5409272582361101,0.0029955611667463,0.6102638343777819,0.7628692379068788,0.0006881026837705,0.8071697211635331,0.2559413874406791,0.0005807931150821,0.3198699368255035,0.8121527380795796,0.0008893539509945,0.8453668482101266,1
2023-03-30,0.4343241963575179,0.001589874759491,0.5089256008516094,-0.3042269803954132,0.0008180675167562,-0.2508067262185036,0.0433882822720649,0.0003591880328438,0.0648888536501616,-0.2021962540888272,0.0005896662291168,-0.1563525884526264,-0.0869867633276946,0.0008430429488361,-0.0402678563247668,0.6272804199062393,0.0012086237248057,0.6906894376375043,0.1084241713276372,0.0029995175043773,0.1777607474693089,-0.2963715687093782,0.0006835168547035,-0.2520710854527238,0.6757611051652328,0.000589597606763,0.7396896545500572,0.2061787974053017,0.0008930757340631,0.2393929075358487,1
2023-03-31,0.7304620278535536,0.0016030220368457,0.8050634323476452,1.3782524959151503,0.0008436349425791,1.43167275009206,0.8265613269092256,0.0003684242315986,0.8480618982873223,0.5814611433181563,0.0006004491022417,0.6273048089543571,0.57266761782268,0.0008530603108695,0.6193865248256077,0.7554957689641597,0.0012214895936966,0.8189047866954248,1.466102379782288,0.0030550577309578,1.5354389559239598,0.7905122415691378,0.0006959188892686,0.8348127248257922,0.8413946001421297,0.0006004769680748,0.905323149526954,0.0431992976720687,0.0008936927278083,0.0764134078026157,1
2023-04-03,0.3217203084581229,0.0016087215320096,0.3963217129522144,0.255465983494813,0.000848522519213,0.3088862376717226,0.9676978309552556,0.0003792347066218,0.9891984023333524,-0.1054350444678915,0.0005988122122612,-0.0595913788316907,0.4047714827196959,0.0008601325237018,0.4514903897226236,-0.2665481213792787,0.0012168792655147,-0.2031391036480136,-1.5751461897335126,0.0029950357818664,-1.5058096135918408,0.8958982002092245,0.0007099425418269,0.9401986834658788,0.559108773141957,0.0006077750931391,0.6230373225267813,2.8704915494786105,0.0009479979868037,2.903705659609157,0
2023-04-04,-0.2418174106298145,0.0016041854631316,-0.167216006135723,0.1220233340903936,0.0008509511476826,0.1754435882673033,0.8450355831244026,0.0003886430721766,0.8665361545024993,-0.7379508929567093,0.0005857710865939,-0.6921072273205087,-0.4227508226895429,0.0008527813055594,-0.3760319156866152,-0.0729422148006389,0.0012155804227158,-0.0095331970693739,-0.3461360578966986,0.0029817406562906,-0.2767994817550268,-0.3946885889379586,0.0007038161272281,-0.3503881056813042,-0.7913899755383447,0.0005980395989006,-0.7274614261535203,-0.503616632467387,0.0009381883746505,-0.4704025223368399,1
2023-04-05,-0.6556155480504409,0.0015921568396016,-0.5810141435563494,-0.1748302840640151,0.0008479305102706,-0.1214100298871054,3.701690179525279,0.0004301871423515,3.7231907509033753,0.0313555757553868,0.0005866156319232,0.0771992413915877,0.0211692055841688,0.0008531668809763,0.0678881125870965,-0.6046583867558526,0.0012052214989375,-0.5412493690245876,-0.9718135123193848,0.0029447613494399,-0.902476936177713,0.0898329394169907,0.0007052491487439,0.1341334226736451,1.1638866082488195,0.0006129411323191,1.227815157633644,0.8097101363827914,0.0009532902099949,0.8429242465133385,1
2023-04-06,0.2082193414364485,0.0015957949839503,0.2828207459305401,1.86955935283965,0.0008823776897802,1.92297960701656,-0.2516928047058356,0.0004271976937139,-0.2301922333277388,-0.1026431485808798,0.0005850464682658,-0.056799482944679,-0.3886650075841907,0.0008464283105201,-0.341946100581263,1.3340510625415951,0.0012278942107461,1.3974600802728605,-0.1303768076562631,0.002939706070302,-0.0610402315145914,-0.6164071444005115,0.0006956877553745,-0.5721066611438571,0.4954400974765284,0.0006194063319448,0.5593686468613528,-0.8493220507607576,0.0009369474641875,-0.8161079406302105,0
2023-04-10,-0.8965388658737059,0.001579437430776,-0.8219374613796144,-0.9822277349633564,0.0008645521285805,-0.9288074807864468,-0.4380128667853627,0.0004221205799915,-0.416512295407266,0.1247385992841688,0.0005875695547698,0.1705822649203696,-0.2440056831975199,0.0008422143060612,-0.1972867761945921,-0.4782229374366461,0.0012196940490812,-0.414813919705381,-0.1425002145338436,0.0029342016646425,-0.0731636383921719,0.0722814492843693,0.0006968527639856,0.1165819325410237,-0.2064124543901621,0.0006170389311546,-0.1424839050053377,-0.2513795285031686,0.0009319476085714,-0.2181654183726216,1
2023-04-11,-0.4652422364745618,0.0015709067087812,-0.3906408319804703,-0.5742468566986381,0.0008542218218356,-0.5208266025217284,-0.0467309514775175,0.0004214447200446,-0.0252303800994208,0.2091994038566382,0.0005916055124477,0.2550430694928391,0.547327162100214,0.000851736898941,0.5940460691031417,-1.3040851708045562,0.0011974725320732,-1.2406761530732913,0.2348622024931485,0.0029429671026942,0.3041987786348202,0.4898985762402331,0.0007045032010922,0.5341990594968875,-0.2805171093526886,0.0006137454878565,-0.2165885599678642,0.3148205011160286,0.0009376590119339,0.3480346112465756,0
2023-04-12,-0.298628335344984,0.0015654008653509,-0.2240269308508925,-0.3961868536270455,0.0008471644596512,-0.3427665994501358,-0.1980908176689844,0.0004190728089764,-0.1765902462908877,-0.0539027845988006,0.0005909110240483,-0.0080591189625998,-0.3927620952326417,0.0008449474313806,-0.346043188229714,0.064310526461231,0.0011985283830582,0.127719544192496,-0.8930367512564705,0.0029091353149255,-0.8237001751147989,-0.2120567834520905,0.000701244820797,-0.1677563001954362,-0.4243115860542914,0.0006086543821763,-0.360383036669467,-0.0844068166682531,0.0009358208685454,-0.0511927065377061,1
2023-04-13,1.6803942767218212,0.0015956129139654,1.754995681215913,1.302635852422289,0.0008711344705531,1.3560561065991987,1.0857711482355217,0.0004310888053705,1.107271719613618,0.1515759787915889,0.0005939029473564,0.1974196444277897,1.1196966221671067,0.0008643613455537,1.1664155291700344,1.1625362420121643,0.0012182133966997,1.2259452597434295,0.6615233751494936,0.0029340002924674,0.7308599512911653,1.238426170083262,0.0007204836010117,1.2827266533399162,0.0104799679319283,0.0006090217707645,0.0744085173167527,0.1974220103938278,0.0009393031976744,0.2306361205243748,1
2023-04-14,-0.1833992036622546,0.0015921715269398,-0.1087977991681631,0.6283033291613931,0.0008827605933635,0.6817235833383027,-0.156214517819206,0.0004291810665393,-0.1347139464411093,3.863484147496109,0.0006633981174598,3.90932781313231,0.3565156728202402,0.0008705357355276,0.4032345798231679,-0.7620815166370717,0.0012052415203605,-0.6986724989058067,-0.1885164540350595,0.0029267876021587,-0.1191798778933878,0.2979671045178885,0.0007251175082737,0.3422675877745428,-0.5644836078535928,0.0006021894114167,-0.5005550584687684,0.0858118165975949,0.0009406753512134,0.119025926728142,0
2023-04-17,-0.0683659756627514,0.0015908082255656,0.0062354288313401,-1.408171478417693,0.0008572555237529,-1.354751224240783,-0.1064523468844687,0.0004278333314622,-0.084951775506372,0.364663795540155,0.0006701318168216,0.4105074611763558,0.0008008390916815,0.0008705502961633,0.0475197460946092,0.4453859878056387,0.0012127401019675,0.5087950055369037,0.2021196187794818,0.0029342947413002,0.2714561949211536,-0.182477021160817,0.0007223068944331,-0.1381765379041626,0.4549850802314884,0.0006081225603801,0.5189136296163128,-0.6057267165947556,0.0009290223909475,-0.5725126064642087,0
2023-04-18,0.311596076372369,0.0015962840917823,0.3861974808664605,-0.7589396212107066,0.0008436173527526,-0.7055193670337969,-2.352709285075435,0.0004013924849741,-2.3312087136973383,0.5354535758895802,0.0006799075367297,0.581297241525781,-0.1100075484757734,0.0008686513258081,-0.0632886414728457,-0.1449084606250333,0.0012102384174946,-0.0814994428937683,-0.4286473474940336,0.0029180631849984,-0.3593107713523619,-0.0135275787285505,0.0007221139292817,0.0307729045281037,0.0996002207903287,0.0006096032209842,0.163528770175153,0.9279163506504452,0.0009462447636043,0.9611304607809924,0
2023-04-19,0.2839903714594326,0.0016012535779627,0.3585917759535241,-0.2091566129460703,0.0008400042943867,-0.1557363587691606,0.7608960798362276,0.0004097541662845,0.7823966512143243,-0.1117388170085469,0.0006781011632418,-0.0658951513723461,0.0223975049403651,0.000869040201569,0.0691164119432928,-0.0482268969133534,0.0012093754708109,0.0151821208179115,-0.5661998956058693,0.0028966927347108,-0.4968633194641975,-0.3083319890841506,0.0007173670148014,-0.2640315058274962,0.0151911544043617,0.0006100271970207,0.0791197037891861,-0.1889324048188204,0.0009424424687408,-0.1557182946882734,0
2023-04-20,-0.3754648490640314,0.00159437025797,-0.3008634445699398,0.4884669953173666,0.0008490751069397,0.5418872494942764,0.513916097595691,0.0004153461849464,0.5354166689737877,-0.1961468397544322,0.0006747913235403,-0.1503031741182314,0.2697038160118668,0.0008736910945458,0.3164227230147945,-0.5074000298933603,0.0012007603593972,-0.4439910121620952,-2.4685092164436098,0.0028039432198858,-2.399172640301938,0.4783768931187974,0.0007247711688166,0.5226773763754519,0.4101894628860743,0.0006153778433584,0.4741180122708986,-0.425855609076732,0.0009341980002712,-0.3926414989461849,1
2023-04-21,-0.5779240379399695,0.0015838668999316,-0.5033226334458779,0.0045505870928123,0.0008493435755138,0.057970841269722,-0.4724052156216691,0.0004099390330731,-0.4509046442435724,-0.145142754876577,0.0006723972520862,-0.0992990892403762,-0.0124032227316826,0.0008734753040288,0.034315684271245,-0.1303786653214774,0.0011985217951335,-0.0669696475902124,0.2463290539846342,0.0028131942877053,0.315665630126306,-0.184694567413644,0.0007219370609656,-0.1403940841569896,0.3090305947895991,0.0006194578552575,0.3729591441744235,0.1242511240788933,0.0009362897214183,0.1574652342094403,1
2023-04-24,0.0220720348721964,0.001584138791072,0.096673439366288,0.2167701456704149,0.0008534608801304,0.2701903998473245,0.4828199192928699,0.0004151744333972,0.5043204906709666,0.0241608108106406,0.000673024334787,0.0700044764468414,-0.1195875402675446,0.0008714158201513,-0.0728686332646169,-0.8276076252492984,0.001184535429008,-0.7641986075180334,-0.4466207552745131,0.0027964608104767,-0.3772841791328413,-0.3743426329983185,0.0007161864991048,-0.3300421497416642,0.4390078636785651,0.0006251487650161,0.5029364130633895,0.8958531155479761,0.0009528408312872,0.9290672256785232,0
2023-04-25,-0.5601728800894333,0.0015739821480328,-0.4855714755953418,-1.0708976595170734,0.0008342358387222,-1.0174774053401638,0.7380051460543963,0.0004232380226697,0.759505717432493,-1.171575551536418,0.0006523636599507,-1.125731885900217,-0.93385791806534,0.0008553636341695,-0.8871390110624123,-1.2968379000588086,0.0011626731644642,-1.2334288823275437,-0.3540544570853968,0.0027832237941329,-0.2847178809437251,-0.8598203297556225,0.0007029742510856,-0.8155198464989681,-0.6410575802015357,0.0006173930317651,-0.5771290308167114,-0.7327162506855361,0.0009388629449733,-0.699502140554989,0
2023-04-26,-0.077746532243698,0.0015724765315254,-0.0031451277496064,-0.1219844256227016,0.0008322263090901,-0.0685641714457919,-1.3059542977799736,0.0004085774235,-1.284453726401877,-0.9634341077446494,0.0006354429742076,-0.9175904421084484,-0.3042457969935935,0.0008501534513511,-0.2575268899906658,3.90105230345579,0.001228301282523,3.964461321187055,-1.1296003870849525,0.002741002008915,-1.0602638109432807,-0.4198688101787642,0.0006965516645246,-0.3755683269221098,-0.3865566916431807,0.0006128146900688,-0.3226281422583563,-0.485154019964826,0.0009295426703596,-0.4519399098342789,1
2023-04-27,1.386623697911827,0.0015971523672556,1.4612251024059184,1.849324973974045,0.0008658782668632,1.9027452281509547,0.1721813198346178,0.0004103514633726,0.1936818912127145,0.6509391695346745,0.0006472397552566,0.6967828351708752,0.9634937178435984,0.0008667039428076,1.0102126248465262,1.6895056797676509,0.0012566354716159,1.7529146974989158,0.9617939758328892,0.0027770141457429,1.031130551974561,0.1814175503424165,0.0006993786357084,0.2257180335990709,0.1668279851330366,0.000615116282266,0.230756534517861,0.5550609780029667,0.0009396839799831,0.5882750881335138,1
2023-04-28,0.3134650073037473,0.0016026155190799,0.3880664117978389,-0.171595279599761,0.0008629467930122,-0.1181750254228513,0.3343974771327194,0.0004139212259165,0.3558980485108161,0.403692352654915,0.000654625478449,0.4495360182911158,0.8658968088202321,0.0008815510424328,0.9126157158231598,0.3729078410609168,0.0012628076452249,0.4363168587921818,0.5638096764973266,0.0027981009225116,0.6331462526389984,0.9283860434559618,0.0007136657610142,0.972686526712616,-0.2645934963258017,0.000612061503495,-0.2006649469409773,0.6028816570135765,0.0009506997239035,0.6360957671441236,0
2023-05-01,-0.1018887559657128,0.0016006569568811,-0.0272873514716213,-0.1197551671789226,0.0008609566843754,-0.0663349130020129,-0.0721184702925606,0.0004129802938853,-0.0506178989144639,1.0627151275199898,0.0006736865248906,1.1085587931561909,-0.0706993730770572,0.0008803308510197,-0.0239804660741294,-0.3662295574697009,0.001256567376943,-0.3028205397384359,-0.4408972064218221,0.0027816716331481,-0.3715606302801503,-0.100901300739019,0.000712142442427,-0.0566008174823647,0.2403297404427639,0.0006152705730457,0.3042582898275883,-1.559489772454926,0.0009213488926357,-1.526275662324379,0
2023-05-02,-0.3932104990764313,0.0015935083365401,-0.3186090945823398,-0.945358374079104,0.000844077506509,-0.8919381199021942,0.7029103540694478,0.0004206204186528,0.7244109254475445,-0.8818261753557279,0.0006582544984001,-0.835982509719527,-0.5873442343297728,0.0008702730236342,-0.5406253273268451,-0.0902873602789478,0.0012549640168516,-0.0268783425476828,-0.3005582373743645,0.0027705025777533,-0.2312216612326927,-1.4684988242425028,0.0006896689405349,-1.4241983409858483,-0.2643039315853524,0.0006122248435208,-0.200375382200528,-1.9946040213428555,0.0008839408380144,-1.9613899112123083,0
2023-05-03,-0.4074056715809999,0.0015861199829061,-0.3328042670869084,-0.0099470688690476,0.0008440873096084,0.0434731853078619,-1.1062396883934822,0.0004082381603872,-1.0847391170153855,-1.141532445533345,0.0006382528743341,-1.0956887798971444,-0.2078589563429919,0.0008667207354011,-0.1611400493400642,-0.2444065904623018,0.0012507825531452,-0.1809975727310367,-0.0232676793321871,0.0027696784629043,0.0460688968094845,-0.3081139163758772,0.0006849986126052,-0.2638134331192228,-0.3383618636327376,0.0006082684738547,-0.2744333142479132,-1.0032119418030894,0.0008650652178704,-0.9699978316725424,0
2023-05-04,-0.5847568232320702,0.0015755891551642,-0.5101554187379786,-0.4008195829192116,0.0008370592178204,-0.347399328742302,-0.3980655182136745,0.0004037034925055,-0.3765649468355778,-0.7540081087818684,0.0006251424021688,-0.7081644431456676,0.1277753507266835,0.0008689071911193,0.1744942577296112,0.1181891023230106,0.0012526755961438,0.1815981200542756,0.0210948707795606,0.0027705061126506,0.0904314469212324,-0.1449925424667161,0.0006828314456934,-0.1006920592100617,0.1434527462852887,0.0006102747638987,0.2073812956701131,-0.8950346552409436,0.0008482370361104,-0.8618205451103965,1
2023-05-05,2.340282380187472,0.0016170817419248,2.4148837846815634,0.3740895786227627,0.000843983891026,0.4275098327996724,0.2596538162110689,0.0004064378889209,0.2811543875891656,0.9655157824992422,0.0006424429801217,1.011359448135443,1.1707344049908497,0.0008888858590997,1.2174533119937772,0.8756407263966411,0.001267227045942,0.9390497441279062,1.2837060226727004,0.0028182575105194,1.3530425988143722,1.5960363139457894,0.0007072693546589,1.640336797202444,0.5761448154970653,0.0006176207297498,0.6400733648818897,1.1920480086345109,0.000870238712341,1.2252621187650576,1
2023-05-08,-0.0953604672837837,0.0016152348679361,-0.0207590627896922,1.006447240618817,0.0008622610408809,1.0598674947957267,-0.2100072326469627,0.0004039872924723,-0.188506661268866,0.0791070567545642,0.0006440618221065,0.124950722390765,0.0717618832228338,0.000890093161977,0.1184807902257615,-0.415784370087551,0.0012601836371227,-0.352375352356286,0.1810929948571749,0.0028249801774958,0.2504295709988466,0.0719554331239198,0.0007083975020179,0.1162559163805741,0.3998127090448911,0.0006227777180142,0.4637412584297155,0.1615180993472938,0.0008730600286047,0.1947322094778408,0
2023-05-09,-0.5877258388422147,0.0016046536132542,-0.5131244343481233,-0.251627344371329,0.0008579145366306,-0.1982070901944193,-0.6648525764447119,0.0003965291650278,-0.6433520050666152,-0.2951310386316166,0.0006390763307029,-0.2492873729954158,-0.4041643247945583,0.0008831922708771,-0.3574454177916306,-0.3559942880879372,0.0012541507428839,-0.2925852703566721,-0.4476473513349463,0.0028083659517406,-0.3783107751932745,0.2212926962385903,0.0007118011393888,0.2655931794952446,0.0622127584407004,0.0006237638545895,0.1261413078255248,-0.0196878439916036,0.0008725137088071,0.0135262661389433,1
2023-05-10,0.4616597201472001,0.0016126975793169,0.5362611246412916,2.0311814917537614,0.0008945291944158,2.084601745930671,0.2872472952439928,0.000399566401834,0.3087478666220895,-0.0192775875783486,0.0006389614168925,0.0265660780578521,-0.1027273070171006,0.0008814333722141,-0.0560084000141729,0.8832575263889464,0.0012687879931556,0.9466665441202112,-0.1581136917470968,0.002802513181378,-0.0887771156054251,-0.5551563745153969,0.0007033677040421,-0.5108558912587425,-0.272188092321095,0.0006206299538289,-0.2082595429362706,-0.6645234493044558,0.0008600136433247,-0.6313093391739087,1
2023-05-11,-0.0182560551000021,0.0016122255900378,0.0563453493940893,2.1402402738900093,0.0009330318118911,2.193660528066919,-0.3598773364109305,0.0003954803413655,-0.3383767650328338,-0.2089560391938114,0.0006355069776296,-0.1631123735576106,0.0724228492870675,0.0008826554040272,0.1191417562899953,-0.4489709674097704,0.0012612096853539,-0.3855619496785054,0.4477271666326744,0.0028191052090346,0.5170637427743462,0.0049911463128971,0.0007034769089144,0.0492916295695514,0.2129257141602168,0.0006234706296419,0.2768542635450413,-0.9239627291188844,0.0008427309526329,-0.8907486189883373,0
2023-05-12,-0.3533997169489474,0.001605823089326,-0.2787983124548558,0.356701391435566,0.0009395261721059,0.4101216456124756,-0.1296237805966673,0.0003939319888039,-0.1081232092185706,-0.7879024048175571,0.0006218744029825,-0.7420587391813563,-0.2523017669236221,0.0008783596021721,-0.2055828599206944,-0.2645944902008622,0.0012567132587749,-0.2011854724695971,-0.6558755144066345,0.002794838116314,-0.5865389382649627,0.0516078259515846,0.0007042949258393,0.095908309208239,-0.0881343373268653,0.000622605247852,-0.0242057879420409,-0.0378564484998831,0.0008418775295862,-0.004642338369336,0
2023-05-15,-0.223697155599739,0.0016017256268231,-0.1490957511056474,-0.4862290619700135,0.0009309279537204,-0.4328088077931039,-0.6555171331908439,0.0003866126502015,-0.6340165618127473,0.3904228461881305,0.0006289760664705,0.4362665118243313,0.1624594053728968,0.0008811101307217,0.2091783123758245,0.023401605376353,0.0012570129918292,0.086810623107618,-0.3082112028680263,0.0027834656752501,-0.2388746267263545,0.3257747339685656,0.0007092775695403,0.3700752172252199,-0.6399009694249024,0.0006149648332381,-0.575972420040078,0.0606388411805837,0.000842846699877,0.0938529513111308,0
2023-05-16,-0.0746014044940915,0.0016002695126169,0.0,1.2561471462095033,0.0009534896575248,1.309567400386413,-0.1305822001646905,0.0003850646614035,-0.1090816287865938,-0.3942319416167323,0.0006222868052225,-0.3483882759805315,-0.4900338911498403,0.0008727928886546,-0.4433149841469127,0.3398235087541809,0.0012625679576392,0.4032325264854459,-0.0441792679633173,0.0027818642797676,0.0251573081783544,-0.6461668919432898,0.0006994953982554,-0.6018664086866354,-1.0883183285025286,0.0006018360094179,-1.0243897791177043,-1.2276485348539674,0.0008200171282936,-1.1944344247234204,1
2023-05-17,0.1108267465457496,0.0016020888081661,0.1854281510398411,0.5125802648943644,0.0009627314836324,0.566000519071274,-0.2035370667333541,0.000382719965221,-0.1820364953552574,1.5460192153014758,0.0006496482620731,1.5918628809376767,0.9065341576745884,0.0008881475161817,0.953253064677516,0.4538818834215856,0.0012700056251398,0.5172909011528506,1.0157694549835918,0.0028193728192153,1.0851060311252636,0.5221060591643866,0.0007074512920853,0.5664065424210409,-0.1875920486866732,0.000599773349146,-0.1236634993018489,1.070916416915087,0.00083964908321,1.1041305270456343,1
2023-05-18,0.6286548384032274,0.0016130360563192,0.7032562428973189,0.7841385994128837,0.0009768017258479,0.8375588535897933,-0.2873711373711816,0.0003794616125027,-0.2658705659930849,0.3468005114379618,0.0006559408005755,0.3926441770741626,0.6488022460774464,0.0008991124632828,0.6955211530803741,0.7244457141050528,0.001281915711639,0.7878547318363178,0.3596913125882126,0.002832629112847,0.4290278887298843,0.2002190686731331,0.0007105148143974,0.2445195519297875,0.8972962143157103,0.0006110023833909,0.9612247637005348,0.4128238766857671,0.0008471113202171,0.4460379868163142,0
2023-05-19,-0.0422654104899336,0.0016121433363716,0.0323359940041578,-0.0824065795636085,0.0009753994295637,-0.0289863253866989,0.203365936875916,0.0003815774507849,0.2248665082540127,-0.1646037523481049,0.0006532664368823,-0.1187600867119041,-0.9289226260917396,0.0008833805730876,-0.882203719088812,-0.0943390107606735,0.0012802411525458,-0.0309299930294084,0.3829595082576126,0.002846718297906,0.4522960843992844,-0.1186405754911495,0.0007087451070825,-0.0743400922344951,-0.8269642063158075,0.0006011110813057,-0.7630356569309831,0.1947910900440162,0.0008505435236786,0.2280052001745632,1
2023-05-22,-0.3566465828682229,0.0016057185556437,-0.2820451783741313,0.8953318537091283,0.0009914130420692,0.948752107886038,-0.4681437587794229,0.0003763503147714,-0.4466431874013262,-0.4736254799778489,0.0006451903636516,-0.4277818143416481,-0.1913509105242336,0.0008801371149561,-0.1446320035213058,0.4248704947409266,0.0012871624665324,0.4882795124721916,1.1236803948910845,0.0028880367446844,1.193016971032756,-0.5653079366100693,0.000700221991853,-0.5210074533534149,-0.7162861305761332,0.0005925908519455,-0.6523575811913088,-0.6306923485029549,0.0008387765958477,-0.5974782383724078,0
2023-05-23,-0.8544795567319093,0.0015905505715873,-0.7798781522378178,-1.0661436097831187,0.0009724957138839,-1.012723355606209,-0.0531868361648292,0.0003756637304717,-0.0316862647867325,-0.5859678759066572,0.0006351651765578,-0.5401242102704564,-1.54989039613165,0.0008539702436115,-1.5031714891287224,-1.0722170778873803,0.0012693171006614,-1.0088080601561151,-0.4733913009927571,0.0028705694191264,-0.4040547248510853,-1.778997957974088,0.0006733717636813,-1.7346974747174335,-0.2035568986430994,0.0005903490148481,-0.139628349258275,0.6372436076393925,0.0008503460405097,0.6704577177699396,0
2023-05-24,0.0093891377907681,0.0015905881730353,0.0839905422848597,-0.7422753676011459,0.0009593702064722,-0.6888551134242362,-0.100786143059672,0.0003744591006347,-0.0792855716815753,-0.5196208512096551,0.0006263168073936,-0.4737771855734543,-0.7998951148206822,0.0008404975850606,-0.7531762078177545,-0.3082011234700355,0.0012641254893614,-0.2447921057387704,-0.4496578536752117,0.0028540053718316,-0.38032127753354,-0.6655548249312948,0.0006633823792201,-0.6212543416746404,-0.403617311555652,0.0005856697097359,-0.3396887621708276,0.5172145992013476,0.0008596894406933,0.5504287093318947,1
2023-05-25,0.2697885429700606,0.0015951967862916,0.3443899474641521,1.0319173723603003,0.0009777808759085,1.08533762653721,-1.2118172392812554,0.0003611467452608,-1.1903166679031587,0.0803838585199736,0.0006279534840571,0.1262275241561744,0.177365686905359,0.0008435135707057,0.2240845939082867,2.041457315927888,0.0012977243690419,2.104866333659153,0.1419786227555789,0.0028591814880032,0.2113151988972506,0.2601573475392028,0.0006673760865044,0.3044578307958571,-0.8016316396163896,0.0005761459100881,-0.7377030902315652,-0.9160533979609582,0.0008427083404295,-0.8828392878304112,1
2023-05-26,0.6512362074962222,0.0016064870116277,0.7258376119903137,0.4120092698879745,0.0009851577041313,0.4654295240648841,-0.0537095262174386,0.0003604700495558,-0.0322089548393419,0.4387931203878435,0.0006358351931526,0.4846367860240442,0.5806988584298964,0.0008533130947158,0.6274177654328241,1.1070521984124415,0.0013158541640183,1.170461216143707,1.0916737892627109,0.0028991660925537,1.1610103654043826,0.3926358164452554,0.0006733593156386,0.4369362997019098,0.0678682500374504,0.0005772314575415,0.1317967994222748,-0.3546118252782809,0.0008360538456968,-0.3213977151477339,0
2023-05-30,0.4739515487367335,0.0016146504139093,0.5485529532308251,-0.4370834466390344,0.0009774671999384,-0.3836631924621247,-0.0107690219560947,0.0003602617686194,0.0107315494220019,0.1507569648717711,0.0006386860116956,0.1966006305079719,-1.0306750511139078,0.0008359964441146,-0.98395614411098,-0.3396393215673965,0.001310116681997,-0.2762303038361315,0.9489034145478352,0.0029338490439965,1.0182399906895068,-0.9411320176502382,0.0006592471792589,-0.8968315343935839,-0.246082243557816,0.0005744939840382,-0.1821536941729916,-0.4692431489741997,0.0008273110895588,-0.4360290388436527,0
2023-05-31,-0.0891204051063954,0.0016129415945991,-0.0145190006123039,-0.3824175983203839,0.0009707588800588,-0.3289973441434742,0.3489403194094004,0.000363963989121,0.3704408907874971,-0.7049440698320021,0.0006266415216889,-0.6591004041958014,-0.4085539696493717,0.0008291637898561,-0.361835062646444,-0.5293855935703976,0.0013012662398779,-0.4659765758391326,0.2696473919581683,0.0029436114127512,0.3389839680998401,-0.2091015732778036,0.0006561738374106,-0.1648010900211493,0.3469364002896267,0.0005789725172346,0.4108649496744511,-0.913071380735762,0.0008104596408108,-0.8798572706052149,1
2023-06-01,0.7499224489906298,0.0016259114733888,0.8245238534847213,0.2984187520861666,0.0009761118263057,0.3518390062630763,-0.299421337848254,0.0003606180431201,-0.2779207664701573,0.667542326324194,0.0006384800426602,0.7133859919603948,0.8140723354763106,0.0008428673491836,0.8607912424792383,0.6349090317338543,0.0013115792253857,0.6983180494651193,0.3640320779928498,0.0029568072056556,0.4333686541345215,1.437614490646813,0.0006778585025527,1.4819149739034672,0.2084588523764161,0.0005817606244899,0.2723874017612405,0.5351415639585673,0.0008201247574029,0.5683556740891144,1
2023-06-02,0.1711478648840459,0.0016287438353578,0.2457492693781374,0.3371130986618195,0.0009821393273614,0.3905333528387292,1.281681724397585,0.0003744341698108,1.303182295775682,1.0416834925745018,0.0006567960439574,1.087527158210703,0.3653212580514554,0.0008490199671532,0.4120401650543831,0.4006685546290502,0.0013180249071184,0.4640775723603152,0.6958058592368107,0.0029820990392941,0.7651424353784825,0.56110958902393,0.0006863409046937,0.6054100722805844,0.6447282998034455,0.0005898391884233,0.7086568491882699,1.109551064097834,0.0008402683645308,1.142765174228381,1
2023-06-05,-0.464216206993363,0.001620477982407,-0.3896148024992715,0.4932327422548249,0.0009909139801788,0.5466529964317346,0.691271926212647,0.0003818248735546,0.7127724975907437,-0.5544591057981524,0.0006473792989207,-0.5086154401619517,-0.5072563721497779,0.0008405401139529,-0.4605374651468502,0.0247110274864683,0.0013182872786142,0.0881200452177334,0.3494484733887755,0.0029947042761563,0.4187850495304472,-0.5729901155896817,0.0006777915725668,-0.5286896323330273,0.4239507216915739,0.0005952258285656,0.4878792710763983,-0.2519274576778746,0.0008355205665158,-0.2187133475473276,1
2023-06-06,-0.1806282643293157,0.0016171738223693,-0.1060268598352242,0.4712775552832852,0.0009992853711776,0.5246978094601948,-0.0947987332428306,0.0003806882147841,-0.0732981618647339,0.0472061602807638,0.0006484115274624,0.0930498259169646,1.3193676143259874,0.0008626559767521,1.3660865213289148,-0.4316092426024243,0.0013110649390524,-0.3682002248711593,0.3492306915589704,0.0030072789410932,0.4185672677006422,0.3385785842484363,0.0006829228578833,0.3828790675050906,-0.0738231150544893,0.0005945716291776,-0.0098945656696649,0.3687729777385813,0.0008421026532549,0.4019870878691283,0
2023-06-07,-0.4737394551666848,0.0016087672000515,-0.3991380506725933,-1.9749805815229844,0.0009645040855067,-1.9215603273460744,0.1566493710057055,0.0003822746386512,0.1781499423838022,0.4557495470371007,0.0006565191449341,0.5015932126733015,-1.256096110023167,0.0008416536204644,-1.2093772030202392,-1.7528533177463193,0.0012822048852887,-1.6894443000150543,0.2932908229977629,0.0030177930522334,0.3626273991394347,-0.8183213192906674,0.0006707174803079,-0.7740208360340131,0.0449028162512476,0.0005953558300859,0.1088313656360719,1.07024373651038,0.0008614560421897,1.103457846640927,1
2023-06-08,0.7212368266316279,0.0016211832208901,0.7958382311257195,-0.2028838717443951,0.0009610065337435,-0.1494636175674854,0.8882021996817365,0.0003917676193206,0.9097027710598332,-0.0311196890819751,0.0006561857025866,0.0147239765542256,-0.5953393183517224,0.0008317311621237,-0.5486204113487947,0.2547831569156336,0.0012862653649478,0.3181921746468986,1.0586555957230737,0.0030561470645321,1.1279921718647454,-0.6344089823774243,0.0006612860534522,-0.5901084991207699,1.0078615884772055,0.0006077851972427,1.07179013786203,-0.1874011592905476,0.000857876849817,-0.1541870491600006,1
2023-06-09,0.0365412827368322,0.0016216653926721,0.1111426872309237,-0.0159402102340268,0.0009608059326748,0.0374800439428827,-0.1507841671871295,0.0003900203508715,-0.1292835958090328,0.0571586404450267,0.0006573793739987,0.1030023060812275,0.1910357060893869,0.0008349562376538,0.2377546130923146,0.194042739377577,0.0012893250288319,0.257451757108842,0.9306214229448596,0.0030897762212372,0.9999579990865312,0.0926154331730063,0.0006627410189988,0.1369159164296606,0.3839945087244843,0.0006126536609063,0.4479230581093087,-0.3971326723730938,0.0008504889101029,-0.3639185622425467,1
2023-06-12,0.7301802277541791,0.0016342031143241,0.8047816322482706,0.5332674437575488,0.0009702645077812,0.5866876979344584,-0.0784707778731224,0.0003890566470944,-0.0569702064950256,-0.0495132935960101,0.0006567279793613,-0.0036696279598093,0.8376922297385239,0.0008489628339698,0.8844111367414516,0.7840468317401889,0.0013020214241735,0.8474558494714539,0.4776063640504363,0.0031068852845111,0.5469429401921081,0.6547824960075355,0.0006725906407838,0.6990829792641898,0.4248656470417504,0.000618006849857,0.4887941964265748,-0.47775369229844,0.0008416489484482,-0.4445395821678929,1
2023-06-13,-0.20899783071524,0.0016304087906762,-0.1343964262211484,0.0247432937023349,0.0009707708459561,0.0781635478792446,0.4138650868494664,0.0003934034297555,0.435365658227563,0.3286777534525962,0.0006626057737035,0.374521419088797,-0.6081796135262284,0.0008388464397388,-0.5614607065233007,0.3390116267031506,0.0013074285913172,0.4024206444344157,0.8056685848995369,0.0031358729904614,0.8750051610412086,-0.7776730498838104,0.0006610447590951,-0.733372566627156,0.5130032899740041,0.0006244135999579,0.5769318393588285,-0.0239545869537293,0.000841064940461,0.0092595231768176,1
2023-06-14,0.1050601544921828,0.001632070260677,0.1796615589862743,-0.119141019179078,0.0009687503308317,-0.0657207650021683,0.4013194323006286,0.0003976072936809,0.4228200036787253,-0.2390405429363752,0.0006586823323272,-0.1931968773001744,0.4412807073792016,0.000846223565856,0.4879996143821293,0.4359541658958904,0.0013144075675136,0.4993631836271555,-0.2520316801120827,0.0031264468794721,-0.1826951039704109,-0.0335883223483419,0.0006606142656063,0.0107121609083124,0.6850499957780153,0.0006328823087054,0.7489785451628397,-0.6250569764263244,0.0008295768112081,-0.5918428662957774,1
2023-06-15,0.5016942330244909,0.0016406043702274,0.5762956375185824,0.530557549536917,0.0009781289752997,0.5839778037138267,1.0916613418777292,0.0004092342022423,1.113161913255826,0.5395990949927274,0.0006681821528255,0.5854427606289282,0.5656433474131669,0.0008556565509153,0.6123622544160946,1.6823384343282763,0.0013416887488433,1.7457474520595413,-0.1546587241357535,0.0031205660847714,-0.0853221479940818,0.6873222051189967,0.0006709241798843,0.731622688375651,0.3422506960131746,0.0006372083908155,0.406179245397999,0.3084290206066208,0.0008350293188669,0.3416431307371678,0
2023-06-16,-0.3761603117425138,0.0016339193278629,-0.3015589072484222,-0.687684691359828,0.000966142273947,-0.6342644371829184,0.2315951080572625,0.000411591251444,0.2530956794353592,0.0156688123833909,0.0006686455641987,0.0615124780195917,-0.4017979858794762,0.0008489917498872,-0.3550790788765484,-0.9706252521733156,0.0013257195261854,-0.9072162344420506,0.3770301606483494,0.0031339453846247,0.4463667367900211,0.6811404917715573,0.0006811237074922,0.7254409750282117,-1.0973049036219278,0.0006242090624632,-1.0333763542371035,-0.3864490010173095,0.0008278881424953,-0.3532348908867624,0
2023-06-20,-0.0495501391461523,0.0016328978557958,0.0250512653479391,-0.2304628600546918,0.0009621821974771,-0.1770426058777821,-0.0719723189486066,0.0004106824522004,-0.0504717475705098,-0.3096437611204983,0.000663512871513,-0.2638000954842975,-0.3187067385063134,0.0008437187452127,-0.2719878315033857,-0.747695406771666,0.0013134057775529,-0.684286389040401,1.2449666342696275,0.003178696214398,1.3143032104112995,-0.6825731379585556,0.0006710255638231,-0.6382726547019012,-0.716533020910433,0.000615809451059,-0.6526044715256086,-1.161414273742419,0.0008067378682711,-1.1282001636118717,0
2023-06-21,-0.366652231054985,0.0016263959463688,-0.2920508265608935,-1.1069588242740298,0.0009428966740896,-1.05353857009712,-0.1477358039519152,0.0004089619608758,-0.1262352325738185,-0.1221316982697128,0.0006616115936536,-0.076288032633512,0.1708461061811337,0.000846578072884,0.2175650131840614,-0.7903425122487961,0.0013004206950805,-0.7269334945175311,-1.4139013440670345,0.0031272753096274,-1.3445647679253625,0.1619366336798012,0.0006734927474107,0.2062371169364556,0.0802525408758998,0.0006169929746271,0.1441810902607242,0.5177802365090554,0.0008159806635959,0.5509943466396023,1
2023-06-22,0.7757950111523231,0.0016396393658781,0.8503964156464145,1.0434984521330044,0.0009612298230374,1.0969187063099142,0.8584571389242617,0.0004180362508906,0.8799577103023584,-1.0425979020585854,0.0006439100983758,-0.9967542364223844,0.1899155626620284,0.0008497484477296,0.2366344696649561,0.9456940835195776,0.0013156535278199,1.009103101250843,0.4192922254859593,0.0031421389707843,0.4886288016276311,0.2560830346981886,0.000677353087824,0.3003835179548429,0.5548295007809213,0.0006238682796627,0.6187580501657457,-0.3032973476147829,0.0008103772903082,-0.2700832374842359,0
2023-06-23,-0.1626723574055446,0.0016366632830109,-0.088070952911453,-0.3879391937147629,0.0009545348286602,-0.3345189395378532,-0.0915513197265943,0.0004169143449648,-0.0700507483484976,-0.3166049069220347,0.0006386936376433,-0.2707612412858339,0.238546060643134,0.0008537186640617,0.2852649676460617,-0.8190322318270012,0.0013022239795925,-0.7556232140957362,-0.8145281055854466,0.0031124648792763,-0.7451915294437749,0.2598391499440141,0.0006812622791082,0.3041396332006685,-0.2018906932801963,0.0006216604486255,-0.1379621438953719,-0.4619914524006013,0.0008019201917582,-0.4287773422700542,0
2023-06-26,-0.4632786717955164,0.0016285092499822,-0.3886772673014249,-1.716309329523951,0.0009246764688918,-1.6628890753470416,-0.9480454011127948,0.0004066245747007,-0.926544829734698,0.0809319101867537,0.000640299680233,0.1267755758229545,-0.3841156545143564,0.0008473777659936,-0.3373967475114287,-1.1122196284168426,0.0012840650809419,-1.0488106106855777,-1.561157051853427,0.0030559319323238,-1.4918204757117557,-0.8920945940647564,0.000668095161118,-0.8477941108081021,-0.2593145805962637,0.0006187687972535,-0.1953860312114393,0.8751406199971397,0.0008175856007809,0.9083547301276866,1
2023-06-27,0.7003445006516514,0.0016404157652134,0.7749459051457429,-0.0577140172497783,0.000923781876049,-0.0042937630728686,-0.19370844849469,0.0004044220227021,-0.1722078771165933,-0.0421199509104289,0.0006397958015543,0.0037237147257718,0.5741144918982943,0.0008568912495942,0.620833398901222,0.9309394785067712,0.0012990329094432,0.994348496238036,0.8661364156854888,0.0030869110968899,0.9354729918271606,0.2308861630200621,0.0006715769831304,0.2751866462767165,-0.3315164348036565,0.000615018312489,-0.2675878854188321,0.0894908064471827,0.0008190711082375,0.1227049165777297,1
2023-06-28,0.251029949213749,0.0016445675657399,0.3256313537078406,0.7417241082133431,0.0009368114597123,0.7951443623902528,-0.1889865601579177,0.0004022738367261,-0.167485988779821,-0.2727297672173965,0.0006353474750626,-0.2268861015811956,-0.2658214026911155,0.0008525128895801,-0.2191024956881878,0.1459903066471052,0.0013012710931103,0.2093993243783702,0.5239358968499386,0.0031055229468444,0.5932724729916103,0.119004359816335,0.0006733977077626,0.1633048430729894,0.3389082357886099,0.0006192896030586,0.4028367851734343,0.3669016436439644,0.0008255466356926,0.4001157537745114,1
2023-06-29,0.0178541095022571,0.0016447021364651,0.0924555139963487,-0.5104702899574264,0.0009280297252474,-0.4570500357805167,0.5582682548779275,0.000408108523508,0.5797688262560242,1.7622138870142503,0.0006656906258117,1.8080575526504512,1.0024571739453287,0.0008690745674708,1.0491760809482564,-0.1937777852664322,0.0012980115857333,-0.1303687675351672,0.0517148051529547,0.0031071262923451,0.1210513812946264,1.626347187179467,0.0006974917404088,1.6706476704361213,-0.5647471743125143,0.0006127594183614,-0.5008186249276899,0.5738098434730105,0.00083573119968,0.6070239536035575,1
2023-06-30,1.1142621643505113,0.0016636745234689,1.1888635688446028,0.202798228331035,0.0009316634611254,0.2562184825079447,0.6956735309580598,0.00041539878745,0.7171741023361565,0.6796975953171142,0.0006774928626966,0.725541260953315,0.7319755806582661,0.0008811467454456,0.7786944876611938,0.8333986022478985,0.0013113516311216,0.8968076199791636,0.3388815376736103,0.0031190408416945,0.4082181138152821,0.7632362146503358,0.0007087988076516,0.8075366979069901,1.3286905924789827,0.000628837377928,1.392619141863807,0.2204627226361915,0.0008395496981541,0.2536768327667384,1
2023-07-03,-0.4752010403555604,0.0016553279804541,-0.4005996358614688,0.03156434626354,0.0009323165613531,0.0849846004404497,-1.1080639543234494,0.000403450171139,-1.0865633829453527,0.3706412936141497,0.0006840008342653,0.4164849592503505,0.043260454101846,0.0008818507867627,0.0899793611047737,-0.4732489407518018,0.001303578176189,-0.4098399230205368,1.6281272949125958,0.0031771986982427,1.697463871054267,0.0792575000045104,0.0007099954574473,0.1235579832611648,0.4168560925268049,0.0006340145618966,0.4807846419116293,0.0631462175474341,0.0008405376780978,0.0963603276779812,1
2023-07-05,-0.3767526308833172,0.0016486846871395,-0.3021512263892256,0.731315525271166,0.000945111981489,0.7847357794480756,-0.2954571717097596,0.0004001765606339,-0.2739566003316628,-0.3907339386447854,0.0006775174739017,-0.3448902730085846,0.0580783241252106,0.0008827974990882,0.1047972311281383,-0.037503385115153,0.0013028453823053,0.0259056326161119,0.1646797830682807,0.0031827846869556,0.2340163592099524,0.3281085517835492,0.0007148579459094,0.3724090350402035,-0.1060843697654324,0.0006329527663035,-0.042155820380608,-0.2850891853682448,0.0008352787365377,-0.2518750752376978,0
2023-07-06,0.0545028495577679,0.0016494431710519,0.1291042540518594,-0.7385112063150305,0.0009323999741936,-0.6850909521381209,-0.6374546204349508,0.000393269809255,-0.6159540490568541,-0.5576927384576845,0.0006682017621537,-0.5118490728214837,-0.1854631736085848,0.0008797371922197,-0.1387442666056571,0.4415851443144259,0.0013098329663879,0.504994162045691,-0.5869930497489574,0.0031614347487765,-0.5176564736072856,-0.186834119062425,0.0007121285315484,-0.1425336358057707,-0.5324996508648651,0.0006268173962383,-0.4685711014800407,-1.8699872564685311,0.0008016309194535,-1.836773146337984,0
2023-07-07,-0.3777724382786017,0.0016427993086548,-0.3031710337845101,-0.3201854337642484,0.0009269571945959,-0.2667651795873388,-1.226714835474339,0.0003801109176517,-1.205214264096242,0.3626625675512867,0.0006745649372383,0.4085062331874875,-0.6550064119799272,0.0008689668462804,-0.6082875049769995,-0.7129265464128046,0.001298223107261,-0.6495175286815397,-0.2571689715747737,0.0031519268270369,-0.1878323954331019,-0.6534410725789717,0.0007025384720869,-0.6091405893223173,-1.7709987177069615,0.0006059644762449,-1.7070701683221372,0.0815537919368661,0.0008029792323175,0.1147679020674131,0
2023-07-10,-0.6332502221348223,0.0016317969439354,-0.5586488176407308,-1.3432095906899002,0.0009038173339326,-1.2897893365129904,0.1138036350782144,0.0003812134394767,0.1353042064563112,0.2446803075416221,0.0006789108722037,0.2905239731778229,0.4333553213874127,0.0008760834412007,0.4800742283903404,-0.9382158166863744,0.0012830102126586,-0.8748067989551096,-0.5017098802580903,0.0031336912359937,-0.4323733041164185,0.3887533417008213,0.0007082861996769,0.4330538249574757,0.6070119336832545,0.0006134029279225,0.6709404830680789,0.696707435776672,0.0008153280683158,0.7299215459072191,1
2023-07-11,-0.2192032218319091,0.0016278903852468,-0.1446018173378176,0.2479402623997428,0.0009082338276648,0.3013605165766524,-0.4787081776267376,0.0003760262239559,-0.457207606248641,0.7638364375669985,0.0006920685446473,0.8096801032031993,0.7244076676586234,0.0008879616138456,0.7711265746615511,0.0421474260027063,0.0012835780360599,0.1055564437339713,-0.0528990962006465,0.0031315223932922,0.0164374799410251,0.5566256033888927,0.0007164894726381,0.600926086645547,-0.1739442728409052,0.0006115574182602,-0.1100157234560808,0.5685181041396105,0.0008253643507776,0.6017322142701576,1
2023-07-12,0.3878001208186714,0.0016343558340962,0.4624015253127629,0.723755225911772,0.0009208635663591,0.7771754800886816,-0.3088731104100709,0.0003726488487439,-0.2873725390319742,0.210521124247866,0.0006958116772407,0.2563647898840668,0.3428333051925893,0.0008935654934496,0.389552212195517,0.7152516266126755,0.0012949518123532,0.7786606443439406,0.1314043630674121,0.0031359361894333,0.2007409392090839,0.3689211105796264,0.0007219238058535,0.4132215938362808,0.1228965378492907,0.0006132359081996,0.1868250872341151,0.2082855241077762,0.0008289510471243,0.2414996342383232,1
2023-07-13,0.1342013662471216,0.00163648329944,0.2088027707412132,2.345642597059456,0.0009614690722989,2.3990628512363656,0.3612205325252517,0.0003763760219559,0.3827211039033483,0.2057661908046007,0.0006994676025848,0.2516098564408016,-0.0641129222706228,0.0008924961649847,-0.0173940152676951,0.822807697945294,0.0013080309557511,0.886216715676559,0.4655695552055731,0.0031522599981094,0.5349061313472449,0.2276420100940542,0.0007252771768324,0.2719424933507086,-0.4987798553619458,0.0006075443730559,-0.4348513059771214,-0.9344145464018184,0.0008121464647745,-0.9012004362712714,1
2023-07-14,-0.0340877461833083,0.0016357383821546,0.0405136583107832,0.3059565615203181,0.0009668240038806,0.3593768156972278,0.5316894265402881,0.0003819009295762,0.5531899979183847,0.267158882776318,0.0007041573035112,0.3130025484125188,0.2143050989889078,0.0008959835511295,0.2610240059918355,0.3486854585386789,0.0013134882903274,0.4120944762699439,0.238935952813588,0.0031604795331222,0.3082725289552598,-0.0812069958371759,0.0007241003238769,-0.0369065125805215,0.1908430352911976,0.0006100279214071,0.254771584676022,-1.728019324544713,0.0007812264212818,-1.694805214414166,1
2023-07-17,0.8159478230519257,0.0016494717476188,0.8905492275460173,-0.3656697631811996,0.0009605958752115,-0.3122495090042899,-0.4362345305097194,0.0003771804510208,-0.4147339591316227,1.2020459569726083,0.0007246648928334,1.2478896226088094,-0.088012579769367,0.000894523328956,-0.0412936727664393,0.0142705218257388,0.0013135810135991,0.0776795395570038,0.7180572841673577,0.0031857422286826,0.7873938603090295,0.1600945488480404,0.000726457271251,0.2043950321046947,0.0270820426079025,0.0006105698943489,0.0910105919927268,0.1813203134924065,0.0007843621732171,0.2145344236229535,1
2023-07-18,-0.1435775612504642,0.0016468536705762,-0.0689761567563727,-0.4165531991630491,0.0009535025825522,-0.3631329449861395,-0.026707130825988,0.0003767951597678,-0.0052065594478913,0.0486791679657113,0.0007256290509182,0.0945228336019121,-0.5853047143430543,0.0008849443559835,-0.5385858073401266,2.114890388858119,0.0013472817163025,2.178299406589384,0.1816014610016742,0.0031918786276959,0.2509380371433459,-0.8345674611321783,0.0007142647673909,-0.7902669778755239,-0.1978952883505173,0.000608451863502,-0.1339667389656929,-0.2565290717870966,0.0007797020216612,-0.2233149616565496,0
2023-07-19,0.2893112979799519,0.0016515998152413,0.3639127024740434,-0.7643676818746249,0.000940438541754,-0.7109474276977152,-0.1882250788931041,0.0003747054947649,-0.1667245075150074,0.1529405833958674,0.0007283534088127,0.1987842490320682,-0.0319128449237447,0.0008844117136039,0.0148060620791829,-0.7348218409057976,0.0013353703527514,-0.6714128231745325,-0.243891456835172,0.0031828824939439,-0.1745548806935003,0.1173614848368195,0.00071600184042,0.1616619680934738,-0.0399554974173321,0.0006082026293368,0.0239730519674922,0.3081693419177366,0.0007850886003756,0.3413834520482836,0
2023-07-20,-0.5942093826555142,0.0016413298592643,-0.5196079781614226,-1.232901991465514,0.000919344584027,-1.1794817372886042,5.011508154713348,0.000427461961197,5.0330087260914445,0.591874770831088,0.0007384839561456,0.6377184364672888,-0.074992811863908,0.0008831776908239,-0.0282739048609803,-1.3288804263425626,0.0013139919943114,-1.2654714086112977,-2.4663383600587125,0.0030949865314492,-2.397001783917041,-0.4907619064420483,0.0007088586022652,-0.4464614231853939,1.3064558764816951,0.0006238395306518,1.3703844258665194,0.8336854925241097,0.0007997996335067,0.8668996026546568,0
2023-07-21,-0.3916843351730435,0.001634515001581,-0.3170829306789519,0.2964531902325696,0.0009245497286271,0.3498734444094792,0.8693953804335515,0.0004364768578754,0.8908959518116482,-0.4437143682667138,0.0007311272213285,-0.397870702630513,-0.1234920912706428,0.0008811558540857,-0.0767731842677151,-0.552543456834934,0.0013050391696983,-0.4891344391036689,-0.3390144996524847,0.0030827160152923,-0.269677923510813,-0.1367587220243341,0.0007068910020452,-0.0924582387676797,0.3547786841808638,0.0006282305156622,0.4187072335656882,0.1952179690755258,0.0008031548351213,0.2284320792060728,1
2023-07-24,0.1425600316248312,0.0016367710685829,0.2171614361189228,0.5864527710748813,0.0009347213487397,0.6398730252517909,0.4119144799422236,0.0004406593130533,0.4334150513203202,0.9732479117637852,0.0007476655241178,1.019091577399986,0.9380079865944094,0.000896412460631,0.984726893597337,0.1499357043527237,0.001307301813326,0.2133447220839887,0.7865276085227254,0.003110363375445,0.8558641846643972,0.3286206456469022,0.0007117085027442,0.3729211289035566,0.3711328545747271,0.0006328064562474,0.4350614039595514,0.738955755179743,0.0008161448391313,0.7721698653102901,0
2023-07-25,0.1576753891604892,0.0016392792851336,0.2322767936545808,0.2311525475910803,0.0009387846165542,0.28457280176799,0.6131049262624123,0.000446950915408,0.6346054976405089,-0.4325129188335784,0.0007405022425245,-0.3866692531973777,-0.51166219755554,0.0008880710150651,-0.4649432905526123,0.8675209959609306,0.0013209912226875,0.9309300136921956,-0.4151845797926328,0.0030954032446781,-0.3458480036509611,-0.5542060045856545,0.0007036639679427,-0.5099055213290001,-0.124374770271902,0.0006315434381984,-0.0604462208870776,0.0414152054086734,0.0008167553415587,0.0746293155392204,1
2023-07-26,0.1592841363481922,0.0016418103635178,0.2338855408422837,2.8846948283335534,0.0009882886508516,2.9381150825104627,0.1371442851915162,0.0004482290096972,0.1586448565696129,0.2644805819068114,0.0007450784553551,0.3103242475430122,0.1042752816860715,0.0008897504413693,0.1509941886889992,-2.123367383282983,0.0012870551935186,-2.059958365551718,-0.155637961804359,0.0030896531528259,-0.0863013856626873,-0.4431849438693994,0.000697248466287,-0.3988844606127451,0.2013670136579397,0.0006341125095115,0.2652955630427641,-0.3079763461290721,0.0008111807404473,-0.274762235998525,0
2023-07-27,-0.4132601131492995,0.0016346539129616,-0.338658708655208,-0.0022664129366244,0.0009883038828878,0.0511538412402852,0.4439345298289455,0.0004527265677978,0.4654351012070422,-0.6168502439793746,0.0007348310916446,-0.5710065783431738,-1.10069357529039,0.0008718684106083,-1.0539746682874624,-1.2057758927441693,0.0012677694844483,-1.142366875012904,-0.8739312150369575,0.0030585186081495,-0.8045946388952857,-0.7161012451270227,0.0006868774860887,-0.6718007618703683,-0.3329224387767623,0.0006304007008774,-0.2689938893919379,0.121323838142201,0.0008132076088679,0.1545379482727481,1
2023-07-28,0.6205174289262329,0.0016449784111946,0.6951188334203243,1.196441672762498,0.0010088139396084,1.2498619269394078,0.3554659928939528,0.0004562880795372,0.3769665642720495,0.2494829140030301,0.0007391523782315,0.2953265796392309,-0.2560240341801162,0.000867715868005,-0.2093051271771885,1.2026031210259855,0.0012867812948112,1.2660121387572505,0.963649750383615,0.0030923473565874,1.0329863265252868,0.2902972981421817,0.0006911391148873,0.334597781398836,0.2851868024513488,0.0006339500900109,0.3491153518361732,-0.6214321898758198,0.0008021074388784,-0.5882180797452728,1
2023-07-31,0.0883288181086445,0.0016462999983079,0.162930222602736,0.0002890577582409,0.0010088549666781,0.0537093119351506,-3.3227401468076767,0.0004212846680663,-3.30123957542958,0.300599598990223,0.0007443239599183,0.3464432646264238,0.1333897583352616,0.0008698803542039,0.1801086653381894,-0.4596873955852575,0.0012793727829185,-0.3962783778539925,0.022132486613572,0.0030928888633352,0.0914690627552438,0.4586258179443904,0.0006978356235738,0.5029263012010448,-0.0871010513476199,0.0006331275688576,-0.0231725019627955,1.4220619357214723,0.0008271010172671,1.4552760458520198,0
2023-08-01,-0.2946403807581015,0.0016411592124626,-0.22003897626401,-0.5017782776173767,0.0010003267544193,-0.448358023440467,0.6513035899605256,0.0004279658714121,0.6728041613386223,-0.3014874618236243,0.0007393915369906,-0.2556437961874235,0.3327069963272058,0.0008752678888087,0.3794259033301335,0.0050040207621294,0.0012793472657312,0.0684130384933944,-0.6547851472955347,0.0030695600794969,-0.585448571153863,0.4720572290600587,0.0007047152140745,0.5163577123167131,-0.4115097516204632,0.0006285055041626,-0.3475812022356388,-0.3177393085148988,0.0008213645926746,-0.2845251983843518,0
2023-08-02,-0.8717251651202309,0.0016263012882724,-0.7971237606261394,-1.2789954692433088,0.0009785594786979,-1.225575215066399,0.4790330228847408,0.0004328327010361,0.5005335942628375,-0.6321538934612959,0.0007289282863356,-0.5863102278250951,-0.9987372324335492,0.0008591096254006,-0.9520183254306216,-1.5019036435585906,0.0012554425544295,-1.4384946258273257,-0.7256260287453012,0.0030437759497024,-0.6562894526036295,-0.5986992761954709,0.000696074172042,-0.5543987929388166,-0.0127147454176501,0.0006285599315961,0.0512138039671742,-0.6471358953196011,0.0008098332610225,-0.613921785189054,1
2023-08-03,-0.4513750070378641,0.0016185474611846,-0.3767736025437725,-0.0256870361835382,0.0009781840306175,0.0277332179933714,0.334573490237995,0.0004361806595958,0.3560740616160917,0.2706668034295862,0.0007335942783492,0.316510469065787,0.3643437360894512,0.0008650084452026,0.411062643092379,-0.2037894522055452,0.0012521320359643,-0.1403804344742802,0.4353936030709502,0.0030589052237261,0.504730179212622,0.2581806173302726,0.0006998482889982,0.3024811005869269,-0.0453047079315574,0.000628233082464,0.0186238414532669,0.8221788064708719,0.0008241927698495,0.8553929166014189,0
2023-08-04,-2.5457413428123954,0.0015755702092381,-2.4711399383183035,-0.188036675362785,0.0009750454841752,-0.1346164211858753,-0.7986244289513309,0.0004276846169103,-0.7771238575732342,-0.1551193517937303,0.0007311316957201,-0.1092756861575295,-0.2731951421786588,0.0008606025521983,-0.2264762351757311,0.1242462110005659,0.00125401647156,0.187655228731831,-0.5876588820133972,0.0030380273037106,-0.5183223058717255,0.0133788787963258,0.000700076333571,0.0576793620529802,-0.4919272317692846,0.0006226874875322,-0.4279986823844602,0.1046044412441292,0.0008259037125289,0.1378185513746762,1
2023-08-07,-0.962471188435666,0.001559282137813,-0.8878697839415747,1.3043071671977948,0.000997295209279,1.3577274213747046,1.969075191861715,0.0004480916508844,1.990575763239812,0.1997110199747144,0.0007346021297418,0.2455546856109152,0.7095780020381981,0.0008720596359893,0.7562969090411258,0.3256419090631208,0.0012590807850676,0.3890509267943858,-0.30304059094627,0.0030271869375536,-0.2337040148045982,0.5870977082938434,0.0007085920882676,0.6313981915504978,0.9420647300948362,0.0006338948806148,1.0059932794796609,-0.1340047421297221,0.0008234176693236,-0.1007906319991751,0
2023-08-08,0.1987397427269686,0.0015625253463166,0.2733411472210601,-0.1036951474924228,0.0009955788708723,-0.0502748933155131,0.0167918587062046,0.0004481037022582,0.0382924300843013,-0.33647618660873,0.0007291153139969,-0.2906325209725292,-0.5439040541319468,0.0008632916168283,-0.497185147129019,-0.7365421490097227,0.0012473626178971,-0.6731331312784576,-0.240664898166356,0.0030185552857437,-0.1713283220246843,-0.5947279843956046,0.0007000348902136,-0.5504275011389502,0.0099391067745785,0.0006342087412166,0.0738676561594029,0.2101145231462749,0.0008269792687255,0.2433286332768219,0
2023-08-09,-0.5354152686390485,0.0015534430972181,-0.460813864144957,-0.7268921573225278,0.0009832840274861,-0.6734719031456181,-0.0741303395110859,0.0004471683545896,-0.0526297681329891,-0.7400007282785231,0.0007169072468116,-0.6941570626423224,0.018740310088937,0.0008636003624768,0.0654592170918647,-0.7046451677734965,0.0012361679629695,-0.6412361500422314,-0.8097321771331728,0.0029899761622861,-0.7403956009915011,0.0733146685948322,0.000701126536825,0.1176151518514865,0.0559752450393559,0.0006350586526536,0.1199037944241803,0.802793183547284,0.0008409342179571,0.836007293677831,1
2023-08-10,-0.1381337771207705,0.0015510375497252,-0.063532372626679,-0.0416514939821637,0.0009826352907523,0.0117687601947459,-0.4524886956958569,0.0004422956577544,-0.4309881243177602,-0.1232741433849227,0.0007149982758733,-0.077430477748722,0.4259033684927354,0.0008704604477738,0.4726222754956631,0.0554905754766958,0.0012369757719433,0.1188995932079608,0.2508449336476828,0.0029986183675142,0.3201815097893546,0.1683930474376571,0.0007035862735507,0.2126935306943115,-0.1008993521969357,0.0006340801595397,-0.0369708028121113,0.2183377315984362,0.0008446187228046,0.2515518417289833,1
2023-08-11,-0.0572245049242554,0.001549991547402,0.017376899569836,-0.1044084292373428,0.0009809239388457,-0.0509881750604332,0.7872166877989385,0.0004503263972692,0.8087172591770352,0.2542140208804389,0.0007193781853267,0.3000576865166397,-0.3383451100791436,0.0008650213874454,-0.2916262030762159,-0.3888163861985148,0.0012307839572782,-0.3254073684672498,-0.339251605272099,0.0029865812947122,-0.2699150291304272,-0.0742275144909982,0.0007025488901006,-0.0299270312343438,0.370633990833298,0.0006385900257757,0.4345625402181224,0.7310226157109768,0.0008572772464709,0.7642367258415238,1
2023-08-14,0.4087775767083773,0.0015567471218483,0.4833789812024688,0.6414121843720673,0.000991846348934,0.6948324385489769,-0.2169562210977855,0.0004479072006551,-0.1954556497196888,0.0614270195469091,0.000720543201133,0.1072706851831099,0.4419771163546105,0.0008721266366967,0.4886960233575382,0.4531983059760519,0.0012378538679168,0.5166073237073169,-0.3625340429755428,0.0029737503405833,-0.293197466833871,0.669157061407608,0.0007122061882377,0.7134575446642624,-0.615450794825178,0.0006316281108365,-0.5515222454403536,0.0063897209951768,0.0008572319682359,0.0396038311257238,0
2023-08-15,-0.6509827898871093,0.0015457684467403,-0.5763813853930178,-0.6536791708349643,0.0009808358691887,-0.6002589166580546,-0.2604267241141687,0.000445040779308,-0.2389261527360719,-1.363821368666901,0.0006980151205359,-1.3179777030307,-0.6023037363414366,0.0008624589745471,-0.555584829338509,-0.4316284197786106,0.001230998787669,-0.3682194020473456,-0.767527438357176,0.0029467835633843,-0.6981908622155042,-0.8011342354651171,0.0007007162943578,-0.7568337522084627,-0.4436204611576553,0.0006266741223367,-0.3796919117728309,-1.2967250377219444,0.0008344002318529,-1.2635109275913974,0
2023-08-16,-0.3297870788984696,0.0015401754644342,-0.2551856744043781,-0.4766736691626178,0.0009728368382962,-0.4232534149857082,-0.2850784053154739,0.0004419235295343,-0.2635778339373772,-0.2655173275727306,0.0006937665652851,-0.2196736619365298,-0.0575974466903965,0.0008615429431479,-0.0108785396874688,-0.1963155204172645,0.0012278523232864,-0.1329065026859995,-0.8470851575931806,0.0029170843442388,-0.7777485814515088,-0.1791127187865729,0.0006981779731234,-0.1348122355299186,-0.0267102643919455,0.0006265672273621,0.0372182849928788,-0.8613618925368947,0.0008192140637485,-0.8281477824063476,0
2023-08-17,-0.8236229553653223,0.0015263477483811,-0.7490215508712308,0.4287014122658866,0.0009801449755234,0.4821216664427962,0.7573189218384416,0.000449617072998,0.7788194932165382,-0.5836047939486083,0.000684247008249,-0.5377611283124075,-0.284646550998097,0.0008569906145302,-0.2379276439951693,-0.6647041179760539,0.0012173590794594,-0.6012951002447888,-0.7655215597247453,0.0028902825855904,-0.6961849835830736,-0.5247725122128837,0.0006906848335955,-0.4804720289562293,-1.7246738074468386,0.0006067712293176,-1.6607452580620143,0.9201794464752492,0.0008351528651588,0.9533935566057964,0
2023-08-18,0.0703185369410472,0.0015274548680817,0.1449199414351387,-1.0164309727154242,0.0009630506181234,-0.9630107185385144,-0.7454264836740084,0.0004417333981378,-0.7239259122959117,0.0725883871094583,0.0006856232308089,0.1184320527456591,-0.1081789353592452,0.0008552711084902,-0.0614600283563175,-0.1324950689194286,0.0012152306393729,-0.0690860511881636,-0.4881985220352484,0.0028731966337385,-0.4188619458935766,0.1575096380211192,0.0006929848547828,0.2018101212777736,1.0020035317874707,0.0006186001469116,1.0659320811722952,0.7113745683786686,0.0008474225004784,0.7445886785092157,1
2023-08-21,0.3235338394440458,0.0015327801410258,0.3981352439381374,0.3096923955904173,0.0009683477833701,0.363112649767327,-2.4911735469881253,0.0004157979615163,-2.469672975610029,0.1314131247278944,0.0006879715484415,0.1772567903640952,0.0941141138579641,0.0008567902120901,0.1408330208608918,0.8704503043739079,0.0012288218445243,0.933859322105173,1.734501544172447,0.0029335753921301,1.8038381203141187,0.2800395416734407,0.0006970358515308,0.3243400249300951,-0.2609609249882726,0.0006157887812231,-0.1970323756034483,-0.6280602986293875,0.0008363298017227,-0.5948461884988405,1
2023-08-22,0.3321938774153219,0.0015382404908952,0.4067952819094135,0.2278735055052438,0.0009722573540667,0.2812937596821535,-0.6801732570047315,0.0004086314499448,-0.6586726856266348,-1.119541726837769,0.0006696110236919,-1.073698061201568,0.5860176561738277,0.0008661679258175,0.6327365631767554,0.0352099403832156,0.001229312888686,0.0986189581144806,0.1339641224693079,0.0029381382272514,0.2033006986109796,0.2332685145622808,0.000700410606955,0.2775689978189352,-0.2991047604699446,0.0006125410614732,-0.2351762110851202,-0.3093753258142964,0.0008308048296851,-0.2761612156837494,1
2023-08-23,1.054897962363826,0.0015557153560125,1.1294993668579174,1.2428905208885532,0.0009932469877375,1.296310775065463,-0.7653008706855834,0.0004005978033427,-0.7438002993074867,0.3043003265945015,0.0006748280719834,0.3501439922307024,0.3872563572990086,0.000872355855419,0.4339752643019363,0.7071761079062203,0.0012403146647893,0.7705851256374854,0.31809826035921,0.0029490972109499,0.3874348365008818,0.3863091560647927,0.0007059677377285,0.4306096393214471,0.450407756100894,0.0006179603538266,0.5143363054857184,-0.4657170452626431,0.0008225695379631,-0.4325029351320961,0
2023-08-24,-1.4213441743058453,0.0015319975126404,-1.3467427698117536,-1.0485449815675103,0.0009756597711583,-0.9951247273906004,0.260583887365536,0.000403166685444,0.2820844587436327,-0.0950267539990246,0.0006734381554931,-0.0491830883628238,-0.4999416655547316,0.000864378958328,-0.4532227585518039,-1.2400519029248382,0.0012208631700452,-1.176642885193573,-0.7781564119378263,0.0029219436539657,-0.7088198357961545,-0.7436868006860108,0.0006953726550677,-0.6993863174293564,-0.630957967936544,0.0006108846803861,-0.5670294185517196,-0.4006626662939025,0.0008154790784221,-0.3674485561633555,1
2023-08-25,0.5760148203873736,0.0015414941253752,0.6506162248814652,-0.0142434176068716,0.000975484247927,0.039176836570038,1.166788858353247,0.000415076677777,1.1882894297313438,-0.1091391947190494,0.0006718176358606,-0.0632955290828486,0.6571153116492567,0.0008748594536532,0.7038342186521844,0.4514522326363422,0.0012278599089106,0.5148612503676073,0.8456309300091707,0.0029512133290394,0.9149675061508424,0.7308740074672697,0.0007058427118245,0.7751744907239241,0.3752503032274693,0.000615429081387,0.4391788526122936,0.8460408847625883,0.0008300517966424,0.8792549948931354,1
2023-08-28,0.3806259112900749,0.001547732097147,0.4552273157841664,0.389074693527392,0.0009820810721105,0.4424949477043016,-0.9985743096617384,0.00040465446307,-0.9770737382836416,0.1337160569284758,0.0006742057022111,0.1795597225646766,0.5588217218116478,0.0008837565642924,0.6055406288145755,0.0586088645675019,0.001228715189032,0.1220178822987669,-0.0456043161613684,0.0029495163431703,0.0237322599803032,0.2667363449235726,0.0007096757111852,0.311036828180227,0.3585747655074617,0.0006197735101175,0.4225033148922861,0.3805136015700669,0.0008365218827465,0.4137277117006139,1
2023-08-29,1.0477641121036874,0.0015650209393163,1.1223655165977788,1.3286150543100304,0.0010044288450971,1.38203530848694,-0.0114242549141896,0.0004044129323623,0.010076316463907,0.3751828254318647,0.0006805692106236,0.4210264910680655,0.5073160790666954,0.0008918188812967,0.5540349860696231,0.7329608470347809,0.0012400819006747,0.796369864766046,1.8232003871736748,0.0030125951856454,1.8925369633153464,0.326531305186903,0.0007143541918236,0.3708317884435573,0.5568833560389156,0.0006263943801019,0.62081190542374,0.2598367123241982,0.0008408887514876,0.2930508224547452,1
2023-08-30,0.9120094054068388,0.0015800313352956,0.9866108099009302,0.4416773972742893,0.0010118714831312,0.4950976514511989,-0.3140618798811758,0.000401058757421,-0.2925613085030791,-0.2546531042953693,0.0006765506441164,-0.2088094386591685,0.2476498573709172,0.0008957388980197,0.2943687643738449,-7.86504488653677e-05,0.0012400111670189,0.0633303672823996,-0.0961382368997609,0.0030090987473694,-0.0268016607580892,0.1729203546139553,0.0007168377491998,0.2172208378706096,0.4684099517231672,0.0006319859107876,0.5323385011079915,0.4463440659208436,0.0008484788975811,0.4795581760513906,0
2023-08-31,-0.014272739400462,0.0015796840604975,0.0603286650936294,0.055111804601748,0.0010128272694535,0.1085320587786577,-1.059169889696757,0.0003900523352738,-1.0376693183186605,-0.6853060045951357,0.000665453596299,-0.6394623389589349,-0.2112319974817967,0.0008923624757071,-0.164513090478869,-0.2348676075509562,0.0012362865188346,-0.1714585898196911,0.0437361766048038,0.003010448065758,0.1130727527464756,-0.1780490094064196,0.0007143246101822,-0.1337485261497653,0.5841222728568963,0.0006388982664717,0.6480508222417207,0.104377132206306,0.0008501375295918,0.137591242336853,0
2023-09-01,0.3609265016843123,0.0015855425015289,0.4355279061784038,-0.2438898611624356,0.0010087780324592,-0.1904696069855259,-0.6366276306979027,0.000383403694074,-0.615127059319806,0.1275061235827468,0.0006677368671398,0.1733497892189476,0.3340069024439965,0.0008976460510987,0.3807258094469242,0.0868759386092876,0.001237571263597,0.1502849563405526,-1.3160416986889736,0.0029647854007679,-1.2467051225473018,0.547969895737019,0.0007221344258974,0.5922703789936734,-0.5377804991668297,0.0006329112591423,-0.4738519497820053,0.9980908038767372,0.0008672480999939,1.031304914007284,1
2023-09-05,-0.0094014144851826,0.0015852716254683,0.0651999900089088,-0.0121901415431732,0.0010086095726037,0.0412301126337364,0.0817829479062929,0.0003841373773664,0.1032835192843896,-0.6170827492074661,0.0006577867223993,-0.5712390835712653,-0.5718451367119746,0.0008885548200002,-0.525126229709047,0.7509119084378724,0.001249170680631,0.8143209261691374,1.084118469973869,0.0030021071938041,1.1534550461155408,-0.7128308029314159,0.0007120268356433,-0.6685303196747615,-0.6600400131149886,0.0006255312002929,-0.5961114637301642,-0.0288729349525025,0.0008665856511212,0.0043411751780444,0
2023-09-06,-1.9165481234824968,0.0015535140076664,-1.841946718988405,-0.5441363405709643,0.0009995551102372,-0.4907160863940545,-1.398659878844117,0.0003696931188489,-1.3771593074660204,-0.1314291958905954,0.0006558233462055,-0.0855855302543946,0.172183921727587,0.0008912684976411,0.2189028287305147,-0.1733451954261636,0.001246402780571,-0.1099361776948985,-0.5079559114993161,0.0029844185483434,-0.4386193353576443,0.1558445004542597,0.0007142616487653,0.200144983710914,0.490788552099261,0.0006313610938473,0.5547171014840854,0.3916141900629382,0.0008731833482686,0.4248283001934853,0
2023-09-07,-1.5797860118946898,0.0015273655673935,-1.505184607400598,0.2491789524863676,0.0010037572925843,0.3025992066632773,1.03800856811113,0.0003802315791416,1.0595091394892266,-0.4887134390212841,0.0006480050357992,-0.4428697733850834,0.1401578292081396,0.0008934705315892,0.1868767362110673,-0.5517214112244551,0.001237770882995,-0.4883123934931899,-0.1113551357869099,0.002980436136999,-0.0420185596452382,0.1940863889868707,0.0007170348033267,0.238386872243525,0.8537327639112878,0.0006413397089631,0.9176613132961122,-0.2739017219228874,0.000868290556521,-0.2406876117923404,1
2023-09-08,0.1050795307559642,0.0015290316116272,0.1796809352500558,0.3677118499980309,0.0010099291080301,0.4211321041749406,0.2529810782287485,0.0003827181390888,0.2744816496068453,-0.0062154510325265,0.0006481046323778,0.0396282146036742,-0.018278336352735,0.0008931625995654,0.0284405706501927,0.6599032058461275,0.0012479302482811,0.7233122235773926,-0.3620172210409285,0.0029678240942161,-0.2926806448992567,-0.0079548373467086,0.0007169414479153,0.0363456459099457,0.0720400315849945,0.0006423523481192,0.1359685809698189,0.6837441465738354,0.0008799102050649,0.7169582567043825,1
2023-09-11,0.2661993727694293,0.0015333481753958,0.3408007772635208,0.1479563602249795,0.001012428727863,0.2013766144018892,1.062457279893494,0.0003934776971275,1.0839578512715906,0.180942203352207,0.0006512676189509,0.2267858689884078,0.1924061880386245,0.0008961850889857,0.2391250950415523,0.5374976830876182,0.0012561770760639,0.6009067008188833,2.415190042465487,0.0030508390731911,2.4845266186071586,-0.0612530051844678,0.0007160939505209,-0.0169525219278135,0.1939347751471095,0.0006447575752596,0.2578633245319339,-0.6504751516502287,0.0008685356107684,-0.6172610415196816,0
2023-09-12,-0.9525432440737034,0.0015176040054107,-0.8779418395796119,-0.6403116523086578,0.0010018005087298,-0.5868913981317482,0.4472783708942154,0.0003979339140934,0.4687789422723121,0.6279131831431495,0.0006617354626122,0.6737568487793503,-0.1007669870920201,0.000894572738735,-0.0540480800890924,-1.0626805731693432,0.0012396538736163,-0.999271555438078,-0.6182280950173864,0.0030293761583224,-0.5488915188757146,-0.0249201467888443,0.0007157616522948,0.0193803364678099,0.0172164614596899,0.0006451390319936,0.0811450108445143,1.4023741334909174,0.0008924993233947,1.4355882436214644,1
2023-09-13,-0.6846589209887571,0.0015062905659922,-0.6100575164946657,0.4614103001258793,0.0010095169490097,0.514830554302789,0.1862201919486282,0.0003997176851418,0.2077207633267249,-0.0210819219258487,0.0006615802546077,0.024761743710352,-0.0428612944736574,0.0008938767759691,0.0038576125292702,0.6443028910129889,0.0012495447152338,0.7077119087442539,0.2822336927617377,0.0030388955983796,0.3515702689034095,0.0840399706809654,0.0007169693608583,0.1283404539376198,-0.0459207693221321,0.0006447988642172,0.0180077800626922,-0.4730569055637628,0.0008841832035506,-0.4398427954332157,1
2023-09-14,0.3773532046463063,0.001512441260803,0.4519546091403978,0.4636904130805168,0.0010172582403915,0.5171106672574265,-0.1478604435496829,0.0003980909975858,-0.1263598721715862,0.9584180787235792,0.0006774179552267,1.00426174435978,-0.4279668559908793,0.0008871107757352,-0.3812479489879516,0.3665475806850418,0.0012551289985023,0.4299565984163068,0.3607671611462099,0.0030510956114951,0.4301037372878816,-1.5737694850696236,0.0006947724429883,-1.529469001812969,0.2467230004651808,0.0006477982155771,0.3106515498500052,0.8459361066410618,0.0008985359061784,0.8791502167716088,0
2023-09-15,-0.2883585155590049,0.0015076555725918,-0.2137571110649133,-0.3112157254112985,0.0010121179953731,-0.2577954712343889,-1.1805958622911192,0.0003859426079922,-1.1590952909130223,-0.1984720000255874,0.0006743558991186,-0.1526283343893866,0.079119081588589,0.0008883436952509,0.1258379885915167,-1.433722424310035,0.0012329227717642,-1.37031340657877,-0.2164841320652244,0.0030434702163127,-0.1471475559235527,-0.1509037618403856,0.0006926820402094,-0.1066032785837312,-0.3374106584069522,0.0006441334066685,-0.2734821090221278,-0.7889688516598663,0.0008848072770711,-0.7557547415293192,1
2023-09-18,0.7957611561664074,0.0015206560598732,0.8703625606604989,0.2463965721375217,0.0010162385865718,0.2998168263144314,0.5021019290458145,0.0003909483686805,0.5236025004239112,0.0620050506202811,0.0006755447349496,0.1078487162564819,0.3182473788908097,0.0008933380443014,0.3649662858937374,-0.255665524079906,0.0012289180055005,-0.192256506348641,-0.8866593082623738,0.0030128841870478,-0.8173227321207021,0.8474313658283905,0.0007046644483423,0.8917318490850449,-0.6129192764066054,0.0006373366494062,-0.548990727021781,0.3632110349681551,0.0008908580322999,0.3964251450987021,0
2023-09-19,0.2434620207335815,0.0015245853005899,0.3180634252276731,-0.1159711104450477,0.0010143447267728,-0.062550856268138,-0.159231827934567,0.0003892175012445,-0.1377312565564702,-0.1118116453783908,0.0006739007774135,-0.0659679797421901,-0.5094726488255433,0.0008853079191686,-0.4627537418226156,-0.1316074575113937,0.0012268311808393,-0.0681984397801286,0.0438769991893392,0.0030142214845101,0.1132135753310109,-0.3135216859797948,0.0007002794293636,-0.2692212027231405,-0.0820628819405527,0.0006365928842149,-0.0181343325557283,-0.1629058890538691,0.0008878849615423,-0.1296917789233221,0
2023-09-20,-1.1034097591716496,0.001506458257395,-1.0288083546775582,-1.6376980558468357,0.0009872474047704,-1.584277801669926,0.3412910912620605,0.0003925774117004,0.3627916626401572,-0.2648351050384963,0.0006697695405932,-0.2189914394022954,-0.4370099232955122,0.0008784298540705,-0.3902910162925845,-1.3756903440289674,0.0012055981829436,-1.3122813262977024,-0.4305157483143216,0.0029993218172653,-0.3611791721726498,-0.4622647165955994,0.0006938091330516,-0.417964233338945,0.1763954917456332,0.0006387893377291,0.2403240411304576,-0.4233104308464782,0.0008804593154036,-0.3900963207159311,0
2023-09-21,-0.5320543794882694,0.0014977075274064,-0.4574529749941778,-1.3083792736259243,0.0009656461119325,-1.2549590194490146,-0.6574211420504193,0.0003857882094701,-0.6359205706723227,-0.4508220894801388,0.0006626213634407,-0.404978423843938,-0.9819103856275234,0.0008630091320343,-0.9351914786245956,-0.2749833447923818,0.0012013294287336,-0.2115743270611167,-0.7152640448877288,0.0029747107542963,-0.645927468746057,-1.344115066113727,0.0006749534200751,-1.299814582857073,-0.9634080793389116,0.0006280321410106,-0.8994795299540873,-0.7266176890684897,0.0008678585505722,-0.6934035789379427,0
2023-09-22,0.1798511970574826,0.0015006065325228,0.2544526015515742,-0.1274880384596869,0.0009636091297132,-0.0740677842827772,-0.6161978354073723,0.0003794287611055,-0.5946972640292756,-0.5419648081477545,0.0006540045998616,-0.4961211425115537,-0.1982518732739063,0.0008599064324676,-0.1515329662709786,-0.4950558923084551,0.0011936860609082,-0.4316468745771901,-1.1110277079404942,0.0029366200113451,-1.0416911317988224,-0.4315113130452522,0.0006689472494724,-0.3872108297885979,0.1328255256842972,0.0006297374931826,0.1967540750691216,0.0439679001067033,0.0008684476176118,0.0771820102372503,1
2023-09-25,0.3051904263662497,0.001505547423327,0.3797918308603412,0.2823725485701584,0.0009683475931585,0.3357928027470681,-0.1454253572079477,0.0003778533822904,-0.1239247858298509,0.2099560509145037,0.0006576069816228,0.2557997165507045,-0.0107296585362943,0.0008597478573617,0.0359892484666333,0.028102823840746,0.0011940880188486,0.091511841572011,0.1427787275587612,0.0029413929924516,0.212115303700433,-0.4824223716718397,0.0006622367112929,-0.4381218884151854,0.2646354074917267,0.0006329350288539,0.3285639568765511,0.5191482664543765,0.0008771492891754,0.5523623765849235,0
2023-09-26,-1.2786967704737011,0.001484637255713,-1.2040953659796096,-1.038706887657044,0.00095126856753,-0.9852866334801342,-0.6627545572336937,0.0003710396114953,-0.641253985855597,-0.5831916804736504,0.0006483402936205,-0.5373480148374497,-0.993896669590929,0.0008441939691711,-0.9471777625880012,-0.9941616266997058,0.0011788068257318,-0.9307526089684408,-0.355389791984332,0.0029291668477131,-0.2860532158426602,-0.9962975981485956,0.0006483320122986,-0.9519971148919412,-0.3228827412372368,0.0006294688832391,-0.2589541918524124,0.0429952986575425,0.000877712973229,0.0762094087880895,1
