Date,AAPL_return,AAPL_volatility,AAPL_price_ma20,AAPL_momentum,GOOGL_return,GOOGL_volatility,GOOGL_price_ma20,GOOGL_momentum,JNJ_return,JNJ_volatility,JNJ_price_ma20,JNJ_momentum,JPM_return,JPM_volatility,JPM_price_ma20,JPM_momentum,MA_return,MA_volatility,MA_price_ma20,MA_momentum,MSFT_return,MSFT_volatility,MSFT_price_ma20,MSFT_momentum,TSLA_return,TSLA_volatility,TSLA_price_ma20,TSLA_momentum,V_return,V_volatility,V_price_ma20,V_momentum,WMT_return,WMT_volatility,WMT_price_ma20,WMT_momentum,XOM_return,XOM_volatility,XOM_price_ma20,XOM_momentum,target
2019-01-31,0.0072015268766423,0.0322599740641238,36.53401737213135,0.0178107066767484,0.0254098731272893,0.0199845213777832,53.63956756591797,0.0077868659791819,0.0109389572430056,0.0114722921557797,104.85814056396484,0.0093504755317525,-0.0087159445226522,0.0111798792437169,83.33194618225097,0.0014892020792154,0.0348497495337873,0.0191433090853907,189.21397018432617,0.0112624358624698,-0.0183304317457599,0.0202560528975182,97.14225959777832,-0.003129285169518,-0.0056676550879729,0.0400670069078656,21.260866737365724,0.0105493054007364,-0.0188225156511333,0.0163496217227215,129.5759365081787,-0.0038251018310874,0.0108651431726174,0.0087242800606674,28.689074993133545,-0.0051378872688225,0.0136950343208879,0.0114486738986203,51.10465621948242,0.0052363614742573,1
2019-02-01,0.0004807647724323,0.0214269461233201,36.8226526260376,0.0112794960078218,-0.0064571265786724,0.0187691848308458,53.870395469665525,0.0032648401646731,0.0084160075824439,0.0107285852096271,105.20262145996094,0.0091442993496016,0.0036712074378835,0.0104623106988636,83.60846977233886,0.0009580456069331,0.0125041113342527,0.0149925589142074,190.7907974243164,0.0106100121567558,-0.0157999738200412,0.0186298042078954,97.39283332824706,-0.008116043988945,0.0169043754677398,0.0395045657646752,21.30036668777466,0.0101361329255945,0.0380715565518592,0.0159285817223911,130.14595718383788,0.0023803483731322,-0.0205573038697212,0.0099264432381937,28.70402774810791,-0.0063620209254673,0.036025803665495,0.0128876801741889,51.36477394104004,0.011545172828268,1
2019-02-04,0.0284048838140456,0.020429663879114,37.0953914642334,0.0188113600430802,0.0203823587069165,0.0157439281968463,54.02737846374512,0.0112722692925475,-0.0098363629073582,0.0106215643664477,105.40776405334472,0.0059917208530026,0.0035621202081836,0.0069059873434808,83.75388107299804,0.0007227179392836,0.0053327578172959,0.0118819332517061,192.0117790222168,0.0144162663213431,0.0287990253696823,0.0167740767269471,97.57028198242188,0.0015440731123992,0.0021780467041099,0.0373283109237172,21.28436670303345,0.011016133158185,0.0096323197611956,0.013199058016245,130.51822509765626,0.0081720443222435,0.0096953811155711,0.0100591019748126,28.723915100097656,-0.004670521828253,-0.0144887051470662,0.0112459115019493,51.49554634094238,0.009985949473114,1
2019-02-05,0.0171094413716694,0.0204062843892021,37.40680446624756,0.0243062268814667,0.0091552373991912,0.0157560535791176,54.21558437347412,0.0149183729773727,0.0,0.0104497815638098,105.64621810913086,0.003914004243158,-0.0044122767937729,0.007040615318167,83.87764320373535,-0.000718154446731,0.0044204413522606,0.0118856568017407,193.20844268798828,0.0162196233412628,0.0139968939168018,0.0169862310886807,97.8106086730957,0.0084165720108062,0.0270382171370968,0.0356960027874356,21.238999938964845,0.0156949773850459,0.0072792187474417,0.0127637717776999,130.82505111694337,0.0110839693226746,0.0087579505312243,0.0099067694263052,28.739764976501466,-0.0021977387808832,0.0102911854533902,0.011365382445674,51.64057102203369,0.0112861965237571,0
2019-02-06,0.0003444816340614,0.0203202921963943,37.68547458648682,0.0107082196937702,-0.0251590835525767,0.0169440776927354,54.3085599899292,0.0046662518204295,0.0009034385078792,0.0092180450458663,105.76971206665038,0.0020844080851941,-0.0004817677366607,0.0070119555883399,84.00712432861329,-0.0012753322814037,-0.002594542419109,0.0120438626430118,194.31165084838867,0.0109025035236975,-0.0110985900688512,0.0172161134386227,97.96104469299316,-0.0004866152696336,-0.0128519454600943,0.0357799284166469,21.178566646575927,0.0055202077521758,-0.0072969359438377,0.0129210278224427,131.04746170043944,0.0057727286931051,0.0004183677519922,0.0097924684481171,28.746344089508057,0.0018359077403367,-0.0043655304659825,0.0114238848216883,51.75530834197998,0.0082315575653448,0
2019-02-07,-0.0189395963109603,0.0210100425270814,37.89462509155273,0.0054799950562496,-0.0151216869299996,0.0173326154542209,54.36867694854736,-0.0034400601910282,-0.007142965068686,0.0091788564037164,105.89645576477052,-0.0015319763771442,-0.0131100565049061,0.0077210607802198,84.08799667358399,-0.0021541546778545,-0.0061771432243195,0.0119524307473416,195.18386688232425,0.0026971249720761,-0.0071679390975841,0.017056933489649,98.00761947631835,0.0017458832600014,-0.0306096615845227,0.0362156237233741,21.075166702270508,0.0005318064528659,-0.0093290393781974,0.0129225732098209,131.13092498779298,0.0076714239476922,0.0113968372861255,0.010058790909788,28.773857021331786,0.0019422465630383,-0.0077066753514198,0.0116102540205697,51.83583850860596,0.0039512156308833,0
2019-02-08,0.0011752097060375,0.0210273798384852,38.10034599304199,0.0056188840429707,-0.0031920283853401,0.0173399609603887,54.42703437805176,-0.0027870405523617,0.0026503344225812,0.009116290968061,106.00573043823242,-0.0026851110091167,-0.0099626354419617,0.0081009771358782,84.12761650085449,-0.0048809232538235,0.0121980481248074,0.0120723799382747,196.12461547851564,0.002635912330187,0.0037998815663768,0.0169879079929071,98.10403022766111,0.0056658543372851,-0.0055608101557702,0.0358031571183296,20.944600105285645,-0.0039612306718361,0.0014978233355824,0.0129210439193117,131.2120162963867,0.0003566773044369,-0.0118884688149318,0.0104647428341612,28.783127784729004,0.0036760135739962,0.0016245525402438,0.0115025715679066,51.93387489318848,-0.0029290345941669,1
2019-02-11,-0.0057509695020216,0.0208900416762447,38.31230430603027,-0.0012122866202427,-0.000235719342329,0.0170064527419491,54.52033233642578,-0.0069106561622108,-0.0030207951221297,0.0091611452621082,106.09713172912598,-0.001321997452071,-0.0047356286211605,0.0080994098005844,84.167236328125,-0.0065404730196924,0.0024009775030378,0.0118516047200809,197.14060821533204,0.0020495562673354,-0.0039746983476784,0.016905660875236,98.21813735961912,-0.000888890406187,0.0230215975416532,0.0362764704829853,20.829866790771483,0.0002074794956725,0.0029919686608272,0.0128733928738086,131.34195404052736,-0.0009713929156367,0.0064865563170923,0.0105439592550669,28.80346355438233,0.0030342486143005,0.0016223470125191,0.0114007472250219,52.04799480438233,0.0002931758377501,1
2019-02-12,0.0086174388002822,0.0203119664566453,38.56882457733154,-0.0029106871345201,0.0231009136906659,0.0172991989506158,54.70883579254151,-0.0041215209039159,0.016363611399764,0.0093070887436698,106.33599548339843,0.0019507248278817,0.0170499861548942,0.0086499870777587,84.2350399017334,-0.0022480204299589,0.0083370957349286,0.0117310305226985,198.26586151123047,0.002832887143869,0.0155818590778382,0.0170657057622976,98.44355926513671,-0.0005718973739797,-0.0032924991616025,0.0354614141435351,20.754566764831544,-0.0058586637640673,0.0084518613313833,0.012829416169973,131.5738510131836,-0.0007368643988484,0.0080040283015365,0.0106677804880472,28.833667945861816,0.0028834641683629,0.0175437794306869,0.0118623467014233,52.21215801239013,0.0017436946332095,1
2019-02-13,-0.0041548063749311,0.0201952542883662,38.78046493530273,-0.0038105447363186,0.0009311569794416,0.0158315958361631,54.81321029663086,0.0010965272024877,0.0021613116259568,0.0091944943386349,106.5427635192871,0.0022022994514972,0.0047757932294352,0.0085677223210898,84.29263191223144,-0.0011965082367397,0.0074460302976906,0.0117369912784076,199.4169960021973,0.004841001687229,-0.0007483203785892,0.01588568416504,98.52739486694335,0.0014981565640726,-0.0116737558366715,0.0346444633577098,20.63370008468628,-0.0056230258393827,0.0105640652956133,0.0129770119806264,131.8654998779297,0.0028353358490418,0.0100031524584276,0.0104688207948,28.858938121795653,0.00480042110965,0.0112730778768901,0.0119787259609181,52.4055196762085,0.004871416301784,0
2019-02-14,0.0036429917046352,0.0201409359008995,38.97730751037598,0.0007059728668004,0.0005050071751255,0.0158340938851252,54.911563110351565,0.0042218660235127,-0.0010413776133706,0.0087745487769444,106.79746704101562,0.0034226169425603,-0.0064991074247493,0.0085297793901582,84.28936386108398,0.0001256815792915,-0.0033101362962479,0.0119126200205764,200.47323913574215,0.0054144030728433,0.0008426634145131,0.0158743059946413,98.59818954467774,0.003100277066492,-0.0142778203084078,0.0346263843628542,20.492766761779784,-0.0023566575841597,-0.0005585824876205,0.0129827590637954,132.15334777832032,0.0045894272271571,0.0059219482557251,0.0105284374119895,28.8913854598999,0.0037054433035699,0.0002622373252652,0.0119672979996307,52.600670623779294,0.006465198837121,1
2019-02-15,-0.0022247633330209,0.0202096525300834,39.15870895385742,2.5978258988734736e-05,-0.0084751348670122,0.015908921303689,54.96238689422607,0.0031652447271783,0.0154122347705458,0.0091637238523863,107.0936065673828,0.0059749970121532,0.0305603970475298,0.01091777291217,84.39678688049317,0.0082302880771899,0.0104637023034834,0.0119562377165906,201.56590728759767,0.0050675339085785,0.0123478148541085,0.0160274722061279,98.69599647521972,0.0048098637240384,0.0135299816878331,0.0348395714152309,20.361333465576173,0.0014615007845608,0.012224446807014,0.0131527334341364,132.52717666625978,0.0067347519214435,0.0149211178612747,0.0109570306743766,28.93998203277588,0.0090673606388112,0.0188803715144576,0.0124246339769477,52.83024272918701,0.0099163626319638,1
2019-02-19,0.0029925983986871,0.0202115031677372,39.33479804992676,0.0017746918391305,0.0061450982344013,0.0158840937701295,55.00999011993408,0.0044414082425244,-0.005059388495527,0.0090310901524491,107.29671974182128,0.0055672783374738,-0.0035053170818376,0.0103779563284019,84.4208869934082,0.0084763503850544,-0.0068437636765251,0.0121041960332297,202.4568130493164,0.0032185856726659,-0.0004619712306355,0.0156920215227015,98.71742172241213,0.005512409147447,-0.0072755921141032,0.0190033228288259,20.372600078582764,-0.0045979371465904,-0.0032437133935173,0.0131407019011659,132.82081985473633,0.0054876155105745,0.022101965106726,0.011736567071802,29.006820678710938,0.012190442396738,0.0066916387930702,0.0123115787251234,53.04790554046631,0.010930220988074,0
2019-02-20,0.0064355363210737,0.0191734134638582,39.56575164794922,0.0013383113432888,-0.0052553305580032,0.0146705397830944,55.11396808624268,-0.0012298406072093,0.0048640722133816,0.0081801267685424,107.60342063903808,0.0032673705001973,0.0048484861400281,0.0096953913739534,84.53321075439453,0.0060360503820812,0.0023574762836053,0.0114391264244604,203.4943664550781,0.0020226617824012,-0.0051991240902442,0.0150998121792407,98.80719909667968,0.0013562125138305,-0.010077140160174,0.0189728046596131,20.384733486175534,-0.0059548653463046,0.0020076222041058,0.0130768984056305,133.1495803833008,0.004198767685119,-0.0227004153263874,0.0129762423632361,29.042558097839358,0.0060495536711532,0.003834948535869,0.0114586143695863,53.315572357177736,0.0081884548091104,0
2019-02-21,-0.005639022527242,0.019351228918357,39.777791595458986,0.0010414681128266,-0.014617238172554,0.0151042791137988,55.16303272247315,-0.0043395196376085,-0.0068206369118803,0.008444591897223,107.87234268188476,0.0014709807926299,-0.002081353217146,0.0096865134183632,84.64716949462891,0.0046646210927649,-0.008140969596895,0.0115806588788979,204.49885025024412,-0.0010947381965158,0.0210920450449134,0.015648386893457,98.95471420288088,0.005724285598531,-0.0374471915008256,0.0189240976164702,20.39686679840088,-0.0111095524791355,-0.0050436206831502,0.0129875569097078,133.49298400878905,0.0010772304893663,-0.0049059173429425,0.0127662759704846,29.05272617340088,0.0030677397108791,-0.0090413289774742,0.0115107817351411,53.578682327270506,0.0041255734382375,1
2019-02-22,0.0111659656060072,0.0191140930383699,40.027062225341794,0.002546062893101,0.0111844553699096,0.0152686147477557,55.24371700286865,-0.0022036299986516,0.0087134132684087,0.0076177011906425,108.26110153198242,0.0034219389689857,-0.0044562522214849,0.0097736376793323,84.73948097229004,0.0050731921334178,0.0182850693517153,0.0119456249912506,205.62650146484376,0.0032243029330768,0.0142582115462754,0.0158193295484697,99.19894981384276,0.0084073952248835,0.0119493368159819,0.0188677518522979,20.40753345489502,-0.0058641210542575,0.01298591798114,0.0131843330577603,133.8924987792969,0.0037861305831184,0.0016099778713869,0.0127339716979574,29.07052059173584,0.0022053456340115,0.0077100350868026,0.011493377912198,53.85984573364258,0.005615132990545,1
2019-02-25,0.0072844317703588,0.01807341168736,40.23131618499756,0.0044479019137769,0.0006895603744128,0.0148789752046264,55.28291931152344,-0.0003706909503666,0.0036847288269878,0.0074955316146417,108.62155838012696,0.0010764377802741,0.0104761297388897,0.0099324234227724,84.85017127990723,0.0010563386716898,0.0,0.011761675504215,206.6031951904297,0.0011315624723801,0.0055870089181215,0.015761188174471,99.42700653076172,0.0070552340376861,0.0137762270551946,0.0186376007331282,20.413300037384037,-0.0058148719807852,0.0013026871555839,0.0131553856389915,134.2550407409668,0.0016017786528324,-0.00431949626528,0.0122953043624493,29.10311794281006,-0.0016427771912994,0.001020395901458,0.0115326103648179,54.13248977661133,0.0020431378679451,1
2019-02-26,0.0005741848899236,0.0177869571833351,40.454082298278806,0.0039642192120243,0.0041886571049865,0.0140863703815731,55.38736820220947,-0.0007619791762496,-0.0006607477675705,0.0075223149573205,108.94746360778808,0.0019561659258654,-0.0076342946635286,0.0100936734813623,84.90776481628419,0.0002305431553516,0.0030446612816108,0.0109381551543949,207.7457015991211,0.0031092474640073,0.0069004504631251,0.014917407368784,99.78842086791992,0.0085277183764382,-0.003045839953545,0.0186447389887459,20.41823329925537,-0.0049689215486736,0.0067096988145487,0.012099784214441,134.79122924804688,0.0035924610944456,-0.0043381709108074,0.012357098338817,29.12749128341675,-0.0069308043948061,0.0020384417500061,0.0112220427712679,54.42800235748291,0.0011124984593323,1
2019-02-27,0.0030973865382102,0.0173919990521702,40.70250072479248,0.0032965892554515,0.0007843096363617,0.0138485110870973,55.5182825088501,0.0004459488626233,-0.0017633418178623,0.0073877840328217,109.20911903381348,0.0006306831196166,-0.0012343611515783,0.0100903716941376,84.94820289611816,-0.0009860263029696,0.0025447489837455,0.0106983405799316,208.9596160888672,0.0031467020040353,-0.0016910066276398,0.0138820257270587,100.2406192779541,0.0092293418689591,0.0566710412228039,0.0224999508699353,20.475833320617674,0.0083807147279219,0.0012238387403231,0.0118262430963655,135.38291778564454,0.0034357044016891,-0.0058769426197703,0.0124110553529725,29.14842548370361,-0.0035661098534826,0.0102973310596647,0.0112616635835894,54.743076705932616,0.0024049749640914,1
2019-02-28,-0.0098356420517297,0.0099635062998413,40.80503177642822,0.002457265350554,0.0032592608028303,0.0126936538823273,55.589054107666016,0.0040212486577002,0.0056671758869875,0.0072130498927827,109.44904556274416,0.0031282456793902,-0.0076075059778336,0.0102404685844163,84.94616050720215,-0.0020912568551071,0.0008905918888013,0.0098753931009175,209.95403976440429,0.0049530143011746,-0.0012481728558356,0.0121518957689309,100.52605209350584,0.0047612982888093,0.0163308460051805,0.0212122159184758,20.512866592407228,0.0191363222291232,0.0061133502850443,0.0113168378750878,135.8940628051758,0.005667098595328,0.0089692651913957,0.0115400785549558,29.21107759475708,-0.000791073346615,-0.0055368587987424,0.0114755390600506,55.01450443267822,0.0031058689998378,0
2019-03-01,0.0105110165272177,0.0100708702856822,40.91512851715088,0.0023262755347961,0.0195021471519933,0.012162187929635,55.64513187408447,0.0056847870141169,0.0125148056388038,0.0073210858183658,109.70040168762208,0.0038885241534692,0.0006708266990458,0.0100317312238804,84.98414840698243,-0.001065841071001,0.0110335697254859,0.0071275531363901,210.7265739440918,0.0035027143759287,0.0044629880151016,0.0110801149040731,100.925691986084,0.0028022535825745,-0.0784356604323052,0.02780834827407,20.47209987640381,0.0010593227794657,0.0091141980532509,0.0100227540329651,136.5921630859375,0.0048927546097502,-0.0107080042518629,0.0116974480174959,29.242478466033937,-0.003254669771265,0.0122737622942605,0.0114236886412895,55.28560256958008,0.0040186144413294,0
2019-03-04,0.0050291505176824,0.010067938287721,41.0347599029541,0.0018752192842608,0.0042665087207991,0.0120489332468436,55.731367683410646,0.0064001766833942,0.0009398136919487,0.0071819278441744,109.91157722473145,0.0033395411264614,-0.00229838429844,0.0100210477113815,84.99681243896484,-0.0036207438784669,-0.0042246790018757,0.0070219813094412,211.326579284668,0.0026577785755536,-0.0023992155875378,0.0101881458927503,101.38955192565918,0.0012050086814426,-0.0319888365849134,0.0282365090848196,20.382599925994874,-0.0080936899485558,-0.0101022658189249,0.0070696029745592,136.9747772216797,0.0026117640148484,-0.0008170227287974,0.0105455649069979,29.302139949798583,-0.0025541750639684,0.0038749737944938,0.0087878515201009,55.47380027770996,0.0045895300199365,0
2019-03-05,-0.0018193908004099,0.0081355732029839,41.09446601867676,0.0013965041461941,0.0136723284412501,0.0115828769837613,55.80018253326416,0.0082969109506469,0.0020939689799688,0.006627569732366,110.1882339477539,0.0038904844759693,-0.0007680125291456,0.0099912321496605,84.99109382629395,-0.0022474874515903,-0.0003091937549473,0.007031293948846,211.86859893798828,0.0019870075682419,-0.004988470903807,0.0086666628523361,101.68935813903808,-0.0011727755919437,-0.0309082915624587,0.0288125581399614,20.2614333152771,-0.0136661802703385,-6.740547846983969e-05,0.0069090052782972,137.29289855957032,0.0012563431562447,0.0050077613815944,0.0104200707220507,29.355521297454835,-0.0006849886054881,-0.0014940786626977,0.0078226178512908,55.69687023162842,0.0038830259373958,0
2019-03-06,-0.0057540448180717,0.0073967071527695,41.10737915039063,-0.0003737821250622,-0.0036349957610588,0.0114769992023855,55.832570457458495,0.0074130498711628,0.0023059205393844,0.0066013744215991,110.47797584533691,0.0047043369474186,-0.0037459520071765,0.0099769166644326,84.98823394775391,-0.00274980562271,-0.0077358236559301,0.00738153065844,212.2812240600586,-6.910695969317704e-05,0.0004477195435712,0.0082824080977461,101.92257118225098,-0.0007450303577015,-0.0010848588017886,0.0277961547972152,20.11106672286987,-0.0252173602752571,-0.0009462369793362,0.0068441060481838,137.55552368164064,0.0008223280123128,-0.0008134866922968,0.0103078230142992,29.395295810699466,0.0003277025800065,-0.0113478916492856,0.0083904976274321,55.85971832275391,-0.0004460186043942,0
2019-03-07,-0.0115748743896524,0.0078616922326937,41.09551315307617,-0.0007216285926467,-0.0120951591480827,0.0102369531732471,55.901855850219725,0.0043421658809801,-0.0061111650274787,0.0068789059902305,110.72808265686037,0.0023486687645254,-0.0072309441368257,0.0101078174205844,84.95678253173828,-0.0026744932545084,-0.0091771195129781,0.0077346946470911,212.6219665527344,-0.002082649240049,-0.0121698652027272,0.0083766641856327,102.14759635925292,-0.0029293688270798,0.001266974118224,0.0278233322112904,19.975633335113525,-0.0282301346526484,-0.0066299323425069,0.0067982499138319,137.82091598510743,-0.0017263285131974,-0.0082435262887431,0.0105318200079819,29.42236042022705,-0.0031148557160211,0.0110998555624484,0.0083912495667049,56.06602954864502,0.0028813242678438,1
2019-03-08,0.0023772204830931,0.0065274934719597,41.127682304382326,-0.0023483878014716,-0.0007646551036297,0.0095033651305226,56.01103744506836,0.0002888054298555,-0.0013019942362425,0.0065747202729754,111.00942153930664,-0.0004146912104838,0.0003883746285975,0.0096494242856312,84.98251609802246,-0.002730983668598,-0.002427872280132,0.0075787631665774,213.00056686401368,-0.0047749376411726,0.001086775676202,0.0080858083661727,102.41363067626952,-0.0036046112948597,0.0272967599449744,0.028188164242948,19.897733306884767,-0.0070836505771924,0.003541136908939,0.0062609799419854,138.17360458374023,-0.0028409407420597,0.0014367179476979,0.010245444766952,29.4352201461792,-0.000685911276109,-0.0143463478055156,0.0089789635375817,56.25157527923584,-0.0024426977521113,1
2019-03-11,0.0346420507214091,0.0099952532666823,41.228833961486814,0.0035741922392736,0.0254703252374799,0.0107578725571788,56.201548385620114,0.0045295687331917,0.0036214707620088,0.0065788549961148,111.29698867797852,0.0001216402035281,0.0130084909688088,0.0097240780097325,85.10464439392089,0.0003303913848516,0.0169919098785582,0.0079882874436708,213.43475799560548,-0.0005316198650858,0.0209936235448697,0.009066146761393,102.7695499420166,0.0010739565316217,0.0238614585860037,0.0288385745328407,19.848133277893066,0.0040864084569909,0.0225315340658593,0.0076723703546912,138.67405548095704,0.003685819234897,0.0091195990176207,0.0099828351374681,29.478582763671877,0.0013014130731746,0.0097454304140192,0.0090768658655771,56.46053924560547,-0.0012686064282062,1
2019-03-12,0.0112353809398615,0.0099806384772984,41.36560955047607,0.0061851465873279,0.0152553272993707,0.0110340944321359,56.43728294372559,0.0048461685048158,0.0044745517234507,0.0064523960251065,111.62615585327148,0.0005977567522245,-0.0029708591066891,0.0096723949395531,85.23371620178223,-0.000110177930657,0.0057612899283894,0.0080305909987555,213.90632858276368,0.0006824768715814,0.0070015610827005,0.0089185808101117,103.18198165893554,0.0034719629289232,-0.0259865105501944,0.0286741671742369,19.749866580963136,0.0050707646594438,0.0070348011499903,0.0077070636122707,139.20494079589844,0.0051062605605891,-0.0011170433169036,0.0099292990596079,29.51103000640869,7.645213347500235e-05,0.0027575732399933,0.0090659419901587,56.67310523986816,-0.000418276047668,1
2019-03-13,0.0044221854903858,0.009907484610537,41.49452133178711,0.0082203926490194,0.0015117647312199,0.0101052202028184,56.61441211700439,0.0058755206032716,0.0016527957342467,0.0056360179634387,111.87698478698732,0.0004671317911969,0.0033644509136216,0.0089802366474794,85.30683097839355,0.0013119026535026,0.0068739731831566,0.007978711275611,214.36591796875,0.0036044362393988,0.0077452574537417,0.008551475726149,103.5591926574707,0.0049314705109573,0.0197628266938607,0.0291858557501253,19.67369995117188,0.0092403017585737,0.0048773016589747,0.0076361101621782,139.71454772949218,0.0062709682882513,0.0067094956441184,0.0098864825044518,29.541832828521727,0.001581048600758,0.008875063793202,0.0085719092304932,56.86441497802734,0.0036263150408294,1
2019-03-14,0.0111165205672987,0.009905756164154,41.65595893859863,0.0127586716404096,-0.0054460134762819,0.0102772740082979,56.77275772094727,0.0072053497376317,-0.0099704715425915,0.0062657130364261,112.0591953277588,-0.0003047295118255,0.0091000793112225,0.0091292090570052,85.39873313903809,0.0045781073431123,0.0044201959004293,0.007901842888094,214.7957946777344,0.0063238993220803,0.0007859312466149,0.0085163466179494,103.94433822631837,0.0075226298008258,0.0034607328163371,0.0291558986637013,19.613000011444093,0.0096790534981963,0.0113463414397789,0.0076751210843737,140.23520431518554,0.0098662230447085,-0.0028426615370209,0.0096928779294356,29.55392208099365,0.0026612215511025,-0.0033449997710791,0.0084920084966044,57.01537437438965,0.0007373439741239,0
2019-03-15,0.0130080392643441,0.0101129462277211,41.83848476409912,0.0148848353966598,-0.0018698996246454,0.0103189109680375,56.92416515350342,0.0069843008334286,-0.0030430759866002,0.0063268365278883,112.2299186706543,-0.0006529458618971,0.0114865405803123,0.0092246068649622,85.56742439270019,0.0067977405334552,0.0072327462391759,0.0078788361423355,215.3402099609375,0.0082560230259419,0.0115194339247979,0.0086566857534456,104.38703384399416,0.009609161450545,-0.0501104260482926,0.0309547251936974,19.518533325195317,-0.005802383700457,0.0081713784598975,0.0076671604732078,140.8195198059082,0.0107922713549001,0.0020360579376161,0.0096161839288993,29.56034517288208,0.0027810895490861,-0.0036053963402153,0.0085941665323776,57.15516452789306,0.002885534267184,1
2019-03-18,0.0102087044675274,0.0100694291778799,42.04817543029785,0.0099981661458835,-0.0014702179344602,0.0100350238611663,57.09495105743408,0.0015961921990406,-0.0031252449118668,0.0054938230700813,112.2989673614502,-0.0020022889966722,0.006006612462704,0.0064395820660891,85.63441047668456,0.0053973648322343,-0.0033739583825439,0.0077540948009765,215.737020111084,0.0041828493737214,0.0143212037080882,0.0087637844296586,104.84589462280272,0.0082746774831886,-0.0215662737707043,0.0308781311114492,19.39056663513184,-0.0148879301717986,-0.0032162532307936,0.0075891167083655,141.29694595336915,0.0056427138955695,0.0125994045267927,0.0094423421465555,29.563428974151613,0.0034770506509205,0.0116030976645189,0.0079984038240519,57.27657966613769,0.0032570677172839,1
2019-03-19,-0.0079248018267386,0.0104704232294564,42.23403739929199,0.0061661295925635,0.0117034216188725,0.0102011714379795,57.283157157897946,0.0008858110629409,0.0092585703612309,0.0056437337694512,112.44797859191894,-0.0010454852691162,-0.0036382288220004,0.0064443158455065,85.70057983398438,0.005263890889172,0.0026910710545715,0.0074790251992182,216.23639068603515,0.0035688055989578,0.0006805023925104,0.0087340832623796,105.31082611083984,0.0070104657451506,-0.0074956276213304,0.0308785821377627,19.26333332061768,-0.0111897535860258,-0.0023875596915833,0.0075520796070422,141.7791259765625,0.0037582417272548,0.0019063828465391,0.0079293426329677,29.536323738098144,0.0040817358836091,-0.0025896926419677,0.0079905994509336,57.37169494628906,0.0021876145408917,1
2019-03-20,0.0087384767704754,0.0105062646003015,42.4262134552002,0.0070293878485814,0.0199340586101022,0.0106329782580071,57.54543170928955,0.0045702698387174,-0.0083066687915193,0.005971004121933,112.52315368652344,-0.0030373781742694,-0.0213482871936597,0.0080396043959929,85.65279159545898,0.0003213432677157,-0.0048485005524819,0.0076496080673993,216.65716171264648,0.0012243108518301,-0.0011048390954155,0.0085416502064404,105.79587097167968,0.0052404464353192,0.0229184552294348,0.031534366561038,19.16679992675781,-0.010558627878911,-0.0054338752802775,0.0078048421167894,142.20762481689454,0.0016960063394044,-0.0121180027325624,0.0066445374474034,29.525718688964844,0.0003162362082729,0.0055643389497377,0.0080243047435114,57.47221374511719,0.0015254695721988,1
2019-03-21,0.0368303953157345,0.0124517121714314,42.7125129699707,0.0121721627982685,0.007909111306015,0.0096395371035223,57.87233295440674,0.0072412947951768,0.0058995831479464,0.0058038754880645,112.6692283630371,0.0001366327638381,-0.0157864939531258,0.0087333337080735,85.54659309387208,-0.0046559713851539,0.0260126330613255,0.0089702924857005,217.4507858276367,0.0055427982840094,0.0229748144512735,0.0087402992316217,106.30149574279784,0.0096782230762509,0.0015350810461096,0.0305836675405615,19.10943326950073,-0.0109437582329565,0.0133334767860437,0.0078824361180511,142.76818771362304,0.0020934334086573,0.0042576179797249,0.0066286982065286,29.528754043579102,0.001736292111622,0.0057795663574005,0.0076481194886383,57.61524620056152,0.0033503827978948,0
2019-03-22,-0.0207083839914289,0.0138111424662484,42.92792224884033,0.0054288781471139,-0.0230396436517846,0.0114776404736329,58.098056411743165,0.0030073459897489,-0.0086166412992991,0.0059352731948257,112.71870956420898,-0.0009780802987015,-0.0302323370824647,0.0108764405575578,85.33256225585937,-0.0129997469177093,-0.0216643208043543,0.0099430654953449,217.8073402404785,-0.0002366151246966,-0.0263681255881653,0.0108761844740208,106.58588180541992,0.0021007111736582,-0.0346325571304071,0.0311859682781023,19.00883321762085,-0.0078481844493794,-0.0175223988201712,0.0089293523483427,143.1102279663086,-0.0030453220473563,-0.0078738942235523,0.0068521729595673,29.517671012878417,-0.0002456983206116,-0.0160164966433099,0.0085834555237199,57.68946533203125,0.0008681627372759,0
2019-03-25,-0.0120910038399808,0.0143180854123132,43.10079803466797,0.0009689364856123,-0.0085040043569749,0.0117965062430295,58.29642295837402,0.001600588705246,-0.0021914336760846,0.0059126754868572,112.7354751586914,-0.0007913180515451,-0.0083199085391427,0.0105018295388949,85.03969993591309,-0.0158650511180787,-0.001473800663062,0.0099616685455577,218.1475959777832,0.0001434164191997,0.0052113751427842,0.0108713087098676,106.86980018615722,0.0002787454605974,-0.0155368925760597,0.0309490320331666,18.88099994659424,-0.0066423082104505,-0.0002614603188325,0.008946759863359,143.44133987426758,-0.0024543634649641,-0.0011194579713986,0.0067917313024692,29.511363792419434,-0.0029894708202498,-0.0069584265228259,0.0087818470002067,57.74062519073486,-0.002844142100193,1
2019-03-26,-0.0103317994700593,0.0146631157710344,43.2492488861084,0.0004875369569481,-0.0062972318908299,0.0119970847609907,58.464507293701175,-0.0019995419966944,0.0143475091461904,0.0067018354751674,112.83606986999511,0.0002264697054467,0.0100070264330009,0.0108655233410405,84.82035942077637,-0.0131360000670784,0.0124557364393198,0.0102509224981256,218.5928108215332,0.0020963494961494,0.0021246480523133,0.0108267356194493,107.12939453125,0.000567574592558,0.0282236247188771,0.031901730905005,18.78070001602173,0.0005015422575909,0.0148337776277731,0.0093302968878177,143.83373336791993,0.0009899039989071,0.001528079914308,0.0067296034890972,29.513741397857665,-0.0030651314066961,0.0130130606222034,0.0091880056280162,57.823489379882815,0.0002764085526411,0
2019-03-27,0.0089942305383194,0.0147125516350686,43.41128273010254,0.0005386877105169,-0.0099424927435878,0.012336667298294,58.60109596252441,-0.0079748522674324,0.0009384563174503,0.0066721217437056,112.95179672241213,0.0020754947272406,-0.0034027924470457,0.0108624445117335,84.59243965148926,-0.0095469011177556,-0.0033007156020212,0.0103201827110286,218.9738052368164,0.0024059064862415,-0.0096684685442417,0.0111307569817495,107.34455337524416,-0.0011451512972071,0.0263659228740795,0.029453019617775,18.647666645050048,0.0011910357865199,-0.0069542342369174,0.0095778971674329,144.1662727355957,0.0006858322075791,-0.0112895190753398,0.007082290872788,29.50810489654541,-0.0028994346752515,-0.0076579845528569,0.0091585049014437,57.854833984375,-0.0023680561478777,1
2019-03-28,0.0013263674198293,0.0143737420938632,43.59678688049316,-0.006562117868664,-0.0048726201921475,0.012442869063188,58.71439170837402,-0.0105311985670649,0.001297608487313,0.0065840167123883,113.04339637756348,0.001155099795114,0.011347762907113,0.0112293275869461,84.44335250854492,-0.0041200497457078,0.0100637927892115,0.0104806366417262,219.45735855102535,-0.0007838615681812,0.0013702591123034,0.0111050381022296,107.5737449645996,-0.0054660623650012,0.0137903321932477,0.0293554323227576,18.510133361816408,0.0036420860159475,0.0029178285374023,0.0095387168735635,144.47743377685546,-0.0013972974421491,-0.0008231719712228,0.0067479084382741,29.48810739517212,-0.0039155926654411,0.004978664701225,0.0090901809147744,57.91644229888916,-0.0025282364791128,1
2019-03-29,0.0065174399414473,0.014312159708244,43.77526149749756,-0.0011169530820887,0.0039411356227605,0.0117630437544051,58.78469352722168,-0.0051350427121559,0.0065522460784661,0.0061478056800212,113.1022804260254,0.004188877270667,0.0051636540405579,0.011324171799365,84.31264686584473,0.0029591484788966,0.0025121477639877,0.0102759782029155,219.85033493041996,0.0040514321454871,0.0086375103235611,0.0111887004322718,107.8267910003662,0.0015350648173441,0.0044504914783887,0.0240270162524469,18.46036672592163,0.0114586957377067,0.0098275225455906,0.0095671860941452,144.79667205810546,0.0040726868310032,0.0041183363347629,0.006390691467922,29.489973068237305,-0.001517146553778,0.0007430279332474,0.0087022630953553,57.94526481628418,0.0008236684361986,1
2019-04-01,0.0067916253588962,0.0143228773250765,43.95862236022949,0.0026595727576866,0.0187697937862225,0.0123869347479433,58.89759216308594,0.0003197169164835,-0.0057942763944648,0.0063068629516153,113.12272567749024,0.003468308726991,0.0336852649903391,0.0137814790632024,84.33102684020996,0.011360183184793,0.0152898867433828,0.0105930028024268,220.4618476867676,0.0074041696267761,0.00915740809123,0.0112256112930762,108.14298210144042,0.0023242714070332,0.0333024051975621,0.0242183870015721,18.47310009002685,0.021226555292431,0.0068505475481921,0.0091579335888918,145.23847274780277,0.0054950884044081,0.0029733136127119,0.0064187337612863,29.497394561767575,-0.0006985922369559,0.0115098233631172,0.0090182721207666,57.99642467498779,0.0045173184133872,0
2019-04-02,0.0145365917769322,0.014421674744328,44.17891635894775,0.0076332510070849,0.0054712850140381,0.0121133234741416,58.98766822814942,0.0026734202974571,-0.009138057768715,0.0066214866538351,113.0793800354004,-0.00122880465599,0.0047782761005867,0.0138144983067916,84.37309799194335,0.0103144331183102,0.0008786014300832,0.0105779744014082,221.0867790222168,0.0050887426249288,0.0014282958677478,0.0110763465223382,108.49331817626953,0.0021850009701201,-0.0114116404193527,0.0232414069589899,18.504233360290527,0.013299502264785,0.0033064821019819,0.009127690911621,145.70544891357423,0.0031896292992499,-0.0089960930115523,0.0066351704197215,29.48425989151001,-0.002803426822128,-0.00428219544246,0.0090788249658726,58.03929824829102,0.0010582672004545,1
2019-04-03,0.0068549394542782,0.0141952090096408,44.42708969116211,0.0072053927902766,0.0043713685257888,0.0120633552666802,59.101334762573245,0.0055361925513325,-0.0039213539797775,0.0066358018319066,113.00086708068848,-0.0022007667154356,0.0019976395005518,0.0137794248292119,84.43967742919922,0.0113945195078297,-0.0013795234486051,0.0103356072846292,221.7797592163086,0.005472981055612,0.0065443407792242,0.0110773564520599,108.87779960632324,0.0054275628348133,0.0207430173244611,0.0236025517270777,18.556133365631105,0.0121749211548614,0.0043099012606935,0.00907569917288,146.2113800048828,0.0054424563987721,0.0025792013356116,0.0066680724827734,29.47608013153076,-2.968273993773085e-05,-0.0058982565703876,0.0087724094378447,58.097663497924806,0.0014102127969484,0
2019-04-04,0.0017405429733576,0.0136414143915897,44.70338134765625,0.0072882279009823,0.0071358563351806,0.0116395641332362,59.271327590942384,0.0079378878567981,-0.0116642929532744,0.0069824091172862,112.89168548583984,-0.0047931470035531,0.0096601359753962,0.0137743982378229,84.57845916748047,0.0110569941214864,-0.0120118307317851,0.010531518593246,222.43392105102535,0.0010578563514127,-0.0050848733125624,0.0106511298025853,109.297359085083,0.0041365363498401,-0.0823481623950352,0.03036467020296,18.52676668167114,-0.0070527777627952,-0.0051748827393807,0.0089954985541048,146.72490997314452,0.0038239141434154,0.0094659443229661,0.0067274157682822,29.49384269714356,0.0020281405189,0.0142151220849071,0.0089853483523818,58.16575660705566,0.0032575042736848,1
2019-04-05,0.006694016150359,0.0136082880915096,44.99039440155029,0.0073235431427646,-0.0065603991039374,0.0118081899806538,59.42367668151856,0.0058375809114585,0.0044993347023478,0.0070868042830593,112.81480712890624,-0.0052037292787767,-0.0023681991211884,0.0138021323050386,84.70531845092773,0.0095506234891371,0.0024147408850714,0.0104546950418366,223.1412788391113,0.0010383749756294,0.0044404276727596,0.0106297627574422,109.73609771728516,0.0032971198196798,0.0268131431839582,0.0303409919292417,18.496166706085205,-0.0025802474216813,6.326639185338934e-05,0.0090301753232107,147.2142135620117,0.001871062912668,0.0073387107568234,0.0068922076293408,29.52033567428589,0.0026722154033121,0.0053624343632485,0.008239956786944,58.29113426208496,0.004181385559685,1
2019-04-08,0.0157364395450225,0.0121371734540787,45.24297676086426,0.0091125059799899,-0.0026165955298487,0.0105583151915997,59.49558906555176,0.0015603030482443,-0.0002933967576337,0.0070159918626627,112.71584968566894,-0.0041035533514105,0.0032284913414772,0.0135466895142226,84.7914379119873,0.0034592687593647,-0.0001269518937763,0.0099619224627879,223.6665237426758,-0.0020449927518023,0.0003338709871623,0.0098828949672011,110.0681930541992,0.0015324123988663,-0.0064009870820076,0.0297750731794954,18.4371000289917,-0.0105209258775952,0.0006344575871521,0.0078404780138561,147.5505500793457,0.00062784492046,0.0040473020767672,0.0066642593730743,29.539534187316896,0.0028870130961232,0.0061825216658446,0.0081054225796563,58.407144927978514,0.0031159252202305,0
2019-04-09,-0.0029988259272074,0.0122116731369123,45.46446208953857,0.005605422439162,-0.0046264577759761,0.0100981111770705,59.50906944274902,-0.0004592455097585,-0.0041870130646125,0.0069364309574235,112.5682300567627,-0.00311334441059,-0.0073828690978366,0.0136517795573323,84.85811653137208,0.00102703971968,-0.0015238180082089,0.0099665592208799,224.11219024658203,-0.0025254766394608,-0.0054201245994868,0.0100144076412704,110.3329330444336,0.0001627283054193,-0.0032577124047754,0.0292692077252687,18.400266647338867,-0.0088901402746798,-0.001648055120867,0.0078064451857117,147.82418365478514,-0.0003630625241097,-0.0054418618299506,0.0067941623051613,29.552259731292725,0.0035978593324435,-0.0128913110229224,0.008758615984051,58.47667999267578,0.001394102104138,1
2019-04-10,0.0056141428702345,0.0122117516353349,45.68976001739502,0.0053572631223532,0.0031263309706119,0.0101149575000428,59.52738208770752,-0.0007082530207939,7.383403636218588e-05,0.0069101063865858,112.41161308288574,-0.0023143068073621,0.0044816527452233,0.0136648144040049,84.92984161376953,0.0015238423686143,0.004874804607529,0.0099256476142355,224.53828659057615,-0.0012746110282339,0.0076291445355038,0.0100112285958037,110.59907569885254,0.0003796890566753,0.0137710702459905,0.0290693465137125,18.35726661682129,-0.0102845296903739,0.0067940004684743,0.0078566050163401,148.11349182128907,0.0001337573174464,0.0092206371287022,0.006937563002188,29.568796253204347,0.0049261464910616,-0.0045162501780187,0.0086545868462706,58.50730381011963,0.0016705033826118,0
2019-04-11,-0.0083243268433408,0.0124729390913027,45.87109432220459,0.0033442891590135,0.0026026216976373,0.0100317455290099,59.56965732574463,-0.0016148999483025,-0.0027291118428068,0.0066193020267204,112.29670486450196,-0.0005272705852686,0.0084491603894871,0.0136450751521994,84.99939727783203,0.0012816472514325,-0.0043027949255695,0.0100030702194458,224.86702728271484,0.0002671961330091,0.0011648174640921,0.0100082209016797,110.86755752563477,0.0016296272120062,-0.0276751073375923,0.0295978036468155,18.28546657562256,0.0006500813211146,-0.0044147006919834,0.0076565823056277,148.2873634338379,0.0002857937269258,0.0120481037548352,0.0073385500414254,29.60758180618286,0.0054425783774355,0.0047818385552276,0.0086523979603825,58.561705589294434,-0.000216153323324,1
2019-04-12,-0.0004020958228866,0.012326220376324,46.02300090789795,0.0019250667643644,0.0108633229078303,0.0102576813153345,59.65002002716064,0.0018698444540509,0.0056949074520618,0.0067646268825096,112.2304588317871,-0.0002881560353258,0.0468792274543981,0.0169792711531393,85.22449684143066,0.0111311325665498,0.0118200717546428,0.010191744707299,225.25010986328124,0.0021482623069234,0.005152485329809,0.0098052478188188,111.10329704284668,0.0017720387434161,-0.0026823822188948,0.0274851392773828,18.2596999168396,-0.0052490237594559,0.0112758368138157,0.0078347176594547,148.48593673706054,0.0025283078113183,0.0075399211910012,0.007468744170201,29.654786586761475,0.005482820464271,-0.0125687450144279,0.0091210806806895,58.58944683074951,-0.0038023891988593,1
2019-04-15,0.0018101993102936,0.0122243394142728,46.15655899047852,-0.0008601812825813,0.0031077624123221,0.0102414464967547,59.74413566589355,0.0030147160424851,0.0039711745115988,0.0068095221756453,112.20387954711914,0.0005647582185206,-0.0114198491604816,0.0172435887013099,85.37118415832519,0.008201464466158,0.0013399418493191,0.0101212654479437,225.68592910766603,0.0024416410555425,0.0008267555659846,0.0093806368247668,111.26607055664064,0.0018706156591805,-0.0049308561170477,0.0270804721630615,18.2493332862854,-0.0049549975664639,0.005010980193399,0.0077978774931015,148.7462646484375,0.0034036123325677,0.0085664250705306,0.0072059034113152,29.69642868041992,0.0063866450630237,-0.003336646361936,0.0087704602756413,58.57395458221436,-0.0057062228044155,1
2019-04-16,0.0001004429453534,0.0119771033425091,46.30810794830322,-0.0002403275080691,0.0043862987780101,0.0099900302144465,59.81711330413818,0.0048172673532823,0.010987582024035,0.0069457432911517,112.18670654296876,0.0035996772362502,0.0105514162244917,0.0173003566353629,85.58154487609863,0.0117883215306237,0.0039306210060781,0.0101296015594321,226.13714752197265,0.0035325288583999,-0.0023130841452069,0.0094182342793706,111.41200523376465,0.0024920237500365,0.0262032020085372,0.0276465992102573,18.268966674804688,0.0009371853161985,-0.0013088112980395,0.0077713061382365,149.0141929626465,0.0034714610971332,0.0048813040345263,0.0072475687705708,29.74273109436035,0.0084512782359191,0.0068197630487956,0.0088887541863114,58.58584327697754,-0.0017640079900719,1
2019-04-17,0.0194731276222015,0.012461025660222,46.48646430969238,0.0025314694423242,0.006680736878561,0.0090845186169014,59.85108718872071,0.0055281485348722,0.0036221816671011,0.0067148926531033,112.23700180053712,0.004309346762398,0.0288025865399446,0.0172965311625924,86.01673812866211,0.0166525082895679,0.0037902176350765,0.0100034450215101,226.6857147216797,0.0033156114639094,0.008280418355006,0.0095226199590633,111.61079483032226,0.0026222785139369,-0.0077919332260554,0.0272420488606701,18.261066722869877,-0.0033754153782106,0.0013105265299682,0.0075839530858962,149.33200225830078,0.002374766309432,0.0022344087984453,0.0064949847296233,29.81068086624145,0.0070540325698677,0.0028325726952667,0.0088233998232417,58.5898063659668,-0.0002942434154148,1
2019-04-18,0.0035938079634527,0.0097636830510863,46.590952491760255,0.0049150964036829,0.001072499474922,0.0089220015878448,59.86432018280029,0.0052221240903291,-0.0072189584383079,0.0067965690681832,112.213285446167,0.0034113774432977,-0.0073491139278484,0.0168600922638773,86.48475379943848,0.0134928534261008,-0.0004564782308698,0.0083386078734402,226.94241485595705,0.0040848748028493,0.0131392094211653,0.0085799902881084,111.7581314086914,0.0050171569053516,0.0074843547208405,0.0272929711437665,18.25853338241577,0.0036564770334759,-0.0017450483639558,0.0071518169703242,149.53912429809571,0.0029086967750375,0.0001938311633404,0.0064928585875156,29.872617721557617,0.0046831780515688,-0.0036841139643177,0.0087565507240807,58.56602802276611,-0.0019874339193239,1
2019-04-22,0.003286296603346,0.0081325658614049,46.75155601501465,0.0056527748889295,0.0098995137755333,0.0072861338967032,59.97858219146728,0.0050293622638697,0.0022541612610549,0.006515962818194,112.25090522766114,0.0027232282050964,0.0012339886178316,0.0146851587286624,87.08556175231934,0.0043638056587875,0.0089667661434129,0.0065470421534252,227.54766540527345,0.0035142136806034,0.0031614361248168,0.0055787055822273,112.0719829559326,0.0046189470643531,-0.038461526380808,0.0275624422891925,18.25260009765625,-0.0034993517989067,0.0014983131693124,0.0055983249876842,149.88733520507813,0.0009531920461368,-0.0078503008381264,0.0064909606804222,29.93410348892212,0.0016051336457432,0.0218167583362867,0.0092697317378604,58.65321598052979,0.004889666750819,1
2019-04-23,0.0144234408132348,0.0076108756281102,46.97482852935791,0.0081754231895177,0.0134235406594462,0.0072878987164563,60.15999813079834,0.0070925179132945,0.0150184215005833,0.0072562800855371,112.38544006347657,0.0049326776028932,0.0012324677666353,0.014311209794433,87.72603378295898,0.0068942690442109,0.0018103161267069,0.0064779848491187,228.1903305053711,0.0036082885360809,0.0135746683862709,0.0060611002472591,112.43588294982912,0.0071685296284104,0.004376739071872,0.0273290999150581,18.264200019836423,-0.0016378327611227,0.0078561280161482,0.0056920262161787,150.29730987548828,0.0015222216106867,0.0068381792848801,0.006529538782312,30.00776681900025,0.0012594844886131,0.0057901097354409,0.0090924371718795,58.777873802185056,0.0067150179702944,0
2019-04-24,-0.0015421044038477,0.0069147680761469,47.217522048950194,0.0078469137196774,-0.0082953198064321,0.0074342353989154,60.333980560302734,0.0045561941964061,-0.0050034174071048,0.00668038217632,112.41120223999025,0.0017344777166653,-0.0016702499450772,0.0144402561424285,88.31824989318848,0.0044499358102971,0.0073924500823217,0.0061747633984031,228.7818344116211,0.0043006543513296,-0.0034279746920868,0.0062386736321521,112.767977142334,0.0069455515190344,-0.0198559774622063,0.0269225884954127,18.23383331298828,-0.0108496686552714,-0.0010522600294279,0.0049830905425416,150.59136581420898,0.001573531864409,0.0044626239091172,0.0065404896950362,30.0860897064209,0.0011757484635313,-0.0194290918529422,0.0099114081839633,58.80669651031494,0.0014652469899468,0
2019-04-25,-0.0090754210938819,0.0075461425943834,47.41779975891113,0.0021372039764607,0.0057855055225335,0.0068102651504678,60.55534286499024,0.0043771479252006,0.0032326042951498,0.0067124808528013,112.45004730224608,0.001656562242275,0.0005281880261218,0.0143189580205753,88.92682228088378,-0.0012049438924673,0.0013045881072037,0.0060272789531802,229.42559814453125,0.0038035284457551,0.0331174615054452,0.0085812908463842,113.34703826904295,0.0119129601491223,-0.0426428039397303,0.0275938061086688,18.143166637420656,-0.0178198427980064,-0.0029100894537749,0.0046744842866788,150.91440200805664,0.0007294086676604,-9.632413143756402e-05,0.0057158553627627,30.18094930648804,0.0007096018775547,0.0056260837696471,0.0097774301307621,58.87442893981934,0.0020239492048229,0
2019-04-26,-0.004773844814404,0.0077922640124505,47.60342350006104,0.0004636734208894,0.007953646455286,0.0065615335132697,60.81590747833252,0.0057533773212734,0.0052990821412841,0.0068008658078463,112.5117935180664,0.0041601703581934,0.007569798471013,0.0142847320453948,89.52463493347167,0.0017788385873049,0.0043564460255076,0.0057974596214323,230.0085678100586,0.0047661132970306,0.0057295842357243,0.0085372036400551,113.953226852417,0.0104310351120341,-0.0504381941414829,0.0290141127114295,17.99823327064514,-0.0294043525704711,0.0118619415188299,0.0051531193943451,151.3067970275879,0.0034508066442175,-0.0192232953306608,0.0075712474694306,30.24709587097168,-0.0031738234212454,-0.0210414645397093,0.0109136619630424,58.865420722961424,-0.0014475209102553,1
2019-04-29,0.0015173676852089,0.0077875485339278,47.778086471557614,0.000109887637262,0.0147014651574328,0.00695762848774,61.11156063079834,0.0067137675976533,-0.0039177294751284,0.0067180198927195,112.51383781433104,0.0029257922109567,0.0144141420414376,0.0143749396063684,90.16911697387695,0.0044148692720261,0.0018242133941706,0.0057996989606468,230.58485794067383,0.0033376027471821,-0.0009237471584979,0.0086080955588007,114.50656242370606,0.0096139984553711,0.0269201289224618,0.0299432832962663,17.870266580581664,-0.0163280215098171,0.0074877072788759,0.0050052497949862,151.6849380493164,0.0046486854661302,0.0002954144405926,0.0075697211080067,30.307679843902587,-0.0015446803655016,-0.0064597984198772,0.0110029127028228,58.835518264770506,-0.0071028322614881,0
2019-04-30,-0.0192561766593342,0.0092864570956868,47.89043712615967,-0.0066260358572517,-0.0750193019974909,0.0187331103887843,61.11151084899903,-0.0109748009337341,0.0097256102421836,0.0069025364765911,112.6046184539795,0.0018672299592768,-0.0006029403759491,0.0130547308368629,90.671435546875,0.0040477876435092,0.0287704876851793,0.0078011654099261,231.3298393249512,0.0087296370588766,0.006396038543655,0.0085569513848847,115.04820404052734,0.0081782724868479,-0.0115127533356682,0.0284130798259321,17.701966571807862,-0.0195059199913252,0.0017057054448046,0.0049010276341379,152.0255500793457,0.0034186009518615,0.012603437913391,0.0079290401398897,30.383146953582763,-0.0003916286397994,0.0038761614350535,0.0106939528196456,58.783277702331546,-0.0074856219215656,0
2019-05-01,0.0490857232481725,0.0137795055783056,48.08702201843262,0.0034995296731522,-0.0213850215485972,0.0192876867796453,61.03166923522949,-0.0135927412821671,0.005311404668135,0.0065532719716616,112.77800025939942,0.0039301943743248,-0.0076686871578163,0.013390869808907,91.11670265197752,0.0028481002009614,-0.0215938573715018,0.009568771060159,231.8012840270996,0.0029323755681119,-0.0208270573771025,0.0102772365281542,115.4546688079834,0.0046984559498448,-0.0196070381713233,0.0285062825709546,17.529066610336304,-0.0194561321331486,-0.0099738973523759,0.0055992780849728,152.2635513305664,0.0016342734872719,-0.0143916511706305,0.0084187065175289,30.449593544006348,-0.004162483655749,-0.0200545784820556,0.0115114535984307,58.68564167022705,-0.0076107192473882,0
2019-05-02,-0.0065080078816088,0.0139655854504844,48.251437759399415,0.0040130123156068,-0.0058041408648724,0.0192680282154812,60.92189311981201,-0.0159106705596483,-0.0047195469287523,0.0065905921469939,112.94606895446778,0.0023397641295444,0.0021706188509191,0.0133888650041267,91.5636791229248,0.0031765863659208,-0.006271411804217,0.0097226052006127,232.213680267334,0.0014171755858277,-0.0130591986648964,0.0108953459552892,115.7465362548828,-0.0045368760842235,0.0431177459281832,0.0301499805662533,17.37003321647644,-0.0023040221595658,-0.0102587648283773,0.0061462458575832,152.38991317749023,0.0001645384123514,-0.002071683075862,0.0084736430898062,30.509124660491945,-0.0045575554446339,-0.0175417994999497,0.0120218515234791,58.55557975769043,-0.0122442959013076,1
2019-05-03,0.0124316794960643,0.0140982827403923,48.44278049468994,0.0074541171777005,0.0197513146395369,0.0197716777119846,60.84780044555664,-0.0135511369227981,0.0051668281314212,0.0058549912897088,113.20941467285157,0.0023133133275718,0.0061519444510027,0.0133480271523179,91.99830932617188,0.0028930155619188,0.0030746857688894,0.0091624650204275,232.80009231567385,0.001160823534504,0.0213136955650501,0.0114984056351559,116.1927589416504,-0.0014200538183583,0.0447768278931113,0.0269839082691124,17.327533292770386,0.0167389822473529,0.0057101436736182,0.0060660165215072,152.59893569946288,-0.0010658211566909,0.0091940728500308,0.0084613006187549,30.56880588531494,0.0011259181915043,0.0023286520784746,0.0114471310984825,58.39056968688965,-0.0075702725776708,0
2019-05-06,-0.0154429520357693,0.0147339554354074,48.5795560836792,0.0040620532335048,0.003286846299543,0.0197497691885222,60.80322093963623,-0.0158340606943761,0.0005628348483059,0.005844716834802,113.4510856628418,0.0032094261922587,-0.0088701037833269,0.0136099858012877,92.4008358001709,-0.001763833603034,0.0027825733035817,0.0091625066646934,233.39229736328124,0.0013524955163863,-0.0058185840372013,0.0117007558604936,116.57910995483398,-0.002399021194099,0.0012155112018303,0.0261345534430411,17.262133264541625,0.0115980587032266,0.0014811279090327,0.0060579149221732,152.81888580322266,-0.0022671370306595,0.0037228131479034,0.0083799002093738,30.623376178741456,0.0018113979329665,-0.0043884448143738,0.0112874849112866,58.19745903015136,-0.0071560018565701,0
2019-05-07,-0.0269569766646289,0.015833716959763,48.61243877410889,0.0025218932324459,-0.01223319909433,0.0199189347344011,60.73031768798828,-0.0032768401137439,-0.0149198641289968,0.0069719351198699,113.60770072937012,-0.0017196686819773,-0.0163348868433121,0.0143896342720223,92.71199226379396,-0.0049102228965067,-0.0143981056914359,0.009910272894651,233.8141372680664,-0.0072812231589367,-0.0205225772023762,0.0128604805344799,116.84057502746582,-0.0077827443433053,-0.032427353951582,0.0269293214879174,17.174999952316284,0.0074151385800439,-0.0127555382960076,0.0068435834274368,152.93574981689454,-0.005159385778822,-0.0113215518990471,0.0088577502788995,30.65449466705322,-0.002973600029521,-0.0053160047365636,0.0110702012963656,57.97120170593261,-0.0089944350908936,0
2019-05-08,0.0001972911919347,0.0158094391298749,48.65294761657715,-0.0072557931788016,-0.0068541216530854,0.0199462776277906,60.651244163513184,-0.0003706601346415,-0.0012859019848637,0.0068788882532768,113.78026504516602,-0.0030391300125771,-0.0053001997440119,0.0143136239365731,93.03055572509766,-0.0044365254137458,0.0011015947207007,0.0098802311790156,234.2662109375,-0.0027421327404962,-7.972392520838589e-05,0.0127453962277873,117.1319766998291,-0.0036332776529264,-0.0089857149193207,0.0269439562157227,17.083433294296263,0.0095394032304444,0.0034327542941257,0.0068423746255679,153.0910903930664,-0.0024780554495216,-0.0098715122779565,0.0090817002571167,30.67869806289673,-0.0020695722509862,0.0015639920114614,0.0109209384816718,57.78781681060791,-0.0046707209921902,0
2019-05-09,-0.0107442525618137,0.0159783768443066,48.65413913726807,-0.0081030421148425,-0.002400338391766,0.0199222208234382,60.55588932037354,0.0003101003599796,-0.0075831366917227,0.007172547004261,113.90907249450684,-0.0036118479651712,-0.0007990193165474,0.0143463844684915,93.32607192993164,-0.0050304530472391,-8.145461746567051e-05,0.0098666321618818,234.6621353149414,-0.0015041413031459,-7.973028161945006e-05,0.0127026121522663,117.38034591674804,-0.001037383976271,-0.0116810695486608,0.0266118545533628,16.96983332633972,-0.0014203598649243,-0.0059093456113028,0.0068706914214304,153.15047149658204,-0.0016081716061067,-0.0023053946487771,0.0088860796141256,30.68574533462525,-0.0021163145655693,-0.0009105423176539,0.0109268713428466,57.6152421951294,-0.001344469555731,1
2019-05-10,-0.0138537788192026,0.0161792033898401,48.64209747314453,-0.0133601337778959,-0.0002824519757502,0.0199019664235617,60.45193614959717,-0.0036966529630777,0.0023068553330847,0.0071165104070723,114.06609725952148,-0.0041838425248385,-8.87960036195512e-05,0.0143151780632552,93.58454475402831,-0.0062786011381636,0.0086419566668907,0.0098727011748604,235.2087501525879,-0.0003906871235456,0.0129881692142748,0.0129231381857437,117.6984088897705,-0.0027024892464261,-0.0101661020211605,0.0261532871133118,16.87350001335144,-0.0124089458477787,0.0056317334714803,0.0068662433130068,153.28586120605468,-0.0016238536465343,0.0238093094764568,0.0100228356399747,30.71057052612305,0.0008067327597159,0.008695756513025,0.0111064840864617,57.45266780853272,-7.104866882101657e-05,0
2019-05-13,-0.058119241008737,0.0207357703737672,48.49394664764405,-0.0218953915724895,-0.0265921334741817,0.020425983950731,60.23847846984863,-0.0096724489178227,-0.01330443329713,0.007755930537914,114.11598510742188,-0.0069572961539257,-0.0271977973999407,0.0117013129577711,93.51210594177246,-0.0099441398614863,-0.0244511051143664,0.011282920551214,235.3311279296875,-0.0058374228071353,-0.0297333426909456,0.0148099670283745,117.81066703796388,-0.0074854409771749,-0.0522294943603137,0.0281567764692986,16.73786668777466,-0.0230979469602075,-0.021031808885862,0.0080067264465712,153.17612228393554,-0.0061264410055132,-0.0198214016251651,0.0108927349412008,30.693441772460936,-0.0039021101948978,-0.0111025882407633,0.0110430549708942,57.29622726440429,-0.0014138773540989,1
2019-05-14,0.0158301999750636,0.021140603383703,48.37666931152344,-0.013337956244551,-0.0103203363434427,0.020420092064748,59.98653717041016,-0.0092898763676452,-0.0027696408632379,0.0077424704261294,114.12825241088868,-0.0045272515007739,0.0079491395975817,0.0115710176238573,93.52774696350096,-0.0050873345733076,0.0188912356703285,0.0120037090518875,235.65698471069337,0.0008204454652175,0.0111875152814586,0.0149806019396526,117.98279495239258,-0.0011434224804079,0.0233469986323777,0.0290072569753599,16.624300003051758,-0.0119430764434156,0.0183057253866598,0.0089963598484122,153.1651985168457,8.581173102020223e-05,0.0040046737302426,0.0107394117784684,30.669279670715333,-0.0008368650690398,0.0013205060605636,0.0110778760409957,57.15315761566162,-8.657519467345499e-05,1
2019-05-15,0.0119793694085506,0.0213776272063977,48.286183738708495,-0.0109815406012278,0.0408406850416549,0.0227164651082549,59.83510494232178,0.0002490849713028,0.0006578898923184,0.007313282601505,114.082861328125,-0.0041384931253375,-0.0038073324124314,0.0113404635434938,93.4783561706543,-0.0047887611069915,0.0130519317785968,0.0122724148718786,236.09178009033204,0.0032105128767968,0.0140823594274888,0.0152018655944546,118.25017738342284,0.0016889941901314,-0.0015496643215006,0.0280113222154766,16.486266613006592,-0.0104558663238516,0.0161036915541352,0.009682776949458,153.28681259155277,0.0026199991830221,-0.0040884288051952,0.0106796226225671,30.631404304504397,0.0003197516255124,0.0073873188433313,0.0111036037062862,57.01068019866944,0.0010780901717005,1
2019-05-16,-0.0043996180666088,0.020790258672921,48.13942451477051,-0.0097126137021868,0.0117014429660582,0.0228481707445916,59.697227478027344,0.0030694412428676,0.00949507697375,0.0075948472458745,114.07018547058104,-0.0007228503922429,0.0128298501944421,0.0095982017817423,93.35529365539551,-0.0020629872047935,0.0171383789659573,0.0127334638904257,236.68782653808597,0.0066544795934814,0.0230916449396598,0.0158491164367579,118.60740089416504,0.0063232692343873,-0.0156067909670861,0.028065576028526,16.343266582489015,-0.0112410106075366,0.0143350024486232,0.0101433043075298,153.50930938720705,0.0066688687950073,0.0143174488470523,0.0112117072521161,30.611683559417724,0.0036443203246782,-0.0001312452162317,0.0110492530214247,56.85955085754394,0.0012339495919849,0
2019-05-17,-0.0056819964678392,0.0207407895741485,47.97105045318604,-0.0080782572319141,-0.0132715394955922,0.0229701804898909,59.5170991897583,0.0004716237388992,0.0028941812573228,0.007429714647584,114.1147575378418,-0.0006053852073953,-0.0048515217033258,0.0095311015587442,93.24457778930665,-0.0030155323447348,-0.0034329540756762,0.0127882539849594,237.24740142822264,0.004239497444968,-0.0066702182174387,0.0158119555748376,118.8494140625,0.0023915917480445,-0.075767487913359,0.0315722164352803,16.135833311080933,-0.0243612877859763,-0.0047311647239751,0.0102151315391219,153.70799407958984,0.0045962891559162,-0.0044419147733374,0.0112427436144809,30.584861183166502,-0.0020059245252805,-0.0058931010995679,0.0110718596407456,56.70283145904541,-0.0016838219305336,0
2019-05-20,-0.0312697498997158,0.0215786309241743,47.7240104675293,-0.0027083590101099,-0.0206367755618536,0.0230992253149382,59.24674644470215,0.0016626953213649,-0.0013705316052771,0.0074268544889026,114.13888511657714,0.0017813951309752,0.0052364712360566,0.0096254685398611,93.15197296142578,0.0034713213824646,0.0037218150799573,0.0127009314914126,237.7484245300293,0.0098740814838327,-0.0144454724828216,0.0162385319345331,118.98633079528808,0.0054491657896693,-0.026868234803977,0.0311716349275078,15.944533348083496,-0.019289035874709,-0.0037779850381629,0.0102787447337431,153.86578369140625,0.008047053925456,0.0065439465788226,0.0112291735883042,30.580190563201903,0.0032671451155169,-0.0001316268680983,0.0094892569514577,56.481978225708005,0.0005103703439993,1
2019-05-21,0.0191708930209886,0.0218294453939499,47.48380317687988,-0.0020402204009249,0.0085439722635769,0.0229274988702281,58.95892372131348,0.0054355570427688,-0.0021674602092021,0.0065719728463865,114.06609802246092,0.0019018312617824,0.0034125323623734,0.0096638171617257,93.06924514770508,0.002563999935423,0.0073771458742639,0.0127532553661983,238.31807632446288,0.0075712635246198,0.0053874382247456,0.0160143182861602,119.07659149169922,0.0042891503783267,-0.0013634997375606,0.0310412036583275,15.748466730117798,-0.0242311355486967,0.0023853507270921,0.0101609211054798,153.98226318359374,0.0048629789935425,-0.0039403734531471,0.0111373360924721,30.55895071029663,0.001678135678839,0.0046112017280766,0.0094300883767301,56.25658550262451,0.0011685094775019,0
2019-05-22,-0.0204717885921635,0.0220863989552711,47.20171985626221,-0.0085304520010677,0.0012213903527962,0.0229439127898323,58.70071334838868,-0.0024883018950028,0.0046337474080508,0.0065869055285093,114.0481060028076,0.0026970027649289,-0.008144621089262,0.0098003403776867,92.95688247680664,0.0016965422000568,0.0060306343449885,0.0127291473412222,238.87525024414063,0.0061670040378982,0.0060676494797633,0.0160204691612825,119.22311363220214,0.0026862083887816,-0.060220362104671,0.032834709475931,15.528700113296509,-0.0359652751053308,0.0023193922861441,0.0101565064023228,154.12490615844726,0.0021061191399442,0.010977133016605,0.011386618459828,30.547571754455568,0.004691248043199,-0.0090490323465478,0.0087915317466268,56.06441440582275,-0.0021187607604738,0
2019-05-23,-0.017069621352627,0.0222204021365846,46.90472068786621,-0.0110644526582714,-0.009092882638112,0.022849214249306,58.39839401245117,-0.0066471670158369,0.0074227455620508,0.0067639987499314,114.0538314819336,0.002282536482589,-0.0196714546666336,0.0106224661556271,92.75232696533205,-0.0048037187721582,-0.0279096319298205,0.0144238874232131,239.07297286987304,-0.0028425981412573,-0.0116705031817362,0.0143955791879779,119.1060417175293,-0.0042662212354975,0.0143205527223582,0.0326973926080843,15.354900121688845,-0.0299798063674419,-0.0166220055874026,0.0108699890473829,154.1599853515625,-0.0040852824672608,-0.0036191911882665,0.0114104394641842,30.530751037597657,0.0011039200361353,-0.0234249199064854,0.0095968614567348,55.79117031097413,-0.0067774956985245,1
2019-05-24,-0.0038405216846207,0.0222245716636507,46.611144828796384,-0.0106961577016277,-0.0058759077634024,0.0226515185665323,58.054419326782224,-0.0051680406693989,7.213899803537593e-05,0.0066514439618416,114.02970848083496,0.0017181280307315,0.00984894502097,0.0107440971126372,92.55641403198244,-0.0018636254272991,0.0070075911539091,0.0144691335293871,239.3033302307129,-0.0007544890953403,0.000475503366099,0.014316349035343,118.95717506408693,-0.0028370769187899,-0.0248606332535766,0.0315639647486756,15.206533479690552,-0.0197984354354854,0.0069964708374974,0.0106494652386777,154.1580924987793,-0.0017397553549663,0.0079522000690372,0.0106541477997685,30.55608806610108,0.0035827430046102,0.0042009969866823,0.008986582449652,55.59155254364013,-0.0047586760812745,0
2019-05-28,-0.0041348586054433,0.0221575075822896,46.30502490997314,-0.0052691794427732,0.0008343237350501,0.0222089728217235,57.66626148223877,-0.0008738208100182,-0.0128196633120114,0.0071900973149936,113.95479011535645,-0.0005716983106152,-0.0108466626481952,0.0101744442132418,92.24361305236816,-0.0050802522041494,0.0077542113132895,0.0145460900367059,239.6056755065918,5.199015132613116e-05,-0.000633810436548,0.0143167284700014,118.81016426086424,-7.474450953526279e-05,-0.0101243411096334,0.0303495885918798,15.03063349723816,-0.0164496566966167,0.0065788208819737,0.0106179112219865,154.14915237426757,0.0003316058290609,-0.0024348641869926,0.0106794587113602,30.57719612121582,0.0017869808514471,-0.0201082013614453,0.0097105493895501,55.35636959075928,-0.0087539909799439,0
2019-05-29,-0.0047688848627969,0.0219527727499986,46.035681533813474,-0.0100571350195303,-0.0172171717686825,0.0155383701682421,57.470448112487794,-0.0060260496164701,-0.0418762431200644,0.0113384765272165,113.58793144226074,-0.0085134548927877,-0.0027647168797875,0.0101554220907121,91.9213451385498,-0.0063157020525816,0.0005128150119113,0.0130377190127181,239.5730400085449,-0.0013208760211443,-0.0096702095483649,0.0143231010993279,118.5670555114746,-0.0030862740641573,0.0061473331308732,0.0306144307388189,14.867866802215577,-0.0149474901229299,-0.005986518334851,0.0106917917695787,154.08028182983398,-0.0013427679833276,-0.0029293260128833,0.0103304656684844,30.57452735900879,0.0019891903394999,-0.0061974549887079,0.0095289701737355,55.09362030029297,-0.0109157223233008,1
2019-05-30,0.0051864247599795,0.0180273947294223,45.65998554229736,-0.0049254923491017,0.0013124853181296,0.0149654699995418,57.341813278198245,-0.0060078306234034,0.0059390827597705,0.0113641575227069,113.222518157959,-0.0082523878224438,-0.010718688427321,0.0102448141512073,91.58796348571778,-0.0068305155201934,0.0024843889462782,0.0120155218745054,239.834107208252,-0.0020301251008864,0.0063229532444326,0.0137114517092334,118.4882598876953,-0.0030352133112235,-0.0086379204133519,0.0305489227020657,14.7152334690094,-0.0046310017846661,0.0001844670287358,0.0104510372410351,154.09074859619142,-0.0017697530348093,0.0006857131840394,0.0097622128935999,30.59516658782959,-6.909362701317257e-05,-0.0026329809515071,0.008822232410057,54.881952095031735,-0.0096325120442926,0
2019-05-31,-0.0181154876874468,0.0181657467708842,45.26198177337646,-0.0051346656160656,-0.0132957155618762,0.0151541939131335,57.19310684204102,-0.0068483972081562,-0.007266705258597,0.0113965078566276,112.844974899292,-0.0111902779865734,-0.0102747896994638,0.0102544727153706,91.19901885986329,-0.0049511825267595,-0.0106217807609263,0.0121950058274189,240.04046783447265,0.0014274451328923,-0.0163047945949131,0.0138851106740077,118.3913356781006,-0.0039620715938589,-0.0162576081897425,0.02784163697992,14.518766832351684,-0.0107466339670862,-0.0087856909149108,0.010378988713779,154.11251525878907,-0.0002024901003109,-0.0073398283143495,0.0099113828447675,30.607626914978027,-0.0008132210522297,-0.0166736786068432,0.0087531144466208,54.67627372741699,-0.0082822637843642,0
2019-06-03,-0.0101103677954861,0.017484996761294,44.81183032989502,-0.0063886348382387,-0.0612381566183639,0.0191747219586154,56.81939525604248,-0.0179208469791485,0.0022112357480381,0.0112995446631091,112.44952163696288,-0.0107624586365728,0.0047190428818857,0.0101830077245849,90.80143241882324,-0.0059771629545763,-0.0367011692678104,0.0147939291789648,239.7673988342285,-0.0073143069514515,-0.0310478858571171,0.0144344360735297,117.98831329345704,-0.0102667494385021,-0.0334305961654318,0.0245454862931261,14.265233421325684,-0.0124606265494573,-0.0169218272965351,0.010963151977302,153.96068725585937,-0.0049861497271175,0.0051262224823853,0.0097632328781607,30.61396551132202,-0.0013784165695601,0.0156846129075727,0.0097026731094267,54.50456066131592,-0.0059855406001861,1
2019-06-04,0.0365839226638813,0.0202295463828208,44.47646598815918,0.0017551214156261,0.0151626043038517,0.0196736902397546,56.47502384185791,-0.0150551908653882,0.0174222546416498,0.0122077058016446,112.14508285522462,-0.0047140750458406,0.0308094309830111,0.0127773466613714,90.58123626708984,0.0023540557716648,0.0285641314074858,0.0162021405766442,239.7933135986328,-0.0031523229326122,0.0277038100493818,0.0159950821489331,117.77623710632324,-0.0045992253413161,0.0817456189634182,0.0329139381744036,14.05943341255188,0.005913365465153,0.0235181794761978,0.0122509086009735,153.97492446899415,-0.0015982780082726,0.005885086643341,0.0098155302726562,30.62365961074829,0.0002855735965066,0.0237898650995012,0.0114058973608131,54.40741119384766,0.0027940726920031,1
2019-06-05,0.0161435112134669,0.0202905912671577,44.242744064331056,0.0059376006308789,-0.0093409959510013,0.0196359369186004,56.142422676086426,-0.013479955701852,0.0048605190253352,0.0119570737120712,111.95409545898436,0.0046332773832393,0.0035538127982357,0.0123957811737202,90.45446815490725,0.0036177617072695,0.0284134698814859,0.0169767849316243,240.3308120727539,0.0024278080413026,0.021679023879175,0.016160961886497,117.81252250671386,0.0016706213441918,0.0154442037352753,0.0331840044088231,13.891200065612791,0.0077727395860334,0.0188504380970744,0.0125319898526561,154.23308563232422,0.0033691132781124,0.0181351232436886,0.0101739996967594,30.67890167236328,0.0044984634478209,-0.0082892664220413,0.0114744614252046,54.30280475616455,0.0023757104053364,1
2019-06-06,0.0146817529480618,0.020734773328301,44.040598487854005,0.0078366662684954,0.0029867462032011,0.0197322509505571,55.83757572174072,-0.0131451035248377,0.0171154152709205,0.0126712893033214,111.86516227722169,0.0068685438854693,0.0021793725618712,0.012381733630963,90.36227493286133,0.006197373905108,0.0061265174616853,0.0169941267717008,240.9306999206543,0.003156233744384,0.0158150741598783,0.0165212550171565,117.94270095825196,0.0035690455272809,0.0476117502048552,0.0356703308477549,13.761566734313964,0.0190226737096748,0.0092507882459249,0.0126403169508872,154.5379150390625,0.0051823775215502,0.0066083787592772,0.0098380297657489,30.759605407714844,0.0056829965628685,0.0182239915119228,0.0123107095786267,54.24234161376953,0.0065471048980224,1
2019-06-07,0.0266169291304685,0.0217667392747245,43.92338924407959,0.0167831496320784,0.0196703822722885,0.0205076999635527,55.59076442718506,-0.0065518839580047,0.0136818307318815,0.0129529285218935,111.89656944274904,0.011058251083565,-0.0109631880176835,0.012582975494103,90.2239833831787,0.006059694241464,0.0309118322752517,0.0181106847757552,241.91403427124024,0.0114629563516196,0.0280081420717783,0.0175651367395082,118.2414176940918,0.0124316328606193,-0.0070405199768728,0.0356602679715124,13.636633396148682,0.0208660913522488,0.018751705781274,0.0130216770562186,155.03679580688475,0.0106898568607872,0.0090382519474414,0.0098638853012939,30.858142852783203,0.0089586126152267,0.003633686838727,0.0123549155983985,54.19423904418945,0.0106085779871365,1
2019-06-10,0.0127797043755084,0.0218361329495932,43.86837406158448,0.0213611640662774,0.013469201115051,0.0208747788268518,55.38042964935303,0.0083895875886782,0.0033922801101724,0.0129637978834898,111.93424072265626,0.0112944599559919,0.0108100393091565,0.0128771172269933,90.13467063903808,0.0072778935269182,0.001128919631389,0.0180910742040262,242.81003036499024,0.0190289741314595,0.0091320843577351,0.0174663605250386,118.52022666931153,0.0204676269035897,0.0409780333593878,0.0372769359025679,13.547833395004272,0.0357478172572127,0.0045282031049027,0.0130134683331519,155.52955780029296,0.0149798629410748,0.013765733124887,0.0089764195161425,30.942927646636964,0.010686514743727,0.0044246567218857,0.0122182210378658,54.13411026000976,0.0083565867499991,1
2019-06-11,0.0115790114373233,0.0173286266762663,43.97709083557129,0.0163601818209658,-0.0015887295388602,0.0201590590682257,55.242774963378906,0.0050393208201358,0.0054671347431345,0.0125927440908822,112.07885398864748,0.0089034359762888,0.003081231551838,0.0113060097866534,90.18529586791992,0.0017322536406836,-0.009169394924246,0.0171323924677149,243.87927169799804,0.0114822688651132,-0.0037705965897339,0.0158383368760797,118.9523681640625,0.0141727455757665,0.0198233485028382,0.0359526414845242,13.514800071716309,0.0233633631650967,-0.002985730898588,0.0118143603088936,156.15862274169922,0.0096790808661176,0.0039060033218105,0.0072403476178838,31.06458787918091,0.0102906980794209,-0.0009343168021491,0.0119858451388429,54.10240650177002,0.003411750369669,0
2019-06-12,-0.0031825591469166,0.0170805789809398,44.04322986602783,0.012494967748889,-0.0017944635427635,0.0200706330568466,55.12938041687012,0.0065486273017833,0.0135926244117472,0.0128401074046474,112.31723175048828,0.0106498570535712,-0.0127395164927629,0.0115440199626026,90.14207878112794,-0.0015264122175161,0.0007203532317521,0.0168114209477938,244.7387908935547,0.0059436455351664,-0.0046176592759062,0.0158413265316009,119.29132537841797,0.0089134089447503,-0.0361123429221311,0.0362370792982734,13.437966775894164,0.0130520538336154,0.0075155858347466,0.0113702430721077,156.71176986694337,0.007412110413652,0.0081526044266349,0.0073024163867954,31.19350185394287,0.0082941943160102,-0.0108233691338157,0.0121940531415533,54.03754138946533,0.0029049298273141,1
2019-06-13,-0.0002058839277824,0.0169066921542989,44.08186054229736,0.0095174403737202,0.0110369985355567,0.0176979447411498,54.931658554077146,0.0081586777682544,-0.0068462302637659,0.0129952568135531,112.5119930267334,0.0058575279466339,0.0024710058440831,0.0115322770882696,90.12726211547852,-0.0014680855610737,-0.0100437034317201,0.0169248440907382,245.31708221435548,0.0027096013564853,0.0063123906984789,0.0156479553999489,119.58709144592284,0.0070128722524704,0.0222211208589357,0.036728491126731,13.377833461761474,0.0079739279644315,-0.0130540253314648,0.011547236597858,157.03578186035156,0.0029511476981741,-0.0015617363687878,0.0071737471674622,31.326044178009035,0.0066601712903972,0.0087803036355527,0.0122490362115623,53.97595500946045,0.0010161922520401,0
2019-06-14,-0.0072622091023706,0.016966594570638,44.11367416381836,0.0027416127271524,-0.0043171498359224,0.0173387703035364,54.68831596374512,0.0033611713466122,-0.0044065264079469,0.0129332244005986,112.6280673980713,0.0022398565186682,0.00255595747167,0.0111483920387831,90.06593589782715,0.0012357435367969,-0.0042113983955858,0.0166236287989753,245.63766021728517,-0.0043150447776821,0.00098240965967,0.0148832875953016,119.75234413146973,0.0016077257700487,0.0047216039864665,0.0366541075251504,13.333133459091188,0.0103263527570994,0.0018303196184981,0.0111837072760063,157.2636833190918,-0.000433129534381,0.0038653788343065,0.0067704513251275,31.44332151412964,0.0056255966677702,-0.0044186626435246,0.0122696659137555,53.90270881652832,-0.0005942776444102,1
2019-06-17,0.0059664011908144,0.0169311309096061,44.17215881347656,0.0013789520902136,0.0069870734535493,0.0173708943412058,54.50273666381836,0.0020647458143119,-0.0046399205390047,0.0129877487819673,112.70102272033692,0.0006334163888328,-0.005463305322507,0.0111614601347672,90.00214195251465,-0.0020189253895357,-0.0034601232273522,0.0166240484867783,245.9567985534668,-0.0052328533494304,0.0030199785318769,0.0147621689701973,119.97674942016602,0.0003853046048771,0.047040744217401,0.0338964376947522,13.379800081253052,0.0115388949287021,-0.0005895848020576,0.0111004420610444,157.52393798828126,-0.0014566871157731,0.0008248994910478,0.0065346542128292,31.568759632110595,0.0030374299410024,0.0099525718701038,0.0124648863813377,53.87282657623291,0.0005113053852334,1
2019-06-18,0.0235186775669655,0.0157562350002778,44.355866050720216,0.003766885316142,0.0103758738767707,0.0171108152420824,54.40505275726319,0.0044576664974381,0.0056656218628976,0.013023363128384,112.81427268981932,0.0006731138127854,0.0136418984266732,0.011546210375947,89.97579879760742,9.320798543128727e-05,-0.0015043822308467,0.0166272326396054,246.21211471557615,-0.0036998508107505,0.0173881754461893,0.014618261455934,120.39645652770996,0.0046170590120617,-0.0012886872369679,0.0331545377092349,13.444400072097778,0.0073164877807408,-0.0016512060755304,0.0110553046804379,157.80036697387695,-0.0011897821511616,0.0044889850086606,0.0065083549812916,31.691628456115723,0.0031540262783724,0.0086566369141241,0.0126312012035265,53.86699619293213,0.002429496128488,1
2019-06-19,-0.0029227991593948,0.0154188099326153,44.49065608978272,0.0038188373136464,-0.0006605486697621,0.0169463842091617,54.281324768066405,0.0046844494720384,0.0015688819451518,0.01300121724268,112.94884910583497,-0.0017316346805336,-0.007225680928966,0.0116146457250131,89.90089149475098,0.0011959750981906,0.0040955564732552,0.0165788826374311,246.4285552978516,-0.0030248101624499,0.0039212538922619,0.0146121259240576,120.80912132263184,0.0063248416456954,0.0075197646918789,0.0331237836876535,13.515566730499268,0.0160429093035428,0.0083292687466804,0.0111511869362429,158.12532806396484,-0.0010270455687748,-0.0002735888048888,0.0063255612991418,31.820089530944824,0.0014687876320676,-0.0055452968531248,0.0126389631502286,53.83310642242432,0.0034851105846262,1
2019-06-20,0.0080357705591818,0.0144150602580696,44.69015121459961,0.0054671682110392,0.0078677109560487,0.0170789366852229,54.17563667297363,0.0040505919561368,0.0125311973756108,0.013227062169816,113.12971687316896,0.0021438508473417,0.0025473528249786,0.0115022373473005,89.87496147155761,0.0012112444943697,0.0266286744684525,0.0175204691897686,246.9031875610352,0.0043096654175845,0.0092857791733742,0.0146600429143769,121.24479026794434,0.0069195193406744,-0.030075551830092,0.0305637701513947,13.605200004577636,0.0055835747657373,0.0178688490400447,0.0116958402585627,158.57732238769532,0.005157529305527,0.0063856776612611,0.0061420645435588,31.942354106903075,0.0030582704380774,0.0171268381268425,0.013059475037079,53.87136955261231,0.0051544174828842,1
2019-06-21,-0.0034092291927884,0.013643533525165,44.91882877349853,0.0062377641929557,0.0109325443606964,0.0172114183876425,54.12615051269531,0.0071005307954606,-0.0008441766082357,0.0131663446639905,113.26352386474608,0.0028563208072839,-0.0068063259239183,0.0106882548764419,89.90788764953614,-0.0006612121847479,-0.0086959086629563,0.0162745060436023,247.6105758666992,0.0034127633641104,0.0001457198703995,0.0142437274773939,121.75134582519532,0.0067521813828204,0.0101994782625689,0.0305255968088732,13.693099975585938,0.0066791496209577,-0.0017266642817508,0.0108308788312651,159.14493255615236,0.0044461325254772,0.0073426073829445,0.0059273959414928,32.08245248794556,0.003753716147805,0.0140975601390982,0.0120572824776361,54.01349010467529,0.0088576620394087,1
2019-06-24,-0.0010062909429964,0.0135596216502317,45.15336627960205,0.0048432257661935,-0.0077042274829756,0.0172449853821824,54.07185649871826,0.0041622706081556,0.0068267386345624,0.0132212996128948,113.43685569763184,0.0051496526419973,-0.0071271932610391,0.0105735731696264,89.86467170715332,-0.0009939897724543,0.0031380991444569,0.0162472962021906,248.27380905151367,0.0047324078384723,0.0059139647162507,0.0142206271641699,122.29311332702636,0.0073309786196951,0.0080230764598263,0.0296032504000247,13.803133296966552,-0.0011243839305571,0.0023635232657819,0.010804489669129,159.6782829284668,0.0050367541390451,0.0009894959884699,0.0059110678953642,32.21197099685669,0.0037866354472895,-0.0095255047040723,0.0123512814885318,54.11734638214112,0.0049620467245735,0
2019-06-25,-0.0151575930150578,0.0141733549065283,45.36075458526612,-0.0028920283502111,-0.0260767008253698,0.0181354968612237,53.94304866790772,-0.0031282443322724,0.0082485450525309,0.0128477525261742,113.73205833435058,0.005666237279924,-0.0082826973731965,0.0104554891704818,89.8333911895752,-0.0053789089324282,-0.020995055630153,0.0170387436531056,248.57614974975587,0.000834273158611,-0.0315717921761939,0.0163320435870664,122.634419631958,-0.0024610149047815,-0.0173492693830819,0.0298842744469911,13.906666660308838,-0.0043365003597799,-0.0147827538688867,0.011506096067897,160.0384498596191,0.0024104445803739,-0.0046746127785077,0.0060594092218948,32.33740873336792,0.0019539158898558,-0.0088366646456008,0.0115204948389268,54.25072135925293,0.0014633864126285,1
2019-06-26,0.0216290884182888,0.0144666176152858,45.62889976501465,0.0020183491653255,-0.0066754485561298,0.0178257471380887,53.84486904144287,-0.004331224309546,-0.0165696703981126,0.0088612713070506,114.165185546875,0.0020385268112711,0.0066814815286275,0.0105512026504926,89.84409294128417,-0.0025974764409095,0.0060447290485412,0.0170690368778973,248.947599029541,0.0012241076736682,0.0037467744161188,0.0160604355505696,123.0564712524414,-0.0024959108000101,-0.0022297387285711,0.0299711343610927,14.004699993133546,-0.0062864010438699,-0.0012846689524573,0.0113746121888902,160.4347770690918,0.0004876570405463,-0.0050577892199512,0.0062030457774316,32.458917427062985,0.0009970758068433,0.004326958346335,0.0113400749690649,54.41252098083496,0.0034378374525205,0
2019-06-27,-0.0003001944998558,0.0145360584263889,45.88532466888428,0.000351156153518,-0.0034156212590432,0.0178158165599879,53.733903121948245,-0.0065878907525644,-0.0081775575793535,0.0092440467913844,114.51844062805176,-0.0021032241797217,0.0033186105341149,0.010251209104278,89.9173542022705,-0.0024432248990823,-0.0007654323661623,0.0170760695798871,249.27921829223632,-0.0042547136932546,0.0016429462758993,0.0160528157919455,123.45176544189454,-0.0040244773795051,0.0162812912559717,0.029775914373225,14.120099973678588,0.0029849675733428,0.0009942228024615,0.0113671484634272,160.83776779174804,-0.0028872682069702,-0.0005445298352055,0.0062416860125017,32.578461265563966,-0.00038896569245,-0.0101826101091831,0.0116603649478297,54.5528205871582,-0.0020240521946846,1
2019-06-28,-0.009112014156253,0.0138813231080458,46.15861282348633,-0.0007894008391748,0.0057308722727758,0.0176816955155422,53.67517395019532,-0.0076282251701485,-0.01002210722144,0.009426843891784,114.8531681060791,-0.0039388103023625,0.0271960527075472,0.0114592773597373,90.157719039917,0.0043572508272108,0.0131367245050058,0.0170161600386019,249.9050193786621,0.0001118129403377,-0.0014161402679061,0.0154253953796712,123.9343822479248,-0.0043368494071662,0.0027822562396304,0.0292288826173495,14.247766637802124,0.0015015231687551,0.0135489619773305,0.0112864401905685,161.4191749572754,0.0001678570448459,0.0035424612769687,0.005672110648744,32.715235233306885,-0.0011489949136451,0.0106829185756742,0.0108476071004043,54.76636638641357,-0.0027069805073694,1
2019-07-01,0.0183409307017348,0.0135715820531292,46.49648628234864,0.0030800434897713,0.0158847888448283,0.0109746340885287,53.82697811126709,-0.0029104219045877,0.0005745570798212,0.0094416364178211,115.17925033569335,-0.0051892466133108,0.0168154956205199,0.0118802846320115,90.4548797607422,0.0091457886035226,0.0084679130920943,0.0142959849556551,251.0812759399414,0.0011777757298652,0.0128390363771484,0.0131076661136417,124.67802047729492,-0.0029518350749867,0.0166025371253772,0.0274150530652635,14.40843334197998,0.0032174153018653,0.0022468994949049,0.0102034381991237,162.14902420043944,0.0001445322906705,0.0011762714365703,0.0057103646023654,32.846114540100096,-0.001111639824025,-0.00091327718977,0.0105405128407201,54.93691215515137,-0.0009845350045089,1
2019-07-02,0.0058545150131188,0.0117414692617126,46.77264537811279,0.0072824650954067,0.0114544630897983,0.0107867511380404,53.97097625732422,0.0045958108784458,0.0048074321229198,0.0088268415768592,115.43863334655762,-0.005877469199233,0.0010557390083374,0.0099705393630881,90.62198257446288,0.0110134758798294,0.0142444760418916,0.0133790195981812,252.10780334472656,0.0082256820642741,0.0066336278844256,0.0121059702880899,125.30804824829102,0.0046892489371372,-0.0115331957123824,0.0224766323698765,14.511600017547607,0.0043806300360051,0.0077039008661379,0.0092330425262586,162.7651626586914,0.0046418632376755,0.0088592460080227,0.0057973687172797,32.98273630142212,0.001595131933281,-0.0109718054789293,0.0098092700612054,55.014532279968265,-0.0014115631711746,1
2019-07-03,0.0082868749415427,0.0115180989580071,47.03421287536621,0.0046140224000575,0.0093384967972096,0.0104901632985685,54.16512966156006,0.0077985999491137,0.0150681564267989,0.0092644354717531,115.7581272125244,0.0004500961657492,-0.0015930555807807,0.009991056709261,90.76557235717772,0.0093585684579477,0.009276615096621,0.0121883022542395,252.9150077819824,0.00887205927389,0.0064429653180015,0.0114812815648282,125.85404052734376,0.0052284871175137,0.0460921555160565,0.0240251688602352,14.6393000125885,0.0140450088849307,0.0090711583911806,0.0086386233453474,163.31136093139648,0.0067130287064031,0.006451512948713,0.0048328290147314,33.10212993621826,0.0038969923670138,0.0095085154154794,0.0096835016894557,55.140618896484376,-0.0003752517573457,0
2019-07-05,-0.0008805849699351,0.011407121016958,47.2615743637085,0.0044979443060416,0.0086198086715294,0.0105461806262198,54.3755386352539,0.0102056859352283,-0.0110451475334993,0.009121357526225,115.91828880310058,-0.0001234218250798,0.005938706053669,0.0100376331778107,90.927054977417,0.0098825875618586,-0.0034426522114394,0.0122572214919499,253.60175018310548,0.0083366153048346,-0.0029094962244528,0.0112709286697458,126.2878318786621,0.0043179986174433,-0.007662828015858,0.0225068119023235,14.729800033569337,0.0092561850305647,-0.0011869497540016,0.0085814277832317,163.77477645874023,0.0062767941951104,-0.0030272655023758,0.0050012363442822,33.205956077575685,0.0034004452335798,-0.004055564152672,0.0090217539814325,55.20694217681885,0.0008501574339564,0
2019-07-08,-0.0206140260803857,0.0115750350645907,47.37962055206299,0.0021975419212151,-0.0140199087433816,0.0105947055261635,54.4955249786377,0.0062555297319968,0.0028455647070355,0.0086666507915905,116.01792640686035,0.0024501125606152,-0.0054629870805995,0.0097406229840781,91.11264076232912,0.0033507796042292,-0.0021331535025812,0.0103425016979291,253.87814559936524,0.0052826397033172,-0.0007300300845433,0.0097139048172379,126.54885559082032,0.0044552206541159,-0.0118404128513812,0.0226831318679598,14.81593337059021,0.0063316512123624,-0.0026606489815929,0.0077961093213124,164.06690673828126,0.0030348720033257,0.00660870776535,0.0048795425440855,33.30660896301269,0.004013694531256,0.0045976146964719,0.0090377236880157,55.27618064880371,-0.000366903341884,1
2019-07-09,0.0060994205307318,0.0113601192075962,47.48319435119629,-0.0002507601129854,0.0067156084983368,0.010323195932575,54.59843730926514,0.0044216936626985,0.0031208319922644,0.0086627570926228,116.11632652282717,0.0029593675431038,0.0042522258955257,0.0095392457027886,91.2695526123047,0.0008381256592304,0.0077790387688605,0.0104490506482265,254.2415199279785,0.0051448648386704,-0.0036505626299428,0.0096485293362324,126.73007240295412,0.0011573008526976,-0.0012156304463569,0.0211924087946049,14.8731999874115,0.0027680176980155,0.0087407118730482,0.0079293494867835,164.3956726074219,0.0043336344789544,0.0014191381783774,0.0041856353899386,33.38761444091797,0.0040622678796174,-0.0006539135167038,0.0090165537332504,55.33157138824463,-0.0003150306072707,1
2019-07-10,0.0098887060934285,0.011293253393952,47.58389911651612,0.0005560781030764,0.0147827322833546,0.0106722942838217,54.74679737091064,0.0050873475014098,-0.0014140692486392,0.0086078038095849,116.17520141601562,0.001715067268792,-0.0029110168098168,0.0095889674020807,91.39879455566408,4.477449559954216e-05,0.0074631642919689,0.0102182510713124,254.82001037597652,0.0037886024886859,0.0101859288391439,0.0097528976692624,127.00001678466796,0.0018677610436413,0.0385117631063949,0.0223049782654935,14.94593334197998,0.012777009461771,0.008889900995959,0.0079796880045184,164.8238784790039,0.0045708345049186,0.00088594200993,0.0041845795126989,33.46378421783447,0.0024676070799989,0.0141305555930302,0.0094609444761506,55.42886905670166,0.0047054416071211,1
2019-07-11,-0.0072822299214101,0.0114320342460679,47.6743185043335,-0.0025577428695141,0.0027783737105926,0.010618587947769,54.90781955718994,0.0037753228840863,-0.0077899033079334,0.0082210522777902,116.11056098937988,-0.0028565446781544,0.0095558294142354,0.0091387883587603,91.63083534240722,0.0022745514946027,0.0106767175851134,0.0103791629431146,255.5306579589844,0.0040686229863844,0.0039902118559995,0.0096263209997478,127.32442169189451,0.0013772103512408,-0.0013393830898482,0.0201831630013447,15.043733310699462,0.00329070174059,0.0079747847456475,0.0079951963099023,165.25922012329102,0.004351559775812,0.0083199695802402,0.0041970636123478,33.54086074829102,0.0028412984063044,0.0007739987210315,0.0089904481166421,55.55787105560303,0.0029585382682315,1
2019-07-12,0.0076824256953422,0.0114888268057045,47.783753395080566,-0.0008451407364586,0.0011013945682969,0.0104530212745787,55.04245090484619,0.0022716400634398,-0.0414675146127867,0.0122700660018796,115.84664688110352,-0.0089410180940119,0.0105170976943351,0.009310254175483,91.90150260925292,0.003190229822736,0.004383305057197,0.0099323649834718,256.4271011352539,0.0056338144401117,0.0036125788101339,0.0095905129403406,127.63333244323732,0.0026816253581582,0.0271584340611854,0.020410966346026,15.14763331413269,0.0102549541559987,-0.0022685059702545,0.0072063656556273,165.78162689208983,0.0041352485325614,0.0059691641009966,0.0041700051003384,33.63078269958496,0.0046405843269789,0.0007734675854802,0.0088677163415187,55.66537246704102,0.003924344615862,1
2019-07-15,0.0093952695836236,0.0113569940424023,47.93289604187012,0.0051567183963432,0.0045139014428114,0.0103364330781359,55.201565170288085,0.0059784021006785,0.0030532688023841,0.0123145534819193,115.62514381408693,-0.0088994772749422,-0.0121422062114103,0.0099049523917347,92.10261726379396,0.0018543859965738,-0.0006082308378033,0.0098170170109396,257.36816558837893,0.0059387989730673,0.0,0.0096010628612268,127.93614044189454,0.0028276313750669,0.0343560894855305,0.0212919766738202,15.276233291625976,0.0194942546233811,0.0013310834711783,0.0072121147968102,166.3007064819336,0.0049335950231157,0.0033162497227556,0.0041635755631618,33.72010116577148,0.00398209271846,-0.0070846735058304,0.0089881247347008,55.76485691070557,0.0015878869754015,0
2019-07-16,-0.0034599591444741,0.0114315274858583,48.05979309082032,0.003244842461302,0.00256412109058,0.0102922060144957,55.3491813659668,0.0051481046191271,-0.0164056323815027,0.0127273055424752,115.33941268920898,-0.0128047701496956,0.010711306753729,0.0099044654375789,92.37899513244628,0.0031462021682144,-0.00984344494997,0.0101593890503912,258.22028732299805,0.0024143022293012,-0.0131028931382735,0.0102062344982356,128.13472671508788,0.0009371652734007,-0.0044181644150359,0.0194163190322436,15.36739993095398,0.0188537478296453,-0.0069778108722419,0.0075210894659721,166.76459732055665,0.0017898904740577,-0.0019137152077849,0.0042704250269812,33.80473442077637,0.0033155220412275,-0.0149196114230134,0.0095123904941942,55.7954683303833,-0.0012652526058603,0
2019-07-17,-0.0056233750231999,0.0104579981996447,48.11839771270752,0.0001424262379763,-0.005825935026671,0.0102943099922946,55.45201950073242,0.001026371157122,-0.0048302567799356,0.0125897826051799,114.99480476379397,-0.0134880076559549,-0.0098161711360422,0.0099708973884165,92.54720916748047,0.0017651713029694,-0.0048445405211793,0.010270535237829,259.02673187255857,-4.723873332843631e-05,-0.0059090982377506,0.0096245754703891,128.1868366241455,-0.0022818401419781,0.0098265338974212,0.0193578496131074,15.467799949645997,0.0131167019878506,-0.0008926750920219,0.0074992036150974,167.23419342041015,-0.0001666247435385,-0.0013942415339252,0.0043293841849661,33.87954387664795,0.0028594853324565,-0.0059263355382778,0.009420739103807,55.78599395751953,-0.0052766308321219,1
2019-07-18,0.011359524435051,0.0106424686762141,48.21156692504883,0.0038707771092685,0.0004360187168552,0.0102828946258856,55.55790576934815,0.0005579001583745,0.0015924407163123,0.012590233286959,114.64978408813477,-0.0116115388511057,0.0059656747235434,0.0097725009163813,92.77653465270996,0.001047140364831,0.0054491983612721,0.0102811998818479,259.85438385009763,-0.0010927425780967,0.0011007379117988,0.0095916977794489,128.2211067199707,-0.0028597349308182,-0.005179387568684,0.019529613895545,15.55816659927368,0.0123487010920834,0.0077030913868052,0.0074764586412548,167.70236358642578,-0.0002209634153069,0.0010474164351983,0.0042993270264722,33.95662078857422,0.0014049747034481,-0.0084791811478952,0.0095316925984168,55.7685022354126,-0.0071272668059073,0
2019-07-19,-0.0149275003708515,0.0111805704879578,48.24900169372559,-0.0006512081039701,-0.0136762720062121,0.0107482700654836,55.60337791442871,-0.0023976331565272,-0.0133263169592056,0.0122345826448001,114.15983772277832,-0.0059832993203895,-0.0098545331735441,0.0101566388865976,92.94749794006349,-0.0030271858087448,-0.004263242273942,0.0088008434201769,260.2932418823242,-0.0028220520443245,0.0014661956606421,0.0093633294856398,128.20561447143555,-0.0032890115607166,0.0183008881313357,0.0177617626278726,15.686699962615966,0.0105771919061135,-0.0071456373391194,0.0068987126334015,167.96404190063475,-0.0011963896890799,-0.0071484449472708,0.0046691487828428,34.01072483062744,-0.0012185471062053,0.002004309485694,0.0086362162837101,55.70946788787842,-0.0068810984258645,1
2019-07-22,0.0228540310018694,0.012155282208419,48.34994468688965,0.0020405441796789,0.0067694277194998,0.0105822276948984,55.63767375946045,-0.0019465279011896,-0.0128157644888458,0.0123495543152478,113.60607604980468,-0.0091571059786354,0.0064296212933443,0.0099892860281445,93.1795883178711,0.000687179692206,0.0109216904745168,0.0086707174177506,260.98806686401366,-0.0005160677818604,0.0132484070674983,0.0098267575480618,128.27415924072267,-0.0006393301472169,-0.0096831299046048,0.0181990217825017,15.799433326721193,0.0017693480280864,0.0074204551523826,0.0069706434553715,168.30327453613282,2.148464716091869e-05,-0.0094816935679564,0.0050792329635892,34.036265182495114,-0.0037781357643478,0.0010669803604281,0.0078943533255963,55.61399230957032,-0.0052507676526128,1
2019-07-23,0.0078177945850865,0.0121947173275129,48.47265548706055,0.0042960949255911,0.0077597461672702,0.0105032035138578,55.7153600692749,-0.0009074028858515,0.001554947056606,0.0121408898717734,113.0206127166748,-0.0055649900910137,0.0182900118674789,0.0103035475818528,93.530411529541,0.002202920714956,0.0012923310218491,0.0086756786084101,261.6603630065918,0.0017110874125033,0.0062125808518913,0.0098355168249015,128.3450500488281,0.0032237646508159,0.0175610272468562,0.0183440696943673,15.921200037002563,0.0061651863604648,0.0018274182899011,0.0069703624436859,168.6387031555176,0.0017825304795895,-0.0064700106204019,0.0053297506490153,34.049111938476564,-0.0046893948468712,0.0039959879062676,0.0077654164879594,55.55641613006592,-0.0014676477867566,1
2019-07-24,-0.0008140262371499,0.011497738046556,48.62933292388916,0.0052579646828011,-0.0072471104146825,0.0085737462003241,55.84458885192871,-0.0011916379634538,0.0072959484204384,0.0120873103382062,112.4252670288086,-0.0031397490509389,0.0040391101144716,0.0099014974530826,93.93775787353516,0.0049739769650588,0.0045877846675876,0.0066647808201078,262.66146392822264,0.0035975524502567,0.0102662207816739,0.0065276901997459,128.6872917175293,0.0064588284547009,0.0181034993728006,0.0174836649124879,16.071600008010865,0.0078205794555407,0.0134330584855095,0.0062055442445296,169.2120246887207,0.0046476771950958,-0.0008031246762956,0.0052048054043616,34.06845703125,-0.0045711714753453,-0.0001324310245819,0.0075443413658831,55.52325553894043,-0.0003088668840174,0
2019-07-25,-0.0079069964013808,0.0109023388969452,48.71568546295166,0.0014046605155147,-0.0033253715312538,0.0084188568135457,55.98241653442383,-0.0019439160130756,0.0103248933863482,0.0122504845126309,111.98349151611328,-0.0013932585169317,-0.0095864750941886,0.0103657914814472,94.26904754638672,0.0018635470015124,-0.0032114687769903,0.0068267746375191,263.5439743041992,0.0018654190226042,-0.0037664370203318,0.0066777429172174,128.98118057250977,0.0054853934682747,-0.13613708110635,0.0369852469503278,16.10343337059021,-0.0183709592519924,-0.0094911883031432,0.0067781411600162,169.71302795410156,0.0012088212571061,0.001964183152332,0.0050381014143275,34.099590110778806,-0.0043878181319185,-0.0057063314581246,0.0075349526280728,55.46239795684814,0.0002457030539366,1
2019-07-26,0.0034777772299803,0.0108961618766114,48.81136627197266,0.0050857160356811,0.0962023774288989,0.0224619679389779,56.40018711090088,0.0200318138739465,-0.0029742632354747,0.0122089866590572,111.57341842651368,0.0006771522278144,0.0044075473691043,0.0103668966901662,94.6066593170166,0.0047159631100421,0.0097370652478749,0.0068908381533853,264.56677932739257,0.0046654805269676,0.0082030970157298,0.0068033001462956,129.3187278747559,0.0068327737392923,-0.0034087958009658,0.0368701828232478,16.120766735076906,-0.0227128960384527,0.0115645076289014,0.0070202139363086,170.30585403442382,0.0049508502507103,0.0071288812754319,0.005208488412215,34.14372024536133,-0.001532352887378,-0.0016013683264504,0.0072270469164574,55.42559146881104,-0.0004754325084922,1
2019-07-29,0.0093385553335967,0.0106828722132665,48.95201740264893,0.0023826209020265,-0.0027144446171767,0.022576617878695,56.79429225921631,0.0181350394066112,0.0175170906094119,0.0129746522685612,111.31568222045898,0.0067437232474659,-0.0031835974294606,0.0088572547912838,94.8071060180664,0.0027933193654811,-0.0022335566927553,0.0066661914090158,265.3947036743164,0.0020344310935132,-0.0021933339480861,0.006829830661086,129.65064010620117,0.0037444255361754,0.0338975501895975,0.0375618421408774,16.16180009841919,-0.0139967600196122,-0.002613209088852,0.0067319313632288,170.7654602050781,0.0029441174024633,-0.0066359978680654,0.0054708257212613,34.17062110900879,-0.0009632137473998,0.0070846081745015,0.0069704186864724,55.37858219146729,0.0007280930543224,0
2019-07-30,-0.0042923396993357,0.010151622730682,49.03848857879639,-3.940595485789622e-05,-0.0111447385490288,0.022831005396056,57.11147937774658,0.0143541424633513,-0.0070668210463757,0.0130006456053408,111.01594848632811,0.0050193696268696,-0.0022445250081745,0.00819966475672,94.91939849853516,-0.0013135880096495,-0.0116539445773591,0.0073138754417622,265.95753173828126,-0.0005548240263284,-0.0048216297737798,0.006572776742918,129.86988372802733,0.0015375834110411,0.0275268333899827,0.0378423224728129,16.212100124359132,-0.012003598790987,-0.0091698015873328,0.0072402175289473,171.12658157348633,0.0007446734270165,-0.001870316620615,0.0055025190297282,34.19238433837891,-4.327494744242877e-05,0.0001327616500432,0.0069736484662678,55.3344877243042,-4.455219692243162e-05,0
2019-07-31,0.0204043985939728,0.0109467218796702,49.161797523498535,0.0042042790113666,-0.0079804830987154,0.0229886716461285,57.373158836364745,0.0142074679265447,-0.0140820794884618,0.0131199549464493,110.61205291748048,0.0007437640450895,0.0035471360405614,0.0082159718165405,95.04374618530274,-0.0014119828244316,-0.0211751744609193,0.0084400885177562,266.05498046875,-0.0057074158520298,-0.0290700589358251,0.0094047609848482,129.85532989501954,-0.0063296725324586,-0.0026831684676686,0.0377032827837128,16.268966722488404,-0.0161609323590808,-0.0194454144101162,0.0085696671834903,171.25599899291993,-0.0058310211521085,-0.0149923720450825,0.0061757666934182,34.17394599914551,-0.0028811244211998,-0.0131386717317322,0.0071549121914914,55.2849271774292,-0.0026458003383524,0
2019-08-01,-0.0216390512146893,0.012103972302215,49.20987758636475,0.0014578680487049,-0.0052700316234752,0.0230682328733965,57.59318275451661,0.0138185359081005,0.0005374750073057,0.0124187285852847,110.12416648864746,-0.0012137196307189,-0.0263794124859837,0.0102898378019217,95.04871940612792,-0.0047705703027906,0.0069415018039575,0.0083263307157853,266.12278442382814,-0.0036768217358402,0.0131357506794047,0.0097610692746861,129.8834991455078,-0.0029492349925113,-0.03211780012057,0.037202761105595,16.265466737747193,0.0046429238380751,0.0065724492785324,0.0084603338183721,171.36542892456055,-0.0026182936357734,-0.0090596202039272,0.006226448552654,34.129513359069826,-0.0050858850924516,-0.0255513803001932,0.008620220648884,55.13989124298096,-0.0066148101067662,0
2019-08-02,-0.0211583377545029,0.0130833215307152,49.20736598968506,-0.0034693549481916,-0.0127580106053046,0.0233391283537413,57.750909423828126,-0.0079735416987402,0.0059867043194852,0.012513198673801,109.73303260803225,0.000578473880273,-8.841431813266798e-05,0.010197800033561,95.02550735473632,-0.005669762640238,-0.0171795667474365,0.0091739808388616,266.0093963623047,-0.0090601481349025,-0.0084019280481473,0.0099308222661872,129.87598724365233,-0.0062702400052867,0.0020953918995798,0.0371543353446349,16.269600105285644,0.0057437613781842,-0.0097672281050013,0.0087718165764026,171.4015853881836,-0.006884640782554,0.0001829966356772,0.0062211402859134,34.09052200317383,-0.0064750620204026,-0.0097984870529229,0.0087644934935332,54.9802791595459,-0.0082542338520607,0
2019-08-05,-0.0523477348561469,0.0170435862605382,49.127472686767575,-0.0158066129861404,-0.034748333723337,0.024562120477958,57.84497509002686,-0.0143803195199722,-0.0069427817654974,0.0124466020105938,109.2879638671875,-0.0043135005947088,-0.0297528670571963,0.0121226032107322,94.88872375488282,-0.0109836165657851,-0.0467991239443389,0.0138594083146509,265.31796646118164,-0.0179732615852192,-0.0342585688860219,0.0125445729939057,129.6529914855957,-0.0126832869928739,-0.0256892600054915,0.0375326877640805,16.262866735458374,-0.0061736006608335,-0.0482470030509066,0.0139579212021711,171.0528350830078,-0.0160113995749649,-0.0327238137735031,0.0091622581576159,33.986241817474365,-0.0116926252014901,-0.0204879896331601,0.0094034859231576,54.754343032836914,-0.013768753413593,1
2019-08-06,0.0189300619261749,0.0175799711577921,49.07676124572754,-0.0111621326610382,0.0141415688630195,0.0246937807465434,57.96092185974121,-0.0093230580375625,0.0046864593812188,0.0124979438507157,108.84989624023436,-0.0019628445091899,0.007848746744703,0.0122371849319229,94.76769256591795,-0.0089649622152096,0.0305246857120178,0.0155843262854789,264.9018608093262,-0.0095375355273438,0.0187577661586806,0.0133357746617303,129.56989517211915,-0.0079674078063818,0.010643000906475,0.0376015345028429,16.265166759490967,-0.009550367157535,0.021437860829111,0.0147403306334778,170.80304641723632,-0.0098898670916761,0.0137023191572174,0.0098666440911116,33.901457691192626,-0.0085780980459236,0.0096759120930318,0.0098787867961389,54.55501022338867,-0.0118601233249953,1
2019-08-07,0.0103557315708631,0.0175953805118983,49.026648712158206,-0.0131718660656602,0.0041245069642339,0.0245250529611476,58.04765281677246,-0.0069020600249727,-0.0042823534813172,0.0124852326681246,108.39700508117676,-2.899307760984016e-06,-0.0217332404703411,0.0130686038625926,94.56085929870603,-0.0140210375173901,0.0174930128972545,0.0160423025941442,264.61020584106444,-0.0018038980557091,0.0043799755310649,0.0131512934479069,129.44923973083496,-0.0012774009130037,0.0115709316098342,0.0366525271950115,16.24683337211609,-0.0066995471420344,0.0164659681848164,0.0151111798549896,170.61320877075195,-0.0027075905726896,0.0086696623233057,0.0101564384094485,33.82921724319458,-0.003845691172246,-0.0064826632203791,0.0089573887368102,54.29955768585205,-0.0105289216227247,1
2019-08-08,0.022055638660384,0.0182454935386935,49.04674110412598,-0.0044329280906455,0.025750224841629,0.0251050891514544,58.20156326293945,-0.0006980087319518,0.0112891945203505,0.0129001349737504,108.04992485046388,0.0021474445948479,0.0169397323845499,0.013514108887921,94.3851131439209,-0.0053572085432834,0.0324161246350425,0.0175409170117881,264.5967475891113,0.0032910265105078,0.0266858304988315,0.0145014609485904,129.47224235534668,0.0014326150508815,0.0209065994003887,0.0369613501729762,16.24583339691162,0.0039053327621572,0.0261233209089006,0.0161860709960854,170.5732421875,0.001202583753384,0.0078947171973358,0.0101338748225887,33.75568037033081,-0.0004548236919933,0.0266667597163756,0.0113423603664785,54.11042861938476,-8.529361941094216e-05,0
2019-08-09,-0.0082401731429605,0.0182664215676095,49.02824745178223,-0.001849295168337,-0.0143343515529533,0.02539991446845,58.309506225585935,-0.0010132769214815,0.0027341336797028,0.0092305791748551,107.95687713623047,0.0014969304668915,-0.0010923084862125,0.013202757779633,94.15465354919434,-0.0055579873768994,-0.0111135566019515,0.0176832949509097,264.37619857788087,0.0045042285396048,-0.0084956375144737,0.014607251171271,129.41637687683107,0.0014138731576162,-0.013806206102419,0.0365466902045638,16.21226668357849,0.0007250131617575,-0.004724434013643,0.016212626955049,170.51234512329103,0.0022111425716556,-0.0114264394031624,0.0101485779102618,33.653034114837645,-0.0027767108997613,-0.0212769234629655,0.011970119218859,53.86299285888672,-0.0023809809014194,0
2019-08-12,-0.0025374966870341,0.0181301640239198,48.98078632354736,0.0081127524654854,-0.012112116220794,0.0255902426640721,58.36895408630371,0.003513966579027,-0.0008330621250185,0.0091858207155828,107.84241790771485,0.0027188743949873,-0.0187714508433154,0.0135395370475808,93.89683799743652,-0.0033617041341232,-0.0180033818277577,0.0181025000286389,263.9259742736816,0.0102633769629211,-0.0139426422037749,0.0149201219979572,129.2703712463379,0.0054770584940656,-0.0255308052420719,0.0359092587744366,16.13063335418701,0.0007567041144414,-0.0151356266893499,0.0165439243172549,170.31108856201172,0.008833417843967,-0.0192023765094923,0.0106477487387447,33.513357639312744,-7.24234469591467e-05,-0.004859078593389,0.011955141768627,53.62305545806885,0.0007448013065347,1
2019-08-13,0.0423483762395742,0.0205154115795238,49.0437442779541,0.0127964153281653,0.0189271975411393,0.0258915582717279,58.47617816925049,0.0044710923146509,0.0112939901114994,0.0088221100645027,107.88029556274414,0.0040403805410434,0.0154156759100438,0.0138229836992365,93.65725784301758,-0.001848318301055,0.0167778422580784,0.0184360783415598,263.8255470275879,0.0075140082721332,0.0206939594572479,0.0153868300674991,129.34173126220702,0.0058642971537791,0.0261561042163951,0.0365539512438734,16.07270007133484,0.0038593247764254,0.0128728958623263,0.0167637698887265,170.277783203125,0.00712042485061,0.0208140273785293,0.0120206554921006,33.41026792526245,0.0013499181973032,0.012350863417047,0.0122422916300147,53.45675430297852,0.0012797915713377,0
2019-08-14,-0.0297649851851328,0.0216345970891717,49.04578170776367,0.0047722719769661,-0.0271406218404117,0.0266642245071152,58.519568252563474,-0.0017819334462781,-0.0236847501833855,0.0102932426848395,107.81441955566406,0.0001599012006297,-0.0415215561503629,0.0163038940020377,93.27633781433106,-0.0058059814370594,-0.0268823597592727,0.0193625286857792,263.43490676879884,-0.0013610662591722,-0.0301145162177276,0.0168166265733639,129.2551685333252,-0.0010346011959793,-0.0654468726006595,0.0389717394830502,15.955233335494995,-0.0115442360656733,-0.0285537523748782,0.0179360978214615,170.00944442749022,-0.0018835192613288,-0.0112653080123082,0.0121535898903644,33.29121942520142,-0.0026370758698195,-0.040289418941369,0.0148127022217285,53.20207138061524,-0.0054815595728601,1
2019-08-15,-0.0049816515371772,0.0215017366007892,49.00806579589844,-0.0006351860625461,0.0043547729819226,0.0266736168733709,58.57428302764893,-0.0060610238182194,0.002149666798801,0.0103001265683869,107.75142707824708,-0.0016680043436801,0.0038167084222517,0.0162412613318214,92.8838104248047,-0.008430586229519,0.0177429303645169,0.0197793452967748,263.19994430541993,-0.0042957051132773,-0.0022391674291444,0.0168159994389328,129.14743270874024,-0.0068196007815745,-0.0181221360620872,0.0390534769780973,15.828900051116944,-0.0193499831581685,0.0173726142448615,0.0183218042776682,169.81886367797853,-0.0036336605941366,0.0611111433028301,0.0188875805681976,33.26892347335816,0.0080062093512792,-0.0059124864279286,0.0147897141621584,52.95595417022705,-0.011997408801721,1
2019-08-16,0.0235947343009357,0.0218684271258008,49.06421375274658,0.0057317954262331,0.0084579169739047,0.0264789291045796,58.69238567352295,-0.0015025701128478,0.0062813605793681,0.0099452694223823,107.79465713500976,-0.0009585589637471,0.0239543106535076,0.0173410895526474,92.64257431030272,-0.003421262401575,0.0090845467047246,0.0198778735985536,263.14036026000974,-0.000256084451942,0.0183276330899055,0.0173453321940511,129.14571151733398,-0.0014549466606986,0.0199406554016434,0.0391117146368156,15.701433420181274,-0.012600610857356,0.0111191453798917,0.0184520007086807,169.78304595947264,-0.0004649447154297,0.0026620813827711,0.0188326100980624,33.26357736587524,0.010823913508466,0.0156133836426466,0.0154102382644696,52.743109703063965,-0.0046193473805986,1
2019-08-19,0.0186441331267457,0.0216701585032056,49.11120796203613,0.0099681213889891,0.0180036373977965,0.0266950958201498,58.84411544799805,0.0045205806108703,0.0067753852473655,0.0095260237032285,107.9432888031006,0.0005631305107297,0.0090050242738375,0.0174201395096145,92.41128616333008,0.0021340326218555,0.0135224871088601,0.0199616658725933,263.1144111633301,0.0060490893353814,0.0167485150333759,0.0175016056017909,129.16641082763672,0.0046832847867314,0.0313266650280674,0.0400392986341731,15.60526671409607,-0.0012291168033281,0.008472433797235,0.0184758912490402,169.75589599609376,0.0042566673818873,0.0072571332856357,0.0187603976976081,33.287006282806395,0.0161158154674916,0.0168372373893486,0.0160689067501462,52.56977729797363,-0.000280084184051,0
2019-08-20,4.7431296936961687e-05,0.0216141740329078,49.138946533203125,0.0015079324004616,-0.0140865218092147,0.0269337040711651,58.93203601837158,-0.0020821632592005,-0.0124762298893286,0.0100200504717903,108.01575202941896,-0.0041909134894358,-0.0126966377665257,0.016856233823377,92.03616828918456,-0.0034884301134583,-0.0037040809987065,0.0199771307313753,263.021671295166,0.0019527046840244,-0.0083088657781501,0.017544805926238,129.0925651550293,-0.0011172802603481,-0.0042763357463398,0.0396832360521968,15.490899991989137,-0.0073156047958751,-0.0027821556120301,0.0184807206388969,169.68921966552733,0.001125657087016,-0.0154645107888969,0.0190505941223289,33.294736766815184,0.0088601078340063,-0.0060476221492308,0.0159907764416723,52.3700174331665,-0.0039597812973066,1
2019-08-21,0.0108386701710792,0.021725833134959,49.19609127044678,0.009628663471704,0.0068016486803592,0.0268669395038153,59.06052188873291,0.0047062908449536,0.0071208639903128,0.0100140835630985,108.08780250549316,0.0019702093453037,0.002795533116124,0.0168276614584638,91.65400390625,0.005374987739839,0.0179397775341039,0.020363383251505,263.106241607666,0.0109171321426998,0.0111468425578995,0.0175741183478797,129.02365493774414,0.0071349914947772,-0.0222704027764566,0.0394049664167107,15.344066667556763,0.0013196891689654,0.0094847371496511,0.0183477553435273,169.5879280090332,0.0087333549919218,-0.0002674261299764,0.019049194251701,33.30337266921997,0.0110596842104727,0.0099959318881848,0.016265923394779,52.196079063415525,0.0060972888686041,0
2019-08-22,-0.0008465114166221,0.0216244830938548,49.27080860137939,0.010455691495815,-5.031973378466503e-05,0.0268391632155969,59.198250961303714,0.0038252723018122,-0.0019765435234754,0.0097676994990806,108.09398040771484,0.0011449672808484,0.0103150481337555,0.0170645659604099,91.36427154541016,0.0066746556821397,-0.0043975704583081,0.0203765184332543,263.1744682312012,0.0064890319781348,-0.0072772235053023,0.0176272126793489,128.9320526123047,0.0061273802795457,0.0059774688776468,0.0254907682182519,15.321833324432372,0.0061396101569122,-0.0046976783288569,0.018254122271913,169.52892379760743,0.0043192964771781,-0.0009820953699808,0.0190480484399179,33.30701303482056,-0.0013589635240894,-0.0021513255422025,0.0162558212082684,52.03227767944336,0.0068495210457493,0
2019-08-23,-0.0462205453460229,0.0241220563007431,49.21902027130128,-0.0035073644335766,-0.0318417852453695,0.0167372503521686,58.971164321899415,-0.0042346681420426,-0.0269675856079238,0.0114875182973132,107.9704647064209,-0.0055048219566099,-0.0248345161308891,0.0176420677394368,90.94148597717285,-0.0030831096747395,-0.0316270017121904,0.0214551410739108,262.68532638549806,-0.0016532777052482,-0.0318621800700718,0.0188163582311556,128.57967948913574,-0.0039105823524497,-0.0483907599586359,0.0275965552311943,15.266366624832154,-0.0075266729151436,-0.0269863890403865,0.0189697722010377,169.13844146728516,-0.0033018104068774,-0.0096507171406307,0.0190998155248237,33.28216028213501,-0.0038215232287698,-0.0298983636210827,0.0173272879250352,51.79610767364502,-0.0022528284069965,1
2019-08-26,0.0189993560125019,0.0244299698172226,49.19025115966797,-0.0034363198564254,0.0152567769513227,0.0172659276200672,58.79606666564941,-0.0047840402313373,0.0080453450129336,0.0108577185056852,107.79497451782228,-0.0052508300034962,0.0080175453521136,0.0178602631632183,90.56926956176758,-0.0032806054590843,0.0166981207664569,0.0218406379401212,262.4446022033692,-0.0010181509737288,0.0154430880979121,0.019242655914727,128.33889083862306,-0.0041716677395425,0.017029312154726,0.0266372874294242,15.197133255004882,-0.0103861434898119,0.0134676894884437,0.0192854954389608,168.88324203491212,-0.0023027592686357,0.0104666917546361,0.0191961912671019,33.28626012802124,-0.0031796115349697,0.0053343052404084,0.0172706803157102,51.55390625,-0.0045534148367845,0
2019-08-27,-0.0112840871381857,0.024540026256255,49.14427280426026,-0.0057026235434499,-0.0003072430831695,0.0171594061319441,58.65437316894531,-0.0020281844861283,0.014397516200165,0.0113361243141797,107.73451118469238,0.0001239192144024,-0.0105737739576261,0.0179173116371258,90.16099243164062,-0.0028560326973044,0.0007595943591502,0.0216879073883016,262.3715629577637,-0.0001254159021574,0.0021413249344894,0.0192456919122569,128.14368782043456,-0.0020816295970145,-0.0042790258602548,0.025567761598992,15.103199911117551,-0.0103866815125949,0.0044489891382379,0.0192335833005773,168.7456199645996,-0.0008565303185821,0.0038394965300654,0.0192047848152636,33.30006380081177,0.0006811899288227,-0.0097272374840602,0.0172732755110344,51.28699035644532,-0.0052893379037504,1
2019-08-28,0.0067105147557942,0.0241092134822812,49.06379184722901,-0.0065282546265069,0.0025024833528253,0.0171349360819043,58.54422492980957,-0.0028880175516351,-0.0074050580516175,0.0110085832393063,107.71080513000489,-0.0027812651939836,0.0100247740620165,0.0181237817393727,89.77965774536133,-0.0014101845081259,0.0057837800235052,0.0211365376333422,262.65841751098634,-0.0025566154042772,-0.0013262953171035,0.0181068326738003,128.1315475463867,-0.0045762571720152,0.0070534611554466,0.0257234238353528,15.016466665267943,-0.0045219087262142,0.0016254678897831,0.0187186153218459,168.78976135253907,-0.0024283841705557,0.0026685872272667,0.0188539820723479,33.34381437301636,0.0012683926002713,0.0072927630971506,0.0173678688211994,51.07422943115235,-0.0058299716619572,1
2019-08-29,0.0169318363031143,0.0239408034577607,49.08022613525391,-0.0029725850825596,0.0174569994955853,0.0176332238373436,58.50076065063477,0.0006134462942388,-0.0034191978924652,0.011030852729455,107.665966796875,-0.0030697960677815,0.0226591748196729,0.0182485959079745,89.6254669189453,0.0010586408290575,0.0112853275675952,0.0212197247886955,263.0053367614746,0.0005799642009034,0.0188845124152989,0.0183690323612517,128.15595550537108,0.000656090012105,0.0283872146690753,0.0259678237450599,14.976000022888185,-3.9959567928549154e-05,0.0139922936185981,0.0189192478258087,168.8973587036133,0.0013096102189352,0.0120651453226641,0.0188252601688138,33.42333269119263,0.0038778407388003,0.0110816161506908,0.0168934812645857,50.9583776473999,-0.0031833833233786,1
2019-08-30,-0.0012916680380458,0.0233962989972053,49.14616374969483,0.0060131903790357,-0.0031067513884767,0.0174131012083286,58.48641242980957,0.0063604530656174,0.0009356296550211,0.0109352718797863,107.59399108886718,0.0025108469848074,0.0058594997491481,0.0183213660911309,89.49821662902832,0.007197444005065,-3.600240166490298e-05,0.0207661723475312,263.57807846069335,0.0068981640630085,-0.0018822802621613,0.0182631043764599,128.22257461547852,0.0066520699736871,0.0175904964128172,0.0263355477084943,14.94689998626709,0.0131562917063621,-0.0019321370128283,0.0187694574963606,169.07153930664063,0.0063204606244469,0.0015779859619358,0.0188187382618642,33.505282497406014,0.0061235813593136,0.0007305514106856,0.0168049083783853,50.87024345397949,0.002942399682975,0
2019-09-03,-0.0145636639514649,0.0201051106436389,49.30333805084229,-0.0006994136137575,-0.0176223985462031,0.015981705364076,58.52308712005616,-0.0002153820338877,0.0029605950621978,0.0108575505978346,107.57524490356444,0.0014938969946602,-0.0118334396684488,0.0172597902124668,89.45635108947754,0.0032272470009525,-0.0044777765199683,0.0173704272343893,264.6961837768555,0.0026629846057234,-0.0132015143974437,0.016681707168902,128.42364883422852,0.0009231494746159,-0.0026594540634046,0.0257213798519354,14.935866689682006,0.0092185384627359,-0.0089591778795125,0.0150004821061962,169.57580184936523,0.0018350871508556,0.003325762126342,0.0168857525821548,33.64710807800294,0.0046953954336548,0.001168255431142,0.0162094596661044,50.83862991333008,0.0021091897211217,1
2019-09-04,0.0169667319919484,0.0200303893836856,49.45863914489747,0.0049507502122692,0.010875965437888,0.0158539525600094,58.55081615447998,0.0020212596703237,0.0009319243745442,0.0108024141611324,107.53636093139647,-0.0011992213704639,0.0120672131471355,0.0173901572752047,89.43313903808594,0.0077554444219048,0.0213845499254181,0.0167588697917601,265.7254013061523,0.006787975718977,0.011687569331096,0.016373900622649,128.58318939208985,0.0028323983539372,-0.0192435931350961,0.0259128833631966,14.902300024032591,0.0062256250077677,0.0143415710410028,0.0146244961624881,170.03028411865233,0.0038136035314086,0.0110780479612739,0.0168196461587796,33.7863079071045,0.0061431057198965,0.0106473352404763,0.0162429609537587,50.80916767120361,0.0061841042660291,1
2019-09-05,0.0195512467313643,0.0203024300903751,49.63864250183106,0.0075188966073832,0.0253072793331945,0.0167824956337171,58.640718650817874,0.0065822188663976,-0.0021728462587451,0.0107718054122701,107.50891914367676,-0.0001527790118894,0.0227542031078413,0.0173237367013472,89.6130298614502,0.0103013302310698,0.0209014168928256,0.0169195152745331,266.8194778442383,0.0098115030928411,0.0175834951224365,0.0167630094313634,128.82902488708496,0.0066143564418452,0.0403298836753283,0.0274522220943502,14.889500045776368,0.012880909511744,0.0162840811269742,0.0146156049667394,170.49067459106445,0.0067453261788468,-0.0040548474897791,0.0168845448230948,33.904314613342294,0.0047984187764873,0.0141434809299823,0.0164924132587391,50.832625198364255,0.0075542478325954,0
2019-09-06,-9.363389341354722e-05,0.0198561522515954,49.765901756286624,0.0041138025680776,-0.0048422835360836,0.0158383424549264,58.64104118347168,0.0021223622600638,-0.0028774266732181,0.0104370507698678,107.40560913085938,-4.442476804000784e-05,0.0021358193731377,0.0169696265645922,89.72701606750488,0.0061966591417627,-0.0023966415053555,0.0156037953596021,267.46045074462893,0.0070751092782509,-0.0067834889227339,0.0158164446028737,128.86062965393066,0.0014807561742387,-0.0092778247352374,0.0270420212994228,14.85333333015442,0.0053479016308814,0.0054677495954447,0.0135727399171438,170.78128509521486,0.0050404173742161,-0.0061507678995146,0.0169892633149011,33.99862785339356,0.0011552361320516,0.0093923202286438,0.0154755913768209,50.81192321777344,0.007216388648186,0
2019-09-09,0.0042669615951107,0.0196883669588752,49.92413444519043,0.005225528494709,-0.0008705690244343,0.0154733437971816,58.68160629272461,0.0025695987328722,-0.0098276645770328,0.0105832063144894,107.23521041870116,-0.0021970836144508,0.0247760036195097,0.0177400310415417,89.96162147521973,0.0099799599158351,-0.027523671691655,0.0167449499434939,267.8645492553711,0.0015775754202529,-0.0113586174268557,0.0159134814497358,128.8732074737549,-0.0004145112587001,0.0190811807892963,0.0272835922136942,14.842600059509277,0.0056460385061772,-0.0225584554379684,0.0145702729336931,170.91269226074218,0.0009151536891881,0.013946167061738,0.0168079395030353,34.13607406616212,0.003628872352012,0.0078952472323012,0.0147500634980514,50.86800270080566,0.0086493278125091,0
2019-09-10,0.0118130095545865,0.0197233684834899,50.11886405944825,0.0105008631959192,0.0003568585818229,0.0151740909088788,58.75892105102539,0.0061654501584775,0.0204803587970976,0.0116746544275827,107.17718887329102,0.0013068691325291,0.012738266293933,0.0171242612844762,90.34254264831544,0.0148943011083114,-0.0389261526840579,0.0185889080059194,267.97650451660155,-0.0053120998125649,-0.0104712603037178,0.0157691785775789,128.90809631347656,0.000131539560045,0.0161784367822448,0.0268466030771198,14.86436676979065,0.0094136166753071,-0.0286420750484316,0.015625805677059,170.92527542114257,-0.0030214257445956,-0.0024070241576874,0.015976769864654,34.3005542755127,0.0024823150952061,0.0081130409371907,0.0147557460538486,50.95802459716797,0.0100382849137189,1
2019-09-11,0.0317951907687252,0.0187635966649096,50.29438495635987,0.0134665549512746,0.0118603574513809,0.0148232269738617,58.81658515930176,0.006362328561176,0.0125047330650684,0.0117418206719875,107.12501831054688,0.003621430870634,0.0027379763198003,0.0169224006508748,90.66792259216308,0.0130284537428444,-0.0087392777851695,0.0182931018987516,267.7564407348633,-0.0113368653546825,0.000293876898074,0.0150292477857487,128.81294631958008,-0.0021471989265593,0.0490786763062511,0.0283882311275729,14.904700088500975,0.0230780705635766,-0.0077689018202103,0.0154245403624821,170.76457672119142,-0.0074435203168383,-0.0002584249454093,0.0155706399118287,34.43131771087647,0.0002150205138694,-0.0019425181060189,0.0145641846649416,51.01115264892578,0.0075203142444198,1
2019-09-12,-0.0022361765055306,0.017129179786557,50.53857765197755,0.0091090703038956,0.0122703520287832,0.01342996209942,58.99183120727539,0.0037549431002938,-0.0056414326048793,0.0104854678717833,107.1722568511963,0.0029277136014071,0.0061439986479825,0.0131728632981266,91.21132621765136,0.0097064128508726,0.0238933919080703,0.0179861550436156,268.2008987426758,-0.0107384703516335,0.0102851684196922,0.0134941662285622,128.97969245910645,-0.0036068642671082,-0.0049777862583134,0.0235303142193496,14.992200088500976,0.0140165365768482,0.0171450246091746,0.0144575979705679,170.98946990966795,-0.0072713316203982,0.0077572420446134,0.0151664496289121,34.59412670135499,0.002577438420748,0.0006951477936532,0.0108389016352157,51.17090530395508,0.004830647617154,1
2019-09-13,-0.019453992118703,0.0178601196654196,50.74279232025147,0.0052369986588377,0.0040972965197412,0.0134287576401875,59.1670524597168,0.0055428591114587,0.002683328966528,0.0104905888065449,107.22248420715331,0.0040398647293563,0.0196759252935516,0.0135080255900103,91.83431282043458,0.0132144340349554,-0.0002895320048333,0.0175957082960355,268.41375732421875,-0.0103170484515291,-0.0014542337435464,0.013484188560365,129.15114974975586,-0.0025410132312707,-0.002724994440746,0.0229468250978817,15.09073338508606,0.0153271026357465,-0.0039893144455521,0.0140008192802437,171.03711624145507,-0.0091627444285975,0.004362037747255,0.0074442683585259,34.66611480712891,0.0046799995501019,0.0091691888250309,0.0106979815724596,51.36976509094238,0.0047860213364314,0
2019-09-16,0.0052569807530433,0.0172735763206829,50.90366649627686,0.0054350024904243,-0.0067740436558445,0.0135359815785984,59.29695053100586,0.0043621641851767,-0.0094815254233355,0.0106260267007836,107.18751640319825,0.0041090925600958,-0.0088994979517192,0.013306488467024,92.30849647521973,0.0064793337207096,-0.0081066007016749,0.0175976628495352,268.4003036499024,-0.006433634253533,-0.0072098074612808,0.013000390147635,129.16056747436522,-0.0017112512381557,-0.0097471973467628,0.0230049531885992,15.16696662902832,0.0095614270085347,-0.0065437607280596,0.0138437286867582,170.93610458374025,-0.0059598054866158,-0.0158390816128243,0.0084507273935294,34.7052984237671,-0.0012770501848105,0.0150054177927787,0.010663806689156,51.57010040283203,0.0062080554485269,1
2019-09-17,0.0036380941605755,0.016893338364099,51.02792377471924,0.0038000194116221,-0.0014208816227998,0.0130348212833071,59.36990337371826,0.0040066161442521,0.0010037641688778,0.0105022558811529,107.12129859924316,0.0002137736344518,-0.0049514887715665,0.0134584070590145,92.71801719665528,0.0029413827076097,0.0079176015138615,0.0174163061879923,268.3128555297852,0.0029351165860508,0.0077756563869637,0.0125444003231623,129.1125228881836,0.0019381320999805,0.008154522822672,0.0221894218340869,15.226833248138428,0.0079566442166201,0.0019306434041441,0.0136969191977635,170.7793441772461,0.0001547382038993,0.00813333426063,0.0084861775076956,34.74630432128907,0.0008310214988529,-0.0075949926253868,0.0105003426773865,51.70734786987305,0.0030664487360114,1
2019-09-18,0.009379290566166,0.0169496119066271,51.176912879943856,-0.0006831606288897,0.0022522002401088,0.0125221113332476,59.49162368774414,0.0020849847019977,0.0057066193138681,0.0101989670500622,107.15370826721193,-0.0011458491157881,0.0100363169635979,0.0128820703185726,93.2340633392334,0.0044010508363692,-0.0041629028145605,0.0174214896913741,268.2196411132812,0.0038503915801726,0.0082249544554655,0.0125332553286108,129.1718765258789,0.0035243476114588,-0.0053105236891408,0.022211042557299,15.285599994659425,-0.0029211957824582,-0.0065740804599787,0.0137514472030991,170.59113998413085,0.0003937024759456,0.0055789330038669,0.0075648438099514,34.82391223907472,0.0019984930887082,-0.004783357721974,0.0104488093979515,51.84717826843261,0.0024982808128203,1
2019-09-19,-0.0081248966353711,0.0170187731311895,51.27679920196533,-0.0018609046548578,0.00494880166728,0.0124923937024706,59.60851230621338,0.0006206746296971,-0.0023003288793315,0.0100867361217143,107.13538513183592,-0.0004776283706786,-0.003173026218618,0.0130184375609411,93.72192420959472,0.0025376458630491,0.002944325512697,0.0169147561440495,267.9265396118164,-0.000339421698902,0.0184087602097444,0.0129550528527732,129.2792739868164,0.0051490659694692,0.0127725529819131,0.0213969676583897,15.371500015258787,0.000628872065587,0.0038222573159374,0.013580951035899,170.353857421875,-0.0022708509827017,-0.0004265204155781,0.0075677238627494,34.90121631622315,0.0003617405966699,-0.0067290010766912,0.0105056676182156,51.94347248077393,0.0010134510387515,0
2019-09-20,-0.0146180956103363,0.0174164987818219,51.34006843566895,-0.0008937253531845,-0.0071928154858285,0.0126556430773321,59.70347003936767,-0.0016373477714167,0.0118359811707144,0.010420348130088,107.1916446685791,0.0013529020701586,-0.0040207303320719,0.0131210954002429,94.14388046264648,-0.0022016852620755,-0.0171797127414649,0.0172889867376297,267.4652709960937,-0.0037174578462283,-0.01155466213096,0.0131311785732609,129.35746688842772,0.0031289802919865,-0.0242498951480371,0.022423082805105,15.433066606521606,-0.0036761080758711,-0.0107979414760471,0.0137288237245735,170.06654510498046,-0.0036325763888007,-0.0011101340482573,0.007570656889184,34.97821674346925,-0.0007326937624325,-0.0034563024718169,0.010536110698087,52.03607711791992,-0.001511647220618,1
2019-09-23,0.0045467523723747,0.0133369411731847,51.53311748504639,-0.0010357710293182,0.0039437161305455,0.0098993161780764,59.90446319580078,0.0005062041858612,0.0006833891519462,0.0081646702527299,107.3973861694336,0.003385884985215,-0.0001681196659062,0.0112358678396807,94.67692222595215,-0.0004554096049129,0.007301784082907,0.015862435380858,267.525813293457,-0.0006357808893119,-0.0021517212027243,0.0107138554041426,129.62830924987793,0.0041405975436978,0.0025352312967537,0.0187172335411097,15.532499980926511,-0.0012196223471678,0.0048834539362929,0.012415260647976,170.05129699707032,-0.0013471334559302,0.0054709528476009,0.0070578236396762,35.08133964538575,0.0035293131296524,0.0006934141293242,0.0074593138987146,52.20726699829102,-0.0043740479533089,0
2019-09-24,-0.0047548350810947,0.0129751975455988,51.66745929718017,-0.0027143568776522,-0.0132503464540127,0.0101586857374401,60.02130260467529,-0.0018596887803813,-0.0014420742078345,0.0080670506290365,107.55293769836426,0.0028967173098725,-0.0130385098253128,0.0119790779229095,95.1104835510254,-0.0020728138156622,-0.007431616329466,0.0154663928701288,267.2706726074219,-0.0037056244579774,-0.012649472119918,0.010723181009593,129.7192169189453,5.557184232152235e-05,-0.0747005313345035,0.0259257838727349,15.559866666793823,-0.0177906331786029,-0.0024585605391695,0.0120088801857984,169.90311508178712,-0.002224974244593,0.0066317104025708,0.0068945292606063,35.17869129180909,0.0032289883580406,-0.0137249311474244,0.0083567943973909,52.32864990234375,-0.0056000356577164,1
2019-09-25,0.0153896861084406,0.0128298508886284,51.86999359130859,-0.0015122777691973,0.0226622291127291,0.0111329042017838,60.20745220184326,0.0022223169941427,-0.0042567601435096,0.0075569290460813,107.6089370727539,0.0009040414183969,0.0057101952375666,0.0114234151519814,95.6186538696289,-0.0029380381608684,0.0060121087862785,0.0155396719681997,267.0837631225586,-0.0016706221378096,0.0144129726303607,0.0111488966806241,129.88972969055175,0.0012931754773005,0.024595683919836,0.0263465837527389,15.608599996566772,-0.0118093916568075,0.0045850961523901,0.0120120578903556,169.7554054260254,6.861077880748745e-06,0.0005910231935235,0.0069072380197193,35.270575332641606,0.0022314063959719,0.0029515042025234,0.0078539059789386,52.48212947845459,-0.004053063272817,1
2019-09-26,-0.0051577573512975,0.0129742413337874,52.04239349365234,-0.0009188499123826,-0.0029297132002038,0.0112160707683931,60.37729587554932,0.0006466140206459,-0.0163371748112316,0.008280774874306,107.61598892211914,-0.001903327767983,-0.0082202855905211,0.0117714526643406,96.04268112182618,-0.0039474900352491,0.0041795298858451,0.0155091382905434,266.87474822998047,-0.00142358126318,0.0012916114063943,0.011130857461058,130.07720108032223,-0.0021302542833694,0.0606034581597918,0.029270211013435,15.69850001335144,-0.0022432106212318,0.0021109806897521,0.0120177224703363,169.61151046752929,-0.0003353942473563,-0.0014351302673828,0.0069672548153502,35.35532093048096,0.002029684425611,-0.0053256210694644,0.0079995526066158,52.60351161956787,-0.0037723872713716,0
2019-09-27,-0.0048661608872683,0.012695739607719,52.16016788482666,0.0010315370322309,-0.013153053818548,0.0112137563013959,60.45587368011475,-0.0005454336458979,-0.0019402682858955,0.0082542698673459,107.6309211730957,-0.004658577659305,0.0058962689808421,0.0109926537829333,96.3950023651123,-0.0019640901726662,-0.0173791158424527,0.0156695704498281,266.28614501953126,-0.0014634618833776,-0.0129713036212953,0.0107871766947699,130.05883102416993,-0.0024135825814365,-0.0017728055869207,0.028847381402826,15.76656665802002,0.0022522072909914,-0.0093937115206379,0.011636092382076,169.26987991333007,-5.454825627446702e-05,0.0012680800938285,0.0065904660396837,35.42169017791748,0.0025053272540281,0.00718609861061,0.0078226798698749,52.71603889465332,-0.0016439070548862,1
2019-09-30,0.0235353328395291,0.0135065127876958,52.34301204681397,0.0048292531256618,-0.0039235191276892,0.0112323919748967,60.53172607421875,-0.0021188806975449,0.0060654627752585,0.0083582796586454,107.67323188781738,-0.0035821629346425,-0.000254941793763,0.0110176904326977,96.7195529937744,-0.0019814545982376,0.0090659655426759,0.0158638180899879,265.8152648925781,-0.0011106255914238,0.0094387561600757,0.0109832201395222,130.11394119262695,-9.548710887652412e-05,-0.0052037933810442,0.0287661528053117,15.81743335723877,0.0007044023554318,-0.0114369372739467,0.0118277415930682,168.8501091003418,-0.0033186264983224,0.0019419623001033,0.006590026841024,35.48881893157959,0.0017995291445286,-0.0121712265914026,0.0084574614468277,52.79462375640869,-0.0042168351990316,0
2019-10-01,0.0027681515594188,0.0128172940034757,52.56979656219482,0.0063338504537645,-0.0123982621922433,0.0108217022169592,60.62205009460449,-0.001948463845191,0.0047147608763979,0.0083953655510348,107.7250820159912,-0.002350795917796,-0.018183525762725,0.0115610883186651,97.00928611755371,-0.00301045778572,-0.0023195645729661,0.0158509098635037,265.3746551513672,-8.821524012385673e-05,-0.0140974550789026,0.0110436199748071,130.16245651245117,-0.0003850837006734,0.015859214917846,0.0288495132936141,15.883033418655396,0.0188163516059017,0.0132551977444046,0.0122186845584978,168.61616287231445,-0.0001758748416075,-0.006993746992729,0.0068721334876478,35.537570571899415,-0.0009255623345312,-0.0235093670071249,0.0101495186665126,52.80901260375977,-0.0061737223709717,0
2019-10-02,-0.0250676298081323,0.0140491336406831,52.68709049224854,-0.00175761272955,-0.0232835027204848,0.0119191595062486,60.611270904541016,-0.0111376102118338,0.0154625653134592,0.0090373852407844,107.85533027648924,0.0015930691735977,-0.0199047180229328,0.0124453459261562,97.14938621520996,-0.0081334404378199,-0.0238428279059126,0.0156325169511131,264.3358329772949,-0.006059202578562,-0.0176553916828624,0.0114129730707815,130.0220874786377,-0.006798756563318,-0.0063754189400664,0.0284302314906828,15.95786681175232,0.0126221310339212,-0.0255894856139933,0.0127751326957911,168.04725799560546,-0.0062107911948842,-0.0146794698421406,0.0073600139029228,35.54076042175293,-0.0039796609416641,-0.0261061555753882,0.0114301667139235,52.73005886077881,-0.011985254326554,1
2019-10-03,0.0084946113991366,0.0135463596801672,52.77761268615723,0.0009728610205367,0.0097714037666989,0.0106092795455693,60.55487098693848,-0.0085973868184533,-0.0061361451590047,0.0091588670596514,107.96359481811524,0.003633275104043,-0.0014244090465903,0.0114127239912556,97.17917594909667,-0.0067742651290338,0.0144053187021795,0.0151522915896903,263.19274520874023,-0.0040140448152952,0.0121056439415514,0.011001011041245,129.84450721740723,-0.0046359500562866,-0.0415416668137599,0.0290006838642001,15.969366788864136,-0.007806893960789,0.0178999866964717,0.0129099968672196,167.4821647644043,-0.0030529899935403,0.0016359204258713,0.0073000275890515,35.55397338867188,-0.0033654508030132,0.0123604788336326,0.0113079928682366,52.64557113647461,-0.0084480343459346,1
2019-10-04,0.0280317108373611,0.0147436007995019,52.94268856048584,0.0075524353654626,0.0181011928374104,0.0113728161509154,60.566368675231935,-0.0023465374872616,0.018827514042895,0.0099236264306992,108.18966217041016,0.0077868315698012,0.0216600425490844,0.0123659765960157,97.3005485534668,-0.0036215104153853,0.0215066427408052,0.0162024330072012,262.3605369567871,0.0037631069013563,0.013501350455946,0.0113973765878184,129.79834480285643,0.0006585807591616,-0.0068660010999402,0.0289600316138115,15.982633495330813,-0.0088255330633929,0.017990544698714,0.0136373677344294,167.01712875366212,0.00242386125033,0.0159060874518979,0.0078996367729845,35.60606746673584,-0.0004378493313994,0.0145633353103369,0.0116270272002426,52.57325916290283,-0.0069725870059892,0
2019-10-07,0.0002204517342971,0.0147564072887938,53.097440528869626,0.0028894591444162,-0.0022380011579637,0.0113840336847997,60.57375297546387,-0.0020094338933165,-0.0037406131190069,0.0096264753048744,108.44725608825684,0.0058256163909481,-0.002181043410339,0.0110814035461372,97.2958309173584,-0.0040067307387005,-0.0068236266101507,0.0151777169316147,261.82381973266604,0.000585188470791,-0.0072400536480951,0.0112227658209197,129.77950172424318,-0.0026771812024725,0.0271787901321105,0.0292770282772201,16.0024001121521,-0.002349016360762,-0.0061371463729745,0.0128441676471909,166.7002746582031,0.0034838194305245,-0.0078709836779256,0.0075913769925527,35.61973609924316,-0.0024004385270052,-0.0137741988437173,0.0117307568271412,52.44523620605469,-0.0072931814564521,0
2019-10-08,-0.0117150919200066,0.0149558178721534,53.189883422851565,-7.189551468811395e-06,-0.014996898566333,0.0118787786551843,60.53516960144043,-0.0025291611681344,-0.0099131088775497,0.0090068405008062,108.5422462463379,0.0029000424401585,-0.0222961318948914,0.0117142788404304,97.12363929748535,-0.0048292519651338,-0.0176191532338746,0.0130390108540466,261.5866584777832,-0.0024747292613906,-0.0105745147113924,0.0112278174097741,129.76018905639648,-0.0019725931289705,0.0098013988828387,0.0291451807898603,16.01743335723877,-0.0035605795677634,-0.0141792819778157,0.0115993419980011,166.51302108764648,-0.0020030765139195,0.0029857883928667,0.0075817141992424,35.64297332763672,-0.000404531449886,-0.0194060803504192,0.0120402269686565,52.24711399078369,-0.006472524125111,1
2019-10-09,0.0117203650945587,0.0134370593143404,53.23118305206299,0.0073504094290694,0.0103098764183331,0.011798083444945,60.49155597686767,0.0041895146596291,-0.0198726611192169,0.0096973307500451,108.46135940551758,-0.0041670028463766,0.0072436569216089,0.0118475538375336,96.97202682495116,0.0006004230237745,0.0193580583438863,0.0136420736088799,261.7125663757324,0.0061654479885691,0.0189432190524934,0.0120087183366977,129.86004943847655,0.0053471290181006,0.0186628575310578,0.027256262795146,16.008866691589354,0.0014470757264613,0.014267605005962,0.0119694719576086,166.50825881958008,0.0059683416100715,0.0114813215039182,0.0079505181235024,35.68716869354248,0.0048276268193257,0.0110944581422154,0.0124902894807183,52.08145866394043,0.0009675986184096,1
2019-10-10,0.0134782074729331,0.01370393239572,53.31522178649902,0.0083471286438287,0.0058799441311205,0.0115125404164484,60.42836647033691,0.0034112227325134,-0.0012380453998849,0.0096290764524996,108.40453147888184,-0.0031873828945526,0.0140283967707515,0.0122405587325134,96.85658569335938,0.0036909841872428,0.0058406581858225,0.0125731035711113,261.60504989624025,0.0044525158852977,0.0062208583997229,0.011874132624756,129.93447189331056,0.0041701719097349,0.0008587865860343,0.0272332607660643,16.005100059509278,0.0099271664064202,0.0,0.0112736369034571,166.36055374145508,0.0023883442707771,0.0057176847484514,0.0078756501951493,35.72802295684814,0.0056439796838417,0.01201050787205,0.0129221094245138,51.94384250640869,0.0008976044260931,1
2019-10-11,0.0265982678656135,0.0138422136712882,53.5248384475708,0.0080604400494792,0.005159216978138,0.0115396050609015,60.36810073852539,0.0008228275606589,0.0175889113307636,0.0104305863709617,108.42734756469729,-0.0034351034369789,0.0168986336990835,0.0120056807641445,96.7256202697754,0.0027387024172427,0.0075961061659477,0.0126975048523752,261.6014442443848,0.0016704085703262,0.0041696898053069,0.0118885538604886,130.0456344604492,0.0023038397796071,0.0128707455668697,0.0273702520821976,16.014066696166992,0.0138745157397822,0.0124656723611655,0.0116249598832499,166.35054931640624,0.0012833698032674,0.0052672898110814,0.0078975469402875,35.77069988250732,0.0035162201556784,0.0106962294028332,0.0129994482573377,51.80880966186523,0.0001241832445924,1
2019-10-14,-0.0014394073147395,0.0138895284861621,53.71656723022461,0.0077284682396718,0.001694513913071,0.0114689039959954,60.3337553024292,0.0016093305748659,-0.004644895069011,0.0102472638202821,108.4762954711914,-0.0036159598269797,0.0026689852219614,0.0118965368601272,96.65195655822754,0.0037087081437028,0.0017034498250221,0.0125539674654598,261.72807998657225,0.0033758238573608,-0.000930686901666,0.0117446142183493,130.1973083496094,0.0035657131288929,0.0365888719369862,0.028364064910456,16.06123342514038,0.0157565321007573,0.0016941982166696,0.0115262346988461,166.4101089477539,0.0028496387211963,-0.0088989933288623,0.0072334305807272,35.82537441253662,0.0033106182254911,0.0028994307411756,0.0124098643723056,51.64094123840332,0.003458909161571,1
2019-10-15,-0.002331656891539,0.0139527327857151,53.89208869934082,0.0096051552453653,0.0200942225602203,0.0123532350178161,60.36438407897949,0.0086275548001766,0.0162177616725476,0.0108342563361671,108.60778770446775,0.0016102142830396,0.0301417944828326,0.0136871931720913,96.7494026184082,0.0141962934192476,0.0078875224992185,0.0125530406090978,261.8553184509277,0.0084771590039794,0.0144749499519019,0.0120330174224844,130.394197845459,0.0085756060615518,0.0036192563678525,0.0283406837258857,16.10490016937256,0.0145201035977601,0.0078372427610524,0.0116421489744399,166.51969833374022,0.0072529436689699,0.0030205411976864,0.0070775507426282,35.871240043640135,0.003317568786455,0.0034690039368086,0.0124457884526523,51.502586936950685,0.0080339260190165,0
2019-10-16,-0.0040372924296648,0.0139678037020494,54.03135261535645,0.0064536237405206,0.0006117411169588,0.0123469401324358,60.39003200531006,0.0066879277399017,0.0175398565132294,0.0113980732598427,108.80523452758788,0.0090927178095289,-0.0023339746829276,0.0135394359610826,96.78582534790038,0.0122807670983402,-0.0010410635404016,0.0125106629678295,262.0238624572754,0.0043973346271218,-0.0081936528479624,0.0121147697388753,130.48322067260742,0.0031482316814606,0.0072124091778604,0.0282857817412283,16.159100151062013,0.0122300139271206,-0.0049230150168216,0.0115935152168527,166.64262924194335,0.0034148196644131,-0.0009199711274479,0.007019909577631,35.90556373596191,0.0008373102601818,-0.0171417013551907,0.0128621689914596,51.33324222564697,0.0023866941195353,1
2019-10-17,0.0038827673904482,0.0137371926562621,54.203271484375,0.0045345357240236,0.0078841774808715,0.0124199556200348,60.42484836578369,0.0070887744098519,0.0073980608206078,0.0114182391767631,109.05660514831544,0.0108199390536275,0.0055981350433549,0.0135578641347326,96.86599197387696,0.0105947147528609,-0.0063249282874637,0.012594874656615,262.0688163757324,0.0019642173324645,-0.0051278099595699,0.0114328320506769,130.4182167053223,0.000878498009602,0.0085466103295754,0.0282295604937014,16.21033344268799,0.0137675786758288,0.0003934887027061,0.0115717216347433,166.736971282959,0.0034935174049544,0.0035172186493248,0.0070337215783723,35.94702548980713,0.0003972170403565,-0.0013193015975581,0.0128402710913094,51.1786548614502,-0.0002792677743862,0
2019-10-18,0.004803035048178,0.0130795289393699,54.4275354385376,0.0001754891605365,-0.0066969457265515,0.0124039866383189,60.46095371246338,0.004717541868914,-0.0622016174335854,0.0181783686238048,108.89275779724122,-0.0051381666992422,0.0017448464064813,0.0135091390998803,96.97482795715332,0.0075639572943405,-0.0212649345036073,0.0129212327856509,262.05865554809566,-0.0038079908014464,-0.0163216824537391,0.0117229878568821,130.3225975036621,-0.0032197764422071,-0.0191625307226602,0.0279890928977237,16.264766788482667,0.0073609234179228,-0.0125323335158573,0.0116679179160098,166.81558990478516,-0.0015060837704501,-0.0058413106417171,0.0071924374295015,35.97983016967773,-0.0018245030502032,-0.0077780171890553,0.0128863981438334,51.01373710632324,-0.003974117092764,1
2019-10-21,0.0173426781705687,0.0134060141745736,54.68913688659668,0.0039319062575982,-0.0001045315154168,0.0123806260076869,60.48471794128418,0.0043577327832164,0.0025059952901862,0.0181937201248387,108.73845291137695,-0.0037079886274028,0.0248009114347069,0.0144957962422938,97.20941925048828,0.0119903425368896,0.0135609767531807,0.0131795792027658,262.1299110412598,-0.0014364854158146,0.0074227992105231,0.011853960899234,130.28915481567384,-0.0015490792197693,-0.0134267106540847,0.0282493828405763,16.305666732788087,-0.0026421931002913,0.0040976260196563,0.0116538243790432,166.88801345825195,-0.0010253982098528,0.0050361355586523,0.0071786640446926,36.01202754974365,0.0009625227272997,0.0167134604000225,0.0136130918073195,50.888665771484376,-0.0012113111609946,0
2019-10-22,-0.002286739631659,0.0133241066329009,54.95662097930908,0.0039408897095742,-0.0024754289688843,0.0119806050468175,60.54139022827148,-0.0001561975226044,0.0092171383934915,0.0183439216195079,108.64097442626954,-0.005108113283214,0.0100367539145991,0.0141132710532623,97.5600688934326,0.0079693344232429,-0.0475390599298778,0.0169410460454393,261.6713836669922,-0.0125218019016339,-0.014880833981937,0.0119871620453815,130.2415855407715,-0.007420236006537,0.0082052108540102,0.0215584394928807,16.41356678009033,-0.0017250022030597,-0.0315702146011868,0.013683717157181,166.71553573608398,-0.0089068896823006,-0.0013363169108959,0.0070650847935124,36.029948234558105,9.115110558324256e-05,0.0050914749250554,0.0134320871578087,50.81303157806396,-0.0008868169633452,1
2019-10-23,0.0134187934480254,0.0132500553662838,55.22254371643066,0.0074321068851122,0.0132372827268032,0.011246498752516,60.57035827636719,0.0023689107993644,0.0054181053507913,0.0183737647101896,108.59576110839843,-0.0075324635157016,0.0026445013869276,0.0141055803629336,97.89673652648926,0.0089650296372139,-0.0015692120486787,0.0168450802036282,261.11481323242185,-0.0126274316032893,0.0063792077900235,0.0115963990379616,130.1417259216309,-0.0045056638789398,-0.0035214826899614,0.0212662815828616,16.500166749954225,-0.0038717805766241,0.0026916166090578,0.0136498541791739,166.5268524169922,-0.0073839633571247,-0.0019236113313688,0.0070860921415692,36.0433126449585,-0.0001095769352009,0.0095527324825606,0.013623728108213,50.75400085449219,0.004452069804205,1
2019-10-24,0.0016447107311512,0.0130651269066783,55.50695476531983,0.0069844955532528,0.0011769295371124,0.0112175138922919,60.61203956604004,0.0010274612106125,-0.0184757289952672,0.0184782177158577,108.53976325988768,-0.0127072214788767,-0.0007196371779365,0.013877442844322,98.26984786987305,0.0077014751929556,0.0302855869234612,0.0183002598126101,260.8835174560547,-0.0053053285611043,0.0196740434691322,0.0124591451367182,130.1605697631836,0.0004547068068005,0.1766923235319593,0.0424044552637298,16.69056668281555,0.0297573620638526,0.0282514865514063,0.0151390439854548,166.55115280151367,-0.0018123637873847,-0.0020942071213143,0.0070965706092955,36.05546321868896,-0.0012318620893287,-0.0094623412677707,0.0137231804862976,50.68463916778565,0.0028234618701624,1
2019-10-25,0.0123166085065709,0.0129319558910008,55.84022960662842,0.0084872102449314,0.0041218689702069,0.0107472816440039,60.707072257995605,0.0031912241499642,0.006666616657605,0.0185396079874352,108.52939376831054,0.0010664253393613,0.0079981650714249,0.0139020648964681,98.6561393737793,0.0089521389259444,0.0053582640551015,0.0179134142547107,260.95021057128906,1.9311150637402185e-05,0.0056449269097071,0.0121125941982366,130.30188064575196,0.0048480286794898,0.0949346393529095,0.0461686434610829,16.977233362197875,0.0525767960789665,0.009593665608329,0.0150974772602649,166.73459548950194,0.0026128360374525,-0.0005038247659926,0.0070957104023257,36.06442413330078,-0.0001643649141839,0.0023158819593096,0.0136083074269314,50.60236473083496,0.0048422416998354,1
2019-10-28,0.0100167815093359,0.0123092732282443,56.14132881164551,0.0070220309126848,0.0195205306194534,0.0113738095861428,60.87518157958984,0.0071162365769383,0.0064666983984114,0.0185466529139367,108.52109756469729,0.0018585659610064,0.0038086627626678,0.0138676683452115,99.06373023986816,0.0047536891915366,0.0212440457400797,0.0184228187882773,261.1758010864258,0.0015559249480171,0.0245861111226204,0.0130922439376797,130.5449348449707,0.0082806910619092,-0.0012799748887764,0.0460809471887363,17.26670002937317,0.0550061432320282,0.0111890844349209,0.014947411606003,167.10767364501953,0.0040311277205054,0.0015118142002505,0.007091033824055,36.07262477874756,-0.0008692291858642,-0.0088086849689094,0.0134897190835543,50.52968273162842,-0.0002621873739508,0
2019-10-29,-0.0231277240077439,0.0138637282086493,56.3658332824707,0.0028538340374679,-0.0219707814618083,0.0122158792689719,61.01063079833985,0.0032171660783535,-0.0004645886752844,0.0185148117518967,108.48500900268554,-7.777945274878295e-05,-0.0006323445918625,0.0129044380185108,99.55668144226074,0.0026198694902442,-0.0059434805518695,0.0184751416777824,261.3527633666992,0.0098750408236188,-0.0094321819077615,0.0128310780737527,130.8162483215332,0.0093704214767443,-0.0350615205911841,0.0474997702788769,17.505133295059203,0.0463527969429893,-0.0122889023254811,0.0150561222614426,167.26681365966795,0.0078873901756465,-0.0173625683239706,0.0079728008997959,36.06199378967285,-0.0040744794684791,-0.0029135672105442,0.0124535473262826,50.51086673736573,-0.0018631958010708,1
2019-10-30,-0.0001236158679674,0.0121133365501565,56.65756721496582,0.0001453521742693,3.1748956604182865e-05,0.0106604272247904,61.21576194763183,0.0005760593243137,0.0288104790863561,0.0193305327540919,108.5198532104492,0.0046006952943641,-0.0055366967014589,0.0117981604729984,100.11571884155272,0.0009836298725669,0.0104266512082979,0.0176356436090329,261.9777061462402,0.0122742134750142,0.0124623860951451,0.0121341997037553,131.28539695739747,0.0105870571377687,-0.0038263988223681,0.0474459022930144,17.74473328590393,0.046291813716508,0.0091201633557889,0.0137682890128796,167.71564788818358,0.0091730995249928,0.0081089729674099,0.0074135140255912,36.09206428527832,-0.0020679626087234,-0.0105202918968757,0.0111756030521079,50.53189697265625,-0.0058778006769581,0
2019-10-31,0.0226098059160737,0.0127033077523352,56.993002319335936,0.0043383712112538,-0.0015071728079307,0.0106069216640391,61.387662696838376,3.923885530510152e-05,-0.0060222297051066,0.0193284916342926,108.55511131286622,0.0070913951523962,-0.0064422631517375,0.0120092694859268,100.6476001739502,-0.0001608953221932,-0.0012266091090432,0.0174278568250246,262.403231048584,0.0059717742685132,-0.008574490169309,0.0122557263286741,131.61935997009277,0.0049373504100804,-0.0002857299073112,0.0457701686965372,18.01770000457764,0.0108962030286539,-0.0021757103150161,0.0133339065322504,168.00105514526368,0.0030876601517083,-0.0071126361639787,0.0076212478489655,36.10649223327637,-0.0030716484172562,-0.0022149379986834,0.0108301361683449,50.51677074432373,-0.0044283200231406,1
2019-11-01,0.0283808096746753,0.0127352992528704,57.33888282775879,0.0075512114448747,0.0106848188476136,0.0101677572806014,61.53954086303711,0.0013518288307864,-0.0063617569958014,0.0188873291747183,108.45306968688963,0.004485720421715,0.0230544441578599,0.0121118992239045,101.19827995300292,0.0028503604950937,0.008092408188109,0.0168777893482103,262.65927505493164,0.0065186030951148,0.0024411524435756,0.0119849650239888,131.8831401824951,0.0042965955168541,-0.00511244768449,0.0457255432535887,18.290633296966558,-0.0091132143788259,0.0115733460672726,0.0129964697148222,168.23690872192384,0.003483596243497,0.0030702775138025,0.0067392110536554,36.09829063415528,-0.0023568279612972,0.0300429434109164,0.0123856611116221,50.54001407623291,0.0011170922671807,1
2019-11-04,0.0065669075356664,0.012660761694783,57.70433120727539,0.0068612366501408,0.0136450524615181,0.0103942543407461,61.74115314483642,0.0001767331991993,-0.0073933418077403,0.0189353156341416,108.33153076171877,0.0017137123804846,0.007981407174072,0.0119840349934137,101.80202293395996,0.0036849093773745,-0.0097473054676296,0.0169624802060446,262.87432327270506,0.0003203328535729,0.0057749405088263,0.0118055790629529,132.23311805725098,0.0005343613940953,0.0132776268932326,0.0456550701986051,18.55646667480469,-0.0062016940224241,-0.010943477212336,0.0131875377370192,168.42988052368165,-0.0009429160859543,-0.0004251726102565,0.0064948027375353,36.10345439910888,-0.0027442253233986,0.0297412324187107,0.0135120305233765,50.674678039550784,0.0088270757447047,0
2019-11-05,-0.0014368218546971,0.0120827618791752,58.097272872924805,0.0111994170807501,0.0014193110337168,0.0094800707342595,61.99220294952393,0.0048547516983044,0.0014591475409095,0.0188220235439806,108.27262954711914,0.0020984596237234,0.0021735897925478,0.0100290962263243,102.52400817871094,0.0042460962542566,-0.0265266737686983,0.0175814575999846,262.96716995239257,-0.0037963057897928,-0.0006221141639999,0.0114196869562244,132.64715881347655,0.0022963749428476,-0.0007874639488314,0.0457855955963216,18.813700103759764,0.0006531173060463,-0.0144175300672795,0.0132022872193796,168.6180847167969,-0.001368641634314,0.0109722392242543,0.0069096364598593,36.12289409637451,0.0029227361862463,0.01981325507392,0.0129695117224271,50.910433006286624,0.0133724402015976,1
2019-11-06,0.0004278112929576,0.0121094630282726,58.45995998382568,0.0113097025129352,-0.0003331070899065,0.0094137406203188,62.21178112030029,0.0047817804890022,0.0041402032242885,0.0182702327690482,108.3448055267334,-0.00283559554869,0.001549217025178,0.0101100267038962,103.22050743103028,0.005663278999584,0.0031970441078656,0.0170323370782131,262.8526756286621,-0.0052422272098793,-0.0027690774208124,0.0108633283261984,132.9213005065918,-0.0007499177603438,0.0295062710803366,0.0458959405081436,19.08720006942749,0.0073196512865873,0.0022681624815257,0.012845796988637,168.70813674926757,-0.0027390418091666,0.0053845253300175,0.0065265144670938,36.13155117034912,0.0023778466587678,-0.021891046325456,0.0141521428537199,51.05985469818116,0.0110982893158815,1
2019-11-07,0.011541209872014,0.0120569594941944,58.82155342102051,0.0090959833041232,0.0123392046849188,0.0096048063137079,62.4533145904541,0.0075510559875721,0.0035888774363279,0.0182733389557321,108.44311332702635,-0.0009133741204031,0.0054137311014752,0.0099762488232357,103.88023796081544,0.0080344778502266,0.010857805286814,0.0171639696499795,262.8026466369629,-0.0028253443307078,0.0013881021677375,0.0108209745031323,133.1643539428711,0.0012426007070654,0.0274358775337069,0.0458346544177659,19.389866733551024,0.0128639727747909,0.0093907166782643,0.0129928687572582,168.87728271484374,-0.0004257564105105,0.006108684902901,0.0065442865588469,36.14096736907959,0.0050221108721437,0.0212617774177157,0.0146055679395639,51.23547191619873,0.0157936323991613,1
2019-11-08,0.0027371247222196,0.0110770022984851,59.11822357177734,0.0039672463136321,0.0015761116086314,0.0096140180951503,62.6844898223877,0.0057293145397757,0.0119455678983293,0.0180470509259548,108.51238403320312,0.002748090858423,0.0029231763384951,0.0096982581434955,104.47520790100096,0.0040082242863536,0.0076979675021731,0.0171663724212634,262.7535743713379,-0.002904232467895,0.0117845340887963,0.0110376393749083,133.46016464233398,0.0031112770361095,0.0047684284402766,0.0459071588750443,19.687366771698,0.0148401479997442,0.0030265731072744,0.0127264493222461,168.96828918457032,-0.0021351110025102,-0.0065707895110959,0.0066044424400918,36.12881698608398,0.0030938974671641,-0.0189909785770857,0.0153241782052612,51.3330005645752,0.0059868480015609,1
2019-11-11,0.0079186737452956,0.0109859383390284,59.44378089904785,0.0042375995555579,-0.008189445415183,0.0099724577774038,62.883995819091794,0.0013624149644355,-0.007669158240167,0.0181075587454558,108.5646484375,0.0026929275719376,-0.0035281612504772,0.0099018881207764,105.0380069732666,0.0017063106014438,0.0076758538296997,0.0172501053119421,262.7833992004395,0.0005803993915708,0.0010272471850574,0.0110165222601197,133.76916122436523,0.0021617383713557,0.023580739037349,0.0456979844532642,19.98113346099853,0.0169007704285675,0.0031844797299316,0.0127374660657601,169.0721580505371,0.0006904803859433,-0.003348710681197,0.0063358211184808,36.12684288024902,0.002509189852976,-0.0060757331932083,0.0154273062202828,51.4070951461792,-0.0011765451208228,0
2019-11-12,-0.0009153416504252,0.0109371652059513,59.77305088043213,0.0043418955964123,-0.0008243193170196,0.0091785750028635,63.02021217346192,0.0009136888942882,-0.0047734351591841,0.0177621239375854,108.50284233093262,0.0014464110319189,-0.0058497413186074,0.0083419150814637,105.42239837646484,0.0001016443792127,0.0005055431113196,0.0171569225822646,262.71508865356446,0.0059868427675744,0.0065705398238722,0.0106960287108853,134.02823028564453,0.0036002691689302,0.0140253047438312,0.0456115678371185,20.287933444976808,0.0198633241671001,0.0011142806562072,0.0126271059213682,169.11932907104492,0.0037968425306406,0.000672140144438,0.0062978520819912,36.12061710357666,0.0004491700370127,-0.013790293766503,0.0157923756269956,51.436116218566895,-0.0078972548889074,1
2019-11-13,0.0095815573976174,0.010728582992898,60.1439510345459,0.0061726448173442,-0.0007939076311611,0.0091967996042419,63.15199337005616,0.0008215287860372,-0.0006088444173566,0.0172531187676118,108.34106979370117,0.0004966015035898,-0.0052649329143591,0.008478752802249,105.79007568359376,-0.0012611856086947,0.0033556136773074,0.0171725800160801,262.70546798706056,0.0060185566814627,0.0016318298112849,0.0104273073820853,134.35324249267578,0.0044804506153496,-0.01091649537975,0.0459800312934798,20.575800037384035,0.0117787708750827,-0.0018360623491495,0.0125780020211535,169.1927047729492,0.0029759975645056,0.0156140469068741,0.007210861452094,36.14430923461914,0.002495074352384,-0.0082167999265991,0.0153830351962999,51.48775730133057,-0.0051624056091361,1
2019-11-14,-0.0069195742485996,0.0111196122580508,60.481889724731445,0.0024804879932215,0.0100063147395903,0.0092784751808086,63.291629791259766,0.0003549507969715,-0.0023618303333892,0.0171312198367698,108.12495651245118,-0.0006935400503535,0.0009340442795542,0.0084846858180829,106.13477401733398,-0.0021571229730789,0.0056101820058294,0.0171447010762751,262.85556716918944,0.0049690320252658,0.005091366414772,0.0102857007091966,134.74749679565429,0.0052211034647565,0.0093612514601253,0.0459740200342114,20.86706676483154,0.0081638456603664,0.0035731182625835,0.0125965790880449,169.29328994750978,0.0018124778813694,-0.0027271456093952,0.0072164515937409,36.15661144256592,0.0007279082499248,-0.0043604996495563,0.015423472807409,51.53151760101319,-0.0102868610225905,1
2019-11-15,0.0118795080536595,0.0112010249230583,60.843831634521486,0.0043089646595095,0.0186304801513035,0.0097123251365988,63.51249599456787,0.0037658245055059,0.0303911705764154,0.0115539759088703,108.42527542114256,0.0029955804852636,0.0072317330955815,0.008518539563875,106.50955543518066,-0.0012954116216616,0.0041127024293392,0.0163541932677061,263.34386215209963,0.004251979010699,0.0129002890567044,0.0094429498636327,135.33911361694337,0.0054442544583382,0.008072121852793,0.0452940884786391,21.18446683883667,0.0088245843428697,0.0001112540546366,0.0122107233732846,169.50108261108397,0.0012294140708418,-0.0147537004217186,0.0078656195738604,36.152511024475096,-0.0009086739321997,0.0100732219679327,0.0154067631676289,51.62059631347656,-0.0044740209135868,1
2019-11-18,0.0050422770494025,0.0108831767154498,61.17268714904785,0.0037336853203309,-0.010273386716388,0.0101670090038451,63.69973564147949,0.003349036245265,-0.0008153658432862,0.0115826203920462,108.70775604248048,0.0043663389646398,0.0084150839954173,0.0070336453559457,106.80495223999024,0.0010932374275173,0.0002844439544307,0.0161268780710745,263.65944442749026,0.0027736970356452,0.0024669954841951,0.009425151424861,135.9001136779785,0.0057322041181657,-0.0061902308462086,0.0450684113283069,21.506100177764893,0.0028703903661581,-0.0006118736931214,0.0121992909738729,169.6693199157715,0.0004701433862312,0.011609018819688,0.0082201361073155,36.16025619506836,0.0020828719679772,-0.0096835058805133,0.0151973169422563,51.64296722412109,-0.0051955754510478,1
2019-11-19,-0.0030324857167289,0.0109123665508293,61.49839210510254,0.0033102565070701,-0.0054929744862153,0.0102743806422291,63.87664260864258,0.0024153052114258,-7.420945783165322e-05,0.0114916649616886,108.94087562561036,0.0053061841049103,-0.0003064335171725,0.006852194029117,107.04686584472655,0.0022018989878042,0.0158444888619007,0.0116209892215116,264.8164291381836,0.0058414861857615,0.0003326912937231,0.0083597835709696,136.56050033569335,0.0044846344121359,0.0272293789350919,0.0450705838082261,21.85256681442261,0.0055112052044103,0.0173106737098207,0.0100191968182514,170.2513801574707,0.0037094219969539,-0.002993622364523,0.0082452274532383,36.1649642944336,0.001349719466185,-0.0102162484862635,0.0153412513051172,51.62628746032715,-0.0044807663949999,0
2019-11-20,-0.0116418439222731,0.0113753137276588,61.74810924530029,-0.0009344237569079,-0.0081747860573472,0.0102506257764657,63.98624572753906,0.0009391295261886,0.0083074376764822,0.0115523401533601,109.1914165496826,0.0070894405236781,-0.0072751325063478,0.0071766873772138,107.23529930114746,0.0017998590694065,0.0002451313359224,0.0115783116406772,265.996501159668,0.0052193897174845,-0.0017346320923522,0.0084821411395271,137.1676223754883,0.0038113420314085,-0.0203048908833145,0.0456468087606759,22.17770013809204,0.0036335261036974,-0.0060733162332267,0.0102458338370623,170.75855026245117,0.0028619712201385,-0.0063392761930778,0.0083622956022872,36.1616231918335,-0.0030409451538053,0.0030964565302649,0.0151920520755881,51.59309883117676,-0.0022181151036271,1
2019-11-21,-0.0044834218831624,0.0115285117662606,61.97881565093994,-0.0004471932838205,-0.0013211726640116,0.0102735504128812,64.08791885375976,-0.0013263679545317,0.0036782135778989,0.0104622861622754,109.56225128173828,0.0082974493059357,0.0023142541305718,0.007152730521281,107.44002914428712,0.00207590103961,-0.0032585030558329,0.0099753739129587,266.7517883300781,0.003445652705152,-0.0009359295533647,0.0077675962419563,137.6409439086914,0.0026058828377811,0.0074101324662916,0.0259890144200947,22.361533451080323,0.0032433023049306,-0.009743560772255,0.0087428543040058,170.95062942504882,0.0001986354131708,0.0061279753687626,0.0084585307127008,36.1731653213501,-0.0012699209581737,0.0241071039728486,0.0159879842962612,51.6454969406128,0.0034754056208538,0
2019-11-22,-0.0008779192841421,0.0113962975753956,62.17073459625245,-0.0029986787513808,-0.0049763737983837,0.0103596296239231,64.1606985092163,-0.0060477387444692,0.0119468667168813,0.010613380280604,109.96544227600096,0.0046085885340289,0.006618952363907,0.0070977682191743,107.63890914916992,0.0019533448932751,-0.0066093410339911,0.0101764543855796,267.3473556518555,0.0013012440124859,0.0007360544092802,0.0077738642289627,138.08225631713867,0.0001730359082963,-0.0614096345916497,0.0219072617886817,22.37790012359619,-0.0106530489839578,-0.0023348723200287,0.0085424092645142,171.04213790893556,-0.0002905898617622,-0.0041715344872207,0.0085176171698904,36.17802505493164,0.0008465122287258,-0.0043060480582237,0.0160308273732726,51.680789947509766,0.0005995516156225,1
2019-11-25,0.0175337580721615,0.0117511280553044,62.38827133178711,-0.000500382546829,0.0092526142419291,0.0096328491821652,64.20198249816895,-0.0021425385528057,0.0004370726602325,0.0106165752670027,110.33670768737792,0.0048590762347326,0.005352196385838,0.0071281795502366,107.84698143005372,0.0013407673713593,0.0178362004635421,0.0098662236705547,267.9092498779297,0.0048115953143082,0.0109628778501265,0.0062550062424667,138.4381004333496,0.0018722123814825,0.009908688492819,0.0219893627351211,22.40666675567627,-0.0074332651161523,0.0083580527222859,0.0083791118276669,171.11042098999025,0.0015033954213192,-0.0036862816975771,0.0085537078481317,36.173469161987306,-0.0022125478747272,-0.0066311856665713,0.0159693582098758,51.72141227722168,0.0012100156584109,0
2019-11-26,-0.0078084563860557,0.0103320111658547,62.6499137878418,-0.0014555766806944,0.0056371356969664,0.0080658321221143,64.33168239593506,8.348348383058202e-05,-7.256950094292058e-05,0.0106094085946583,110.71004676818848,0.0048594042261104,0.0013689938311955,0.0071039332524584,108.06591720581056,0.0016758528410329,0.0061544885020894,0.0097154459611322,268.6351943969727,0.0028735952423459,0.0052903349211204,0.0055995120073599,138.89581985473632,0.002863741106962,-0.0220610270471893,0.0210214810160084,22.449000072479247,-0.0172913463126086,0.0087307908688505,0.0080098967385533,171.35941467285156,-0.0002125811468747,0.002270326646969,0.007532930118334,36.2044511795044,-0.0011597580724288,-0.002466980964588,0.0159640326285029,51.763065338134766,0.002759869162746,1
2019-11-27,0.013432160278779,0.0104669159115918,62.95466480255127,0.003559224159516,-0.0006626611543388,0.0080765408631323,64.45912704467773,0.0015859084644322,0.004228379077853,0.0087802676593459,110.95330390930177,0.0040435925063845,0.0029617515029953,0.0068763718445127,108.3303939819336,0.0037232296429015,0.0080169908515352,0.0096294889632169,269.3351623535156,0.0044279671454685,0.0019073795435773,0.0051727698757108,139.28340072631835,0.0035921434341479,0.0072054427979364,0.021000192829346,22.503266716003417,-0.0117892795763584,0.0099699702960491,0.0080546806208067,171.61808319091796,0.0029960761589803,-0.0036075619927886,0.0073963620566483,36.21447525024414,-0.0006134152323709,-0.0005817093143268,0.0157417034779971,51.829789543151854,0.0020242359938277,0
2019-11-29,-0.0022026739134239,0.0097167512307456,63.18628044128418,0.0040153737534637,-0.0061273448735357,0.0082473676862178,64.5713571548462,0.0006246740225274,-0.001887352892425,0.0086237974273386,111.21888618469238,0.0029304792123197,-0.0022715320057793,0.0066510585833148,108.61617965698242,0.0028060724156313,0.0018171852092518,0.0095897002739149,270.07698516845704,0.0054431047984855,-0.0061711798735942,0.0049166042489375,139.68496017456056,0.002545093370102,-0.0040749864522633,0.0210459298699762,22.553333377838136,-0.0140863033600693,0.0007593500941209,0.008010346221489,171.90201568603516,0.0050966583322555,0.0027788640518118,0.0072024519539727,36.24226894378662,-0.0012832374957611,-0.0082970823622311,0.0158741285566478,51.88076400756836,-0.0044566012731882,0
2019-12-02,-0.0115620948587504,0.0084129925321943,63.2959285736084,0.001878538638542,-0.0116785165841593,0.0084919004473259,64.61251773834229,-0.0007157545346276,-0.0009457930013975,0.0084165568803033,111.51388092041016,0.000351947268664,-0.0022012431095521,0.004689336895734,108.76951789855956,0.0010420333209395,-0.0197109564780596,0.0107238975747686,270.43393859863284,0.0028227817096718,-0.0120890746307618,0.0059528809759511,139.98353958129883,-1.993243790636701e-05,0.0149421114147911,0.0211393701194412,22.625200080871583,0.0011840458412187,-0.014741769516574,0.0084474208160539,171.95750122070314,0.0026152788929465,0.0015951220438146,0.0071855040779372,36.26747989654541,-0.000129906189554,0.0042565771622324,0.0143791029548059,51.86767139434814,-0.002744076229097,0
2019-12-03,-0.0178302925612353,0.009395178941576,63.328691482543945,-0.0051942714881373,0.004561994755647,0.0079902578234217,64.62523021697999,-0.001653878431884,-0.0014559373012772,0.0081429600609142,111.84075889587402,-2.665472363794219e-05,-0.0128546412045202,0.0054149291436419,108.80962715148924,-0.0025993341971321,0.0021645862833432,0.0103999717531998,270.9515747070312,-0.0003115411263679,-0.0016042926783355,0.0059468334494411,140.23168487548827,-0.0025333665435987,0.0039717016153113,0.0210160184959608,22.687633419036864,-3.3515342827472597e-06,0.0006049866907325,0.0080182811695969,172.11257705688476,0.0010646656866358,-0.0051140339443318,0.0073005924304519,36.28418598175049,-0.000415456638905,-0.0078924171112542,0.0126146565873078,51.75804481506348,-0.0029963225180335,1
2019-12-04,0.008826316566427,0.0095587063576105,63.39347133636475,-0.0018673168976407,0.0186911109739831,0.0089958044886033,64.69337558746338,0.0009569166235192,0.0161854198113864,0.0086489537022265,112.2524787902832,0.0032249431388279,0.0197258127990516,0.0069303415405031,108.94499893188475,0.001072029596439,-0.0008710351961636,0.0080080909864408,271.809814453125,-0.0017166458660185,0.0036165669296241,0.005931171896791,140.50958786010742,-0.002868120141898,-0.0094289510666373,0.0211879226906549,22.740333366394044,0.0025230636618276,-0.0071469178702474,0.0074288877336081,172.3285369873047,-0.0021108760611837,0.0001686912795075,0.0068713222938858,36.28160419464111,-0.0008357837123972,0.0113435370156651,0.0119680183793241,51.62477893829346,-0.0002342189219829,1
2019-12-05,0.0146710255702209,0.0100265167118944,63.5031702041626,-0.0016195438393523,0.0060805340160108,0.0090564277852358,64.78246040344239,0.0023055556575891,0.0012914644350914,0.0086649254303138,112.64931907653808,0.0026375602102756,0.0054407355958969,0.0069931489760491,109.10209808349607,0.0015678264150193,0.0104936022509196,0.0081702914773208,272.771484375,-0.0012213235861416,0.0005338729227324,0.005836023214034,140.81011428833008,-0.0031428214660669,-0.0079872050770078,0.0203280376695359,22.752966785430907,-0.0005154659131612,0.0071427774806673,0.0075415815966163,172.587003326416,-0.0026763146242601,0.0042314900482578,0.0068280338475172,36.276930046081546,0.000732026695812,-0.0034960963296011,0.0110694906030843,51.5415828704834,-0.0008170963250377,1
2019-12-06,0.0193161854449228,0.0105607981375248,63.63899955749512,0.002684228032317,0.0093672454416682,0.0088905787714382,64.8628719329834,0.0054044737206299,0.0058757205749822,0.0086803070276354,113.06091384887696,0.004190174903757,0.014880492896214,0.0075714970866647,109.31267776489258,0.004998231395418,0.0018975055899266,0.0079958139194672,273.61865386962893,-0.0012052595100067,0.0121389129101607,0.0062398739870903,141.18724060058594,0.000519197090684,0.016708539482366,0.0197200341605364,22.7541335105896,0.0036412392737646,0.0015394954810441,0.007312242297341,172.77974014282228,-0.0025202855468754,0.0094388259618607,0.0070253346333029,36.27825565338135,0.0020640190778217,0.0160797742581739,0.010556357239977,51.44338111877441,0.0040582749990432,0
2019-12-09,-0.014000530582884,0.0111607355539688,63.720639610290526,0.0021965408874902,0.0026878374379,0.0088961037232476,64.94710006713868,0.0082777445250418,0.0008548212988235,0.0084764191992617,113.41239624023436,0.0045502977638012,-0.0046653820256495,0.0077080574450944,109.48105697631836,0.0045054036121985,-0.0046143076850991,0.0081015658197334,274.30033721923826,0.0018140702485853,-0.0025696719144763,0.0059620649188237,141.46585922241212,0.0024230776339411,0.0108367765576875,0.0198396899415253,22.76210012435913,0.0028201723023439,0.0041169997683381,0.0073310363779608,172.9825408935547,0.0012514683101069,-0.0035063323682011,0.0069055085029254,36.28517227172851,0.0010437281954186,0.0021577592285506,0.0097742168311014,51.40193481445313,0.0036385114123068,1
2019-12-10,0.005844869494213,0.0111059597874026,63.79626064300537,0.0069315732985799,-7.450658586638514e-05,0.0086203393057689,65.05764465332031,0.0073504442567391,-0.003629708852991,0.0082507651759326,113.78488807678222,0.0041155434534585,0.0006697623817566,0.0076191018207478,109.67241706848144,0.0072102843294539,-0.0015568273815517,0.008056888919535,274.8588638305664,0.0010697875156063,-0.0015198385266215,0.0060110547385512,141.7265426635742,0.0024399684642839,0.0274203359732472,0.0200913205670185,22.77460012435913,0.0075098991739311,-0.0036078465506412,0.0073914145017258,173.1266891479492,0.0004089016618321,-0.0018432375534852,0.006872769184984,36.29480705261231,0.0016978874735879,-0.0086132599427865,0.0098631205196898,51.35414009094238,0.0034943428460004,1
2019-12-11,0.0085292770073417,0.0112096820360633,63.90234622955322,0.0068721653867628,0.0010126772658081,0.008601504085807,65.17421112060546,0.0038147575151041,0.0070715463082844,0.0080615378472999,114.22486038208008,0.0022927687528381,-0.0023794591439744,0.0074747989136436,109.88215942382811,0.0027892299408487,0.0049894397518555,0.0080729685672138,275.4799285888672,0.0022418825052101,0.0037716812660169,0.0059280592677327,141.9689468383789,0.0024709913315624,0.0110651807019233,0.0199989602794813,22.78383340835571,0.0116087255276432,-0.001371918369366,0.0074078327455147,173.24937133789064,0.0015639015620084,-0.0011752308065573,0.006879747961335,36.30109062194824,0.0014291030563749,-0.0014482003748944,0.009386923348096,51.338830375671385,0.0009359953678885,1
2019-12-12,0.0025483163398778,0.0110592165986738,63.98651638031006,0.0044476235406942,0.0031542862116213,0.0085837018157562,65.30383682250977,0.0032295079542262,0.0025536150321361,0.0079987852927495,114.68318672180176,0.002545198872247,0.0286182115050126,0.0093593406050451,110.28075485229492,0.0074247251226718,0.0074472219615953,0.0081523120264542,276.16016998291013,0.0016326064473453,0.0101515102341367,0.0062190102888312,142.27283172607423,0.0043945187938433,0.0197902165178778,0.020246431568053,22.82906675338745,0.0171642098466203,0.003461558763282,0.0074056810385297,173.41784744262696,0.0008276578185314,0.0063866405449131,0.0060508155095477,36.29072074890136,0.001860133155706,0.0200119867030708,0.010212678218692,51.39633312225342,0.0056376119744228,1
2019-12-13,0.013593545939412,0.0112009302943346,64.13715763092041,0.0033030956395921,-0.0012012846428149,0.0083983777605678,65.39730834960938,0.0011158019373296,0.0002828328047799,0.0079080502279957,115.1560432434082,0.0014266213182065,-0.0087666679543974,0.0097495768776104,110.62378158569337,0.0026952929525495,0.0132781632351792,0.0084793075865922,276.9520202636719,0.0039087379763958,0.0084183107000903,0.0063446643566516,142.60235977172852,0.0036503983518292,-0.003586460316868,0.0202097836345544,22.859200096130373,0.0131052098867735,0.0136881894990461,0.0079181474107516,173.67509689331055,0.0032573966221318,0.0044254065313737,0.006108762775597,36.293446922302245,0.0008574492696086,-0.0157805451223373,0.0108375227958013,51.42359104156494,-0.0007344519016793,1
2019-12-16,0.0171175419746711,0.011491977989219,64.30694332122803,0.0095267101511031,0.0102684042295662,0.0076753160789262,65.46461219787598,0.0026319152956628,0.0029000091796156,0.0049563730346335,115.48093147277832,0.001835658894365,0.0038740015853711,0.0097042842298063,110.95009574890136,0.0044031696747537,0.0029379602547303,0.0084745182079667,277.7303939819336,0.0054191915643617,0.0064708861309561,0.0059302589539904,142.88918075561523,0.0054585099609157,0.0644827395441025,0.0246315157748617,22.95696668624878,0.0238344024840565,0.0059414338945973,0.0079711579323746,173.98389129638673,0.0036222834473836,0.002078333292278,0.0050178884909373,36.32702121734619,0.0019743824017044,0.011122334687541,0.0108882813943473,51.45383548736572,0.0010584631901187,0
2019-12-17,0.0019652145367692,0.0114788659723445,64.4672155380249,0.0087507791596144,-0.0042701146167819,0.0073188409305895,65.55146675109863,0.0017927936894797,0.0124835400911946,0.0053194280378435,115.88431434631347,0.0050583086832021,0.0061159818849934,0.0096499277829198,111.26596298217774,0.005492413575401,-0.0032324789366571,0.0085663129848202,278.4587463378906,0.0050840612533406,-0.0054006350611283,0.006154947758188,143.1188751220703,0.0046823506540143,-0.0065792281027307,0.0246403841676345,23.053633403778075,0.0170344896688609,-0.0038662625419207,0.0080557436975045,174.2635696411133,0.0035706002491277,0.0061391945601605,0.004530850147321,36.35092678070068,0.0035708688244336,-0.0045715131375724,0.010691453873258,51.497148513793945,0.0018668125511615,1
2019-12-18,-0.0023891966015745,0.0114634476927959,64.62917385101318,0.0065670844378311,-0.002199432065238,0.0071930543602859,65.64890213012696,0.0011503718232705,-0.0025773208993546,0.0054361528961046,116.27265815734864,0.0031285352416743,-0.0010131119802919,0.0096634204558895,111.57765350341796,0.0057656830081375,-0.004256762331752,0.0081052296891552,278.9124008178711,0.0032348208366191,-0.0020685712103265,0.0062045048704441,143.33108978271486,0.0035143001587456,0.0373623964559823,0.0252341885027964,23.165733337402344,0.0222939328196728,-0.0033416960464552,0.0072213060469984,174.36522750854493,0.0031766447137098,-0.0117084362676999,0.0052609714641224,36.35863666534424,0.0014642277322051,0.0027267236437911,0.0103704773589042,51.57369403839111,0.0027017973548986,1
2019-12-19,0.0010009781024857,0.0109792382084916,64.83183422088624,0.0062576167903527,0.0033510570763737,0.0068295464820375,65.78415336608887,0.0011897259962209,0.015084701395625,0.0059469402025278,116.70476112365722,0.0056347525143721,-0.0049984711515929,0.0095509268936592,111.90020713806152,-0.0009576535231835,0.0094660362647882,0.0082809565181418,279.4969116210938,0.0036385836972577,0.00868011694928,0.006354397622724,143.61892318725586,0.0032200215017743,0.0276994187280248,0.0250042137374616,23.338466739654542,0.0238757732617022,0.0088695982657804,0.0072669361185403,174.5981346130371,0.0042582526142095,0.0018356528469412,0.0050369719337299,36.38124580383301,0.0005540301926107,-0.0068700291005159,0.0105300218929453,51.62447509765625,-0.0026746058058187,1
2019-12-20,-0.0020710014320297,0.0109038243292836,65.04172039031982,0.0031247073160643,-0.0038485222723111,0.006918547418601,65.91073074340821,0.0006602784703217,0.0048848116915776,0.0059526619599286,117.14577865600586,0.0065551482917316,-0.0008007365233836,0.0095869905364486,112.20563125610352,0.0006355327630191,0.0034954620504266,0.0081872837546164,280.1761901855469,0.0016820434603072,0.0109179547567734,0.0066121698481016,143.99372482299805,0.0037199503131109,0.0038362235064708,0.0250152793896469,23.50766677856445,0.0253603100263699,0.0078268659612141,0.0069082548954726,174.98520126342774,0.0030859879066431,0.001748473456584,0.0048782161347338,36.39597072601318,1.864357765277713e-05,0.0079265973353188,0.0092026067246964,51.63455715179443,0.0020668226857125,1
2019-12-23,0.0163181835496075,0.0112316078630388,65.30928554534913,0.0029648356310516,-0.0004366835609544,0.0067517598767994,66.05187873840332,-0.0014807390877823,0.0026016771991854,0.0056358415112762,117.53505363464356,0.0064954818956456,-0.0002915856484777,0.0095660005015573,112.47345123291016,-0.0001975846837505,-0.0043542938523698,0.008070547186677,280.8833694458008,0.0002235926388871,0.0,0.0066251767725116,144.36332626342772,0.0024257730869197,0.033605362941983,0.0198217355382621,23.79493341445923,0.019184834705946,-0.0048936162252559,0.0070200311445481,175.34840545654296,0.0009189778826725,-0.0104748164230736,0.0053690058120044,36.399067115783694,-0.0024919863654175,0.0050040115207516,0.0091963598519162,51.66890907287598,0.0008431580523546,1
2019-12-24,0.0009506028943973,0.010794529973601,65.52483081817627,0.0027619133025772,-0.0045904288845399,0.0066977097808239,66.14800148010254,-0.0015448019413339,-0.0034826031685327,0.0058065120970194,117.9005241394043,0.0033022532437001,0.0027695739618123,0.0095419962871339,112.72789993286132,-0.0008668662683867,0.0007064472998956,0.0072303538518055,281.3581909179687,0.0010113778861977,-0.0001908435108848,0.0063451987137776,144.65399856567382,0.0034677313969684,0.0143838710428128,0.0198250450287381,24.091300106048585,0.0233774545350547,0.0026192259197497,0.0068664652400277,175.6634048461914,0.0022160755750066,0.0040326074842933,0.0053600041783967,36.41616859436035,-0.002913303780591,-0.0038411872274273,0.0090999712286074,51.71035575866699,0.0009892232343836,1
2019-12-26,0.0198401735626536,0.0110624584076445,65.83333606719971,0.0072077873354229,0.0134182333027801,0.007161460563356,66.27058906555176,0.0015787311322696,-0.0006853737633966,0.0058257879726696,118.2622329711914,0.0036806426708917,0.0106122966333175,0.0097163212168402,113.03583030700683,0.0014582154543351,0.0057822530859261,0.0072187901958186,281.83060760498046,0.0030191809697333,0.008196862553315,0.0064564917039156,144.96782836914062,0.0055208181496967,0.0133803700525414,0.0181340148622496,24.43136682510376,0.0185810492543665,0.008476674380327,0.0068532170597891,175.9788795471191,0.004579749660363,8.400651003381832e-05,0.0053439471480718,36.42932281494141,-0.0005548152250442,0.0015710408475726,0.0090675101562861,51.76225757598877,0.0007580866751399,0
2019-12-27,-0.0003793958339889,0.0109184859462738,66.09776935577392,0.0069317125481279,-0.0057469537100414,0.0073441984220299,66.37592964172363,-0.0002408710250133,-0.0005485623270518,0.005874026200319,118.59637489318848,0.0005539899263563,0.000719297145433,0.0097269404194812,113.33164558410644,0.0026017691137403,0.0051466638595303,0.0071142595472192,282.2654968261719,0.0021553064886817,0.0018278650999541,0.0064566796003478,145.2816604614258,0.0041503677798315,-0.001299523417347,0.0183934719594627,24.76166677474976,0.0127812608252922,0.0012157328301609,0.0065781434311743,176.21846618652344,0.0030489765732391,0.000585590212798,0.0052610602579251,36.45007514953613,-0.0008048277518728,-0.0034223157273999,0.0091163713203027,51.80669078826904,0.0014476293497631,0
2019-12-30,0.0059351196774786,0.0108262421834943,66.3900182723999,0.0085329367700296,-0.0110213508629462,0.0076893712763465,66.46419639587403,-0.0016754367431403,-0.0030875211870737,0.0059307495575683,118.92257995605468,-0.0010404766493739,-0.0036655555562117,0.0097690358991951,113.61868476867676,0.0020288053071746,-0.0100417121492567,0.0075704984637512,282.5296035766602,-0.0005521283512548,-0.0086188661510619,0.0066433165211357,145.57516632080078,0.0002430035982644,-0.0364328724217604,0.02121184448938,25.044200134277347,0.0047274416396459,-0.0082367889875887,0.0069203819545085,176.3769187927246,-0.0001637544165213,-0.0015888873648431,0.0052558649193825,36.46291656494141,-0.0014722999161583,-0.0058663108518381,0.009002822228188,51.8570987701416,-0.0013109522876682,1
2019-12-31,0.0073063938743436,0.0101628225964196,66.74512348175048,0.0067305788349768,-0.0002387750175145,0.0070674923020138,66.58941040039062,-0.0016358550344524,0.0039228341456849,0.0058692484028822,119.27802352905272,-0.000776245260074,0.005554060179874,0.0097226752874341,113.95001220703124,0.003197934472845,0.002921981693162,0.0058036272239467,283.1126663208008,0.0009031267578514,0.0006983800307971,0.0057706525669945,145.96036834716796,0.0003826796044239,0.0087532673750394,0.0212073314969285,25.322400093078617,-0.0002429774737427,0.0003726811048041,0.0058655297333625,176.66852951049805,0.0008895050494906,-0.0046898498071096,0.005365317555053,36.46433029174805,-0.0003153065929655,0.0043178235757725,0.0090039914652354,51.90788021087646,-0.001448189876664,1
2020-01-02,0.0228163507884879,0.0093108225658641,67.237624168396,0.0111037284137949,0.021868303321294,0.0083478341966156,66.77263603210449,0.0036558914067144,0.0006855932134413,0.0058023253779897,119.64599723815918,5.739401632081087e-05,0.0121235151880261,0.0091705731147354,114.42256202697754,0.0050687227180878,0.0160756501182033,0.0065929658771861,283.89681549072264,0.003976967321513,0.0185161623356822,0.0066696359473638,146.49491958618165,0.0041240807737373,0.0285181750157113,0.0214636006409733,25.63593339920044,0.0025838833208369,0.0171366889814859,0.0067981623912712,177.10857086181642,0.0037929976618378,0.0008414343394003,0.0052269521481597,36.47653388977051,-0.0009535412219441,0.0160504491420145,0.0093415951305231,52.02064476013184,0.0025301373972243,0
2020-01-03,-0.0097218167304858,0.0100539994175677,67.66738891601562,0.005191330355167,-0.0052313905025158,0.0076366558025073,66.87815017700196,-7.403335434479353e-05,-0.0115777111494308,0.0058363345453261,119.8506591796875,-0.002121073460886,-0.0131963544574962,0.0091966776674822,114.71035842895508,0.000306992499925,-0.0097565142136614,0.007129855420071,284.55059509277345,0.0008692138615955,-0.0124519826180167,0.0075827942499541,146.9094200134277,-5.688260529046474e-06,0.0296332582979208,0.0211256097151927,26.002533435821533,0.0058344609699128,-0.0079532096633917,0.0068604690753017,177.53811264038086,0.0005070208530941,-0.0088280531590014,0.0056160712084776,36.47241497039795,-0.0027359531557511,-0.0080394116693913,0.009350708552631,52.083374977111816,0.0006080468938315,1
2020-01-06,0.0079680281936764,0.0098760113662947,68.07945175170899,0.0068608151607001,0.0266539445382134,0.0094417748246216,67.0537181854248,0.0064061462953061,-0.001247224319779,0.0058742067362018,120.04028663635252,-0.0022608058594314,-0.0007950499680117,0.0092002917639436,114.96344604492188,4.123077236095618e-06,0.0026630416192103,0.0068688431988578,285.09806060791016,0.0003724894135315,0.0025848728761554,0.0075633087290814,147.33951797485352,0.0001457132947112,0.0192546370451349,0.0204618114970581,26.40643339157105,0.0099452930624092,-0.0021622642479817,0.0068414503140527,177.88652114868165,-0.0001685785625344,-0.0020358008669439,0.005535980217584,36.457007026672365,-0.0032602313716995,0.0076780037887409,0.0093859023584522,52.17522983551025,0.0028281107970597,0
2020-01-07,-0.0047028704353172,0.0096451221849829,68.41276359558105,0.0047332171381409,-0.001931241162749,0.0093560878240277,67.19179496765136,0.0082241682353456,0.0061067542092116,0.0058832398909652,120.23241882324218,-0.0004219507801743,-0.0170005287049512,0.0096509029031763,115.0349899291992,-0.0026628715525118,-0.0033860862789695,0.0069717916455252,285.5699981689453,0.0017036145875889,-0.0091178243330509,0.0077004739572096,147.61506423950195,4.592165831343032e-05,0.0388005246581539,0.0210919875055256,26.850333309173585,0.0249919724783921,-0.0026431616072538,0.0069194808892707,178.19769897460938,0.0009501469135325,-0.0092647016471915,0.0053612048866007,36.4078842163086,-0.0047953942281692,-0.0081840875879368,0.009004710663994,52.20435390472412,0.0023645554498399,1
2020-01-08,0.0160861850992601,0.008851898364077,68.84951324462891,0.0064891753831243,0.0071174663880868,0.009423392146005,67.345556640625,0.0096954165164659,-0.0001380233382282,0.0058943019389559,120.41870307922365,-0.001234122276957,0.007800608230994,0.0096903733433,115.17742729187012,-0.0022135619422878,0.0176444821320618,0.0076562240411616,286.36122741699216,0.0046481146753689,0.0159284366124683,0.0082264353162751,148.0276725769043,0.0030919329746476,0.0492048257881216,0.0222125843225972,27.359033393859864,0.0330822841610085,0.017118150302102,0.0077152867207465,178.62724075317382,0.0042992407529921,-0.0034316810893165,0.0053596488181987,36.35906639099121,-0.0045437604846106,-0.0150802353635585,0.0096493150085423,52.1882984161377,-0.0015150563380262,1
2020-01-09,0.0212406901014388,0.0094479058083128,69.34502410888672,0.0061740432457144,0.010497923883697,0.0095782873143413,67.5361171722412,0.0074213406289465,0.0029663678079348,0.0057706886362126,120.6442481994629,-0.0007779673580583,0.0036514667410401,0.0097031357256669,115.33712959289552,-0.003907971631685,0.0131105386180527,0.0079151754955522,287.3667938232422,0.0040550923753388,0.0124928056233708,0.0084297999428673,148.54567947387696,0.0018872616321853,-0.0219450119000973,0.0239020288625657,27.800699996948243,0.0229896467778468,0.0069299572891405,0.00764053031719,179.1517562866211,0.002257894414523,0.0103303865967814,0.0059578659468183,36.331911277771,-0.0026459700331344,0.0076557498734581,0.0095941329148202,52.214436531066895,-0.0031939961917375,0
2020-01-10,0.0022610265586466,0.0095051997004501,69.82139053344727,0.0085706119035409,0.0064586682314582,0.0096012487555129,67.74603118896485,0.0097593523757413,-0.0022699264489808,0.005708641257976,120.81466102600098,0.0010835895820316,-0.0099678227587067,0.0100043064017282,115.45259628295898,-0.0032622652919271,0.0066967090124783,0.0079408868697327,288.4027984619141,0.0073457370205667,-0.0046269605775708,0.0086246089334256,149.0012985229492,0.0034522660402745,-0.0066272976331741,0.0244350779337357,28.218866729736327,0.0157375355916278,0.0026910312029586,0.0075730226089319,179.7130256652832,0.0043867425877931,-0.0083504308860262,0.0061969729178432,36.29194164276123,-0.0025504455785393,-0.0088877322626308,0.0098172294713846,52.22115840911865,-0.0033636603103854,1
2020-01-13,0.0213641761955774,0.009973109814202,70.36928329467773,0.0112498415039211,0.007746817082685,0.0096572793759817,67.97286949157714,0.0059779268846356,0.0044119823838026,0.0057426938191839,120.99676856994628,0.002215430922748,0.0083044122211046,0.0078617043086043,115.45513763427736,-0.0014423728541038,0.012983156639325,0.0081744638502723,289.52949981689454,0.0094097600245896,0.0120244276483296,0.0087146682822063,149.47582473754883,0.0053401769947094,0.0976889588509331,0.0305736267484548,28.76946668624878,0.0314243999527874,0.0080508494851079,0.0076516796925192,180.3186798095703,0.006429365334411,-0.0042963174161247,0.0059746407069477,36.23274974822998,-0.0030025488883755,0.0095457762319155,0.0089443677414805,52.20099487304688,-0.0029901058217504,0
2020-01-14,-0.0135030960211832,0.0109417006175522,70.82120399475097,0.0094897963867479,-0.0065552884450921,0.0098616364125876,68.18032989501953,0.005053117428167,0.0056281098464623,0.0058053520669054,121.21145668029786,0.0021197020501981,0.0116619656546872,0.0079818848908148,115.5755142211914,0.0042901260178238,-0.0144979733426857,0.0088295071696265,290.24940338134763,0.0071873826118464,-0.0070429448604841,0.0089122421131981,149.83502807617188,0.0057551528892227,0.0248828221202008,0.030100945141398,29.367899894714355,0.0286408594451968,0.0036858486343629,0.0072601595158552,180.83937759399413,0.0076951673827344,0.0025894311289542,0.0058902386063543,36.17005023956299,-0.0006317223331463,-0.0085959835060509,0.0084208593729234,52.19987449645996,-0.0030724850053733,0
2020-01-15,-0.0042856452464443,0.0108920816399323,71.20027389526368,0.005415430317607,0.0060185442743554,0.0097433416625426,68.37485466003417,0.0048333330054207,0.0033438795348152,0.0058106122310397,121.42948379516602,0.0028160826248068,-0.0149860137858228,0.0087140440315822,115.58628044128416,-0.0002671983855395,0.011621169868716,0.0090623192438203,291.1013580322266,0.0059827201591772,0.0064762037892454,0.0089123687444493,150.19659652709962,0.0038647063245781,-0.0361020135130578,0.0308350836036097,29.824566555023196,0.0115794915849609,0.0191278603056619,0.0081016613305091,181.4865524291992,0.0080971093834464,-0.0077469385075725,0.0059659973475052,36.089806175231935,-0.0014947738167975,-0.0015897309991491,0.0080077343454835,52.16589527130127,-0.0003743841324914,1
2020-01-16,0.0125265329915702,0.0109725109849944,71.6196834564209,0.0036725988956333,0.0076152187571731,0.009648008829195,68.61093635559082,0.0042567919801159,0.0080947352909237,0.0054591580492052,121.62328414916992,0.0038417561214046,0.0038766410150397,0.0086472108433759,115.5842384338379,-0.0002221635307396,0.0192519543009133,0.0096330498458335,292.2909271240234,0.0072110032957493,0.0183233713127639,0.0093802146678142,150.7391830444336,0.0050308194624568,-0.0096624776360147,0.0309608412116206,30.27289981842041,0.0140359984377774,0.0057555957603263,0.0079216985589824,182.22297744750975,0.0078622370776835,0.0053781499116583,0.0059121158163217,36.00773105621338,-0.0024852211538222,-0.0039079037160424,0.0079918742136222,52.1337833404541,-0.0026871148503915,1
2020-01-17,0.0110707822595752,0.0108475947786502,72.08918495178223,0.005434550035819,0.0202459874417171,0.0102436569312222,68.92715721130371,0.0070142558221677,0.006545329902277,0.0054723417784004,121.8730541229248,0.0056048073916562,0.0069218451229717,0.0087784534849688,115.62799377441408,0.0031557700455961,0.0104901142288531,0.0095264594773106,293.70296783447264,0.0079696843390243,0.0055964947763393,0.0092914068321855,151.34084701538086,0.0070755105332388,-0.0058228941569139,0.0308797878262087,30.664066505432128,0.0141968791330294,0.0186611263895473,0.0083594677971713,183.16796417236327,0.0110562561150012,-0.0081105314903507,0.0056584458953652,35.93297843933105,-0.0024372412746871,-0.0037778286136394,0.0079821229803646,52.08486919403076,-0.0016651341205932,1
2020-01-21,-0.0067769703471766,0.0111928596738251,72.52930450439453,-0.0001936792727317,0.0018452893202436,0.0102586067161446,69.23891716003418,0.0058339502696794,0.0006706099158306,0.0045360580823614,122.03678474426268,0.0048565328980618,-0.0098409306859525,0.0089996097077549,115.6433895111084,-0.0004732985358153,-0.0053450422201082,0.0097184713416873,294.89745178222654,0.0043040445671377,-0.0035906065197006,0.0093716344250171,151.85082244873047,0.0039525036996327,0.0718903061927893,0.0334192628969625,31.141266441345216,0.0090371486014007,0.0126529491855529,0.0084902710174651,184.1582946777344,0.0119766760550902,0.0054800175880853,0.0058463841543329,35.86448001861572,-0.000481974273845,-0.0142940622011128,0.0084334631128965,52.01728572845459,-0.0064331018071989,1
2020-01-22,0.0035699171485814,0.0110432203323846,72.99001579284668,0.0032209233612211,0.0010927754065088,0.0101054654463792,69.567626953125,0.0073635630399996,-0.0068334589055724,0.0048032042212971,122.12825546264648,0.0023642191476548,-0.0011691851947317,0.0090020836936833,115.65665283203126,-0.0030395287056991,0.0073928998210712,0.0097455844719922,296.15655212402345,0.0086822191998891,-0.0048050504122132,0.0093670118773813,152.24263534545898,0.0044000825892869,0.0408626444406172,0.03374577726952,31.68783321380615,0.012233113065484,0.0029428548954526,0.0084846574405841,185.1080574035645,0.0118280773073082,0.0044124284808337,0.0059627676045114,35.800559425354,-0.0001173748034691,-0.0057709836583405,0.008198783272681,51.914602279663086,-0.0058681018376568,1
2020-01-23,0.0048156162615744,0.0108015436332833,73.4142406463623,0.0050411756628249,0.0005525345629768,0.0100811794828358,69.8998306274414,0.0062703610977239,0.0018889043793985,0.0047914139084845,122.21555061340332,0.0020732241165715,-0.0010242677517674,0.0090054832052962,115.66570129394532,-0.000247179498888,0.0020660452740617,0.0095508582389945,297.5104721069336,0.0067711942809582,0.0061560630967241,0.0093778353457798,152.6826599121094,0.0043360544507827,0.004635122144013,0.0336464012996142,32.197766590118405,0.0203805401968981,-0.0066378834617751,0.0086007142813686,186.03586502075197,0.0066749285538208,-0.0024980500305673,0.0056047913703292,35.75143661499023,0.0009324028919318,-0.0062509037547389,0.0080801812118167,51.78316841125488,-0.0068003363887748,0
2020-01-24,-0.0028819330356695,0.0109275876822844,73.82413635253906,0.001959482457377,-0.0124738945612969,0.0106076645725642,70.20150527954101,0.0022525384340299,-0.0014138382625107,0.0047176811755071,122.31537590026856,0.0001715094058846,-0.0248278164136049,0.0105581853267336,115.51632499694824,-0.005988070984617,-0.0040310719159917,0.0097093220300044,298.7911834716797,0.0021145890375772,-0.010077076398836,0.0098013667606616,153.0446990966797,-0.0013440350915372,-0.0128976031808254,0.0342711135911703,32.66299991607666,0.019733515087936,-0.0073599918013321,0.0090245275013708,186.8677421569824,0.0040518110414891,-0.0124341913921488,0.0059692748143795,35.67302303314209,-0.0026300653688295,-0.0067394539629264,0.0081306809999003,51.64501361846924,-0.0073666464381516,0
2020-01-27,-0.0294052195707829,0.012942611489934,74.05340881347657,-0.0061357179086946,-0.0234895456717425,0.0120657615838363,70.37313423156738,-0.006494568188662,0.00289910688099,0.0047254359895468,122.43733863830566,-0.0005577351983727,-0.0084115160739481,0.0102854970642154,115.25885047912598,-0.0090547432240009,-0.024407534910513,0.0116300016145007,299.6085891723633,-0.004864940790296,-0.016723010576171,0.0105818304673938,153.21532135009767,-0.0058079361620393,-0.0120392728355793,0.0347952784702714,33.086599826812744,0.0184902393522029,-0.0161462566496939,0.0100710835045473,187.4657600402832,-0.0029096655663591,0.0130280169704417,0.0068624056313258,35.617187309265134,0.0015976443233289,-0.0238240444687357,0.009326914834625,51.44375495910644,-0.0113758896091708,1
2020-01-28,0.0282892977493987,0.0140572901265909,74.38924903869629,0.0008775357106204,0.0131099163627139,0.0121198305523047,70.61067848205566,-0.0042416427801679,0.0050417789500891,0.0047937113167625,122.5939670562744,0.0003164986084789,0.0181775193985407,0.0112436943526212,115.09811592102052,-0.0034510532071023,0.0142507680967691,0.0119004776137303,300.5686859130859,-0.0009457787269205,0.0195956725153876,0.011356686072621,153.52253341674805,-0.0011706803550217,0.0159133832220446,0.0346207048854503,33.541666412353514,0.007294854758054,0.0057512760931144,0.0100736911231925,188.1081642150879,-0.0042900001848468,0.0063870706387048,0.0070758984129144,35.57157306671142,0.0017790549334528,-0.0013901082648003,0.0093440106089754,51.24809761047364,-0.0087950988219083,1
2020-01-29,0.0209322512628007,0.0145191282449509,74.78445396423339,0.0043500025334642,0.0042743678233867,0.0116282963887039,70.90058326721191,-0.0036053242967923,0.0069566757946792,0.004837791773552,122.81283073425293,0.0030745255485292,-0.0014878171683453,0.0112305315475478,114.95028076171874,-0.003514779601825,0.0001558720183914,0.0115115365544383,301.67646942138674,-0.0023931842874564,0.0155929638396992,0.0114477505168635,154.01643981933594,0.0029089224953607,0.0248545137699036,0.0325314935103439,34.09596633911133,0.0040932286239113,0.0099088307817667,0.0097749416095539,188.9209518432617,-0.002896805007584,-0.0060889763001078,0.0071585940733671,35.51802654266358,-0.0003212260227354,-0.0083526551974664,0.0093887156187023,51.04758605957032,-0.0093114331297335,1
2020-01-30,-0.001449080015862,0.014591973774256,75.14835128784179,0.0030970632779769,-0.0016816516095106,0.011662096012861,71.18521041870117,-0.0040521615312898,-0.0011957241259563,0.0048540584613709,123.00036888122558,0.0024575998474582,0.0123670732411185,0.011546090789299,114.84007949829102,-0.0008365114032478,0.0129247802334453,0.0116875592194391,302.94183654785155,-0.0002214372955797,0.0282073928003223,0.0127051132615171,154.72917251586915,0.0073191884360804,0.1029622586653555,0.0376221603643955,34.837566471099855,0.0237586559281798,0.0163525259476366,0.0100773405644872,189.89028244018556,0.0017012768742983,0.0059536652811533,0.0073005661539346,35.4835485458374,0.0013691170396086,0.0106068267229471,0.0097782072145178,50.86126346588135,-0.0059398870341963,0
2020-01-31,-0.0443384499692078,0.0176790074922819,75.25865364074707,-0.0051942401087306,-0.0147637170142549,0.0116154884775348,71.34405212402343,-0.0045101260218814,-0.0099096226187025,0.0054876731451206,123.12149543762207,0.0007584429762199,-0.0259768601895964,0.0123975046034131,114.51083106994628,-0.0010663201584461,-0.0262589503839448,0.0131800158608507,303.5658645629883,-0.0046670129891704,-0.0147583935280116,0.0129700694354071,155.1833755493164,0.0063829250102452,0.0152306904735051,0.0376220418270825,35.5719331741333,0.0293843146590459,-0.0443780263206787,0.0146088511129419,190.26493988037103,-0.0057023300295709,-0.0179275224640981,0.0082099794522761,35.41566104888916,0.0002704508252187,-0.0412103071811579,0.0118644390605162,50.53342456817627,-0.0128340576778426,1
2020-02-03,-0.0027465444297112,0.0175108027252071,75.39388046264648,0.0001374949194836,0.0347713814626695,0.013527201359357,71.64409141540527,0.0071420594050009,0.008732674742145,0.0048839694082704,123.3675090789795,0.0019251565484509,0.0076306128684655,0.0123525589140626,114.30184440612793,0.0021421056300366,0.0271570684334183,0.0139810083407693,304.74560546875,0.0056459076796158,0.0243789943062704,0.0132734307418076,155.92825317382812,0.0146033259867335,0.1989485937639492,0.0547094073190764,36.69523315429687,0.0715818879789516,0.0092474631981864,0.0144906130110704,190.7999588012695,-0.0006235860599948,-0.0019215333827657,0.0080456328647093,35.36043586730957,-0.0027194592454227,-0.0223760080132049,0.0123828145707036,50.17496738433838,-0.0125444503867365,1
2020-02-04,0.0330135875452788,0.01880748784862,75.62327308654785,0.0010823528786596,-0.0250841893654084,0.013978042959394,71.7620460510254,-0.0004967617406235,0.0095223996950808,0.0050946422144711,123.680765914917,0.0028212806974492,0.0143960042199744,0.0128708503034242,114.17821807861328,0.0013858025943233,0.0141746764846295,0.0141578678035188,306.1084457397461,0.0056306893571879,0.0329162226430213,0.0146633145110422,156.92504196166993,0.0172674360122603,0.1372564022357647,0.0596309403590309,38.14696645736694,0.0958504917816956,0.0136945026558323,0.0146277432247562,191.48579254150388,0.0009650592525487,0.0087512968186829,0.0083649849432823,35.324127769470216,-0.002246614009427,-0.0125139479850553,0.011917124962813,49.76797046661377,-0.0147692183307875,0
2020-02-05,0.0081545597824363,0.018740819620761,75.90095252990723,-0.0014731854174131,0.0004425211371739,0.0139550350059725,71.88827514648438,-0.0012631310778661,0.0157650840775567,0.0058509060714866,124.05709228515624,0.0045829623540247,0.0170002949745102,0.0128910077371502,114.25012130737304,0.0050834250228944,-0.0024307401236024,0.0141310928286692,307.4818176269531,0.0051133669287891,-0.0012216004336855,0.0143274539350295,157.97996368408204,0.0139045231575833,-0.1717583947927872,0.0755536410290956,39.032433128356935,0.0565279100691574,-0.0036843082753618,0.0146535984600719,192.15969848632807,-0.001753568558877,0.0133596061806198,0.008709475985626,35.3279411315918,0.0016431024867184,0.0460224234367894,0.0170086288790479,49.48568553924561,-0.0038942026039363,1
2020-02-06,0.0116967622732875,0.0186158446535666,76.16610832214356,0.0011559830404167,0.0206910346975799,0.0145405736604376,72.06404151916504,0.003211406183552,-0.0029869558956348,0.0059657840062442,124.41504287719728,0.004224716000089,0.0001456482140027,0.0127824219933225,114.27829666137696,0.0026391400174713,0.002984661352948,0.0137977196757069,308.6475662231445,0.0031253431526897,0.0207339249338833,0.0145285016835022,159.09254837036133,0.0124098295842955,0.0194093169425444,0.0753524937980475,39.88849983215332,0.0398173217245952,0.001133829832832,0.014316308244357,192.6904205322265,-0.0047973077818379,-0.0042802881225804,0.0087298517616921,35.33022918701172,-0.0004036881940283,-0.0135497843993445,0.0169668229961132,49.211242294311525,-0.0087255248283946,0
2020-02-07,-0.0135925685607085,0.0185153699189383,76.30048751831055,0.0073051593221165,0.0021273690930621,0.014420209858162,72.21103782653809,0.0065896234050154,-0.0106819742821685,0.0066931980543179,124.6865337371826,0.0040702456673958,-0.0031977949606066,0.0127802783419184,114.26694183349608,0.0071949530632692,-0.0069843672490708,0.0138244451875752,309.5098342895508,0.0069802597796645,0.0014160818336892,0.014518509945506,160.12289733886718,0.0156447246566357,-0.0011883238056313,0.0748291911434363,40.77759990692139,0.0365335188687679,-0.0014773088540745,0.0143157672179218,193.14335021972653,0.0037828357114829,0.0012035035756288,0.0083992536918508,35.31634635925293,0.003422517013917,-0.0066258338425948,0.0166839439295693,48.9016996383667,-0.001808630160682,1
2020-02-10,0.0047494871197788,0.0185260289588574,76.44478302001953,0.0088043656320146,0.0199783603669163,0.0149404587133797,72.40853691101074,0.0036310191858647,-0.0001974659538089,0.0066359803758571,124.97055625915527,0.002284217528205,0.004155516431032,0.0125904901660768,114.33716316223143,0.0064999337757825,0.0100308795947661,0.0138924520813227,310.4303970336914,0.003555022011934,0.0261569133901176,0.0149112348151197,161.41603088378906,0.0160003084734051,0.0310264963298576,0.0744664451717041,41.75469989776612,0.0029490993819496,0.0160302490556041,0.0146324321892263,193.726570892334,0.0051393928829664,-0.0103046638755384,0.0085078213806366,35.29910774230957,0.0017458909153625,-0.0105611067335832,0.0167024544267396,48.59106731414795,0.0005543500952422,0
2020-02-11,-0.0060331779081287,0.018029782786083,76.48582763671875,0.000995012541333,0.0009280371712814,0.0148999356385046,72.58207397460937,0.0088334644932027,0.0008559349907992,0.0066244420569037,125.2332763671875,0.0005509245873487,0.0018877423597214,0.0124672850023935,114.37080268859864,0.0039982814037319,0.001937589348447,0.0136960568874974,311.18717498779296,0.0011076045846975,-0.0225757580942083,0.0163532513648063,162.41612701416017,0.0049019123259592,0.0040192609370288,0.0726982380978813,42.58643321990967,-0.0236983288777975,-0.0099520278453766,0.014867935577087,194.13749618530272,0.0004100867827246,0.0013014673265743,0.0084667182385423,35.29178524017334,0.0002559250169408,0.0095063298123989,0.0167004922467489,48.27738018035889,0.0049584056547331,1
2020-02-12,0.0237475918031868,0.0184065111468119,76.67002182006836,0.0041136189454831,0.0056750962780507,0.0147598166203353,72.80023918151855,0.0098799795213781,-0.0059214034078204,0.0068049746377394,125.4241554260254,-0.0037863729097266,0.0,0.0121805299122514,114.33716163635252,0.0005982224088299,0.009790681163736,0.0131741590256684,312.320166015625,0.0035518888421652,0.0014640379914707,0.0160982837857099,163.48333740234375,0.0054390400109905,-0.0091556579336954,0.0730278664266425,43.351000022888186,0.0088222184940208,0.0171620051302048,0.0152364935759933,194.68110504150388,0.0045793494638379,0.00389954381632,0.0084942421924813,35.28675022125244,-0.0016360874559191,0.0122253475333702,0.0171890218567075,48.0141242980957,-0.0018010095259506,1
2020-02-13,-0.0071208255992724,0.0184727486511138,76.84222946166992,0.0003501013709712,-0.0034502724678251,0.0148128302200231,72.98408432006836,0.005051718088297,-0.0066187027224187,0.0070283971907428,125.5528018951416,-0.0045127222750834,-0.0008697151002656,0.0116783933228184,114.38593978881836,0.0003951497459762,0.0050279822635703,0.0130484211325849,313.3601928710938,0.0039605530242897,-0.0054137756943074,0.0163235195057858,164.4536590576172,0.0002094998853523,0.0478436525517798,0.0720136826693297,44.302666664123535,0.0145090856158679,0.0012552474723204,0.0147535146841942,195.0581649780273,0.0046036329917356,0.0137248386501815,0.0088282697657956,35.319702529907225,0.0019649378986332,-0.0055492327558595,0.0171678141841012,47.74209842681885,-0.0002008991972536,1
2020-02-14,0.0002463204903917,0.0183223045636734,76.96844062805175,0.0031178791811912,0.0035284372943045,0.0147684220503458,73.15400314331055,0.0053319317285455,0.0002664049756027,0.0068312677328487,125.63341445922852,-0.0023230464235292,-0.003045797231438,0.0116752471385514,114.39477195739748,0.0004255492918099,0.0152156072543176,0.0128196930253846,314.35494232177734,0.0084005479249674,0.0089269450868323,0.0160857330988863,165.36017303466798,0.0017116725359809,-0.0049377556683484,0.071902979166591,45.25780010223389,0.0137591992433244,0.013934489252031,0.0149734749423398,195.5184715270996,0.0076859926129567,0.0038315926100755,0.008794294217428,35.35006122589111,0.0024905557055226,-0.0045955062689625,0.017165322047415,47.46954879760742,0.0002051663174727,1
2020-02-18,-0.0183106633911126,0.018713330168767,76.98080902099609,-0.001494150920987,0.0004672769783782,0.0141613788843148,73.25292587280273,0.0014297150508379,-0.0065944742077885,0.0068681561374269,125.63216018676758,-0.0036024480743251,-0.0132404492080308,0.0119267395714722,114.2871238708496,-0.0030536438360026,0.0008502632685245,0.0127122237578473,315.20180053710936,0.0065644246597191,0.0101428214606331,0.0161177898619244,166.31158752441405,-0.0014911458499158,0.0729597130158357,0.0722909681497489,46.417466735839845,0.0221458425805201,0.0043273662553937,0.0144922417669563,195.8432991027832,0.0053454160529146,0.0147594502319545,0.0090458705030458,35.421304893493655,0.0075033785270212,-0.0126958621788533,0.01723525845969,47.17754287719727,-0.0002217847715812,1
2020-02-19,0.0144826065263818,0.0188914624046448,77.074951171875,0.002609005965915,0.0035737591612152,0.0141693375767129,73.3585391998291,0.0019588594488247,-0.0013406325505118,0.0068727325306289,125.61837654113768,-0.0040417615825873,0.0136390887691137,0.0121503853837372,114.31445655822752,-0.0007033745541241,0.0097291559162886,0.0126553087542957,316.2919235229492,0.0081227379732874,0.0029994557181962,0.0159819362810035,167.3179023742676,0.003623896912565,0.0687558089532556,0.0721959492819083,47.65153331756592,0.0350931521837654,0.0099905729489968,0.0143986296864376,196.14536132812495,0.0093339362117893,-0.0163003508534305,0.0098813721337788,35.453189277648924,0.0039830148910202,0.0076820508119574,0.0173717231874799,46.93955211639404,-0.0005866405716695,0
2020-02-20,-0.0102588572343215,0.0190598348492852,77.11541213989258,-0.0041922838415865,-0.0051675055395695,0.0142480496128441,73.44061241149902,-0.0002096609146993,-0.0038271460872532,0.006749207703845,125.62338905334472,-0.0036229101184739,0.0,0.0121457188533752,114.34851684570312,-0.0007033745541241,-0.0003189096800717,0.0126472567857079,317.2621047973633,0.0061008198045259,-0.0152714203329488,0.0165219605364068,168.22648544311522,0.0002768052476811,-0.0196311050979861,0.0729202804888958,48.75103321075439,0.0329980627509073,-0.0087198788858317,0.0145766524703525,196.3294067382812,0.004157559408582,8.48878847776735e-05,0.009848725517278,35.47744522094727,0.0032200837047117,-0.0079546488288729,0.0173850166518684,46.69794425964356,-0.0046226398441181,0
2020-02-21,-0.0226350310305526,0.0197246197987849,77.04994163513183,-0.0072951249278426,-0.0221029947537974,0.0151728622815058,73.43756561279297,-0.0039402053718937,0.010514671288639,0.0071365772758972,125.68186569213869,-0.0001962353162623,-0.0122190653524822,0.0124668682121021,114.31782035827636,-0.0029732446045674,-0.0137901397792338,0.0131999419629043,317.97119293212893,0.002337195395965,-0.0316126188252341,0.0184990982994787,168.81055755615233,-0.0049629633785042,0.0017678087791648,0.0729664935243531,49.84703311920166,0.0237828939963843,-0.0124851161414669,0.0147953615254283,196.45313568115236,0.0014094866858245,0.0075622417592968,0.0099319269906584,35.51970310211182,0.0019875643265348,-0.0121954410196845,0.0174598515021813,46.44436912536621,-0.0059518814968831,0
2020-02-24,-0.0475004770178358,0.0223377717649821,76.81606559753418,-0.0168444844294881,-0.0428727901205358,0.0177919083523875,73.32280883789062,-0.0132204508548618,-0.0206073117787002,0.0085558987273711,125.62006530761718,-0.0043709786671229,-0.0268756389244105,0.0126863147765832,114.27619132995603,-0.0077392129431619,-0.0442450025931854,0.0167898166739044,318.01936492919924,-0.0095549265735355,-0.0431154517737871,0.0210916772267116,169.10911178588867,-0.0153714427506281,-0.0745949032764651,0.0759183380237107,50.74359970092773,0.0098514644747609,-0.0479863463591587,0.0183308798929863,196.17049179077145,-0.0109746804364133,-0.0190584558916171,0.0105054640437029,35.549452209472655,-0.0025904453738037,-0.0468457361592665,0.0197927269807317,46.10268230438233,-0.0144019274749439,0
2020-02-25,-0.0338722115948811,0.0226370253207384,76.57298965454102,-0.0199567940702418,-0.0236219601667886,0.0178005630067843,73.21028175354004,-0.0180382982838952,-0.0086353730850253,0.0087045645947348,125.48734245300292,-0.0047791584425703,-0.0446429263987261,0.0160476968704345,114.0335636138916,-0.014019708381301,-0.0670833785782643,0.021997822035949,317.39891510009767,-0.0231416549428933,-0.0165016287129771,0.0210813388232861,169.4044662475586,-0.0207003327853501,-0.0406337396414488,0.0768640533563361,51.54989967346192,-0.0128672260566959,-0.0522660880932612,0.0213937434464893,195.54922409057616,-0.0222933713061443,-0.0165925361909385,0.0107895158048761,35.5270263671875,-0.0088608426583823,-0.0383248474475016,0.0206791101993023,45.73818168640137,-0.0195277245286736,0
2020-02-26,0.0158638196587306,0.0218875168658022,76.27983169555664,-0.0196805514437721,0.0029934926679529,0.0175060855508983,73.06152610778808,-0.0181543515825477,-0.0067062614087408,0.0086686527145812,125.28251953125,-0.0058522842142161,0.0030096063542377,0.015383231560939,113.70599594116212,-0.0161456048642762,-0.0160125653381478,0.0218729440896751,316.328059387207,-0.0282899991937806,0.0124945104362772,0.0208295124770543,169.6490455627441,-0.0188013218417339,-0.0263904705767898,0.0775886746527949,52.256233024597165,-0.031896481962705,-0.0063161722579494,0.0213006998275199,194.81571884155272,-0.0255547203475336,-0.0053324472881443,0.0107090051976069,35.484005737304685,-0.006667261945325,-0.0219560894934404,0.0208471855379114,45.33196907043457,-0.0254553525897532,0
2020-02-27,-0.065368302953117,0.0250448734927655,75.67569465637207,-0.0307024405875312,-0.0543126968725795,0.0209668441364959,72.71026573181152,-0.0279833898491497,-0.0317368631085693,0.0107251852082283,124.84258346557615,-0.0114342276184793,-0.0416138537531088,0.0176444509377698,113.16523704528808,-0.024468375614898,-0.0410011071240569,0.0234072770505035,314.66614227294923,-0.0364264386825776,-0.0704592150896945,0.0260520227798922,169.2034439086914,-0.0298388807930831,-0.1281458395846268,0.084223199467228,52.5829330444336,-0.0535994288600331,-0.0384595380182927,0.0223908145904356,193.64215087890625,-0.0315026521740258,-0.0297065583998737,0.0124420386329801,35.400252151489255,-0.0126255512022553,-0.0601772233501173,0.0237815847934441,44.82509765625,-0.035899867494002,0
2020-02-28,-0.0005847817398348,0.0250576299204028,75.07528648376464,-0.0262923907293876,0.0184799353493767,0.0216044120000469,72.42529220581055,-0.0198668038285148,-0.0333525923288573,0.0125981149833278,124.2151268005371,-0.0202076803419786,-0.0433386883472349,0.0191152896011824,112.33349151611328,-0.0306923002138485,0.0154992402431,0.0235202474259518,313.0181915283203,-0.0305685626781109,0.0242131337086743,0.0258180509728451,168.71532974243163,-0.0186737302863014,-0.0162150478009942,0.0815622001190082,52.67353286743164,-0.057196000176065,0.0097212849746077,0.0220874170639368,192.39233856201173,-0.0270613719508108,-0.0246376670443881,0.0132233915878093,35.2644775390625,-0.0190655329629924,0.0325171160804429,0.0253116247061486,44.3541934967041,-0.0269573560739766,1
2020-03-02,0.093100601772367,0.0323563883949431,74.95498008728028,0.0018278250286529,0.0351465734657032,0.0231117697026596,72.31016311645507,-0.004262931111267,0.0411962195521096,0.0162425919948891,123.88277664184572,-0.0078469740758166,0.0465935334241429,0.0221083334401182,111.8776699066162,-0.0159984657441378,0.0568127611346989,0.0267367732849436,312.57500915527345,-0.010357009932534,0.0665392266934743,0.0299050246319702,168.8586296081543,0.0032572054071508,0.1132203429321523,0.0850626973852017,52.98369960784912,-0.0196329509343415,0.0581539682391918,0.0245818274517417,192.0887260437012,-0.0058333090311407,0.0761514778839893,0.0218696027042488,35.28568248748779,-2.354620787110573e-05,0.04743395541869,0.0273244970969625,44.07540149688721,-0.0081014177583852,0
2020-03-03,-0.0317593785706376,0.0330742163390194,74.7303638458252,0.0022503916335016,-0.035056999396149,0.0226307679416994,71.95114669799804,-0.0065499389571391,-0.0316387329936659,0.017235996389585,123.30991325378416,-0.0124476460575447,-0.0375244423982825,0.0231366789253766,111.18763275146485,-0.0145747689440491,-0.0480534439354803,0.0278157922376552,311.0084671020508,-0.0065510230039772,-0.0479193945066372,0.0313066156429417,168.4133728027344,-0.0030263477515811,0.0025416095259802,0.0725305972844189,52.86873302459717,-0.0109978811008556,-0.0343160989837927,0.0255074313357504,191.38184356689453,-0.002243311209247,-0.0256297577425339,0.0226547390192484,35.26493492126465,-0.0018309905181901,-0.0478842730530558,0.0286890383841955,43.75079250335693,-0.0100133028794961,1
2020-03-04,0.0463846899259736,0.033955372697553,74.54502601623535,0.0083545656869502,0.032802264072691,0.0235922604830416,71.79302406311035,-0.0005881846761915,0.0581903265062822,0.022091669913072,123.00897331237792,0.0005316715254598,0.0247091766226863,0.0237292530034178,110.53838348388672,-0.0102348548903594,0.0354793281510792,0.028968508272359,309.7193939208984,0.0037473556938681,0.0367148994517239,0.031542178356873,167.9830764770508,0.0018177300515081,0.0053520173720666,0.0650317976498708,52.41019973754883,-0.0046493835110843,0.0460883764701838,0.0276002290351282,190.95284576416012,0.0082375985363795,0.0341865265432659,0.0238742744459477,35.28781814575196,0.0060728042480918,0.0218323914726794,0.0293802926190328,43.49698066711426,-0.0012556066862721,0
2020-03-05,-0.0324370771313997,0.0345291172310475,74.20984992980956,0.0149408108512936,-0.048378734718586,0.0257542649113245,71.46768493652344,0.0005986077546072,-0.0102455625733076,0.0217410670691734,122.54641723632812,0.0048299316325121,-0.0490612310704907,0.0249586249098453,109.54516868591308,-0.0117243303538357,-0.0384638996363081,0.0299798909062615,307.90862426757815,0.0042547971914179,-0.0250950627765929,0.0319556318862513,167.36034088134767,0.0108905605141284,-0.0333022304450705,0.0526879116857891,52.37633304595947,0.0143193383168269,-0.0377272410965461,0.0287425958387486,190.20929641723632,0.0083840579207289,-0.0072795159381011,0.0237536276339689,35.27424068450928,0.0105582127404463,-0.0440671847081844,0.0279215179254704,43.05262184143066,0.0019664010421144,0
2020-03-06,-0.0132800307972765,0.034384414981242,73.78244552612304,0.0124017610398053,-0.0144666466838706,0.0251420419042327,71.02107009887695,-0.0059907086520422,0.0001412313752719,0.0217562250759644,122.10391578674316,0.011528696373338,-0.0516803751452276,0.0265881676255975,108.30343742370606,-0.0133926677134343,-0.0127954131755929,0.0299488792113609,305.87145080566404,-0.0014041334923206,-0.028267455426516,0.0318937195881787,166.33856353759765,0.0003944426870903,-0.0290667048694489,0.0528934029323765,52.22473297119141,0.0117490069031359,-0.0139064200106142,0.0288090262869563,189.33050537109372,0.0036585169236845,0.0113011241587792,0.0238652828528063,35.28827590942383,0.0177459709810798,-0.0482939610916823,0.0291997448172737,42.5483419418335,-0.0141958143923106,0
2020-03-09,-0.0790920506648903,0.0381392152656241,73.13234634399414,-0.0220367694476461,-0.0617021845345056,0.0279279932881161,70.36855621337891,-0.025360460252084,-0.0393582457987522,0.0231644301375358,121.4949405670166,-0.0045821966968343,-0.1354549854344966,0.0382575404809744,106.46460227966308,-0.0498023714851622,-0.0871048618070998,0.0349667045244639,302.7407791137695,-0.0301876580806804,-0.0677723917652095,0.034703190163272,164.785546875,-0.0264678810046463,-0.1357252572024996,0.0607800809693759,51.75783290863037,-0.0380401131237944,-0.0717618104483911,0.0324918653096109,187.83368911743165,-0.022324638813832,-0.0005972426161615,0.0238665142642048,35.29910755157471,0.0023962268810497,-0.1222475910415848,0.0381804789990817,41.838558959960935,-0.0481321236843656,1
2020-03-10,0.0720212064901832,0.0421257945809627,72.69528465270996,-0.0012806524354819,0.048840748717676,0.0301796873273654,69.7899616241455,-0.008580910629319,0.0381122581974593,0.0250690113921605,121.10579719543458,0.0093680015413907,0.0776966029180425,0.0436774588401246,104.90707855224608,-0.0267581624218972,0.0708369173818139,0.0392233124767773,300.3461654663086,-0.0064095858172215,0.068384127305106,0.0380881475647112,163.49333801269532,-0.0032071766422977,0.0613980238236631,0.0621832447162076,51.337999534606936,-0.0262688302642578,0.0670250166895147,0.0362490453705104,186.72998123168944,-0.0020564156791705,0.0224479725582296,0.0242025099017357,35.368367767333986,0.0120117729412024,0.0370281658370803,0.0400784790234669,41.211722946166994,-0.0311496359063383,0
2020-03-11,-0.0347303192586948,0.0426440668592874,72.16202392578126,-0.0175036542724156,-0.0504012010377734,0.0315382489925197,69.04863452911377,-0.0252216036514119,-0.0694720392328853,0.0291240165321737,120.29760780334472,-0.0161644716064427,-0.0470704247404633,0.0440747998866642,103.13930549621584,-0.0411140826945271,-0.0385287562912504,0.0397572151283258,297.3999877929688,-0.0212112027056874,-0.0453019952949725,0.0389042129121668,162.05698165893554,-0.019610555591637,-0.0172004526705585,0.0621664151028745,50.870833015441896,-0.0307793242727829,-0.0528478634959195,0.0377749604874097,185.262882232666,-0.0218436636723912,-0.0447450105310619,0.0263848220270375,35.35356979370117,-0.0037745344736631,-0.0329416471861856,0.0398228249239088,40.50913648605346,-0.0421044436381114,0
2020-03-12,-0.0987545992826576,0.046670148910629,71.20884246826172,-0.0307671587026672,-0.0820464824295486,0.0350719875290037,68.03987922668458,-0.0319551531936044,-0.0484825390932188,0.0306058591998963,119.25841102600096,-0.023811866910425,-0.0824300629802112,0.0461994371906172,101.0389190673828,-0.0477878490764712,-0.1047598303012937,0.0447798293502994,292.9364044189453,-0.0344703888386846,-0.0948382273920307,0.0433456745917622,159.91735153198243,-0.0335591885147245,-0.116172423011135,0.0667057530730846,50.18169956207275,-0.0473533627859958,-0.0744145333669163,0.040111660325542,183.0136047363281,-0.0291811221264653,-0.0907103765431626,0.0332252070714082,35.173554039001466,-0.0204607065946754,-0.1143402252188031,0.0446404474321923,39.59672079086304,-0.0561590517402351,1
2020-03-13,0.11980805430907,0.0552985458674297,70.64275016784669,-0.0041495416813978,0.0924115795215276,0.0424844430228591,67.29865112304688,-0.0105795079525247,0.0708078751978535,0.0353818437050166,118.63424682617188,-0.0096785381459087,0.1801247310768845,0.0644912255437857,99.61048851013184,-0.0014268278320488,0.1180535635189801,0.0537016152476582,289.7652572631836,-0.0083005934997699,0.1421684250373776,0.0555573627266757,158.76193466186524,0.0005279875780541,-0.0248505535904755,0.0651550029755824,49.3237663269043,-0.0465101325302011,0.0983882915886851,0.047080556148835,181.5046859741211,-0.0067221798066054,0.0965881085466591,0.0401129386934685,35.12259998321533,-0.0034033097170994,0.0252822651262534,0.0458163360729451,38.732785320281984,-0.0414438064966479,0
2020-03-16,-0.1286465724816646,0.0616386308949285,69.64406394958496,-0.0140604460447527,-0.1163414172803495,0.0484920288570989,66.19412002563476,-0.0215073545016935,-0.0533175449933227,0.0369833947505281,117.70744743347169,-0.0124703979848228,-0.1496488201651408,0.0713700839242822,97.5458423614502,-0.0042655947781776,-0.1272545329979729,0.0593997785789089,284.6927734375,-0.0163305277379446,-0.1473901270843078,0.0637812399389641,156.4195457458496,-0.0153955594857655,-0.1857780645558401,0.0751657593681117,48.14056625366211,-0.0565206940008692,-0.135472000027598,0.0547781313496105,178.71913452148436,-0.0194642177224468,-0.0643296198716731,0.0425317278318814,34.95280513763428,-0.0161497851682018,-0.0952254917334253,0.0483991579847473,37.74196796417236,-0.036039386635016,1
2020-03-17,0.0439698730151398,0.0629046569294784,68.8457426071167,-0.0196707127397614,0.0419942334567682,0.0501005767136497,65.19948978424073,-0.0228766575538751,0.0744119837332537,0.0412557899376806,117.21964225769042,-0.0052104528776639,0.0611137976244378,0.0736120119761576,95.78479766845705,-0.0075821558368986,0.0094633023909653,0.0595640057120605,279.7137489318848,-0.0286052507361143,0.0823368313137802,0.0671436776457986,154.5167335510254,-0.0126050186840306,-0.033410463808802,0.0714606593203824,46.71323299407959,-0.0754823915273622,0.0386820898403084,0.0559310358513659,176.17113189697267,-0.025132803092288,0.117085152486843,0.0503540016633912,34.94716053009033,0.0027776508175208,0.0672658893854427,0.0527236421554776,36.868185424804686,-0.0299918419253435,0
2020-03-18,-0.0244800382261558,0.0627205325933796,67.91694297790528,-0.0176206565332536,-0.0240325665361245,0.049970710164927,64.12481937408447,-0.0176029306535453,-0.0119333435785998,0.0412977261742021,116.67167358398436,0.0062972862531931,-0.1052687697521658,0.0758817127104194,93.53092918395996,-0.0192218248392391,-0.041827947088237,0.0594994439146929,274.09548568725586,-0.0292650888955116,-0.0420963111758443,0.0674447527567971,152.29496307373046,-0.011963881860205,-0.1603440409986845,0.0729076787809358,44.85923309326172,-0.1041111091929874,-0.0595986090884413,0.0565906831744989,173.072518157959,-0.0264829522107924,0.0278385442848145,0.050521711660516,35.02191333770752,0.0172943617806961,-0.1002445014534374,0.0549305209297936,35.83722038269043,-0.0434524127787939,1
2020-03-19,-0.0076621300766456,0.0627261698413661,67.00540313720703,0.0005978373079487,0.018768351365455,0.0505121650517448,63.12042484283448,0.0025600361054553,-0.0586098837985734,0.0430782281020948,115.8150234222412,0.0042718173121222,0.0168077550163674,0.0762267329399835,91.3363510131836,0.0006257387600766,-0.0034218338361101,0.0594528692152361,268.4449447631836,-0.0089974896024749,0.0164528985000416,0.0677396307794815,150.31821365356444,0.0102943433182094,0.1838768421567878,0.0887912768607611,43.28666639328003,-0.0441012561594028,0.0253907719802655,0.0573436806589684,170.24299850463868,-0.006521891141356,-0.0212227550364203,0.0508153652458083,35.0568265914917,0.0311918860820446,0.0395531338530572,0.0568400352080747,34.8740514755249,-0.0126737409644218,0
2020-03-20,-0.0634854080144688,0.0637649225787265,65.99380207061768,-0.036060855156759,-0.0390942567139972,0.0507942702204427,62.09142379760742,-0.0237411311416495,-0.056355933050869,0.0442639486720257,114.59224739074708,-0.0211609443376222,-0.021101799960756,0.07619974008053,89.13672752380371,-0.0396195674474514,-0.0692494666598709,0.0604858856527215,262.265478515625,-0.0464580956382451,-0.0375583126103011,0.0678498738781264,148.36374130249024,-0.0256510042113263,-0.0002571736151377,0.0887510694686954,41.70843315124512,-0.0391825801643353,-0.0355994034404396,0.0575292020297446,167.28060455322264,-0.033319430147181,-0.0458771438039402,0.051909869842103,34.994191551208495,0.0026988356119247,-0.0490848415333251,0.0569774013803835,33.87452335357666,-0.0275471622963375,0
2020-03-23,-0.021244131317857,0.0632971843223524,65.10290298461913,-0.0145803669239975,-0.0131809060567809,0.0503702507020599,61.18513488769531,-0.0031090288969358,-0.0729836713186852,0.0464285075842686,113.1307201385498,-0.0250941696026947,-0.0535334008887811,0.0765351294641907,86.90262069702149,-0.0203964835921795,-0.0384071464968021,0.0603852771326226,256.41887817382815,-0.0286886183380109,-0.0099750550370294,0.0674237707409334,146.70926055908205,0.0018320101981293,0.0158117470642444,0.0888118024119738,40.37676658630371,0.0011353821596815,-0.0755294599312472,0.0586573108964719,164.26707077026367,-0.0213309221279108,0.0027203986539552,0.0517283174255156,34.970784187316895,0.0161088393170504,-0.0394016366096546,0.0568688325989599,32.931049823760986,-0.0163823912715834,1
2020-03-24,0.1003253046354766,0.0678307827722075,64.60561237335205,-0.0033092805999301,0.0719835499217467,0.0537858841811595,60.54999141693115,0.0028888343960598,0.0723413849015195,0.0501636951830892,112.06011085510254,-0.0255082893690416,0.1189423838731873,0.0825611062296159,85.3118766784668,-0.0088307663424296,0.1661092101620112,0.0724135879569808,253.2482131958008,0.0026405632161981,0.0908960898680175,0.0709933830091192,145.7742012023926,0.0035438619089768,0.1628174932356298,0.0984492754205594,39.39373340606689,0.0403809735685679,0.1384261078179776,0.0674962758607086,162.64822006225586,-0.001382118532377,0.0065626327821866,0.0515825906944125,34.98831272125244,-0.0059956646238808,0.1268682640795075,0.066365851134655,32.220509147644044,-0.0044619163327704,1
2020-03-25,-0.005508866025282,0.067644552767261,64.0367446899414,0.0004849538402446,-0.025123684642697,0.0538294070385309,59.83421306610107,0.0026706107747453,0.0018460382897413,0.0502157627612845,111.03952522277832,-0.0227524129953733,0.0373177254553804,0.083295816327857,83.84391860961914,0.0196865326990796,0.0818748596218914,0.0752203668523759,251.2461990356445,0.0273811245582238,-0.0095726767682468,0.070897839105266,144.67232131958008,0.0100485887904963,0.0678217645089267,0.1002684438825586,38.5952335357666,0.0860141346700902,0.0469167092420941,0.0685945259067595,161.43276748657226,0.01992094513373,-0.0489438025704537,0.0528046552875187,34.92887783050537,-0.0213521339949344,0.0522007715643599,0.068231700794101,31.62510995864868,0.0260271382707889,1
2020-03-26,0.0526232254344807,0.0673915132078045,63.85472717285156,0.0125420249424698,0.0556453621109309,0.0546936233630605,59.45747890472412,0.0100460129238404,0.0600500581833272,0.0520935387613677,110.5119972229004,0.0009795754010067,0.0696608511703023,0.0849639395720662,82.866259765625,0.0302571519298666,0.0261228108157776,0.0750190670818915,250.1555908203125,0.0332900534886014,0.062551012413911,0.0706651857289489,144.5742202758789,0.0192682115732702,-0.020565621439638,0.0966065056213444,38.092433547973634,0.045125641950805,0.0438867999887913,0.0689535401664774,160.90079803466796,0.0236201507354352,0.0038390592103287,0.0523569760692818,34.92744255065918,-0.0163397711455846,0.0410298769683714,0.0684726979175782,31.20848207473755,0.0263224868938518,0
2020-03-27,-0.0414024056410361,0.06800402090241,63.54548892974854,0.0169586254171564,-0.0452825910236608,0.0551287434985912,58.890035247802736,0.0088083460619077,-0.0269415455213579,0.051919172400581,110.03617210388184,0.0068624529069089,-0.071239147308144,0.0858140636240384,81.8158561706543,0.0202296824603889,-0.0590092242439707,0.0759754034896412,248.10347366333008,0.0353381019717814,-0.0410607091193405,0.0710779667613833,143.99081726074218,0.0185677322714623,-0.026128393930185,0.0966762671028083,37.5803337097168,0.0399513978877956,-0.0433447667059835,0.069540805127244,159.93531951904296,0.0220710780823264,-0.0021852936312631,0.0520125470521258,34.96382503509521,-0.0076014011110492,-0.0481709900468381,0.0682038524599193,30.659669399261475,0.0265052571911492,1
2020-03-30,0.0285381672872016,0.0646669314016531,63.01440162658692,0.0269150851381681,0.0324699062254865,0.0550219488573631,58.29528369903564,0.0179385085183612,0.079977139493669,0.054329309743924,109.74151077270508,0.0374546150693798,0.0260066546199675,0.0852393170836568,80.63762168884277,0.0361376935621387,0.022612641598811,0.0748830780295677,245.5267723083496,0.0475420595909041,0.0703406603510323,0.0712744130289942,143.39556503295898,0.0346308753490747,-0.0237771485955257,0.0923549709282892,36.77536697387696,0.0320336187558415,0.0248209067916997,0.0683730691377671,158.65629959106445,0.0421411514269158,0.05119560966284,0.050424196340956,34.961074638366696,0.0020936410907277,0.0148845567280919,0.0670348166637467,30.039271736145015,0.0373624958586985,0
2020-03-31,-0.0020409288402966,0.0643832556534656,62.59158344268799,0.0064418384430135,0.0136437890997005,0.0548392866239413,57.859721183776855,0.006270556353952,-0.0141341244522092,0.0539523740504741,109.5540397644043,0.020159513198634,-0.0371122459612764,0.0852322548176642,79.50522041320801,0.0049267675952459,-0.0461598681484333,0.0748295063691821,243.09699096679688,0.0050882439288152,-0.0157273205051654,0.0705269595302615,143.07329483032223,0.0133061932744381,0.0435544623934431,0.093224326991172,36.037000274658205,0.0081810125874042,-0.0268768766597397,0.0682266702625399,157.48004150390625,0.0090805545313723,-0.0136298529558759,0.0501599479344681,34.97957534790039,-0.0019448560568847,0.0125338687197962,0.0668739177303004,29.53439464569092,0.0144956167867563,0
2020-04-01,-0.052617181560071,0.064073880355905,61.84528408050537,-0.0029798246639442,-0.0515083016407204,0.0549743082813376,57.167112159729,0.0009936329543473,-0.0176926529864799,0.0522645709945739,108.93739738464356,0.0162517749433898,-0.0629792312590253,0.0856310302977219,78.01287269592285,-0.0151326237476352,-0.0536098837129631,0.0748305427863686,239.54432907104493,-0.0220087047381557,-0.0355082290339159,0.0704110146164146,142.1993751525879,0.0081190828213042,-0.0809923905527714,0.0943082255119999,35.14386692047119,-0.0215818184249354,-0.0497147479542943,0.0678223527078143,155.51180267333984,-0.0102457369079052,0.0045765211559205,0.0495846822247957,34.947157287597655,0.00875920868839,-0.0115885875681936,0.0663793145306042,28.970431327819824,0.0017377449602455,1
2020-04-02,0.0166869569666352,0.064086050595487,61.26603660583496,-0.0101670783575133,0.0135468289930216,0.0544276942927493,56.677131462097165,-0.0074260736692345,0.0336930665731594,0.0529117602742405,108.56497497558594,0.0109803766213562,0.0373400178619724,0.0859450940300335,76.90023422241211,-0.0215967904093011,0.0449237627233882,0.0755555367458976,237.04662551879883,-0.0182485143566335,0.0207084438097289,0.0704114697815458,141.677579498291,-0.0002494308995321,-0.0562546645498724,0.0946482134728191,34.2436336517334,-0.0287196270469822,0.0279537972616266,0.0679819099098031,154.0984764099121,-0.0134323374533382,0.0395130990565855,0.050310249889525,34.99681434631348,0.0158940166576414,0.0764723736508126,0.0689701620927789,28.602662372589112,0.0088262442967337,0
2020-04-03,-0.0143715597493356,0.0640921907941554,60.69125461578369,-0.0047609091791732,-0.0217809535950166,0.0545071865852229,56.17399291992187,-0.0027257461835056,0.0076608197577421,0.0529536906623322,108.2345859527588,0.0179008496771762,-0.0295575107297472,0.0855166414281514,75.92650451660157,-0.0132604630936218,-0.0077446556962811,0.0755439615424982,234.63900146484372,-0.0079956006470956,-0.0092102024340864,0.0701523925652971,141.31076049804688,0.0061206704375186,0.0561973469358718,0.0960692312137284,33.49873371124268,-0.0122544788737709,-0.0351989836946726,0.0682721067673582,152.54462890625,-0.011803180851076,0.0069953913086353,0.0502801310065451,35.03920440673828,0.0177301536456211,-0.0294555737274671,0.068524155758599,28.28148021697998,0.012569327560608,1
2020-04-06,0.0872373498423089,0.0650301812262198,60.64659404754639,0.0069789273318481,0.0828133700516786,0.056427274925693,56.09320964813232,0.0073429465817327,0.0416635439627559,0.0530056988435821,108.37414093017578,0.0102381305709936,0.064366589212143,0.0814836349020296,75.7982364654541,-0.0055884761751867,0.1219680479263065,0.0782708782136619,234.82831573486328,0.0118754806184034,0.074367910902128,0.0701367046153432,142.00506362915038,0.0069261205477378,0.0754775752334993,0.093619125233515,33.19286708831787,0.007596465892034,0.1158377944376127,0.0717679944982283,152.46385192871094,0.0064001966781065,0.0551556621906992,0.0516350531237868,35.183641624450686,0.0185221641511929,0.0321346298494049,0.0634206445072266,28.2288332939148,0.0160193421848706,0
2020-04-07,-0.0115822935324133,0.0628979022102964,60.33385620117188,0.0050706543934248,-0.000532591621274,0.0552535337010978,55.86371936798096,0.0045076704375378,-0.0163139235324728,0.0524773567866287,108.19927749633788,0.0098021707549409,0.0131901274019594,0.0795616658425583,75.41482200622559,0.0044719984974604,-0.0257954870567866,0.0768719372798408,233.7931037902832,0.0159483568367327,-0.0107700599172186,0.0687092365905422,142.126863861084,0.0079175726653271,0.056582237006908,0.0934482708853288,32.859933853149414,0.010202020814727,-0.0050162379826069,0.0701181677767487,151.79423141479492,0.010772324413533,-0.0323630583492979,0.0521205605233572,35.22543830871582,0.0147755230725085,0.0190267264873302,0.0629973912330897,28.146644115448,0.0173179137383774,1
2020-04-08,0.0255945364212089,0.0627357005771724,60.22087898254394,0.0207129979896808,0.020667000958616,0.0542739982651215,55.85405502319336,0.0189427309574051,0.042042598281422,0.0506199659940617,108.68098907470704,0.0217492210085213,0.0403794371621339,0.0793427967064197,75.38622436523437,0.0251437321816923,0.0474334992826537,0.0770797301268641,233.870613861084,0.0361570334358561,0.0100311527584044,0.0677677893994654,142.67188034057617,0.0170254490237912,0.0062149944977303,0.0934232299380482,32.57530040740967,0.0276434978248274,0.0376653146090395,0.0695596073052635,151.88934707641602,0.0282483369261998,-0.0012294502778735,0.0509437611192366,35.346706771850585,0.0136143287857497,0.0632876552078767,0.0640677928892049,28.217470359802245,0.0322931622935914,1
2020-04-09,0.0072164824773366,0.0582580693927447,60.45938606262207,0.018818903091821,-0.0003562195577672,0.0506266606956396,56.08951740264892,0.0161621212472473,-0.0141698680100326,0.0492613602278783,109.34597053527833,0.0121766340918829,0.0897136953955135,0.0789672794935037,76.04967803955078,0.0356184676884005,-0.0057209777862131,0.0728534071277571,235.23467025756835,0.0260280853339358,6.0247799785528855e-05,0.0635403770829966,143.9078796386719,0.0128958098218025,0.0440201574824166,0.0900154196424463,32.616800498962405,0.0476984622312852,-0.0071453148956124,0.0672132176415351,152.53985137939452,0.021228514494752,-0.0003283523353372,0.0457945360223874,35.62571487426758,0.0056460385073651,-0.0164193369009701,0.0579893016340739,28.442828369140624,0.0137148201832349,1
2020-04-13,0.0196277225985332,0.0518637243813339,60.40241622924805,0.0256187595613948,0.0031824944433294,0.0462956297401026,56.07995204925537,0.0211548108549165,-0.0103378468948159,0.0470293555026903,109.57631759643554,0.0085769007613713,-0.0444726080150842,0.0690286792049209,75.8520580291748,0.0326354482313331,-0.0224942783299709,0.0683182407048999,234.9329849243164,0.0230781608071978,0.0022406347123009,0.0554775831155198,144.2244644165039,0.01518597725108,0.1360383930298492,0.0942946732954373,32.96456718444824,0.0636666714500806,-0.0270601166417613,0.0639330770367055,152.2129249572754,0.0228562879053343,0.0287356674241487,0.0412607740516915,35.80503540039062,0.0099940937304678,-0.0085786016477659,0.0579846639034621,28.618570137023926,0.0178902145991751,1
2020-04-14,0.0505028295838605,0.043131184715837,60.943641662597656,0.0182718555097052,0.0452905515717578,0.0381475874036855,56.55630302429199,0.0136502471589324,0.0447879618153297,0.0459450389672606,110.37076416015626,0.009201784331886,-0.0273958047390767,0.0598874356517655,76.19402351379395,0.0142829694410892,0.028024016244623,0.0614554461567753,236.64252777099608,0.0042893544708611,0.0494833356174289,0.0434463811387749,146.03865585327148,0.0102090621941402,0.0905445731500638,0.0832232084518091,33.84730052947998,0.0666800710333936,0.0333158460390143,0.0557299040473781,153.2935935974121,0.0063518982256146,0.029528924030362,0.0380918275284958,36.15302696228027,0.0048687460984004,-0.0077176156570637,0.052916941939243,28.91929998397827,0.0099197654978814,0
2020-04-15,-0.0091272152068065,0.0425209016238106,61.324696922302245,0.0187628711748265,-0.0062676022707328,0.0374680713292126,56.90134391784668,0.0125032450290406,0.011162292081623,0.0432259024860568,110.83608474731446,0.0146970274547052,-0.0493194535170186,0.059639526010916,76.10880661010742,0.0017810532572935,-0.0501620484058716,0.0628496835712365,237.589469909668,-0.0005839577989558,-0.0104776751857671,0.0405561423938375,147.23816299438477,0.0102675391404305,0.0280888782705652,0.0820063054920748,34.846067237854,0.060981399286125,-0.0495935806586077,0.0566919560346897,153.67930450439454,-0.0025635703095855,-0.0018602829918953,0.0286811491695405,36.306646537780765,0.0109693011698809,-0.0459580564527262,0.052718967572736,29.058302307128905,-0.0030771910901298,0
2020-04-16,0.00794591563869,0.041881164661336,61.80774612426758,0.0152331470183227,0.000103337412753,0.0368144482122286,57.313290977478026,0.008390512319868,0.0136119222677035,0.0430829949762916,111.4544059753418,0.0090108922519615,-0.0381101691596449,0.0550822666389196,76.2916160583496,-0.0139168680070622,-0.0403672680035939,0.0627922801082814,238.51492462158205,-0.0181441112562053,0.030020975120669,0.0389716542271814,148.9746322631836,0.0142655036128834,0.0210734016250007,0.0688254689440738,36.12603397369385,0.0639530807115791,-0.0213302716556085,0.0550554609575139,154.34558029174804,-0.0143626875625151,0.0277257840578841,0.028676320474035,36.46432018280029,0.0167603480370324,-0.0328555377817099,0.0474574878227673,29.286690616607665,-0.0223058296880471,1
2020-04-17,-0.0135689441860634,0.042020712831162,62.26665420532227,0.0110760616856427,0.0171540132122329,0.0367907793161727,57.727939414978025,0.011892558873868,0.0157010570733764,0.0403280438993369,112.50399627685547,0.0149850772686433,0.0898892438525953,0.0583099499486172,76.7486572265625,-0.0138817583156458,0.0535340696461736,0.0636357069000977,240.11528549194333,-0.0062931017697279,0.0088113926597823,0.0389669219742892,150.67555618286133,0.0160157325848828,0.0116477235862062,0.0599474114980242,37.21353406906128,0.057478593932337,0.0438369182945304,0.0555516068357138,155.1719711303711,-0.0041662409244865,-0.0015867746765849,0.028081224891935,36.65846347808838,0.0165086635687829,0.1039588260532078,0.0516118629363067,29.61961431503296,0.0017698029027884,0
2020-04-20,-0.0207567112815152,0.0391816264392504,62.84228038787842,0.002999174909633,-0.0139562071171017,0.0355164425166396,58.20604991912842,0.0084648185617818,-0.0023021199466399,0.0373648805419972,113.83984146118163,0.0165922226582785,-0.0364570220146364,0.0588067178557042,77.13395919799805,-0.0122786411155562,-0.0316960938542631,0.0617406348076027,242.07583770751955,-0.0081334648745864,-0.0198207739601257,0.0379691158402778,152.4627326965332,0.0116034508503974,-0.0099882483605728,0.0602480320767858,38.27630062103272,0.0282732656542526,-0.0313790580190999,0.0553898025100776,156.00314178466795,-0.0050300291999542,-0.017181436443684,0.0259760913222623,36.901794052124025,0.0073252427952163,-0.0472003464750164,0.0514947967935315,29.93928136825561,-0.0059545460626617,0
2020-04-21,-0.0309103388018453,0.0396468141570611,63.37336769104004,-0.0132834587675081,-0.0388453802190644,0.0367977184508283,58.59765281677246,-0.0083623677963826,-0.0131204637673112,0.0321986794262817,115.4598388671875,0.0050105375417503,-0.0290044277959499,0.0577273901263004,77.59421081542969,-0.0126003657269309,-0.0253446432119589,0.0612624792889024,244.119734954834,-0.0188071967659028,-0.0413569542831094,0.0395772477239634,153.97172012329102,-0.0065646071297101,-0.0799077799617377,0.0650382900237808,39.1177339553833,-0.0058172049681076,-0.0224697749562131,0.0524186917489606,157.1880027770996,-0.0161871533989997,-0.0049286966231214,0.0260963111530144,37.130567169189455,0.0004337186645196,-0.0053423220720959,0.0502268172765497,30.299475479125977,-0.0054794873456681,1
2020-04-22,0.0288037803187848,0.0338454045389437,63.72605876922607,-0.0056972596623898,0.0381549697076797,0.03438281377919,58.91583156585693,0.0005221465992998,0.0221137225711158,0.0293639749265674,116.8810131072998,0.0072008236396489,0.0032561758954055,0.0514909882197088,77.67151336669922,-0.002085239844446,0.0471163380814558,0.0502099918983864,245.0945999145508,0.0006484805315627,0.0339648888950281,0.0353753966667688,155.16506958007812,0.0023239056864488,0.0660968284941083,0.0574094192695998,39.8747673034668,0.0017843850766009,0.0377499989559242,0.0434750661827779,157.76442337036133,0.0012815625239066,0.0184198045749715,0.0262326277307022,37.38431758880616,0.004489736177893,0.0285645190103296,0.0429266139915763,30.55286111831665,0.009425027746943,0
2020-04-23,-0.0038756211547698,0.0338177664209007,64.08224983215332,-0.0080615670210818,0.0101397249783781,0.0336006896079137,59.33598098754883,0.0025294241124249,0.0164717341411806,0.0292544114282589,118.39886589050292,0.0077727860143443,0.0005598786216112,0.0508260231392904,77.61217651367187,0.0056487697118051,-0.0040870902299646,0.0468763817366005,245.08378982543945,0.0079045160862885,-0.0121027263582226,0.0354477020000536,156.32618942260743,-0.0061008346093294,-0.0361694627790737,0.057586593424132,40.42936725616456,-0.0096641878042139,-0.0012603982375505,0.042329068619449,157.984285736084,0.0052955372075182,-0.0232541046712815,0.0238677793834216,37.67744827270508,-0.0057062415679401,0.0313314943800442,0.0420803462771192,30.78617286682129,0.0222624341792938,1
2020-04-24,0.0288698721830691,0.0324937447139224,64.37833175659179,0.0004261962527447,0.0042716828306228,0.0316507250626641,59.617683029174806,-4.704196389710979e-05,-0.0041799406500483,0.027362275924244,119.58801155090332,0.0037965864696593,0.0147667593885139,0.0483109464253054,77.34022445678711,-0.0093757271810111,0.0113345113810197,0.0465745272054569,244.8901466369629,-0.0005353955667422,0.0182592471064553,0.0331936872129863,157.20010986328126,-0.0042112637199948,0.0276632453162877,0.0570220587156763,41.08600063323975,-0.0064610834581976,0.0056495923048804,0.0411971171406159,157.90972366333008,-0.0023419279904117,0.0070801835532841,0.023846483537675,37.9780876159668,-0.0039728499219662,0.0064441691169907,0.0413778254505694,30.972140312194824,0.0027595027920504,1
2020-04-27,0.0007066491361389,0.030637414617922,64.80597858428955,0.0047188683362755,-0.0044963746829777,0.0294693471747746,60.01565399169922,0.0018449245229277,-0.0036804917761484,0.0261554715667403,120.89653549194335,0.0035209121037576,0.0431042034318855,0.0464544293544153,77.52832221984863,0.0065365179082932,0.0245787088496014,0.0446904400578916,245.75145721435547,0.0107195649740306,-0.002864207723677,0.0313863038691972,158.3541229248047,-0.0008199504727051,0.1014962224555282,0.0589899849259746,42.03396720886231,0.0158358107050225,0.0265356702276839,0.0402512194573437,158.3972427368164,0.009241017658945,-0.008807337826211,0.0240480525939105,38.2649356842041,-0.0022980301984716,0.0048020944041089,0.0393203257224052,31.236888122558597,0.0131599909678755,0
2020-04-28,-0.0162094213397075,0.0306267207851313,65.09288635253907,0.0076590518287031,-0.0301133625449542,0.0299617096142679,60.229458236694335,0.0035913280577497,-0.0187956511356244,0.0214821241364406,121.66912536621092,0.002385874630095,0.0070812195240679,0.0461617060644359,77.64522972106934,0.0137536473722968,-0.0019614736396075,0.0445012658171418,246.31791610717767,0.0153961988885009,-0.0243611269349696,0.0285008154177545,158.80814361572266,0.0025792149969228,-0.0370954773235768,0.0596280103238291,42.923933792114255,0.0243982712326547,-0.0029691642409988,0.0399666123536231,158.66872177124023,0.0131411398019878,-0.0023383556592194,0.0218917297351383,38.46122398376465,-0.0017799620056912,0.0234411880426033,0.0394293559155575,31.519816875457764,0.0189166929908153,1
2020-04-29,0.0328452160768868,0.0311983222147006,65.49651355743408,0.0084673389803235,0.0889104633270527,0.0354531172428632,60.67607345581055,0.0137424267816243,-0.0075967209759743,0.0211961160236186,122.4723964691162,-0.0035562140793229,0.0269703452273537,0.0454893714356788,78.01724090576172,0.0184964812386864,0.0721466533744277,0.0454492452504268,248.36852111816407,0.0204022619470953,0.0448739503924169,0.0295740668851473,159.74272766113282,0.0047610272964005,0.0408128769246769,0.0595819228723306,43.84563369750977,0.0193414809187684,0.0615478586671274,0.041418892739026,159.65666580200195,0.0179007117442285,-0.0343751972281619,0.0232930232549412,38.61414794921875,-0.0123389623663179,0.0553701058629141,0.040725296096101,31.87925271987915,0.0242778103613322,0
2020-04-30,0.0210962381379449,0.028020339962882,66.13490619659424,0.0134617108388664,0.0033674354994452,0.0326311776386541,61.28219871520996,0.0123879688858377,-0.0013309618364785,0.0204956316948328,123.36478309631347,-0.0071167532748548,-0.0214594475866436,0.0430750854740082,78.5384521484375,0.0140926159970355,-0.0307379637531585,0.0440545406164674,250.62224044799805,0.0150720872424565,0.0100321248287353,0.0278894366226756,161.02706985473634,0.0091879975337922,-0.0232726749233698,0.0555363058351204,44.84670028686524,0.0219208384899092,-0.0168878186590248,0.0396731044076845,160.88072204589844,0.0147752276599336,-0.0165856702387277,0.0237640116501549,38.72769203186035,-0.0110052754798072,-0.0208595839075964,0.0410591464896029,32.21785802841187,0.0138395947038041,0
2020-05-01,-0.0160992698305264,0.0285826862437789,66.66768455505371,0.0044678824361473,-0.0218164709131438,0.0334097810818982,61.77852210998535,0.0071703381370844,-0.0116637051998887,0.0199891712546307,124.00118064880373,-0.0086135061848229,-0.0262113717345485,0.0431207939570827,78.82056465148926,0.005896989772423,-0.0226569094757647,0.0438461016692078,252.0806632995605,0.0082738030710996,-0.0258914089712568,0.0287571945131069,161.9422248840332,0.0003578663182497,-0.1030337133662409,0.0599878788309936,45.66953353881836,-0.0042185532465964,-0.0176253856856563,0.0398050302329478,161.7496536254883,0.0101202320618262,0.0112711093924957,0.0223001611557909,38.79312133789063,-0.0101670903119648,-0.0716590548914758,0.0420743129459789,32.32163639068604,-0.0017810500978891,1
2020-05-04,0.0141486350679644,0.0280781859754327,67.29231662750244,0.0071562796225124,0.004236145787454,0.0326545975104464,62.34896411895752,0.0089168422311707,-0.0001346382966639,0.0200225633701102,124.59386253356934,-0.0079043354889259,-0.011903498739728,0.0425626194812762,79.16428184509277,-0.0051045506618997,0.00193546428194,0.0437295758240411,253.6533004760742,0.0037451541575673,0.0244599933936024,0.0287891349277865,163.1275161743164,0.0058227065417056,0.085367587936316,0.0611645960528522,46.6068000793457,-0.0074442801504389,0.0033034956502686,0.0386100470125243,162.91109466552734,0.0054737971463432,0.0063459060571777,0.0222929812311632,38.857785034179685,-0.0071364415352871,0.0403338472701735,0.0420375110512013,32.536389636993405,0.0053253004753237,1
2020-05-05,0.015008925773293,0.021515902532208,67.71586017608642,0.0133999490451125,0.0197444434243003,0.0279722061305993,62.759894943237306,0.0188884034250217,0.0082955091592078,0.0181241916040649,125.0032745361328,-0.0024861034299595,-0.0015191635810788,0.040249186520594,79.2721981048584,-0.006824627282929,0.0175289465177728,0.0346065628323414,254.06100463867188,0.0076432381890434,0.0107358902409417,0.0242152555574755,163.86162872314452,0.0128421099768879,0.0092224477644073,0.0600760428514762,47.44670009613037,0.0018193048671579,0.0130000208422251,0.0292170013490909,163.34125671386718,0.008667634162988,0.0083262777058743,0.0185595984245666,38.83725185394288,-0.0050035148622683,-0.0011143309626917,0.0416722548450313,32.70152587890625,0.0004141966742647,0
2020-05-06,0.0103170744996716,0.021099825126675,68.2131519317627,0.0088943207296695,-0.0026611186375072,0.0280061698301765,63.16349143981934,0.0005740870321097,-0.0094983387468058,0.0177925187551866,125.44883728027344,-0.0028664269841258,-0.0188045130128561,0.0404228658567085,79.25647773742676,-0.015979598930971,-0.005620541097999,0.0340390953098226,254.72487411499023,-0.0079102007054418,0.009847400558594,0.0239565094688501,164.76445846557618,0.0058368000101233,0.0187058259455572,0.0595152621444969,48.23713340759277,-0.002602105328666,0.001905579953535,0.0291580664505343,163.82829513549805,-0.0032608215797304,-0.0114647683065353,0.0172022442392559,38.85732498168945,-0.000421429077943,-0.0187371737344592,0.0419031247478557,32.80568294525146,-0.0144072592452099,1
2020-05-07,0.0103449153128589,0.0206870941167584,68.66783599853515,0.0067440561646523,0.0177264942713382,0.0279373700793157,63.56562538146973,0.0034458987864882,-0.0033090769425657,0.0154005216876259,125.6308448791504,-0.0032620500053432,0.0104133170306246,0.03941169099757,79.12519416809081,-0.0096050460075173,0.0221331648978191,0.0327521135160128,255.0876808166504,0.0026640250247536,0.0058068885245847,0.0239358298784043,165.63980026245116,0.0049917527492932,-0.003245695176505,0.0596669626058098,49.00780010223389,0.0014032906207069,0.0220386496454345,0.0283890731764347,164.20014877319335,0.0045244720811614,-0.0070869318188701,0.017286027388853,38.866306686401366,0.0014783186060284,0.0056832348407194,0.0395299681233176,32.820455169677736,-0.0090986954955467,1
2020-05-08,0.0238017794731086,0.0210323362122455,69.18660621643066,0.0147242660253793,0.0109985114965529,0.0279020269342767,64.00614395141602,0.0100088952684276,0.0075206560091858,0.0149897050902873,125.94483757019044,0.0005748222364716,0.0163358352410674,0.033499991887877,78.69777755737304,-0.0010956046123941,0.0142563700221105,0.0328128644292162,255.7168098449707,0.0100466809243287,0.0058823508780914,0.0239004656517921,166.56585464477538,0.0113465047191628,0.0504845627484422,0.059824633403627,49.829199981689456,0.0321069458436435,0.012970166119429,0.028383530963767,164.74501953125,0.0106435824421784,0.0086142280970815,0.0173820815315871,38.89206123352051,0.0009469423469456,0.0438516300593272,0.0404057897319062,32.935975074768066,0.0140034414946138,0
2020-05-11,0.0157353115444727,0.0209336756894422,69.70094871520996,0.015041601320681,0.013905658719824,0.0279226471108534,64.48484954833984,0.0119427978549016,0.0027575409128612,0.0146735542034605,126.3374366760254,0.0011532580783766,-0.0294500570385404,0.0327185587696953,78.34853591918946,-0.0046049162721566,-0.0042842612969397,0.032320878728453,256.5799285888672,0.0088027358085527,0.0111544996483627,0.0239121915242078,167.57200241088867,0.0086854059701149,-0.0099216488475673,0.0534524289145718,50.36366653442383,0.0130490984868669,-0.0082659837954048,0.0276170486293417,165.4414093017578,0.0083296865530437,0.005937956145515,0.0161602617917772,38.87542018890381,0.0008653523646131,-0.0095281216171079,0.0404221341689546,33.0488431930542,0.0040310477171575,0
2020-05-12,-0.0114283267173882,0.0186953668866638,70.00515327453613,0.0097541508225447,-0.0202410273885387,0.0271243194385502,64.75730838775635,0.0039457036923338,-0.0132115804123007,0.0114221259417788,126.3840950012207,-0.003148159835925,-0.0326774869772461,0.032939071110027,77.98867263793946,-0.0108365809513901,-0.0324287814544617,0.0327584012497676,256.6469955444336,-0.0011888097858941,-0.0226520357685682,0.022455351889412,167.98953170776366,0.0020078207682129,-0.0023172703112921,0.0502468783268328,50.69539985656738,0.0107411548717269,-0.022281478873962,0.027361199893296,165.6732208251953,0.0012733866098063,0.0008896696407501,0.014567337521175,38.80377750396728,-0.0006219692484117,-0.0167148013486518,0.0406106739752815,33.145253372192386,0.0009109536399655,0
2020-05-13,-0.0120742047299052,0.0188186555720932,70.29547424316407,0.0052758949766293,-0.0195247665245706,0.0275601962888147,64.98288269042969,0.0005729741149211,-6.815366239287801e-05,0.0111398546084098,126.3618148803711,-0.0012621228190424,-0.0344707344158087,0.0320213952338028,77.70146255493164,-0.0139698252319806,-0.010841330532846,0.0306536738285771,257.2269111633301,-0.0022329676728635,-0.0151223581232596,0.0226223809691542,168.3625114440918,-0.0029861309681577,-0.0227943726134135,0.0504525107454238,50.89916648864746,0.0024411151599328,-0.0116088899324752,0.0248110955880401,166.21936645507813,-0.0014295073673957,-0.0005654863307595,0.0145696655100769,38.73473472595215,0.0015578871467434,-0.0496376117872182,0.0408550338464321,33.230964756011964,-0.0052691339705862,1
2020-05-14,0.0061436707344098,0.0188042606368786,70.58139152526856,0.0044356460609395,0.0063264742487767,0.0275507635208081,65.22927303314209,-0.0017070298895911,0.0034662662946931,0.0107040566955111,126.27648582458497,9.294582840932986e-05,0.0415328021349372,0.0324252779628998,77.70953636169433,-0.0077459282111181,0.0302794265648234,0.0294741583612354,258.70083084106443,-0.0006037153394627,0.0043393191374345,0.0216865772466578,168.52791061401368,-0.0032796448455878,0.0156391928020402,0.0503773363259156,51.09289970397949,0.0062180927556419,0.0215141911665852,0.0243892411007707,167.11711349487305,-0.0015343990631655,-0.0023441691047527,0.0128224053904991,38.6065258026123,0.0025064396895668,0.0088244009135556,0.0399557348256723,33.38133583068848,-0.004640900756019,1
2020-05-15,-0.0059122811876575,0.0185001260239486,70.89211349487304,-0.0015071660712137,0.011939309935455,0.0274458345690948,65.46235637664795,-0.0015188702018107,0.0189652328958382,0.0109872783900019,126.2100742340088,0.0023818612057398,-0.0185101708429133,0.0249010278593506,77.31525917053223,-0.0147151294279142,0.0058780881774813,0.0272970735095495,259.61605911254884,-0.0022793717083885,0.0145680601812387,0.0218306422662347,168.7440200805664,-0.0015425029849583,-0.0051784256506188,0.0504004335491986,51.243832969665526,-0.0049145049241703,0.0143174146217706,0.0228057953083989,167.79855346679688,-0.0012649493626972,0.0204179914979847,0.0138679073506461,38.5203182220459,0.0048671923697475,-0.0070919931693755,0.0326066525547949,33.36597232818603,-0.0148296254017596,1
2020-05-18,0.0235611508764856,0.0179584276622634,71.3614330291748,5.800179518888893e-05,0.00882694299031,0.0271366213591089,65.76970596313477,-0.0025346133477135,0.0005320628813871,0.0109806127522077,126.16173782348632,0.001936765599445,0.052968897916922,0.026872400123766,77.2617259979248,0.0017686615631782,0.0392915992465501,0.0270422101525408,261.4576156616211,0.0064358004003094,0.009554802674617,0.0213033795505433,169.21083908081056,-0.0018624423797074,0.0180937855045799,0.0503776285513442,51.46806640625,0.0006885819462591,0.0429993167667286,0.0227476059711791,169.11200714111328,0.0089881107497294,0.013657143948025,0.0138149445459398,38.49536552429199,0.0064110299302495,0.079523395274085,0.0351569311448451,33.55683002471924,0.0029806779764789,0
2020-05-19,-0.0057782175209685,0.0159522124798119,71.91204719543457,0.0011880236344728,-0.0077822862469044,0.025320692843843,66.17174091339112,-4.286511938667026e-05,-0.0099658696157582,0.0108084220620508,126.1339946746826,0.0025859077587534,-0.0196795653128155,0.0264262828495818,77.24558029174804,0.0043682458960643,0.0028632251162608,0.0259569194077941,263.647029876709,0.0134942017144539,-0.0069223965162097,0.018774946743725,169.96011505126953,0.0012834854707642,-0.0069073433378705,0.0463445264949463,51.87236633300781,-0.0002294326590565,-0.0105547459635845,0.0220528034975984,170.50511932373047,0.0113334573318049,-0.0212281597601772,0.0145487789416837,38.43851146697998,0.001987464050064,-0.0308779038366474,0.0360569930214943,33.70196647644043,0.0001480574788798,1
2020-05-20,0.0194480884222896,0.0154389784899779,72.44306411743165,0.0074924822649118,0.025290932528653,0.0246308116828217,66.5453031539917,0.008920274691258,-0.0089919829559557,0.0096047550727121,125.9107940673828,0.0008011419000409,0.0299989337519748,0.0272570943690513,77.33013000488282,0.017262179529621,0.027757465285219,0.0247889819849312,265.6680618286133,0.0212139608780669,0.0138708161349339,0.0176278452582374,170.55996704101562,0.0070821203224029,0.009343957133908,0.0443717599460415,52.15053291320801,0.0061982332904077,0.0237640836838566,0.0212884359748741,171.82402801513672,0.0184080520550713,0.0040016781935021,0.0138581990541604,38.35288352966309,0.0029008969549163,0.0325447266259601,0.0362040165933447,33.858001136779784,0.0165845251615155,0
2020-05-21,-0.0074554384268757,0.0155981298828902,72.95819206237793,0.0047726604326546,-0.0017103090802489,0.02466728497965,66.88127365112305,0.0073129180254529,-0.0065681742665689,0.0086412629703765,125.54089431762696,-0.0012057462122115,-0.0127014190799795,0.0274406279324185,77.36326904296875,0.0064153352866376,-0.0151941616754741,0.0251920575954722,267.5207145690918,0.0121192432300074,-0.0120114493245986,0.0176235571257408,171.1533645629883,0.0038119666299962,0.014762844784909,0.0432507478456767,52.55709953308106,0.0060229636869815,-0.0167129685040094,0.0219099127747082,172.99785537719723,0.0107626201209523,-0.0036667399020176,0.0129447319087142,38.307064819335935,0.0026363827954634,-0.0178534291253695,0.0360124427069091,33.932766342163085,0.0112489591537305,0
2020-05-22,0.0064382914504181,0.0147531563606171,73.4021713256836,0.0072427749602698,0.0046134679033009,0.0246666097491998,67.21987075805664,0.0058477496190221,-0.0091283671017778,0.0087508052166596,125.14202461242677,-0.0068244662117347,-0.0077627645000694,0.02729869875229,77.31058616638184,0.0085648165552064,0.0022090277902424,0.025198024323246,269.2648124694824,0.0113854311525596,0.0004362804713684,0.0172949935912223,171.60222625732422,0.0009856106880222,-0.012953077701596,0.0432764813502099,52.8628662109375,0.004468033276786,0.0012590089994064,0.0219475112290928,174.13824539184571,0.0081509389964795,-0.005280551810079,0.0128283729050459,38.23714389801025,-0.0025033258661493,0.0008979949767713,0.0360045591332662,33.99847145080567,0.0128469567829599,1
2020-05-26,-0.0067735855565106,0.0149934616975189,73.81759452819824,0.0011758276736705,0.0057526880080658,0.0245569113063493,67.59283809661865,0.0052328986225732,0.0013160481398559,0.0088051258053887,124.77515449523926,-0.0066676691600409,0.0709732425582954,0.0301909287666352,77.3615707397461,0.0121656854834811,0.0285511106802338,0.0253602024875338,271.10829849243163,0.0092373334392964,-0.0105716665933288,0.0175120482324224,171.98258361816406,-0.0030396831655669,0.0024360442933193,0.0371038577270968,52.92993278503418,0.0013364850345339,0.0123652723683831,0.0215049495576831,175.17941284179688,0.0020241301168104,-0.0037802118409823,0.0127309543487515,38.17745819091797,-0.0059907970239508,0.029372205629143,0.0365008461041276,34.10680160522461,0.0028167188539715,1
2020-05-27,0.004357012508287,0.014077623017296,74.30512199401855,0.0032028736795216,-0.0007665801384912,0.0231276010428608,68.05793914794921,0.0066360398442559,0.0022828029715653,0.0080256345852495,124.54415016174316,-0.0042179346425762,0.0579210711451887,0.032756218826228,77.61988945007325,0.0276858127750819,-0.0117363639918151,0.02563581343342,272.80511779785155,0.0063174156176812,0.0013218069410336,0.0163493310373125,172.5752944946289,-0.0013908424741182,0.001660844719264,0.0359538864765258,53.10029945373535,0.0030501226459608,-0.0020704422106295,0.0214857032569898,176.22580261230468,0.0037209908674014,-0.0111416306745493,0.012913694424166,38.101130676269534,-0.0039734912068252,0.0071879176699354,0.0362201172229393,34.18886108398438,0.010429883155288,0
2020-05-28,0.0004401226596686,0.0127332759558699,74.68390159606933,-0.0005987194730025,-0.0014364623637755,0.0129391886976214,68.24641723632813,0.0012905608657701,0.0143553411282968,0.0086688535742125,124.44952278137208,0.0004515301742742,-0.0148958865412054,0.0325208949965719,77.70486221313476,0.0187068487164459,0.0084395820226659,0.0205022816534353,273.7029769897461,0.0024538389651705,-0.0022550545353403,0.0131918435508033,172.7873863220215,-0.0046160166081731,-0.0175803816204168,0.0351559870560183,53.11796627044678,-0.002334745104904,0.0074680314007407,0.0171193180621695,176.83736038208008,0.0004617804107782,0.0098792214684559,0.0106498090589373,38.1108476638794,-0.0027979825518344,-0.0259517639257308,0.0345550779645682,34.13027935028076,-0.0012694149550501,1
2020-05-29,-0.0009738456146195,0.0122357856983719,74.98566398620605,0.0006975990894487,0.0107738238347705,0.0130605108122077,68.4615592956543,0.003787387448774,0.0121114486304403,0.0091278682486603,124.43864097595215,0.0041874547536761,-0.0255355733334484,0.0326847452124609,77.77071762084961,0.0161400178657521,-0.0046640063626338,0.0189918890604848,274.9535217285156,0.0045598700277386,0.0101984249827826,0.0131976689724228,173.00303955078124,-0.0001740417466968,0.0362244028088376,0.0355160275409171,53.295033073425294,0.0019575664998816,0.0050451165542431,0.0164301600097549,177.6425750732422,0.0048133974224287,0.0029911024396227,0.0098875746198082,38.15767078399658,-0.0014664140835063,0.0095472762650183,0.0343075261782339,34.125796508789065,0.0042107261230274,1
2020-06-01,0.012297801680339,0.0113784173764126,75.39183959960937,0.0018695011354328,0.0009417810701575,0.0116842110623821,68.75285186767579,0.0030530500821454,-0.0104872129437114,0.0090525432335935,124.43529319763184,0.0039156855852894,0.013256449848658,0.0321228465018271,77.99802207946777,0.0203438607354976,0.0016949195299509,0.017895695110786,276.5292434692383,0.0044570483756803,-0.0022919992904026,0.0115924286711089,173.41863403320312,-0.0007196976990511,0.07556883131087,0.0290850513501194,53.95096645355225,0.0196619483023748,-0.004558630819139,0.0157435761571761,178.55573654174805,0.0036498694587196,-0.0008059574520797,0.0096107515999411,38.181962394714354,-0.0005714952119065,0.0178138381985384,0.0299721035032096,34.27871189117432,0.0075938947673808,1
2020-06-02,0.004629576583826,0.0111989075065136,75.76668243408203,0.0041501335635002,0.0051852216622985,0.0116856613083232,69.04875297546387,0.0029395568129919,0.0072016924555915,0.0091938242566581,124.47765045166015,0.0050928144484365,0.0033469259229816,0.0319239831805248,78.28650779724121,0.0068185974084349,0.007266220636608,0.0178731852122012,278.18553161621094,0.0002000703669551,0.0113768291935505,0.0106171641761224,173.73071517944337,0.0036700014583247,-0.0184166287841017,0.024332220032017,54.352199935913085,0.0154914136868906,0.0103423671683835,0.0157753607344644,179.53740921020508,0.0032452884187197,-0.0001616614275832,0.0095187231098132,38.19399299621582,0.0001522148707732,0.0222558724562669,0.029107489973021,34.40549221038818,0.0061706281328056,1
2020-06-03,0.0055046631720292,0.0109555968261702,76.10995788574219,0.0043796636962486,-0.0021216226197119,0.0111862242237098,69.27234535217285,0.0026685483167478,0.0026978682421141,0.0090237660253771,124.4852352142334,0.0051758275025462,0.0539773474983922,0.0337738974072953,78.80781898498535,0.0060298526790756,0.0114629532340386,0.0177210873541591,279.78200378417966,0.0048399338121259,0.0024333388607549,0.0104123285640267,173.97318572998046,0.003892307842269,0.001588043601163,0.0243659715563191,54.73469982147217,0.0154768534632704,0.0025971458501665,0.0156914286783768,180.43404693603517,0.0041788060308789,-0.0037920083945546,0.0093694276751826,38.18300819396973,0.0016221393267722,0.0407948694173232,0.0302076845312835,34.608683586120605,0.0128920184822832,0
2020-06-04,-0.0086120807034772,0.0112521711804262,76.38229103088379,0.0025692230236194,-0.0173356139870874,0.0120461431163037,69.4430061340332,-0.0005112820079145,-0.0129161616633189,0.0092447411648342,124.47124404907228,-0.0002784730557768,0.0208113648391463,0.0333515293005103,79.49482917785645,0.0131713029551459,-0.0185629383309381,0.0183864234489172,281.1777618408203,-0.0005605702585948,-0.013163544729862,0.010702670949421,174.0153366088867,0.0017106098033646,-0.021042854169221,0.0249961383352197,55.00736637115479,0.0147843589535095,-0.0164066022394385,0.0164072143603556,181.15979461669923,-0.0005961206971568,-0.0110145233600922,0.0093415538528682,38.17300491333008,-0.0025566096389374,-0.0028436558153133,0.0297252375108461,34.83828353881836,0.0175136401043667,1
2020-06-05,0.0284812233974049,0.0124808861392561,76.72819099426269,0.0084602368260243,0.0181857781985523,0.0120769595655612,69.6183017730713,0.0009711088648417,0.0038843974236284,0.0092521018396959,124.50197372436524,-0.0019238832971392,0.0450021168445915,0.0343226539636768,80.34541397094726,0.0272788409907539,0.0348743260109429,0.0192058028203994,282.78966827392577,0.0073470962161205,0.0233984037902237,0.0118415333803472,174.2106590270996,0.0043506055648528,0.0246188055382796,0.0252714156479915,55.35943298339844,0.0124632394993979,0.0308301093306619,0.0170164370710717,181.98303985595703,0.0045608778581268,-0.0045041616301854,0.0092591749855325,38.16792640686035,-0.004055662452899,0.0810594955864747,0.034030789754565,35.21208171844482,0.031816083968658,1
2020-06-08,0.0059122606148667,0.0116447118296883,77.01054954528809,0.0071831286129299,0.0055693773827774,0.0119382574890846,69.77615203857422,0.0018966281273657,-0.0035976996113256,0.0091278232999349,124.46361656188964,-0.000545980630662,0.019958420797512,0.0343644826179334,81.2270133972168,0.0286192351805247,-0.0047136179466729,0.0192374876345127,284.1391128540039,0.0060653887207957,0.0061965648332897,0.0118483109427695,174.40992584228516,0.0060483183895913,0.0725560681818036,0.0276551557902137,55.79443302154541,0.0118606868735847,-5.005616749098607e-05,0.0169302419963179,182.6925346374512,0.0054625927884565,-0.0026324508881375,0.0090413724945437,38.1417631149292,-0.0044209611401106,0.0312734590962706,0.0334971216149431,35.57649383544922,0.0345080081482044,0
2020-06-09,0.0315782717912731,0.0129701671262202,77.36129035949708,0.0125728676544193,0.0027899960293267,0.0116251210284894,69.89631118774415,0.0014175830007714,-0.0055187384477454,0.0091709317600204,124.3737403869629,-0.0030900668113294,-0.0256498711820153,0.034140557253122,82.10096702575683,0.0228198757595253,0.0034794629665422,0.0191202297921689,285.5990463256836,0.0053080371867825,0.0076450356615205,0.0117182897243167,174.57999954223632,0.0053019596831853,-0.0097376341443361,0.0276489903386021,56.22569980621338,0.0135964858015378,-0.0026052864833118,0.0167608667736785,183.45025863647464,0.0028730620581174,0.0009072965924552,0.0089173651759522,38.10605754852295,-0.0042071695361029,-0.022287396063386,0.0340068376261065,35.91046714782715,0.0255993544442738,1
2020-06-10,0.0257273976324328,0.0132286469243682,77.86271171569824,0.0166174145465,0.0086909285550949,0.0104871898332395,70.11814384460449,0.0035800932357327,0.0126059991124327,0.0091314061142777,124.44454841613768,-0.0011084406372657,-0.0405283491809117,0.0347083067378009,82.90949058532715,0.0039187364236645,0.0053293353165024,0.0169390406194646,287.5790725708008,0.0040813136032753,0.0370915481569045,0.0129201558450489,175.2851188659668,0.0122336015424153,0.0897020572526978,0.0330160097074395,56.94449996948242,0.0312192885318447,0.00703228373118,0.0155538948936538,184.4704933166504,0.0037600896343201,-0.0015658023537077,0.0089082011622832,38.06573429107666,-0.0037619283279335,-0.0536247107440305,0.0364144616543839,36.16258792877197,0.0067154384120031,0
2020-06-11,-0.0480104679817807,0.0175855311956142,78.20461769104004,0.0087377370908393,-0.0428756045390033,0.0138970146778451,70.2508918762207,-0.0015279048746503,-0.0468877913816718,0.0140115304449749,124.22246131896972,-0.0079027665809363,-0.0834435265159506,0.0394513904177573,83.4694652557373,-0.0169322418473548,-0.0699347595398657,0.0239510323623221,288.6448318481445,-0.0061930506385101,-0.0536983869874624,0.0178606738444222,175.61870574951172,0.0041266330908952,-0.0509341048991272,0.0351260014902883,57.55076675415039,0.0252410383858635,-0.0578610331113448,0.0208180902948909,185.0349479675293,-0.0045307965400611,-0.0088313215437132,0.0090756165996007,38.01002044677735,-0.0033252879646577,-0.0882526637178334,0.0404104837349244,36.32667922973633,-0.0103663631685009,1
2020-06-12,0.0086335231385983,0.0176062066624924,78.55874633789062,0.004768197039078,0.0078608810617191,0.0139261122770399,70.38981018066406,-0.003592884302017,0.0090863322484373,0.0141766550148077,124.03311347961426,-0.0068623796159745,0.0273636858699402,0.03894244839421,83.99417686462402,-0.020459928042285,0.0224550737268784,0.0235638929445441,289.63291625976564,-0.008676901095323,0.0078917208464053,0.017901984470215,175.98518753051758,0.0010252965021315,-0.0386086331107897,0.0368011890628268,57.990600204467775,0.0125955506560496,0.0178949766296001,0.0206678607575993,185.57881851196288,-0.0071178230802734,-0.0195683972345422,0.0099413903345608,37.92260265350342,-0.0063381350855291,0.0214377880420957,0.0405613422086678,36.51470813751221,-0.0222907046773767,1
2020-06-15,0.0123672082917676,0.0175018438857,78.98573532104493,0.0060591865744582,0.0055345598386284,0.0137610818168332,70.50796241760254,-0.0035998478108468,-0.0063311841570257,0.0133644551839731,123.6879768371582,-0.0074090765251145,0.0138179159030953,0.0384810395253725,84.64634895324707,-0.0216880290211684,-0.0020820526719818,0.0235948144640253,290.51244354248047,-0.0081505880403848,0.0063919168259849,0.0176981635077364,176.28405838012696,0.0010643669006705,0.0594687627923617,0.0383646135852586,58.629700088500975,0.0099780895781613,-0.0026007273117893,0.0205370555967244,185.97475051879883,-0.0076279573091331,0.0028875340587553,0.0085008428492045,37.80163345336914,-0.0052341380961505,-0.0006358115320984,0.0404752015509383,36.713161659240725,-0.0286725588030505,1
2020-06-16,0.0265020046394015,0.0176723117435778,79.4349925994873,0.0050439331440839,0.018110384245527,0.0141613501212474,70.65984115600585,-0.0005357701676067,0.0227252874558463,0.0145197597104506,123.47533836364748,-0.0017602713443962,0.0079998283211109,0.0370618565504215,85.13961868286133,-0.0149580891205431,0.0245987060168768,0.0226287308731299,291.2158721923828,-0.0039267394303179,0.0245052303161641,0.0183448752831241,176.72002944946288,0.0044364058315992,-0.0088504906557814,0.0385929989567352,59.1913667678833,0.0101555182758722,0.0058409458732311,0.0182220214932559,186.0465675354004,-0.0059387108378245,0.0132959666882417,0.0084634881505934,37.67835578918457,-0.0027564040769932,0.0224863754821138,0.0369173781809692,36.8235860824585,-0.0197178044939505,0
2020-06-17,-0.0013914449990251,0.0175486770211374,79.90034675598145,-0.0003798353822076,0.0041963468900632,0.0139660773122037,70.85347404479981,-0.001434686500613,-0.0030455337713604,0.0143919557786047,123.30713233947752,-0.0048905779211548,-0.0252790514362527,0.0372921485623935,85.59890060424804,-0.0119082295716113,-0.0023647493423865,0.022656981148962,291.8445159912109,-0.0054655563620957,0.0034610860244874,0.0182078521490173,177.2485038757324,-0.0022896865948841,0.0098357221169047,0.0383846661696779,59.80396671295166,-0.0058177487512863,0.0035254768184471,0.0180414700429664,186.247647857666,-0.0066400722203711,-0.0051818768443261,0.0073521870343172,37.58724384307861,-0.0034796189751169,-0.0325729540514235,0.0370028262913297,36.927446365356445,-0.0155074531554291,1
2020-06-18,0.0003980328213919,0.0172928910961938,80.29368858337402,0.0093018647784268,-0.0126810968303563,0.0133228137605477,70.9153263092041,0.0046042150411163,-0.0042352818667128,0.0142964470012493,123.16943435668944,0.0036399239818369,-0.0054281101228901,0.0369536396914541,85.92222518920899,0.0036948537070007,0.0035883291842235,0.0218665001456988,292.1364044189453,0.0092390613827221,0.0107085337099215,0.0181230338663725,177.7551170349121,0.0105916975445926,0.012270733625858,0.0383836711006833,60.43196659088135,0.0068232189537106,0.0018078783285289,0.0172503840153952,186.2500411987305,0.0052937100676035,-0.008737080774268,0.0073202925143093,37.4724308013916,-0.0034607708212278,0.0062191198604699,0.0363832627105572,36.987290954589845,0.0033869035602315,0
2020-06-19,-0.0057144270442076,0.0172311502112557,80.69150924682617,0.0064322747418656,-0.0066103172774105,0.0134192846419269,70.95965919494628,0.0017099753732903,0.0029283750974742,0.0142602210992821,123.09028396606443,0.0024083325516443,-0.0114212063625966,0.0369230794548149,86.2468246459961,-0.0040621247395066,-0.0273901657589936,0.0225093828219715,292.2444808959961,-0.0007299865144523,-0.005959812011978,0.0179092924090028,178.31210708618164,0.007821390972916,-0.0030478518902198,0.038501343950655,61.00963344573975,0.0139353751978246,-0.0088185301392371,0.0169314176331337,186.32568359375,-4.899128616386861e-05,0.0157639198522372,0.0084363750548061,37.39332332611084,0.003605692596128,-0.0200337551143314,0.0364500834810711,37.04211730957032,-0.0049074050710539,1
2020-06-22,0.026163869594332,0.0178652707397336,81.17538185119629,0.0091916070023785,0.0182641647093222,0.0139638979443888,71.05238761901856,0.0042558963474291,-0.0030590609689185,0.0141320101150544,123.04880409240722,0.0030627571892657,-0.0108375164727753,0.0369841588945523,86.55612678527832,-0.0089932112146807,0.0267789961345812,0.0232584011103878,292.7042694091797,0.0050422232468603,0.0277735778155567,0.0187081701592756,179.12287826538085,0.0120977231708303,-0.0065740925163715,0.0383251345907593,61.60110015869141,0.0007268041360779,0.0143603294437784,0.0172113435055979,186.5219764709473,0.0033432200649496,0.0152691394709074,0.0092373323451613,37.35253849029541,0.0060820136785584,0.009568905564014,0.0364852421631131,37.11238613128662,-0.0028664616518314,1
2020-06-23,0.0213443339055063,0.0179071839192745,81.77810287475586,0.0081600728555995,0.0091820585290836,0.0140409835530506,71.15797729492188,0.0024702312041404,-0.0036964930896762,0.014147323771466,122.9768482208252,-0.0022215989198387,0.0121965490594506,0.0336114214237334,86.64577407836914,-0.0081538670670128,0.0080147741947749,0.0224572386551802,292.87554626464845,0.0017254368824399,0.0066808256725428,0.0183653025737619,180.08952941894532,0.0085328422421061,0.0075025599927995,0.038285355371927,62.21080017089844,0.0039974142657942,0.0154390985091388,0.0173295460324149,186.74938735961916,0.0052628505921312,-0.0050131324698943,0.0092606933627363,37.30959892272949,0.0024201938469312,0.0060320715798873,0.035954632155831,37.14288730621338,-0.0061573224322767,0
2020-06-24,-0.0176516948573183,0.0187650072824383,82.28581809997559,0.0049080228839408,-0.0213665323065278,0.0149479124719683,71.18875389099121,-0.0026423446351777,-0.0212793447726256,0.0148666228465263,122.76225662231444,-0.0058683611200917,-0.0333911947422856,0.0317108862163546,86.36068840026856,-0.0097762957282194,-0.0419384563093758,0.0242873624991935,292.59764709472654,-0.0061893045109579,-0.0201574521176431,0.0192292959967584,180.8513496398926,0.0038091346136799,-0.0408572981876094,0.0399638198263664,62.67953338623047,-0.0061411897951086,-0.0331363119654178,0.0189680646031196,186.681884765625,-0.0020695071646417,-0.0063601991198657,0.0090470102976238,37.27604713439941,0.0021845293918233,-0.0471091166490554,0.0375164573008922,37.07570629119873,-0.0090645549518031,1
2020-06-25,0.0132755161120159,0.0187706087545582,82.84969024658203,0.0074835195420656,0.0058630141755231,0.0149861045141838,71.24540138244629,0.0010664775659981,-0.0010726739329081,0.0143835943946742,122.45328216552734,-0.0052358395333308,0.0348612942781565,0.0326606417640657,86.27996253967285,-0.00171841484801,0.0136051450761167,0.0244166069114088,292.3906753540039,-0.0041859413325793,0.0126364863704722,0.0192458813127825,181.7514663696289,0.0041947251457901,0.0261540119830372,0.0396463002911287,63.28010005950928,-0.0033645341236727,0.013426533953468,0.0191407298089947,186.6684814453125,0.000254223960346,-0.0049041640530183,0.008721583414533,37.21479282379151,0.0029511127360732,0.0150561431783986,0.0372142521520985,37.08072566986084,-0.0072971502882173,0
2020-06-26,-0.030725928792837,0.0205338708552432,83.28163986206054,0.0024812191923397,-0.0545138469390686,0.0192329073083355,71.06951141357422,-0.0085142283663335,-0.0133170918337552,0.0141512242111481,121.99024200439452,-0.0084849329195767,-0.0548179793014669,0.0344517802193954,86.0794246673584,-0.0103977694357841,-0.0290930432101745,0.025237071401066,291.83343200683595,-0.0045265168228155,-0.0200158868709906,0.0200002928365966,182.3730895996094,0.0013835101739875,-0.0266131592310482,0.0400194657829431,63.695899963378906,-0.0080775955918384,-0.0242807720529881,0.0198524277500714,186.38266143798828,-0.0028382244224041,-0.0116115282730324,0.0089260311744565,37.12645149230957,-0.0025239768889806,-0.0343145832658907,0.0379572119132034,37.00929794311524,-0.0101533159185292,1
2020-06-29,0.0230467628913024,0.0208582889965574,83.76490631103516,0.0018577978517338,0.0254158316440813,0.020207691193867,70.97609024047851,-0.0070838949793816,0.0089251186664078,0.0143269737854104,121.64528770446778,-0.0060880969925114,0.004427992968041,0.0343034642913511,85.84149856567383,-0.0073446675476208,0.0124073471467713,0.0254247031405308,291.4247848510742,-0.0074008466203774,0.0107471165071193,0.020009088056379,183.114949798584,-0.0020217820876998,0.0516911080118898,0.0382041048613328,64.06673336029053,0.0035754445138137,0.0111478625840115,0.0200291527414047,186.2404685974121,-0.0034807177943575,0.0062546538070327,0.0091267669614264,37.05103874206543,-0.0043268740217556,0.0160473296278587,0.0379122168916646,36.93362274169922,-0.0088576311057603,1
2020-06-30,0.0083475959333185,0.020861316290366,84.26668968200684,-0.0007415497427036,0.0149442238691761,0.0204842126196305,70.9159725189209,-0.0059314619113631,0.0114357773369497,0.0145117803340721,121.32276649475098,-0.0030616429071862,0.0113978457251924,0.0344208931940871,85.6345874786377,-0.0075044082144725,0.0094564480395247,0.0254673662695045,291.04412231445315,-0.0071125118514275,0.0255491143085346,0.0205175018375759,183.99890594482423,0.0017518756394984,0.0698073149894527,0.0402120056503166,64.72756671905518,0.0160363955131444,0.0093536114264407,0.0200019872082105,186.0877456665039,-0.0046978152108971,0.0060470452501018,0.0092957180691515,36.98701496124268,-0.0021148384777563,0.0090252335364169,0.0375904599019057,36.83362331390381,-0.0082589987144543,1
2020-07-01,-0.0018914858082403,0.0209407931956724,84.73858032226562,0.0024104920671119,0.0168895927319854,0.0208499161241222,70.92278709411622,0.0017197630963394,-0.0017777486673933,0.0144612857581474,120.9727352142334,0.0008386763138601,-0.0085051940761368,0.0318145684501001,85.16680870056152,-0.0025272080812427,0.018498600906603,0.0256961636392276,290.7594696044922,0.0049748995917682,0.0058477004206611,0.0205091741952735,184.91803588867188,0.0069529061471593,0.0368768072658178,0.0405525267828959,65.51646671295165,0.0315832166038298,0.0031576139901867,0.0200071313123704,185.9398094177246,0.0025609699802237,-0.000751052756826,0.0092839509771448,36.92883987426758,-0.0009930092051484,-0.0225847427716793,0.0364347622225409,36.62011165618897,-0.0033541239389791,1
2020-07-02,0.0,0.0207142332849447,85.24435844421387,-0.0002446111552912,0.0193687995277151,0.0208307536926935,71.06063995361328,0.0044209201667778,0.0042028276859908,0.0143344094588461,120.72894020080568,0.0018937766376399,0.0032479160424869,0.0313007258673436,84.61970291137695,-0.0088498837283766,0.0041502403602553,0.0253625530587446,290.8101303100586,0.0030839186485959,0.0076205309667884,0.0200524521588741,186.0272605895996,0.0059497150664226,0.0795173412803385,0.0423418480637071,66.664066696167,0.0422558824632901,0.009753219693247,0.0197729137867696,186.0369956970215,0.0018263071281795,-0.0040109378483245,0.0090354404470619,36.884206771850586,-0.0008143639642097,0.0084648173294974,0.0365624548737491,36.42629165649414,-0.0046723891087594,1
2020-07-06,0.0267501656411948,0.0206201619260474,85.7569133758545,0.011250607731515,0.0202188536990837,0.0209179514982306,71.20840530395508,0.0193674602944083,0.014258399917244,0.0147368311935117,120.54609603881836,0.0074088749878398,0.0252539559707289,0.0298883768729708,83.96947364807129,0.0071645033260625,0.010415910643915,0.0241792191821702,290.5056945800781,0.0109857094194139,0.0215265892242135,0.0199722422134427,187.14409103393555,0.0142582102854634,0.1347939370342961,0.0497950695897827,68.28380012512207,0.074537301716359,0.0106811909123509,0.0186382934782606,185.94842529296875,0.0088186997212474,-0.0026840337727921,0.0090091374338692,36.84311408996582,0.0009711349358383,0.0070324418027616,0.0306962134778097,36.09077301025391,0.003597015904971,0
2020-07-07,-0.0031026638511882,0.020725804064531,86.23170928955078,0.0060207223830169,-0.0064882759470217,0.020990654731893,71.31218528747559,0.0129866387761877,-0.0009091548610381,0.0147278207068643,120.380179977417,0.0054420202823506,-0.0282104758314123,0.0295456783574195,83.10995101928711,0.0006368095661718,-0.018522930747177,0.0244938781363477,289.9991088867188,0.0047996538406242,-0.0116280372109991,0.0203626267517966,188.08935623168944,0.0097831795418397,0.0133276885225916,0.0484513410736444,69.75026683807373,0.0668646178184993,-0.0180016854369895,0.0190534296616672,185.6898941040039,0.0029887901170472,0.0677936631931956,0.0178208683829106,36.930993461608885,0.0132789368130709,-0.0259064364841755,0.0294399417971554,35.646761894226074,-0.0047937373174357,1
2020-07-08,0.0232901795345634,0.0202605134000306,86.68411407470703,0.0090092391032659,0.0091817776233924,0.0210576416561077,71.43985366821289,0.011834149527031,0.0029399812400958,0.0147201786151185,120.26632270812988,0.0037428610629798,0.0106152957229546,0.0296052684866264,82.41610679626464,0.0004802995657242,0.0021369357813045,0.024481559496157,289.4713348388672,0.0033357513889801,0.0219927779477564,0.0207020660286167,189.1838478088379,0.0090719122696841,-0.0172535003098448,0.0487248403317228,71.16763362884521,0.0494524547586398,0.0044799793869252,0.0190916419768406,185.4979118347168,0.002014063709144,-0.0197713705563934,0.0185019373426179,36.97855014801026,0.0081152536517719,-0.002312834782092,0.0293862610306669,35.24599380493164,-0.0070613509811375,0
2020-07-09,0.0043001938810485,0.0196856283171205,87.04925727844238,0.0102475750411237,0.0100158855226741,0.0210820042690102,71.57356834411621,0.0104594080851687,-0.0054441397555251,0.0144032853794216,120.0415744781494,0.0030095828453535,-0.02165051382468,0.0287876045916949,81.82594413757325,-0.0021487643839843,-0.0185241483190414,0.024711580877428,288.59486236572263,-0.0040687984561487,0.007001014066897,0.0193701711002179,190.0145797729492,0.0093025749989312,0.0207924564914558,0.0458834756909793,72.39840030670166,0.0462355846037674,-0.0146614236459582,0.0192365569449812,185.10197830200195,-0.0015497438180849,0.026599226639979,0.0193169539018259,37.07997379302979,0.0135853095311329,-0.0412608382036565,0.0285448549338176,34.887310314178464,-0.010796570067533,1
2020-07-10,0.001749053096854,0.0154061147076157,87.62753067016601,0.0105973856604945,0.0134001161454901,0.0183525247110046,71.91333122253418,0.0092656714087237,-0.0008422614885421,0.0097251053460729,120.10506324768066,0.0020005650104468,0.0546666352345601,0.0257906773660749,81.82586364746093,0.0081349794544302,0.0037003458573774,0.0189875872446236,288.82764739990233,-0.0041587773567242,-0.0030331848125931,0.013909325081383,191.3167526245117,0.0071718318430549,0.1078477650541864,0.0473220604437053,74.30443363189697,0.051901669358537,0.0017688419180135,0.0140259661612545,185.2776824951172,-0.0031466193731316,0.0229352249009404,0.0196118779736064,37.24295902252197,0.0189745420809859,0.0311895684530998,0.0232434068687262,34.75101842880249,-0.0062516198428125,0
2020-07-13,-0.0046131708838236,0.0156058935546469,88.14928398132324,0.0043247183554908,-0.0174008102900271,0.0189917905623135,72.15942420959473,0.0017417386109015,0.0199480251987449,0.010498012001027,120.2345802307129,0.003138490066747,0.0143348481387621,0.0252299622857429,81.7719711303711,0.0059511578880369,-0.018601120613527,0.0187633431130497,288.47919311523435,-0.0099621836082127,-0.0308885988776717,0.0162766991593431,192.2354034423828,-0.0033112057773221,-0.0308095851054701,0.0468047886418974,76.17703361511231,0.0187809649305838,-0.0183327693130596,0.014076189630257,185.12256469726563,-0.0089494114182137,-0.0088766543260991,0.0190617958197003,37.424258422851565,0.0177360179703245,0.0002340891211221,0.022507997348366,34.57688856124878,-0.0076112903791404,1
2020-07-14,0.0165483242462378,0.0157215309435775,88.69681587219239,0.008254915974976,0.005706755623918,0.0189927640866472,72.40752449035645,0.0041807449250895,0.0186630634678968,0.0110383913495599,120.51689414978028,0.007052933732534,0.0057348041667137,0.0250554358987027,81.6834716796875,0.0127402138876621,0.0302225506933722,0.0200190152210007,288.58433532714844,-0.0002130873201028,0.0061817819273062,0.0162758469801932,193.1578582763672,0.0002507580503389,0.0131858630999019,0.0461395947979086,77.93003387451172,0.0187525998460458,0.0228016354918385,0.0150155379450743,185.1977294921875,-0.0007887472324481,0.0192250042459949,0.0193172358281603,37.63864803314209,0.0080222861808843,0.0330522257869707,0.0240418382122072,34.45835657119751,0.0041804420750888,1
2020-07-15,0.0068774650737994,0.0149918354508503,89.1666488647461,0.0049723730828232,-0.0026171351702337,0.0187220226113092,72.58200149536133,0.0018209623663643,0.0022979713631883,0.0099466291825839,120.67773246765135,0.0069245317571525,0.0154766859658206,0.0252477480241573,81.62576637268066,0.0137124919362353,0.0226458292172961,0.0198999873631807,288.66385955810546,0.0038886913670954,-0.0014880827402667,0.0156649917276321,193.8455383300781,-0.0044454140872656,0.0192575811636046,0.0455594872019451,79.80963363647462,0.0260548161407357,0.0166554221554924,0.0154070170899822,185.37343063354493,0.0016463413212653,-7.594856376480497e-05,0.0192741890355734,37.82872047424317,0.01196137057941,0.0127070038954559,0.0235895971912151,34.32051935195923,0.0071844098105984,0
2020-07-16,-0.0123049101353559,0.01544198275543,89.58419647216797,0.0016513522795423,-0.0012918057056832,0.0187368125049525,72.73658142089843,-0.0004405758793071,0.0066773183273916,0.0099582897743676,120.89909362792967,0.0093488233737359,0.0028079115826598,0.0245608989326891,81.68968963623047,0.0186041770177033,-0.0208360000921549,0.0204587353493147,288.4703842163086,0.0034263210124727,-0.0198037955011184,0.0165259758091318,194.3055778503418,-0.0098063760008687,-0.0293465043668995,0.047014633939135,81.50580024719238,0.0160270239690646,-0.0155176308300061,0.0158290472121633,185.37055511474608,0.0014750998844557,0.0015153311801359,0.0191439745490021,38.031413650512704,0.0069445914874414,-0.0078422539077611,0.0226176191725917,34.22978658676148,0.0138681266697775,0
2020-07-17,-0.0020202564444808,0.0154877015113155,89.99061012268066,0.0008974903712753,0.001273661405641,0.0184075241442433,72.94158744812012,-0.002865866827277,0.0006704767232619,0.0098609151479376,121.15050735473632,0.0096513710160967,-0.0184979473299463,0.0249133428646639,81.69718971252442,0.003971260504802,0.0157338182343051,0.0207633468129955,288.45186004638674,0.0058330154878583,-0.0051001803425656,0.0164939826591745,194.61733779907223,-0.0102197751068632,0.0001333049437524,0.0472236981489746,83.16206703186035,-0.0055158680530221,0.0082174917169119,0.0159299201144249,185.42705307006835,0.0027648298442354,-0.0034798008901427,0.0189745482685781,38.24303245544434,0.0016615863292248,-0.0171635456839223,0.0227559932218685,34.09851369857788,0.004197503842373,1
2020-07-20,0.0210739938720725,0.0156980762805783,90.51962509155274,0.0060349233224546,0.0309787816536211,0.0192761496287759,73.28652801513672,0.0068100515614526,0.001673529877143,0.0098592080805696,121.3947250366211,0.0059964719517763,-0.0087615553592861,0.0248540374966858,81.71580429077149,-0.0006480201948076,0.0259816507967243,0.020466072329609,289.217839050293,0.0147495697699086,0.0429812148675388,0.0187608595330825,195.39911956787108,0.0045541876421788,0.0947202875586945,0.0495705210365045,85.30240020751954,0.0195901064798108,0.0173251026319087,0.016201847417565,185.727237701416,0.0098964042332291,-0.0020494523269976,0.0188948618756064,38.4218698501587,0.0030270267290451,-0.0234373474670506,0.0228983826249021,33.96415166854858,-0.0005367834752614,0
2020-07-21,-0.0138016910490372,0.0155422229761886,90.87218017578124,-3.507973660041852e-05,-0.0050645249757301,0.0191270463339274,73.54736442565918,0.0046557954415229,0.0009362182350005,0.0097912351980506,121.66349334716796,0.0024511029051971,0.0216856633416278,0.0251343855316323,81.86997680664062,0.0025421516401751,-0.013975822812672,0.0199771969767299,289.39011535644534,0.0059098950686997,-0.013468892201597,0.0182966820956353,195.78787078857425,0.0006240528163981,-0.0454290743875026,0.0516410639172422,87.21586685180665,0.0078671189823298,-0.0100267431740752,0.0161188802674901,185.800008392334,0.0033307285000463,0.006541343623823,0.0187405632389481,38.58577823638917,0.0004902946046107,0.05058828219924,0.0258002913223345,33.89581308364868,0.0029704278071923,1
2020-07-22,0.002809171769956,0.0149982091454739,91.14522094726564,-0.000848738397369,0.0057395416934749,0.0190904272492152,73.79732284545898,0.0063271308142647,0.0018027915099787,0.0096932290952618,121.96612167358398,0.0023520669345551,-0.0072428682917666,0.0251010168437079,81.9431251525879,-0.0020017592113423,0.0187581195201582,0.0203235803164338,289.7234222412109,0.0051323531292721,0.0143713635838249,0.0184766422041149,196.25551528930663,0.0037959420812165,0.0152834765182541,0.051537340706538,89.18436698913574,0.0070722980532597,0.0121132086612321,0.0159732800421918,185.8426170349121,0.0024222858011943,0.0024938741856441,0.018617595039173,38.76415386199952,0.0010042591544925,-0.0232925052955114,0.0261727980568657,33.77650899887085,-0.004229474031001,0
2020-07-23,-0.0455163648279026,0.018017468855996,91.28222465515135,-0.0074910293358784,-0.0307377162068785,0.0198337399987348,74.00560150146484,0.0004379487140256,-0.0026662763802326,0.0080443460124591,122.38048934936523,0.0004833479930303,0.0029385924723199,0.0237461338957487,82.16764678955079,-0.0019756230334102,-0.0110732597568588,0.0178931439943793,290.51002197265626,0.0070849011963313,-0.0434948278025372,0.0206005956306675,196.47888107299804,-0.0009422643790672,-0.0497761533857427,0.0521687506485436,91.0251003265381,0.0029863682494911,-0.0071911983027944,0.0140484933999077,186.13082733154295,0.0040875723066366,-0.007688712475336,0.0186616075026661,38.93868255615235,-0.0008365495766018,0.0020638234484509,0.0240431687170241,33.745621013641355,-0.0022482585597586,0
2020-07-24,-0.0024770144583603,0.017828343941222,91.35024337768554,-0.0075823809386543,-0.0056304766753271,0.0199141121857758,74.17190246582031,-0.0009428789021679,-0.0099595127847261,0.0085359885612961,122.73813819885254,-0.0016426499085672,-0.007072293981763,0.0226077445430265,82.22193222045898,0.0003095076362263,-0.0096159735906996,0.0179122053450409,290.9596694946289,0.0020149428313304,-0.0061222073140883,0.020487689552954,196.5245048522949,-0.0011466697733717,-0.0634933937061315,0.0557229592851828,92.46183357238768,-0.0097389714804856,-0.0115482703867455,0.0140559741451814,186.18684158325195,0.0001344198859051,-0.0030385733880996,0.0186158121624479,39.11613502502442,-0.0007483040761932,-0.0061784924704463,0.0237813234199612,33.67843999862671,-5.124791706347942e-05,1
2020-07-27,0.0236999094826437,0.016872318801018,91.66019706726074,-0.00705719781654,0.01406954608352,0.0148450698104098,74.58546028137206,-0.0043247260161881,-0.0063459255971681,0.0079584638093741,123.1347282409668,-0.0032465410034295,-0.0140414943225395,0.0188448053399027,82.44516716003417,-0.0007464801564242,0.0063206558663237,0.0163948060993206,291.9213317871093,-0.0019172561547496,0.0126676261576914,0.0200694898253811,196.8818893432617,-0.0072093875153412,0.0865208063198523,0.0565081513660834,94.39470024108888,-0.011378867728254,0.009018741137452,0.0129042787084094,186.55261306762696,-0.0015268524129862,-0.000228615913367,0.0182592603249936,39.31451873779297,-0.0003841367934671,0.014736410341342,0.0227469771907531,33.69581384658814,0.007583503644615,0
2020-07-28,-0.0164275494603813,0.0167910746648152,91.79611167907714,-0.0075823694988089,-0.0168559688178617,0.0149290449892698,74.84932022094726,-0.0066830147846145,-0.0023782331987564,0.0079411246301975,123.46444396972656,-0.0039094312901809,0.004334462884481,0.0188444257116461,82.66900177001953,-0.0042167202478536,-0.008191319845469,0.0164503236062719,292.5875686645508,-0.000760355561309,-0.0089770698520174,0.0201053981473964,197.05202865600583,-0.0063110230454253,-0.0409911225779979,0.058017258979455,95.9518337249756,-0.0104912773663531,-0.0008634322715518,0.0127374798271341,186.809228515625,0.0003058097675184,0.0041915889964601,0.0182596338494392,39.50997714996338,-0.0008540877189397,-0.0117992486638409,0.0226137242422286,33.66608476638794,-0.0048940025280011,1
2020-07-29,0.0191687030243155,0.0171874205692472,91.9820125579834,-0.004310463247937,0.0132079091635417,0.0148656503469789,75.11065368652343,-0.0051893412906011,-0.0019752809972259,0.0077334069225235,123.7145851135254,-0.0046650457916218,0.0242497358786322,0.019360589574145,82.94904556274415,0.0020818005862261,0.0096956643001897,0.0164557843074745,293.2636459350586,-0.0025728466053027,0.0100981092228962,0.0194004531364306,197.0781707763672,-0.007165673917611,0.0153200720490458,0.0568600666185142,97.3495002746582,-0.0104839582601947,0.0093524696192963,0.0127374425837437,187.06823348999023,-0.0002463380408686,-0.008120660236192,0.0184996873096774,39.67788753509522,-0.0029769946033069,0.0110217661846032,0.0226629626113329,33.63944444656372,0.0019688517680217,0
2020-07-30,0.012100107301884,0.0172962848850286,92.23193740844728,0.0072128311780203,0.0097537375770697,0.014615915402632,75.34946098327637,0.0029089494661885,0.0020473366019293,0.007679869550827,123.98800621032714,-0.0037223231951894,-0.0266853710825698,0.0203583711222783,83.14896278381347,-0.0038429921247518,-0.0009702125052334,0.0160264521302992,293.6613174438477,-0.0005522371549777,-0.0007843467980321,0.0193575252878524,197.04014892578124,0.0013764222832899,-0.0077512574408813,0.056956871957613,98.57570037841798,-0.0020789790712225,-0.0227613600963111,0.0138274362899856,187.0816390991211,-0.003360370399572,-0.0043614136696508,0.0185713660190177,39.83840999603272,-0.0023115348421699,-0.0490575868825222,0.0247001273928762,33.56840238571167,-0.0082554302981728,1
2020-07-31,0.104688602445057,0.0285505159928835,92.96936492919922,0.0286459545587038,-0.0327748262852251,0.0161741093585445,75.39411582946778,-0.002519920455791,-0.0073548127566486,0.00795737870057,124.19074478149416,-0.0032013831895739,-0.0039165839293581,0.0204104334206634,83.31970901489258,-0.0032118501142708,-0.0015208726716077,0.0160267516971536,293.9759811401367,0.0010667830288406,0.005443718741251,0.0193183997050243,196.98074340820312,0.0036896074943578,-0.0381380479871881,0.0560981888005,99.31603393554688,0.0029920900725661,-0.0188601946285563,0.0142565647328092,186.8293334960937,-0.0048227552479341,-0.0055333422036468,0.0186104986285332,39.9952398300171,-0.0028104886052793,0.005015827844027,0.0246362201458013,33.49118337631226,-0.0060165662352781,1
2020-08-03,0.0251974015958236,0.0284993095320562,93.71853103637696,0.0289454529813397,-0.0034879960338193,0.0155267364708411,75.35226211547851,-0.0060314288792589,0.0109080568389823,0.0077105687584385,124.37570457458496,0.0002494132976561,-0.0055877158397744,0.0197390365157667,83.36689987182618,-0.0015210944177178,0.0131589669462097,0.0161213273082874,294.3348083496094,0.0024344452448178,0.056241447987555,0.0226402375049221,197.25828704833984,0.0124043718603305,0.0379098927770311,0.0484016892863347,99.69410057067871,-0.006730092635998,0.0015231020125985,0.0139973028702952,186.4908515930176,-0.0063218830729048,-0.0007730805536143,0.0185777973867872,40.15545444488526,-0.0029193815333288,0.004039759185225,0.0245873169571585,33.40855913162231,-0.0081558964665015,1
2020-08-04,0.0066781232133805,0.028381317931478,94.5169548034668,0.0335665875160921,-0.0063800819102309,0.015524541029125,75.31107749938965,-0.0039362514977327,-0.000882008704484,0.0077101183403974,124.56066551208497,0.0005486581965105,-0.0057233000258337,0.0186102301109196,83.50546875,-0.0035326469997807,0.0057587956423759,0.0154480951286332,295.0536773681641,0.0052244683423868,-0.0150088841616086,0.0227565993535383,197.497811126709,0.0111980089984123,0.0013467807962437,0.0483681798732116,100.01790046691896,0.0017374880388502,0.0083903112629983,0.0136210951336072,186.3994079589844,-0.0044711343659948,0.0180976782738913,0.0116967187992334,40.22763614654541,-0.0001381636778425,0.0288759078785565,0.0248550218307395,33.41743955612183,-2.0865158022065344e-05,1
2020-08-05,0.0036248365974562,0.0281837699314021,95.2295700073242,0.0304578142307203,0.0039297616491416,0.0153970151915115,75.25034027099609,-0.0057918810006128,0.0080153049121116,0.0078411758107765,124.77779541015624,0.0025467753783781,0.0173731478790488,0.0188370820208784,83.67321014404297,-0.0049079645996974,0.0432898610638792,0.0179325062543939,296.39912872314454,0.0119433076951247,-0.0016408801879729,0.0222409796651448,197.50303955078124,0.0088502111162384,-0.0013315012524625,0.0481222779814243,100.41503372192383,-0.0015928266214514,0.0198140600367147,0.0143240076670681,186.44872131347657,-0.0023788162825111,-0.0139014073501542,0.0111873955473578,40.31028327941896,-0.0012943131006349,0.0087411105279942,0.0249106403962943,33.44485197067261,-0.0004769962893438,1
2020-08-06,0.0348892610950999,0.0288199278428307,96.10823669433594,0.0350156449893634,0.0174837755180099,0.0157571173260764,75.21636619567872,-0.0042458734124247,-0.0057277156575131,0.0078551884855432,124.9919620513916,0.0009917649264896,0.0003087151522336,0.017993520108678,83.92889823913575,0.0004908526472632,0.0065241783244593,0.0170874415403472,298.11656951904297,0.0134421858610633,0.016013964034905,0.0224748620278362,197.59951477050785,0.0122098732828259,0.003070674289896,0.0479842317934844,100.7327003479004,0.000571559724704,0.013615348565714,0.0141577576324704,186.76278762817384,0.0048965254498938,-0.0035439644055026,0.0096481416155762,40.33490753173829,-0.0011308232478053,-0.0047887813612117,0.0228992454408993,33.53288173675537,0.0083767648149182,0
2020-08-07,-0.0227358667431334,0.0296564095104285,96.85342597961426,0.0095307511517253,-0.0043720678647386,0.0154397030005882,75.11565895080567,0.0014346782716725,0.007116442356664,0.0079169479035577,125.25565147399902,0.0038860159491521,0.0220073862109371,0.0141624413010637,84.06232032775878,0.0056756466753222,-0.0064212340234517,0.0173029937899659,299.67893371582034,0.0124621135906945,-0.0178877351675207,0.0228474149892918,197.54296340942383,0.0075435825010715,-0.0247519446804121,0.0416819228539985,100.42623367309572,0.0032487803860592,-0.0121242980058792,0.0144948834095149,186.94519805908203,0.0062437047744292,0.0047931904273774,0.0081863815745912,40.32398014068604,0.0009344832783995,-0.0045831586268477,0.0219537463229527,33.56338272094727,0.0064569675207432,1
2020-08-10,0.0145347295897104,0.0295409561536137,97.69836196899412,0.0073982167505027,-0.0010345808919998,0.0149635376063749,75.07747192382813,0.0019253613000364,-0.0038361821054142,0.0068162871560423,125.37500839233398,0.0009371681602728,0.0126784432732716,0.0140892341546523,84.19059295654297,0.0093288784979314,-0.0156698015192494,0.0171007209085953,301.25868835449216,0.0066963598976026,-0.0199078145202217,0.0221893779007616,197.5990432739258,-0.0076862700004837,-0.0235009146859759,0.0414497811888315,100.16460037231444,-0.0090333811065421,0.0021897440575338,0.0137558532099661,187.3171951293945,0.0063770331834163,0.0146956304914451,0.0085656927289224,40.36030139923096,0.0040282254874114,0.0246318337084832,0.0225695771783119,33.6348108291626,0.0105753824253948,0
2020-08-11,-0.0297396029030619,0.0306951385994912,98.3042179107666,0.0001146715272142,-0.0108764066668449,0.0150661388914165,74.97755737304688,0.0010260963487136,-0.0071607672368901,0.0056345956472543,125.33479499816896,-0.0003185835462083,0.031598005716658,0.0155948550289523,84.43126640319824,0.0167931396464298,0.0175297938803165,0.0163537868111076,302.6881988525391,0.0090505595451907,-0.0233852928563539,0.0227693760496379,197.36284408569333,-0.0093615517394328,-0.0311440606522255,0.041785187675218,99.68990020751951,-0.015531549396236,0.0049798485217791,0.0128949634810069,187.52976608276367,0.0056949406351724,-0.0127386739386059,0.0079326093909648,40.33244438171387,-0.002139044955088,0.0103349909777763,0.021489792253656,33.66955986022949,0.0068671990452388,1
2020-08-12,0.0332342265789817,0.0312718476692239,99.05405120849608,0.0060365495235193,0.0180339451120006,0.0156622472059842,74.9536693572998,0.0038469330412854,0.0183029438179027,0.0069961000432949,125.39404945373536,0.0017389442349498,-0.0084764343835813,0.0154973420695459,84.56897850036621,0.0116232231939038,-0.0027696985556611,0.0158792541433016,303.7466873168945,-0.0001613523787172,0.0285672247860779,0.0237054460432091,197.41749801635743,-0.0033199307446226,0.1312363947417745,0.0514620231943662,99.71906700134278,0.0109820298026113,0.0049046506392269,0.0124131222133297,187.6346160888672,0.0027130587556749,0.0129801411493262,0.0085001403804427,40.33075180053711,0.003237264744808,-0.0002268459991395,0.0213201987900735,33.68229370117187,0.005073607739812,1
2020-08-13,0.0176973547024001,0.0309731263104224,99.95909538269044,0.0025981682449794,0.0062432667948657,0.0157251483372856,74.95795555114746,0.0015988312966565,-0.0110916669080547,0.0072914562624773,125.34114303588868,0.0006661539848415,-0.005537016102791,0.0155780379238379,84.67022438049317,0.0104540769428988,-0.0043953346770726,0.0149466370730604,305.04334411621096,-0.0023452549790236,-0.0023424559473393,0.0232336010065605,197.6446647644043,-0.0069912147410715,0.0426046504780761,0.0517069178530876,100.12026710510254,0.0188888250402474,-0.0043336980363368,0.0118883392970634,187.8442527770996,-0.0008767505647352,0.0038064272608184,0.0085371006599379,40.33370723724365,0.0047073430780722,-0.0244952575132454,0.0219815327257962,33.66602001190186,0.0011323125094053,1
2020-08-14,-0.0008911257688267,0.0309523632661868,100.8686092376709,0.0069671164398407,-0.0079253718678429,0.0158255335142193,74.92767448425293,0.0008881704960357,0.001622113603612,0.0073018746069323,125.2941623687744,-0.0004327117657688,0.0003906116994849,0.0148723610452867,84.85255126953125,0.0061307220406084,0.001869870890697,0.0147133631581631,306.1419281005859,-0.0006870339961939,0.00095836662758,0.0231836506587019,197.93076400756837,-0.0032219943820513,0.0183281967881143,0.0517751003578706,100.61983375549316,0.0275048533339527,-0.0047576411209919,0.0118383991986365,187.9326904296875,0.0005965808122422,0.0056883176014614,0.0085803966159015,40.35533313751221,0.004886368512889,0.0044176143643428,0.0216344522593169,33.68657035827637,0.0029324671076434,1
2020-08-17,-0.0026107330012805,0.0309349042143266,101.66529846191406,0.0035380239216425,0.007716229690915,0.0141756678130501,74.80972061157226,0.0026383326126186,0.0050590337130091,0.0073899087659713,125.2683448791504,0.0013463313979158,-0.0263644603479887,0.0160324514755999,84.95594291687011,-0.0016778586836436,0.0104960373109963,0.0138627517515313,307.0245697021484,0.0045461337698552,0.0066060833018324,0.0211101104611949,197.8680313110352,0.0020807851823594,0.1120305815451947,0.0534537248795382,101.261967086792,0.0546111525801868,0.0141882186669251,0.0116231071824046,187.99308395385745,0.0029962757341204,0.0226243884813002,0.0098626270941061,40.42747554779053,0.00647212011086,-0.0129630948329177,0.0211371365555433,33.72445411682129,-0.0045865186006367,1
2020-08-18,0.0083326333023672,0.0304989847490152,102.57402153015136,0.0111524711627283,0.0260775859224429,0.0154138281267103,74.80937385559082,0.0100291311304762,0.0073830917218331,0.0075792655001446,125.28315773010254,0.0042551031896604,-0.0139407060948686,0.0156276748319514,84.90918006896973,-0.0107856010459489,0.0023311483619601,0.013282901942846,308.155030822754,0.0015064046661839,0.0057540974019796,0.020906139171954,197.9982482910156,0.0079086632340261,0.0280283741956939,0.0521797541396066,102.32440032958984,0.0664456395497707,-0.002105867514652,0.0113822574265403,188.12861404418945,0.0015791325268342,-0.0065635380538392,0.009965777216011,40.4726282119751,0.0077071472878134,-0.0049250606614458,0.0176964624243545,33.67105884552002,-0.0076385289284811,0
2020-08-19,0.0012548157365437,0.0305184039364104,103.47658576965333,0.0047565889942407,-0.0071796487434031,0.0154361362238237,74.75921821594238,0.0049864123593955,0.0019989113115215,0.007581651164824,125.2992431640625,0.0009942966883842,0.0023394628622932,0.0155547056236692,84.90317420959472,-0.008622421596774,0.0042297825278976,0.0128080160225031,309.0743774414062,0.0029063008828956,-0.0060669330137756,0.0207094504032631,197.9249114990234,0.0009818316740554,-0.0045360591168615,0.0522730469794593,103.27840042114258,0.0392911487780435,0.0099494225626639,0.0112786484785828,188.2451385498047,0.0025880869115216,-0.0170735354291273,0.0107554842737829,40.47715854644776,0.0016964119721227,-0.0110774036721444,0.017102734836347,33.63931293487549,-0.0098086404630821,1
2020-08-20,0.0221893918500992,0.0277554839247183,104.7180103302002,0.0056549964237805,0.0204839968649912,0.0143743639332744,74.90665969848632,0.0078345583734206,0.006848410794138,0.0076930825536635,125.37584991455078,0.0045823122288227,-0.0119735377453271,0.015764621086428,84.83410415649413,-0.0099097259252812,0.0148017942121589,0.0126139373314469,310.399057006836,0.006745726660742,0.0232715302321786,0.0186342075122507,198.5217613220215,0.006104628909959,0.0656364366744592,0.0517469846984021,104.90760078430176,0.0438975060173201,0.0157220025306381,0.011597435848502,188.5816429138184,0.0065992270249166,-0.0138964378277887,0.0110787900532508,40.46895160675049,-0.0018441610455987,-0.0152522412787844,0.0173855155943388,33.578894996643065,-0.0079600372161899,1
2020-08-21,0.0515327039147897,0.0288164360592029,106.2661693572998,0.0161397623605038,-0.0004310834825295,0.0142753153854955,75.07357978820801,0.0093334160504833,0.0088499072772756,0.0074771438397954,125.57224197387696,0.0060278709635555,-0.0005135884040067,0.0156931859346866,84.792919921875,-0.0100905659459796,-0.0006521635114843,0.0122465112912994,311.85707397460936,0.0062413197803057,-0.0072701118478173,0.0186660913358617,199.10322265625,0.0044589332148795,0.0240529267290705,0.0483184615424165,107.01753387451171,0.0450424520055114,-9.797204110206792e-05,0.0111780910754718,189.0263442993164,0.0075311608408946,0.0081183946175946,0.0112055780808298,40.4832820892334,-0.001358145642372,-0.0075024225473649,0.0174060673581132,33.516696548461915,-0.0103440445985315,1
2020-08-24,0.0119601291503965,0.0287562794274565,107.78020782470703,0.0190539347908393,0.0060802731672466,0.0140379757551503,75.21165580749512,0.0090062247457496,0.0026357412029467,0.0072427359748632,125.82546005249024,0.005543212461543,0.0281544287006616,0.0165708886411397,84.92848625183106,0.0008132118637504,0.0194004950120267,0.0126753711993065,313.53731842041014,0.0080222113205118,0.0031455288232382,0.018530628020542,199.5954177856445,0.0037668223191607,-0.0174538064482562,0.0463016626128852,108.59953384399414,0.0191455744068212,0.0111694393314358,0.0112553236840921,189.4961067199707,0.0069274049737967,-0.0022790549263862,0.0112211269702218,40.4934383392334,-0.0063388343239093,0.0295050769291651,0.0184254001233254,33.477427291870114,-0.0018504102461149,1
2020-08-25,-0.0082037659240954,0.0283430743991508,109.31957168579102,0.0157466549455467,0.0130586834218806,0.0135202305719527,75.46491050720215,0.0064024442456371,-0.000591503370663,0.0071965145055597,126.08965873718262,0.0039482934430437,0.0043977018237839,0.0165714166267702,85.06491165161133,0.0044808934474809,0.0116984197785812,0.0123262997799886,315.5339981079102,0.009895665603836,0.0130092646025035,0.018457108100485,200.30701751708983,0.0052178557592654,0.0045377511853743,0.0445146496518383,110.42236671447752,0.0144474498047572,0.0081874151745431,0.0112950800554097,190.0550399780273,0.0089860615116358,-0.005330223996844,0.0112497541636673,40.48431224822998,-0.0060921715125103,-0.0317385278271784,0.0195456183051531,33.405477142333986,-0.0072131036792614,1
2020-08-26,0.0135993547995605,0.0283288178410135,110.85472717285155,0.0182155627581501,0.0238376663215613,0.0141224107776062,75.7638095855713,0.01260590725863,0.0015783151300516,0.0071339808236815,126.376358795166,0.0038641742067498,-0.0140300166070775,0.0160366072990732,85.0396011352539,0.0012069975536068,0.0096645752797097,0.012325866805776,317.5495147705078,0.0109826241541984,0.0216197624800933,0.0188417757185278,201.144620513916,0.0107551948580392,0.0641661916535625,0.0457533786150541,112.60256652832032,0.0281878999588421,0.0103798352019948,0.0113280312452123,190.62945175170896,0.0090721440395019,0.0005360960641818,0.011093013698017,40.492735862731934,-0.0025702452138484,-0.0212817658659125,0.0197464871108819,33.28074140548706,-0.009253976118015,1
2020-08-27,-0.0119546556376826,0.0289561488474962,112.26085395812989,0.0113867532605937,-0.0094943337080118,0.0143572476896915,75.98720359802246,0.0066102411440294,0.0044650614846855,0.0071501888610241,126.67933464050292,0.0033875043448593,0.0328993505558274,0.016383373416945,85.26826286315918,0.0101815752138377,0.0141870461468387,0.0123136779162199,319.82011260986326,0.0108596745411344,0.0245531978712263,0.0193263209116672,202.24850997924804,0.0110115283858488,0.0397460792064241,0.0455119485703167,115.10676651000976,0.023009828465235,0.0036619733018763,0.0095700065129006,191.4571792602539,0.0066601381937496,0.0453706552411148,0.0149160278754704,40.6015718460083,0.0092831733999322,-0.0067485898286036,0.0166448450495772,33.22877206802368,-0.0075532458279788,1
2020-08-28,-0.0016198631399687,0.0196197176091821,113.16965713500976,0.000756239849642,0.0066993021839871,0.0116447608241559,76.36257438659668,0.0080363182773328,0.004314234222255,0.006778124949345,127.05614166259764,0.0024803697338551,0.0041033105361019,0.016308193721587,85.53124351501465,0.0111049550018594,0.0284273503454539,0.0130021680021573,322.6023239135742,0.016675577312522,0.0102834055713636,0.019354753789218,203.41064910888676,0.014522231869685,-0.0113232994399078,0.0440306127493098,117.7155662536621,0.0159345832314393,0.0221772887727622,0.0086981265362452,192.68453521728517,0.0111151903565224,0.0268613841575313,0.0157066738358806,40.77820529937744,0.0130317713079195,0.0239054718453424,0.0175456506002068,33.20609712600708,-0.0012716669494374,1
2020-08-31,0.0339122435422227,0.0201044060435896,114.15411071777343,0.0051466627280073,-0.0060385545779828,0.0117551667006348,76.72627410888671,0.0056125527282868,-0.0014968173837338,0.0065801456618066,127.35585441589356,0.001653858016519,-0.0251042314413438,0.0174087846475449,85.7067081451416,0.0004532229734583,-0.0216596055615799,0.0146024458795725,324.80529327392577,0.0084635571978007,-0.0147655335857769,0.015807515555948,203.8638053894043,0.0109400193878819,0.1256890549105465,0.0496219927789434,121.0708999633789,0.0445631555031999,-0.017245709779773,0.0101414960365899,193.7196357727051,0.0054321605342807,-0.0103351580817163,0.0160141062887577,40.933970069885255,0.0114205506768535,-0.0184320530526717,0.0179506704382083,33.14733028411865,-0.0108590929458047,1
2020-09-01,0.0398325506571566,0.0212555364775084,115.35262794494628,0.0147539260442577,0.0156792004099977,0.0116860700849268,77.17672920227051,0.0061366561259103,-0.0123202451349668,0.0073318245042645,127.58053817749024,-0.0006918903363416,-0.0004990438911898,0.0173221558470719,85.90362358093262,-0.0005261261695363,-0.0036015734265888,0.0147908172969833,326.85897369384764,0.0054035585567667,0.0077151389675125,0.0153085827232668,204.55431060791017,0.0098811942608837,-0.046696908046846,0.0520491377723569,124.03173370361328,0.0343162236567558,0.0064156404269035,0.0101207829028124,194.74334945678712,0.0050778055847527,0.0629454695176716,0.0205928063940575,41.18878612518311,0.0250756893797566,-0.0127690535577212,0.0165829334639142,33.02138013839722,-0.0070651980919133,1
2020-09-02,-0.0207184317068872,0.0223359805040089,116.397074508667,0.0078903687429681,0.0376477622068798,0.013653627744722,77.76724319458008,0.0088986753029739,0.0152455562107871,0.0078167232527367,127.85370025634764,0.0020415578798054,0.0150788635297898,0.0172257387480928,86.09410362243652,0.0052956498578371,0.010647310494785,0.0120627298181103,328.43873291015626,0.0056001055997817,0.019272196522061,0.0156556144557404,205.47010955810543,0.0094116810692773,-0.0582675652408364,0.0550320587773295,126.53783378601074,0.009829472277876,0.0146705960486668,0.0097935445994187,195.7347305297852,0.0059359577540871,0.0006097979103636,0.0200993152562737,41.47315731048584,0.025090429748993,-0.0060868430065316,0.0163239436313079,32.87130994796753,-0.0040262135200371,0
2020-09-03,-0.0800608462287675,0.0291381489010904,116.74541549682615,-0.0057308693752488,-0.0511706445281092,0.0187230604666625,78.0759063720703,0.0005634131389545,-0.0278229131927529,0.0101909657554265,127.98047981262206,-0.0044160370556822,-0.0031480771955975,0.0172648696737139,86.26956787109376,-0.0019138356924478,-0.0467426329460238,0.0166699897869414,329.1005905151368,-0.0065858302187907,-0.0619468739001255,0.0213108740918483,205.54022140502929,-0.007888333284993,-0.0902384920331604,0.0604193275087023,128.35590057373048,-0.0161674419700408,-0.0347375769693322,0.0130137252088381,196.23771286010745,-0.0017439523001545,-0.0212620573134832,0.0209544630222972,41.71608428955078,0.0117638872380734,-0.0020411465577099,0.0163329785554363,32.72619791030884,-0.0030847248658584,0
2020-09-04,0.0006620144330078,0.0284928681362459,117.22300720214844,-0.0052744938606535,-0.0296407449807251,0.0201283504837241,78.28118591308593,-0.0067045962939879,-0.0064191601480567,0.0102166551000007,128.02191390991212,-0.0065627159297446,0.0216123516903492,0.0172412299708902,86.44717636108399,0.0015879725384015,-0.0256803459552649,0.0177157597015275,329.4382827758789,-0.0174073694789345,-0.0140357129986107,0.0211521981793918,205.64895553588863,-0.0127521569989879,0.0278132472752659,0.0596269751440899,130.48553390502929,-0.0083401326270061,-0.0205781296854229,0.0136413458560834,196.64989547729493,-0.0102950359917915,-0.0118308139804953,0.0213302583312972,41.92304286956787,0.004025447610468,-0.000766933574993,0.0163525931614108,32.587627220153806,-0.0080192059499255,0
2020-09-08,-0.0672949540521687,0.0325803665622458,117.22749481201171,-0.0255159333795318,-0.0364342710896848,0.0219641813570051,78.3475471496582,-0.0127837395963283,-0.0089506352114235,0.0103902258949321,128.03080940246582,-0.0080534794952826,-0.0347758610367374,0.0189058240102109,86.41628799438476,-0.0003463533806771,-0.0153131511214609,0.0176980496691617,329.7764556884766,-0.0161380785909107,-0.0540957333135401,0.0240874313512533,205.40657653808597,-0.0206181969445405,-0.2106282432039079,0.0785096827646379,131.26046714782714,-0.0756035922498969,-0.0221831431591563,0.0146938548354741,196.8238067626953,-0.0112825226676682,-0.0306657377894324,0.0226332936229569,42.03291854858399,-4.066833107516654e-05,-0.0230296332498333,0.0153772954972743,32.37230978012085,-0.0089387219893578,1
2020-09-09,0.039886418467868,0.0328912404054908,117.61281623840333,-0.0255051598173895,0.0155094792500016,0.0219982057224253,78.51280708312989,-0.0128176838283275,0.0165689475125452,0.0108590604803039,128.188529586792,-0.0022756409657801,0.0095074573431641,0.0175474720849058,86.28972930908203,0.0016549468661936,0.0295865353258502,0.0184711690631621,330.3127014160156,-0.0095004568404228,0.0425835128343845,0.0253388833466807,205.80677032470703,-0.0136445221711661,0.1092334943382573,0.0808149745605939,132.783833694458,-0.0444175117728763,0.0196882877277018,0.0152597420521053,197.13971786499025,-0.0086279932075085,0.0104010530671758,0.0223830099844927,42.19090366363525,-0.0105495516211743,-0.0060241663257133,0.0148576958779864,32.13017597198486,-0.0075897445429562,0
2020-09-10,-0.0326457307466705,0.0331114330092642,117.6360954284668,-0.0278906196253462,-0.013689054129401,0.0219581035826199,78.55941886901856,-0.0230850470955837,-0.0186371221301194,0.0109575435356217,128.1135215759277,-0.0090521766339615,-0.0103099290410028,0.0175917046632001,86.15630912780762,-0.0034228116479648,-0.0199034007086948,0.0190827504187506,330.56632843017576,-0.0156105990811188,-0.0280184116356396,0.0254153710071656,205.64881896972656,-0.0231026438027063,0.0138145825877706,0.0762698982608433,133.7903003692627,-0.0300010822071548,-0.0123492957289608,0.0155570557160921,197.2883598327637,-0.0140319715630341,-0.022017273044254,0.0230062548695539,42.27528114318848,-0.0150749658120978,-0.025033083391209,0.0152593960501488,31.85103302001953,-0.0113789926198917,0
2020-09-11,-0.0131288253162497,0.032997955375428,117.49011573791503,-0.0145042154428426,-0.006742916376902,0.0219822650650939,78.55721321105958,-0.0141995014653422,0.0059220341379462,0.0107536225447731,128.14584159851074,-0.0023031871678216,0.0124207940458143,0.0178254005172254,86.100537109375,-0.0003090373996825,-0.0082010493904648,0.0191578897864395,330.7576385498047,-0.007902282370007,-0.0065249305623679,0.025448614278486,205.4503173828125,-0.0120182551351547,0.0037162634432792,0.0759389450975232,134.59896697998047,-0.0112101311118669,-0.0042674328445005,0.0155558914234926,197.43699798583984,-0.0079379427380677,-0.00080426579329,0.0230133109724301,42.35023174285889,-0.0109834075080592,-0.0027027119033758,0.0148381553801706,31.610473823547363,-0.0115113056890249,1
2020-09-14,0.0299997675443774,0.0337086887056055,117.51206092834472,-0.0086366648205687,-0.004572139957308,0.0219297375709645,78.56762008666992,-0.0091857804606588,0.0038571072767767,0.0107795280876201,128.1922866821289,-0.0002479336828549,0.0138518343670865,0.0181121437357188,86.10311088562011,-0.001861140864335,0.0255942219655771,0.0199471905352843,331.32770385742185,0.0023526312141613,0.0067637022859539,0.0255015491849098,205.30805282592772,-0.0078583720782418,0.1258317707423402,0.0802505319752517,136.09026718139648,0.0083935735815479,0.0214272614632076,0.0161458834188605,197.83688735961917,0.0004631354916583,0.004535593097303,0.0230051742123266,42.42317352294922,-0.0077101260924995,-0.0065037852808869,0.0145740367218079,31.352985286712645,-0.0126586760302036,1
2020-09-15,0.0015602273815098,0.033699728169976,117.55728454589844,0.005134371466167,0.0174242234874668,0.0222065954142422,78.61440467834473,0.0015859184547714,0.0036401091688749,0.0107520538360694,128.22999801635743,0.0022702151932047,-0.0311308026514506,0.0185069232032364,86.08466377258301,-0.0011321291872776,0.0015949091261859,0.0198458855185276,331.7581481933594,0.0057342432636907,0.0164065305529277,0.0257364853892044,205.2607521057129,0.0062420806950517,0.0718268514026634,0.0781756000925382,137.46746711730958,0.0648845925028621,0.0020003331689224,0.0158978396252397,198.12266235351564,0.005299830757274,0.0002912107211563,0.0224874413689547,42.45037212371826,-0.0015187363903817,-0.0106386219135182,0.0145422242971622,31.10218963623047,-0.0101804737629406,0
2020-09-16,-0.0295135212043294,0.0343204928709936,117.39081268310548,-0.0087456164682724,-0.0150019012977761,0.0216435606388301,78.50614013671876,-0.004516357654784,-0.0032911856873472,0.0106491835659107,128.20027236938478,-0.0017018114467737,0.0042303742537308,0.018233266102587,86.14386787414551,-0.0021875458051643,0.0079909043648878,0.0198983360813416,332.2823257446289,0.0014151170714982,-0.0178657614046777,0.0260030905805309,204.9782516479492,-0.0058477741527607,-0.017787298462508,0.0783906509751748,138.5398334503174,0.0394804339427091,-0.0012657920907632,0.0158886562118412,198.41610870361328,0.001109014793581,-0.0080082996052548,0.0225149170216177,42.47432537078858,-0.0052006069248679,0.0424594395957436,0.0184082736037776,30.920294189453124,-0.0004837525786492,0
2020-09-17,-0.0159633962342766,0.0344781965230116,117.13049659729003,-0.0054091495657937,-0.0165665991518483,0.0218805667174701,78.36347999572754,-0.0050918666592735,-0.0082881949541183,0.0107859451621393,128.1054428100586,0.0003679739884264,-0.0114344434783547,0.018433298762466,86.14429664611816,-0.0024124486926347,-0.0070792903432053,0.0199862498845672,332.6219512939453,0.0039799391445961,-0.0104365452705369,0.0260653171545974,204.65478057861327,-0.0023314008797401,-0.0414931245294233,0.0792064100753308,139.33523292541503,0.0284188925192703,0.0006822950182845,0.0157681311206979,198.6213264465332,0.0037153329430301,0.003155774805214,0.0221202408141647,42.5404670715332,-0.0001659973549743,-0.0002645836862185,0.0183973460212161,30.75650997161865,0.0044699473623488,0
2020-09-18,-0.0317203239467845,0.0346111959138691,116.5759147644043,-0.0091274492919006,-0.0241756332863309,0.0217794880141049,78.05333023071289,-0.0085784100411593,0.0136574544845304,0.01113827490725,128.05265998840332,0.0019150580577433,-0.0021306845734269,0.0182222957538448,86.18633880615235,-0.0053227444164829,-0.012285143289916,0.0199364361381725,332.5224304199219,0.0031631203647059,-0.0124193664611675,0.0255091355768489,203.9787742614746,-0.0035102880595001,0.0442104184349159,0.078543735236231,140.03163261413573,0.0365177235175976,-0.0129584871377875,0.0156792428207967,198.5474868774414,0.0019771220843727,-0.0102421525829805,0.0219983478559492,42.61340885162353,-0.0020535747129124,-0.0161375963470867,0.0184242390549118,30.593906211853028,0.0017829704736066,0
2020-09-21,0.0303257320597059,0.0330961124281895,115.88286781311037,-0.009062256388835,-0.0144370890013098,0.0218869517784755,77.69295082092285,-0.0105513998499596,-0.0273494695587831,0.0124301711359105,127.7693214416504,-0.0043262573093686,-0.0309097668538111,0.0195448259937036,86.1001091003418,-0.0142750646606625,-0.0221024502537303,0.0205347777953467,332.07555236816404,-0.0063762140791555,0.0107289541505419,0.025671306848886,203.4795104980469,-0.0027172376865825,0.016374511668703,0.0784800720393327,140.68819923400878,0.0146262717028702,-0.0254677302415817,0.0166608552272755,198.22719192504883,-0.0074018762565851,0.013157065277731,0.0221006899289037,42.69747734069824,-0.0003292802768267,-0.0204357113892069,0.0187376147301087,30.41358518600464,-0.0010034147480573,1
2020-09-22,0.0157158482939687,0.0332111737391151,115.2015827178955,-0.0062311322063432,0.0207529685348704,0.0225011285427328,77.38237915039062,-0.0098856508404789,-0.0061338136163036,0.0124065946585055,127.43101997375489,-0.0062810418664043,-0.010912017306523,0.0184117194209433,85.85171394348144,-0.010231307591677,0.0227545147854442,0.0207245925080897,331.67312774658205,-0.0021442929473039,0.024094124902892,0.026320120407977,203.1808074951172,-0.0011797188165896,-0.0559869468234628,0.0795939721431235,141.04469947814945,-0.010936487942355,0.0157506775059015,0.0168747573420859,197.94669189453128,-0.0046518073891893,0.0090464290975416,0.0221234982529297,42.80534439086914,0.0014217633984502,-0.0247046701109269,0.0172314966501825,30.150190830230716,-0.0038166243875391,0
2020-09-23,-0.0419460464556115,0.0342050663360755,114.34291458129884,-0.0087176372565996,-0.034545335288835,0.0231255381855508,76.89554557800292,-0.0137943376386907,0.0015950681278231,0.0124348515648251,127.10635375976562,-0.0053037911033702,-0.0162301200648571,0.0185636022782751,85.51880226135253,-0.0143234064553946,-0.0321493627002813,0.021608615924353,330.5557037353516,-0.0101723463603377,-0.03292838400759,0.0270143532005555,202.4242904663086,-0.004192243337172,-0.1034109073848392,0.0832547809819202,140.6395664215088,-0.0280612097268212,-0.0258774417435455,0.017571463571729,197.33630981445316,-0.0095741373197457,-0.016774055375719,0.022490353209314,42.8881763458252,-0.0003313877556425,-0.0320856282139351,0.0172563448451972,29.894670677185054,-0.0187256379494748,1
2020-09-24,0.0102686350169067,0.0341071879688063,113.45526542663576,-0.0034712310063629,0.009557315659237,0.0223553667796934,76.34723281860352,-0.0085695546764736,0.001592279995817,0.0124350926165633,126.78126106262206,-0.0033276961133832,-0.0008627283885963,0.0184163025627297,85.24294891357422,-0.0122090634374429,0.0113391924043209,0.0216643161420543,329.4537353515625,-0.0064886498108325,0.0129618824800816,0.0266584880996585,201.5686828613281,0.0004874422129516,0.0195341463945935,0.0820429622413169,139.9255001068115,-0.0158557555420179,0.0007676084699994,0.0173157243189404,196.6295478820801,-0.0095570746294027,0.0052210877963574,0.0224959761554509,42.980898475646974,8.167484258609914e-05,-0.0020356373532587,0.0170393284289182,29.67064733505249,-0.0190798486828829,1
2020-09-25,0.0375164159803793,0.0355107703272258,112.83787803649902,0.0103761169790698,0.0113858253949843,0.0227155347075973,75.87774696350098,-0.0014572629402106,0.0068431352878719,0.0125162275871425,126.46937522888184,-0.0046905599527149,0.00874211569583,0.0166305618580531,84.86199073791504,-0.0100345033835915,0.0108774532178186,0.0215373501635234,328.28365631103514,-0.0018561305092855,0.0227865520824837,0.0265620562317704,200.67496643066409,0.0075286259216818,0.0504138512137659,0.082362038922706,139.25200004577636,-0.0146150689862479,0.0088483555260412,0.017466559851383,195.96881942749025,-0.005195706096637,0.0041698383916759,0.0201231881430428,42.990789604187015,0.0029640730375174,0.0093243391839628,0.0174508841320451,29.469853973388677,-0.0139874615766729,1
2020-09-28,0.0238686520105186,0.036081672368868,112.36028671264648,0.0090847009692324,0.0136197234656669,0.0229691391474766,75.42979431152344,0.0041540995531847,0.0099548813505647,0.0127364737494435,126.1911506652832,0.0027703102291546,0.0287789830155682,0.0181409468282142,84.57841720581055,0.0019032465902843,0.0199225374805973,0.0209541061898184,326.94399566650384,0.0065488670375799,0.0077951118934349,0.0264975194829542,199.74742431640624,0.0069418574702604,0.0340255940397897,0.0826971145160217,138.8939998626709,-0.0110848525120305,0.0155641728297406,0.0170171771414341,195.23089218139648,0.0030106745176274,-0.0001458382204572,0.0191376776857147,42.943655014038086,0.0003034923378797,0.0193417385446939,0.0170549706428323,29.258036422729493,-0.0060319715898928,0
2020-09-29,-0.0075676694949696,0.0349954909963535,111.63523178100586,0.0044279974114447,0.005045774592518,0.0230906910691617,75.02461204528808,0.0010126607647142,-0.0003399658731715,0.0127419430933515,125.92059364318848,0.003929079777781,-0.0084232742468737,0.0174492749347025,84.37077713012695,0.0024009952022142,-0.0063828496384539,0.0205401084445233,325.8830932617187,0.0007213941528003,-0.0104087995322176,0.0264229961943028,198.87704772949215,4.127258323853856e-05,-0.0050569194155491,0.0773051225244642,137.57316627502442,-0.0008988470304478,-0.0043930297726938,0.0167129467084289,194.6291412353516,-0.0010180669380916,-0.0008015977279729,0.0190093232559277,42.9172285079956,-0.0016661130272231,-0.029170221272315,0.0175966046319279,29.03519487380981,-0.0069250818221704,1
2020-09-30,0.0150757084286166,0.0337205167315463,110.74431114196776,0.0158323483882903,-0.0002864564082231,0.0226084498024096,74.55507621765136,0.0078644365408366,0.0123760195671662,0.0128884325123805,125.80811233520508,0.0060852700656496,0.0096484921054569,0.017651588740053,84.20475006103516,0.007576717636277,0.0057702319308963,0.0206313209479012,324.97824249267575,0.0083053130790358,0.0148124457955924,0.0266337164905387,198.07003326416012,0.009589438543875,0.023719120314277,0.0769393901352894,136.80583229064942,0.0245271585093754,0.0026572134777351,0.0166234228521906,193.98758850097656,0.0046888641061645,0.0201983066545214,0.0129404584115073,42.79854335784912,0.0057283593788249,0.0014587226157403,0.017658387262848,28.83440132141113,-0.0002162116562353,1
2020-10-01,0.0084622284549709,0.0337171643182071,110.03574600219729,0.0154710670759031,0.0152155298819309,0.02082478920416,73.9863941192627,0.0089960793853754,-0.0104784139908954,0.0124800886477091,125.53073959350586,0.0036711312683072,0.0072714724616278,0.0173418134962633,84.00397453308105,0.0092035578063218,0.015376371844608,0.0208160600418915,324.14101715087884,0.0091127489670932,0.0101269651061248,0.0262981356630471,197.1558303833008,0.0090224550690836,0.044637748768495,0.0764259296395779,136.81899909973146,0.0295478789841557,0.0169028196483802,0.016755988518287,193.35802688598636,0.0079159063418406,0.0226576702781133,0.0141132252667664,42.72745628356934,0.0092156758751761,-0.0349550320220095,0.0187472778304226,28.59581117630005,-0.0068000905899855,0
2020-10-02,-0.0322800829565327,0.0295822442696252,109.65454711914064,0.0015117672885207,-0.0217084742311645,0.0184362064036307,73.55544052124023,0.0023772194601456,-0.0073309366657683,0.0110105000723547,125.3897102355957,0.0008363168775791,0.0094872099824867,0.0175349252381259,83.8563949584961,0.0093525766636532,-0.0132217768429279,0.0182346861922946,323.8989837646484,0.0042929029549439,-0.0295115054491205,0.023372735751114,196.626554107666,-0.0014371564372371,-0.0737906918190171,0.0754517953700864,136.9538318634033,0.0047069703775991,-0.0092943497668021,0.0151030499980604,192.99841384887696,0.004287365283272,-0.0180318548363096,0.0138917430118562,42.66502304077149,0.004775337229579,-0.004527633766295,0.0187125168592985,28.354464721679687,-0.009570485180037,1
2020-10-05,0.0307911048507008,0.0305271706643575,109.43824310302736,0.0028962578565571,0.0187069533053252,0.0182682823688977,73.31165161132813,0.0033946654280773,0.0136080285115232,0.0114012716921485,125.37437324523924,0.0015669463097708,0.0211362989571783,0.0175020806080963,83.70362663269043,0.0078240398519752,0.0130447095373411,0.01746855022788,324.2970596313476,0.0029173373662927,0.0203211044090303,0.0237292304335513,196.44218673706052,0.0010680420658819,0.0255125317897579,0.075415082214677,137.0764980316162,0.0030043579275927,0.0103245886189975,0.0146457591408207,192.94471130371093,0.0032394484411234,0.0092527733284,0.0138524093226149,42.64910621643067,0.0066550595393504,0.0230442446235765,0.0199359509503319,28.1442214012146,-0.0088299839642605,0
2020-10-06,-0.0286696232649588,0.0271791566513012,109.454732131958,-0.0013241328974406,-0.0214520485940248,0.0170967654345417,73.1317970275879,-0.0019048992092312,-0.0132903410748835,0.0116186203948144,125.3317653656006,-0.0010231287305715,-0.0102990081099006,0.0158368690623777,83.66113548278808,0.0074488930793698,-0.0169554720677082,0.0175547032755491,324.6618057250976,0.0008028128804418,-0.0212471700191518,0.0207893363041725,196.5970146179199,-0.0010996320315049,-0.0274853935119243,0.0568503877250528,138.472664642334,-0.0014813368916822,-0.0151813009137458,0.0141678036022069,192.9605339050293,0.001081794212913,-0.0082512370153428,0.0120537916934105,42.6827953338623,0.0051651316818764,-0.010373479432449,0.019602818246588,27.955632209777832,-0.0050706355962873,1
2020-10-07,0.0169670656772193,0.0258834588836673,109.34609489440918,-0.00094586144772,0.0055960094311118,0.0166922354250248,72.91350746154785,-0.0007284060413642,0.0110758844724594,0.011258812665408,125.25422019958496,-0.0012831557495129,0.0174456809407979,0.0161931413748631,83.65193138122558,0.009008330846438,0.0191740056787601,0.0168095658461251,324.86760406494136,0.0034835676300146,0.019037200043741,0.0188905591849713,196.52745895385743,-0.0002546811818752,0.0273442972661894,0.0523144617174501,139.45633125305176,-0.0007563015012997,0.0100772699179483,0.0136237620500657,192.884294128418,0.0025658055009556,0.001848756370157,0.0118470750282774,42.69824848175049,0.0014952216250035,0.0032943093347108,0.019725038970304,27.7804292678833,-0.0047035182524932,1
2020-10-08,-0.0009558566467918,0.0247672339352652,109.41787261962892,-0.0028294784680726,0.0166469186125208,0.0170250543607207,72.80789451599121,-0.0004421282952462,0.0068301505734162,0.0105216427188321,125.33858337402344,0.0021785571633494,0.0205553270491722,0.0166220982529694,83.7761043548584,0.0116651017639469,0.00480375012858,0.0161043069275348,325.4797912597656,0.001369043286809,0.0035744302419404,0.0177247844081976,196.7756607055664,-0.001565188154712,0.0014577830589765,0.0523250576458207,140.36599769592286,-0.0093922946432034,0.0025191345776625,0.0133343978333885,192.95334014892575,-0.0003109315131879,0.0033361625991845,0.010611554325684,42.76856288909912,-0.0023690799107821,0.0525377598744649,0.0231255422210131,27.71192350387573,0.0127950401268016,1
2020-10-09,0.0173958583472384,0.0247951171279144,109.65891036987304,0.0071057097926815,0.0182145540432279,0.0175110357740963,72.79473686218262,0.0075424773596322,0.0139698601426478,0.010878790326663,125.47449989318848,0.0064387165250326,-0.0056984713014556,0.0164923694939443,83.82196884155273,0.0086279655071584,0.0209762584109778,0.0164500667798937,326.574038696289,0.0082086503375901,0.0248362221454445,0.0183622307899815,197.33685607910155,0.0093043573642009,0.0189707754339791,0.0523677342060222,141.3873313903809,0.0091599988073957,0.0180311261652048,0.0138425499778091,193.23911361694337,0.0051541636732134,0.0100451450910103,0.0107536673987648,42.862521743774415,0.0032463200746818,-0.0147479238588049,0.0232968047810841,27.62688131332397,0.0107509821082996,1
2020-10-12,0.0635205377286733,0.027715176355199,110.0973388671875,0.0136515963682761,0.0358435823015401,0.0192088536769302,72.93291282653809,0.0109698031588751,0.0057629524990525,0.0109122782796707,125.62319984436036,0.0048697013225385,0.0122530848613271,0.0164287949193623,83.8614631652832,0.0068513226879882,-0.0009929315733977,0.0156198794574319,327.24314117431635,0.0054011221154424,0.0259023805484772,0.0190558642995557,198.09861373901367,0.0104206125920903,0.0191243951639483,0.0447074927370126,141.76533126831055,0.0078823714822338,-0.0011614207788287,0.0130337630527579,193.30720062255855,0.0028569617936482,0.0102955098845607,0.0108947808323993,42.9696159362793,0.0034548673859139,-0.0031665013249188,0.0232804942987028,27.54695682525635,0.0055088329186006,0
2020-10-13,-0.0265274536813455,0.0285519150795935,110.36699180603028,0.0140800302849987,0.0015849737912103,0.01886249774475,73.01208610534668,0.0155772076359222,-0.0229188992088501,0.012148312230872,125.60061798095704,0.0029439896957452,-0.0162047038878905,0.0152061888622482,83.96593322753907,0.0056701835323902,-0.0176117405509862,0.0162324558938283,327.58627777099605,0.0052698684187868,0.0065945806360145,0.0188428162797653,198.76937866210935,0.0159889627231236,0.0098349328842701,0.0417820988867877,141.7134979248047,0.0153464367614727,-0.0100774021887976,0.0132352345792424,193.25589599609376,0.0038777415386378,0.0137261810664195,0.0111609917635865,43.10669059753418,0.0078503510022664,-0.0118391802021708,0.0233038780511995,27.46624574661255,0.0052156927646562,0
2020-10-14,0.0007434295210499,0.0275366332467096,110.80639114379883,0.0108353030537648,-0.0023164766214747,0.0184987978669922,73.13933219909669,0.0139947104254049,-0.0017524933804752,0.0121319520020626,125.58783683776856,0.0003783141251582,-0.0055566589865537,0.015265039455495,84.0281379699707,0.0010697155469199,-0.009079269236046,0.0163031401492428,327.64662017822263,-0.0003807865641744,-0.0089745127373794,0.0184137466502771,199.5225578308105,0.0103866201668994,0.0327997181163728,0.0421459077708025,142.0391647338867,0.0164375209315094,-0.0103761604444931,0.0134300018915218,193.1154037475586,-0.0002129445338504,-0.0156601144340712,0.0116840579343438,43.225375938415525,0.0043485768414208,-0.0020456083092229,0.0207553255864469,27.322146606445312,0.0041477092358694,0
2020-10-15,-0.0039608869873817,0.0272016510581137,111.30932159423828,0.0102342969856469,-0.0050976245514642,0.0180711912579833,73.3089038848877,0.0096458017926079,-0.0061445554720221,0.0120644427044343,125.58868827819823,-0.0022166270839294,0.0149671596997231,0.0152899136187667,84.20419883728027,-4.791792296992004e-05,-0.0120514901950747,0.0164589014691571,327.62411956787105,-0.0037518346289054,-0.0054331948489464,0.018242161765319,200.32052001953124,0.0085850951487221,-0.0269239074303192,0.0414559945719348,142.4633316040039,0.0107611828336502,-0.0131057400281624,0.0137098984037615,192.84113845825195,-0.0033379194550154,0.0040988375308503,0.0116874284617621,43.34653358459472,0.0045011118277539,0.0087845895563332,0.0209587448668308,27.19025249481201,-0.0046029248277568,0
2020-10-16,-0.0140005311914691,0.0262185949743627,111.90003547668456,0.0039550190779053,0.0078626679985047,0.0169776341823834,73.59786758422851,0.0075754245836632,0.0061825444594112,0.0117327928775228,125.54267349243165,-0.0037740902205767,-0.0020647399340572,0.0152889483317366,84.38017501831055,0.0006788283505097,0.0024515712186097,0.0162050385110293,327.8432174682617,-0.007456772067379,0.0,0.0178563792326291,201.23853454589843,0.0036178507196331,-0.0205176804695688,0.0406511172453229,142.4219985961914,0.0028634916529406,0.003557982775826,0.0134674038371415,192.72845840454104,-0.0062325481328911,0.0012454171101217,0.0112851251503378,43.49210815429687,0.0027411662315762,-0.0101596873864457,0.0208250725712145,27.068594932556152,-0.003685277533285,0
2020-10-19,-0.0255416897334753,0.0264362083231917,112.18617897033693,-0.0138574264145243,-0.0240801596421288,0.0176525879960679,73.84519805908204,-0.0044093238050705,-0.0255234125572585,0.0115163057825332,125.50943984985352,-0.0100313632318389,-0.016845535793715,0.013953124679347,84.61252784729004,-0.0051408957804986,-0.0227754579459041,0.016255712701797,328.0464248657226,-0.0118132773418803,-0.024765828844427,0.0189609575686671,201.7949630737305,-0.0065157911589476,-0.0201060143441705,0.0407210823309098,142.11266555786133,-0.0049825902486831,-0.016428703778156,0.0127160056859597,192.70544204711916,-0.0092860047327566,-0.0121621698843562,0.0115536757213861,43.58297634124756,-0.0017503697222071,-0.0199414055923818,0.0208049773269119,26.95008716583252,-0.0070402583867776,1
2020-10-20,0.0131917467826991,0.0263779868859667,112.46262168884276,-0.0059135863217154,0.013810967011187,0.0173619125364941,74.07134246826172,-0.0019641251610752,0.0015940383029506,0.011436316631537,125.52392921447752,-0.0051287757294788,0.0057114194490173,0.0135797222739766,84.9141788482666,-0.0007576711131171,0.0001506680186205,0.015410079419404,327.89164886474606,-0.0082607956279589,0.002007723035295,0.0182980163201636,202.13939895629883,-0.0074331626790915,-0.0206345875446588,0.0389508854847395,142.0744987487793,-0.0110764943344689,0.0037063728108097,0.0122034546917547,192.5683120727539,-0.0065292497328351,0.0066455887735226,0.0114907241748204,43.66936283111572,-0.0031664881807865,0.0083784498193564,0.0203914580929511,26.878037548065187,-0.0029967323824722,1
2020-10-21,-0.0054460582995913,0.0242986450445041,112.9354850769043,-0.0071514838858436,0.0225070694054236,0.0154150403309129,74.50896224975585,0.0030005840443044,-0.0042893424469989,0.0114736360071319,125.50220031738282,-0.0056361455427835,-0.0099630196277736,0.0131617282003448,85.23817024230956,-0.001638943241361,0.0051245087383797,0.0134994884295776,328.3398803710937,-0.0054200400330737,0.0006986389745793,0.0163757572898882,202.816357421875,-0.0054985323366998,0.0016590325709362,0.0303349127707243,142.77916564941407,-0.0173046314435562,0.0036922839185726,0.0106822389318571,192.71503372192385,-0.003715560860222,0.0034746282492568,0.0106030170939428,43.79932918548584,0.000660460355879,-0.0160236780009228,0.0194575218832661,26.829610919952398,-0.0057923463208121,1
2020-10-22,-0.0095834466528197,0.024461657228612,113.30068168640136,-0.0082759958189312,0.0130328405801687,0.0154763318044735,74.96442375183105,0.006626677070631,0.0079897336879848,0.011612049037005,125.5196689605713,-0.0028092877107821,0.0353224649007812,0.0148378724631908,85.71757278442382,0.0024321177988505,0.0005400880547907,0.0132995919168395,328.61904296875,-0.0029017243831006,0.0004191591363531,0.0162361504013383,203.37374114990237,-0.0043280615396398,0.007453064711647,0.0301652906246939,143.4124984741211,-0.0104292370151629,-0.0022171960432713,0.01070400712217,192.83346939086917,-0.0015378520632437,-0.0058866115080857,0.0107733026964917,43.90518703460693,-0.0013366294519081,0.0512665371242921,0.022769223729243,26.850871753692623,0.0027040431927796,0
2020-10-23,-0.0061339879660544,0.0231955109180846,113.43453788757324,-0.0067026871738483,0.016381937059428,0.0156041240390389,75.44496231079101,0.0083305308828157,0.0011032241892008,0.0115098571981438,125.50177612304688,-0.0038251517648242,0.0090396610418268,0.0148411125161792,86.2024917602539,0.0046529979940273,-0.011960256677594,0.0133831561450534,328.5327514648437,-0.0057840899623414,0.0062354912425213,0.0155792347998947,203.7743881225586,-0.0030809632911356,-0.0121185517556048,0.0284135859722576,143.6339988708496,-0.0087494112723701,0.000100779101211,0.0105300755094827,192.8699096679688,-0.0022292927981667,0.0020901527324728,0.010766399604553,44.006872749328615,-0.0011676823274379,-0.0200803193317413,0.0231511957182338,26.831973361968995,0.0007199168037204,0
2020-10-26,8.683303511536344e-05,0.022588325374324,113.43890342712402,-0.0015769826201301,-0.0298168231657405,0.0174663330674675,75.75627670288085,0.0071831981780933,-0.0087445604631036,0.0114107806844156,125.36798782348632,-0.0004693813459932,-0.0247567913370707,0.0153044567657365,86.4607307434082,0.0030707468853562,-0.03504145289529,0.0146227917450122,327.56849365234376,-0.0082372889522186,-0.0284416411430187,0.0169306870055487,203.80487976074215,-0.0038161257508539,-0.0008320996760948,0.0273963159052736,143.61866607666016,-0.004894628338755,-0.0249482695304118,0.0112967668155005,192.5222816467285,-0.0039332059486179,-0.011748394835916,0.0112140149142388,44.08275089263916,-0.0010849273177499,-0.0237119951282628,0.0232159558777056,26.75480537414551,-3.420110345568883e-05,0
2020-10-27,0.0134725822859578,0.0226933900411714,113.56063575744628,-0.0015208155194784,0.0092093072517294,0.0175006612641068,76.08550758361817,0.0062628662262018,-0.0056955252757978,0.0114568273714629,125.2013931274414,-0.0019272940617429,-0.018865870468738,0.0158871584155515,86.67101860046387,-0.0018447110981948,-0.0029868751273335,0.0146003239314558,326.66263275146486,-0.0088647975814094,0.015089523483396,0.0170423775802484,204.0902442932129,-0.0011997656612337,0.0104691598237565,0.0274578580666441,143.71216583251953,0.001326121134928,-0.01559002809167,0.0117031855843794,192.07252578735356,-0.0077924861291138,0.0049944821681264,0.0112176291648597,44.171301651000974,-0.0014151486388291,-0.0158921663283136,0.0225977317065092,26.697322940826417,-0.0048883243329897,0
2020-10-28,-0.0463124111919343,0.0247910051244112,113.33705673217771,-0.009694086097947,-0.0550886006529933,0.0220001481886389,76.19751434326172,-0.0092562677854815,-0.033461512986907,0.0130538950541618,124.75316314697264,-0.0077617281697245,-0.0280882846376957,0.0171965762202211,86.72103424072266,-0.0054697641001792,-0.0811390276691583,0.0226442798496158,324.41856384277344,-0.026117504862917,-0.049566736020445,0.0201964299699873,203.7257987976074,-0.0112528406602386,-0.0439389751905624,0.0286568616615675,143.3289993286133,-0.0077934804173717,-0.0483533295453146,0.015499441360971,191.1567123413086,-0.0182016088218913,-0.0198086705890424,0.0113878031352606,44.17331047058106,-0.0060718084064889,-0.0380864455526721,0.0239733522482393,26.588657665252686,-0.0093008778433395,1
2020-10-29,0.0370504423534352,0.0261945937360556,113.26576347351076,-0.000367308296696,0.0305005372342295,0.0227453107273437,76.36844940185547,-0.0057627284546693,-0.008456135789445,0.0130053551168835,124.32155151367188,-0.0110509020652105,0.0065256676382114,0.0171824756642153,86.76829605102539,-0.0112291235526932,0.0061774049355791,0.0222535816555466,322.0103469848633,-0.0249900414867593,0.0100653733693696,0.0201945435113806,203.35706787109376,-0.0093235978136353,0.0118467013663008,0.0266978777799718,142.70683212280272,-0.0069147530864409,0.0221152880141783,0.0159232241813159,190.27062377929687,-0.0133351120104014,-0.0008564876427111,0.0100754032592691,44.12447681427002,-0.005065783633414,0.0443458969836834,0.0251002984104223,26.582358169555665,-0.0106850058714613,0
2020-10-30,-0.0560178324435913,0.0281818329004699,113.064009475708,-0.0103440771922034,0.0380437340534802,0.023312978362417,76.76619720458984,-0.0014303690558589,-0.0005829771710238,0.0129875626769491,123.93254776000975,-0.0113881423372554,0.0089534135081668,0.0171685251227174,86.81376037597656,-0.0112463730594252,-0.0154850882382625,0.02228956813385,319.6018768310547,-0.025695007798893,-0.0109904053382776,0.0192527432602629,203.17985076904296,-0.0127687771297951,-0.0554730521894949,0.0243920678274377,142.25599899291993,-0.0155856531732189,-0.0170928246251388,0.0161374853733806,189.3236434936524,-0.0167738327556714,-0.0083619265068554,0.0094298156933295,44.097432899475095,-0.0071561994812797,-0.0106158212213274,0.0251955095051699,26.568184280395503,-0.0087921062493785,1
2020-11-02,-0.0008269467442684,0.0271429661927316,112.68911361694336,-0.0105268331480802,0.0050801814817273,0.0231050182568115,77.11681365966797,0.0055490318736346,0.0115236660087343,0.0128537934706074,123.52607383728028,-0.0073344970428878,0.0225418385931135,0.0172593110043228,86.86615219116212,-0.0017866470733883,0.0046078199594741,0.0219539704212854,317.04420471191406,-0.0177651532279402,-0.0006914685187243,0.0186058724144571,202.7963539123535,-0.0072187426049362,0.0321358266613487,0.0248414835058151,141.8364990234375,-0.0089920679057302,0.0166748278532542,0.0165133883841636,188.4222137451172,-0.0084492132789381,0.0118917513934124,0.0095917772655014,44.07579727172852,-0.002428170235414,0.041998937683233,0.0264434935067337,26.57802715301513,0.0043500803129206,1
2020-11-03,0.0153535883252011,0.0267403794314005,112.55719718933103,-0.0101506319402315,0.0131377480908072,0.0223158161880856,77.59913635253906,0.0063347200414502,-0.0013699910629741,0.0126378628830091,123.1954418182373,-0.0064693902003231,0.0315212968553226,0.0183493183470726,87.09953422546387,0.0082907863914237,0.0186913030644886,0.0226339749382894,315.02984313964845,-0.0134295175895758,0.0202637092094013,0.0186355581991611,202.8211250305176,-0.0061839054597352,0.0584006170111943,0.0276091735063308,142.0018325805664,0.0005942235317573,0.0194870379686784,0.0171623931906025,187.84156036376956,-0.0014338000668684,0.0169515901307641,0.0101523834825913,44.10902290344238,-3.674864288647495e-05,-0.0170638146732587,0.0266325382299791,26.578814697265624,0.0041157506439316,1
2020-11-04,0.0408364310003965,0.0280778865077842,112.55089149475096,0.0072791364982346,0.0608814387452287,0.0254018168445343,78.30961151123047,0.0295287279210946,0.0064979937799742,0.0124157718705998,122.83413314819336,0.0015225111530531,-0.0305580669554937,0.0194450714425483,87.12204933166504,0.0077968299278641,0.0399813695893684,0.0242854941860451,313.27413482666014,0.0107945618621295,0.0482487641899573,0.02115623484714,203.1336410522461,0.0133791945823452,-0.0068884846035798,0.0269796849555077,141.9298324584961,0.0080043216491538,0.0298924081474858,0.0184768131224881,187.43399810791016,0.0142153474716916,-0.0057430000352686,0.0102528493491257,44.12555885314941,0.0027763854678682,-0.0053876121244073,0.0266529682054842,26.568184661865235,0.0106555173295845,1
2020-11-05,0.0354938733058147,0.0291532554535168,112.74779624938964,0.0069678226887105,0.0095370450626262,0.0253435198886361,79.0011547088623,0.0253360294867739,0.0025825454353942,0.0122765832879894,122.44512825012208,0.0037302473980209,0.0408977661304992,0.0210208430024231,87.23332786560059,0.0146712496263216,0.0303709181549876,0.0254874473365294,311.88987731933594,0.0156332645060112,0.031886975646338,0.0222056933049209,203.73914031982423,0.0177435150377389,0.0406433005438622,0.0284845297254978,142.132666015625,0.0137636414846661,0.0189204495862649,0.0190422706355945,187.17795028686524,0.0135763797861089,0.0106365840029833,0.0104890533248169,44.1581657409668,0.0050749997970072,-0.0018055742750349,0.0236027851148699,26.485898208618163,0.0014252230778409,0
2020-11-06,-0.0011361230430573,0.0289365393156619,112.84114494323732,0.0179441645688173,-0.0015717256726868,0.0253494926968206,79.61887702941894,0.0174129375415405,0.0178161987223675,0.0125841174314091,122.07359313964844,0.0074100825766992,-0.0133206048285575,0.0212254893677978,87.30953369140624,0.0102164459589768,-0.0091303170439728,0.0248147030340783,310.0156646728516,0.0169042187448692,0.0019257387790214,0.0216121396812987,204.11596908569337,0.0203267438611987,-0.0185806557047475,0.0285303813020804,142.0651657104492,0.0211421207816155,0.0041997234373631,0.0185535544693074,186.7862121582031,0.0178348893986093,0.0160314886605998,0.0108462872661894,44.20437278747559,0.0099536828304982,-0.0117577538599973,0.0235324159987792,26.40873031616211,0.0011968365501069,1
2020-11-09,-0.0199678469971686,0.0252639162784895,112.45900917053224,0.0141159845182373,0.0009603537825062,0.0245172807578233,80.10662689208985,0.0165889720016963,0.0269247687895815,0.0141433990829956,121.82817611694335,0.0104903031328686,0.135392357118794,0.036790894516375,87.93563423156738,0.0327865496641129,0.0985840407094582,0.0340422271060206,309.653874206543,0.035699462894866,-0.0238243877702299,0.0215808188217709,203.9725746154785,0.0157001600108976,-0.0202116583395449,0.028492467336787,141.7144989013672,0.0106726237814368,0.071597705195795,0.0247831421418925,187.0873275756836,0.0288194648671174,-0.0152982887747806,0.0112071871179322,44.19340057373047,0.0045156747968596,0.1266017323182822,0.037263582336697,26.49928474426269,0.0181173954771167,0
2020-11-10,-0.0030090414350729,0.0246491458388096,112.21991539001463,0.0104434585661824,-0.013455038558205,0.0248949343396797,80.52950248718261,0.0112704146718938,0.0150600452806506,0.013706634068052,121.8247673034668,0.0137763104015936,-0.0032506396785897,0.0364691891333006,88.61715774536133,0.0258321623573304,-0.0283837952857415,0.03440995698596,309.1189361572266,0.0262844432248199,-0.0337928397083318,0.0227439349513739,203.4080436706543,0.004888850227351,-0.0258747425310226,0.0288254825783794,141.10966567993165,-0.0061824481270065,0.0029623810672758,0.0246255904676035,187.5183837890625,0.0255145334868369,0.014072753724875,0.011230076500997,44.18304653167725,0.0039399075156818,0.0221853676965892,0.0372863651186754,26.63823823928833,0.0259672319510863,1
2020-11-11,0.0303526659500519,0.0256767886317116,112.147465133667,0.0083467055561135,0.005472604333701,0.0248274483862605,80.98493919372558,0.0001886477895883,-0.0032371598636373,0.0137209952566708,121.8119846343994,0.0118292796728713,-0.0149329624174738,0.0367104801593143,89.24758911132812,0.0289571832649344,-0.0071388730181302,0.0343889082260203,308.62027435302736,0.0168603947033202,0.0262547310770391,0.023564063501527,203.20271835327148,0.0004900436047673,0.0164977197153513,0.0279523100099831,140.3734992980957,-0.0015052072632203,-0.0028600155857086,0.0244766158586289,188.02184143066407,0.018964048740198,0.016625733396588,0.0112066413401289,44.24547996520996,0.0084136542020531,-0.0103093669933805,0.037420505673219,26.764625549316406,0.0249828809772917,0
2020-11-12,-0.0023433840618602,0.0256672128337529,112.08469161987304,0.0007792540825785,-0.0025239640905821,0.0247742479750402,81.4491973876953,-0.0022235540410533,0.0033828792327559,0.0136621215525887,121.85927810668946,0.0119893464323436,-0.0122841758798624,0.0369204109496315,89.75202140808105,0.018320794862862,-0.0123352280746313,0.0343937783252615,308.12306060791013,0.0083191654573964,-0.0051258552737013,0.0235609284572212,203.00167922973637,-0.0069125225792405,-0.01287374576728,0.0275365085030795,139.75483245849608,-0.0122086165254487,-0.0193990961681029,0.0247311997166219,188.45451736450195,0.0113001395893244,0.0016893720606969,0.0111895449416471,44.30265922546387,0.0066242118135958,-0.0342654352981055,0.0384243012409071,26.828800010681157,0.0184909087726776,1
2020-11-13,0.0004197054750423,0.0254615670140239,112.1063117980957,0.0010904197861984,0.016892146135145,0.0248920861157057,81.95610198974609,0.0014692203205129,0.0107890788513769,0.0138017054537081,121.93597106933592,0.0105839224581455,0.0062624615298776,0.0368710183058685,90.29628868103028,0.0222374081345491,0.0205307706419319,0.0347248411394977,307.9116958618164,0.0142513829945774,0.004966575060602,0.023594900984532,202.8516143798828,-0.0063043553229243,-0.0079171462831602,0.0272803850182295,139.23533248901367,-0.0100759146411313,0.0106598062344429,0.0247980700011857,188.95975646972656,0.0125921561487404,0.0155836214355187,0.0116346987891308,44.39275436401367,0.0065346383685796,0.0241272930364306,0.0385716205365304,26.94102773666382,0.0256679181519632,1
2020-11-16,0.0087203122215193,0.0247603830927663,112.32589149475098,0.006828051629936,0.0009987319977644,0.0238847043200942,82.56093940734863,0.0014768959635646,0.0063374553730402,0.0123819041773202,122.21419639587404,0.0064664597748372,0.0282257145877857,0.036748457734883,91.05401840209962,0.0008040796283474,0.0012538039035627,0.0343115326666387,308.09452362060546,-0.0052146643666016,0.0033255314256024,0.0228974725700017,202.99501266479493,-0.0008743714837579,-0.0010037182511209,0.0269945533589285,138.85633239746093,-0.0062343266234465,0.0105472977955898,0.0244247645551782,189.72935180664064,0.0003820746686993,0.012621140724313,0.0113588624716202,44.53940982818604,0.0121185242683983,0.0576496105728723,0.0398440121902345,27.16389617919922,0.0118774938028812,1
2020-11-17,-0.007564636400158,0.024710812162067,112.4270580291748,0.005916932636919,-0.006972954754976,0.0240563332908468,83.0827621459961,0.0027733127242104,-0.0099435045416916,0.0126811027007434,122.41870994567871,0.0014657498103687,-0.0101447517401567,0.0369870164822404,91.73554306030272,-0.0005747427839659,0.0031302554557048,0.0343135682230132,308.32572174072266,0.0010881457816876,-0.0127512643112782,0.0230984599937572,202.9859619140625,0.0033339435956527,0.0821387925017795,0.0325445531971091,139.18416595458984,0.0153683803831139,-0.0093557707900394,0.0246127079908195,190.36838302612304,-0.0020815557027636,-0.0201389100297498,0.0124661939036847,44.623941802978514,0.0052761915174733,0.0133646890468879,0.0398582972633077,27.39630403518677,0.0101133580729409,0
2020-11-18,-0.011391122840003,0.0248300852023833,112.49319076538086,-0.0024318251210919,-0.0119317646094515,0.0240948578432778,83.46598892211914,-0.00070756106442,-0.0132576379758545,0.0130574391289696,122.56527748107912,-0.0005383458120746,-0.0074070274569458,0.0369263185813139,92.42312774658204,0.0009304442081396,-0.0016644975259419,0.0343070055513096,308.44761047363284,0.0021830208801252,-0.0131838187963265,0.0232907838338056,202.83507080078124,-0.0045537663790203,0.1019677586611877,0.0393756283553183,140.25083236694337,0.0324623881722812,-0.0136681681270713,0.0249117985013442,190.8341133117676,-0.0042431862110362,-0.0018746054462465,0.0124889224015924,44.69641971588135,0.0015761237489064,-0.0377554629051636,0.0408551675922443,27.591103172302248,0.0046241388905843,1
2020-11-19,0.0051681781737857,0.0247219290603464,112.64327812194824,-0.0009295126739627,0.0103006094791855,0.0240542602753886,83.84242515563965,0.0018573536495334,-0.0015605617900937,0.0129728449408036,122.65304946899414,-0.0015270340166445,0.0026900609471951,0.0363748356695611,92.9721576690674,0.0039252915735511,-0.006131739523059,0.0343434158358087,308.4611587524414,0.0034237185904397,0.0063480383458203,0.0233405668415888,202.74389190673827,-0.002258987655116,0.0259535183245156,0.0395840042028321,141.4754997253418,0.0402278409906403,-0.0012510369884964,0.0249027299104695,191.30845336914064,-0.0006135743751149,0.0203235324236503,0.0130178130206815,44.82885913848877,0.0053029558214971,0.0051059136380551,0.0395498531357479,27.726631736755373,0.0124984086778164,0
2020-11-20,-0.0109575555960451,0.0248247936880306,112.7646427154541,-0.0032049648881802,-0.0126180159679037,0.0241931269275067,84.09865264892578,-0.0040446787710762,-0.0053011330920227,0.0130434369047614,122.70076789855958,-0.0047450764053245,-0.0085670319878251,0.0365209137987318,93.43805351257323,0.0009593928700106,-0.0325867310502631,0.0350429189714743,308.1414535522461,-0.0071997817479992,-0.009556212312516,0.0233789104580543,202.4919204711914,-0.0051635451297396,-0.0193482550207578,0.0398166189091717,142.6251663208008,0.0379416192431208,-0.0177769504476271,0.0253195210256054,191.60464248657223,-0.0063009257115289,-0.01235868970725,0.013463340372702,44.9276086807251,-0.0002855064070566,-0.0122990583376347,0.0393232925471978,27.871173095703124,0.0052131384030033,1
2020-11-23,-0.0297423969079063,0.0257835785032687,112.71597175598144,-0.0108975067140653,-0.0050795592224563,0.0230116391340491,84.45367965698242,-0.0052603370151204,-0.0101821769846865,0.0131006976138702,122.7391040802002,-0.0080490028768698,0.0288033802954668,0.0361440366804785,94.158113861084,0.0010749260115468,0.0279874874503838,0.0345982129746803,308.8176208496094,-0.001853045038635,-0.0013309702682909,0.0224710236810609,202.5195541381836,-0.0060948454685183,0.0658482750160953,0.041751512747298,144.31799926757813,0.0513120178965641,0.0209925072458425,0.0248409057000193,192.34322280883788,-0.0042118838214783,0.0045924629650881,0.013058107326038,45.06313781738281,-0.0018912419589015,0.065511355891171,0.0408287348183546,28.14518232345581,0.0067854874666631,1
2020-11-24,0.0115940933491829,0.0257348324841389,112.65625495910643,-0.0070657607641971,0.0210355752026758,0.0232869211557953,84.86260375976562,0.0003413689764099,0.0,0.0130230484815413,122.81237754821775,-0.0060603019685315,0.0462372957367493,0.0365061070493293,95.19685249328612,0.012351335506928,0.0311711067850766,0.0351406781836687,310.0403366088867,0.0037551252272392,0.0178479455359152,0.0225742990250412,202.57528762817384,2.4996500920404507e-05,0.0642521785331859,0.0433694630382069,146.49633255004883,0.0477346951028453,0.0073021369848291,0.0244078155323515,193.2991180419922,-0.0008803022665046,0.0028489597482115,0.0130503509807384,45.1943395614624,0.0027063319966907,0.0665655851966924,0.0421871867482868,28.545701026916504,0.017425666696624,1
2020-11-25,0.0074671588185084,0.0233651506983399,112.90021286010742,-0.0032941044324948,0.0001302113674348,0.0185586957779989,85.49036178588867,0.0027537641717872,-0.00132094510056,0.0102834275416187,123.08158683776855,-0.0036729633934726,-0.0104605272464082,0.0357046379120488,96.30054016113282,0.0117406355490355,-0.0031251324521006,0.0289228025331775,312.45577850341795,0.0034629982420075,4.645661504842913e-05,0.0192644340808018,203.13505096435543,0.0026710515831954,0.0335265862383566,0.0412967048745876,149.2959991455078,0.0340464606182791,0.0057709021116736,0.0208961762795217,194.75376739501957,0.0030075117812443,0.0031053092209385,0.0119003635545599,45.37653999328613,0.0037023149301277,-0.0278704772928255,0.0415755820031599,28.948257827758788,0.0194026638190916,1
2020-11-27,0.0048262563286332,0.0219218959878136,112.97156143188477,-0.0033624888015253,0.0129753743198497,0.0178371736871946,86.06065444946289,0.00328871713992,0.0022273014607845,0.0099687689280872,123.41437606811525,-0.0029153907432969,-0.0066378327661203,0.0359383378450668,97.34187736511232,0.0098750568063724,-0.0065920680931426,0.0291130298505142,314.6753356933594,0.0033709325279908,0.0063592566629657,0.0192106102194954,203.662589263916,0.0026732952466244,0.0204877958527087,0.04127135906501,152.2114990234375,0.0329533161239177,0.0005213296135109,0.020684497178856,196.02190322875973,0.0033619851016458,-0.0015150880841061,0.0119157518669319,45.55703907012939,-0.0006654091714235,-0.0151923900346044,0.0414888970850314,29.27069549560547,0.0153430030845597,0
2020-11-30,0.0210996428370107,0.0177814802162546,113.47572326660156,0.0030489508850857,-0.0182538971510481,0.0171187540149529,86.40334129333496,0.0021615409032911,0.0047223119421699,0.0099440261538229,123.7797477722168,-0.0009107017364584,-0.0275532236227968,0.0369965963289136,98.2009262084961,0.0060778184793781,-0.0075500502756717,0.0288333497211449,316.99065551757815,0.008378268682909,-0.005389768382821,0.0190388870342975,204.2419059753418,0.0035065840325634,-0.0310024396453861,0.0392714625368916,155.20416564941405,0.0306224791989921,-0.0030804164126634,0.0200566055282478,197.41034164428712,0.0063012919086385,0.0078499012900559,0.0115709511959961,45.77400970458984,0.0033763090280376,-0.0512567698342282,0.0435936230498689,29.523851108551025,0.007551460785241,1
2020-12-01,0.0308272839343399,0.0186493749047166,114.1625476837158,0.015162887053535,0.0233469163556083,0.017644607533286,86.82718276977539,0.0078468360189041,0.0191456616381935,0.0104191757717702,124.19664154052734,0.0049548659881176,0.0157786901173753,0.0369054996571199,99.044820022583,0.0034728804437598,0.0070428272484655,0.0288230400746389,319.3562759399414,0.0041893366425254,0.0099968064420332,0.0190770855596949,204.9301086425781,0.0057721393746283,0.0302325650790993,0.0392425667057918,158.27499923706054,0.0234993372115929,0.0040408581362716,0.0199546701713148,198.6943145751953,0.0029109620867243,-0.0009815518179954,0.0115191806058807,45.96316432952881,0.0022615060714208,0.0097036086742761,0.0429355065882545,29.73798656463623,-0.0036100886581379,1
2020-12-02,0.0029335675461141,0.0185385736392495,114.78586883544922,0.0134307818929213,0.0164925567977445,0.0177400976419362,87.27151794433594,0.0069382323379178,0.0046795381956759,0.0103590424081057,124.65123405456544,0.0058907736272527,0.019208414430974,0.0366210249557101,99.85147705078126,-0.0019328958173952,0.0039542084507881,0.0287290800367326,321.5245635986328,-0.0012540430243322,-0.0038852812549565,0.0187296624969778,205.38286743164065,0.0014254940164539,-0.027258998689319,0.0394831020647332,160.69033279418946,0.0051971017670919,-0.0048296648332064,0.0198929103989238,199.756689453125,0.0004846017231172,-0.013889210078315,0.0117906085314868,46.08277626037598,-0.0010861278938844,0.0374025119062779,0.0429698854224003,30.033019828796387,-0.0094427033162208,1
2020-12-03,-0.0011374842726689,0.0166265831858966,115.18366050720216,0.0117098532746858,-0.0017151410012413,0.0120249072231279,87.45982284545899,0.0065691618641826,0.0058052669704364,0.0103505891365884,125.10437774658205,0.007316016041452,-0.0065553528680049,0.0356393498253214,100.76031913757323,-0.0011518609417145,-0.0149314807456653,0.0280748371320614,322.8759307861328,-0.0036153126830452,-0.0052467610832489,0.0153561924694375,205.3071632385254,0.0003668504767945,0.0431770706457868,0.0395739763926286,163.56366653442382,0.0071271986485779,-0.0101341289554964,0.019343051704986,200.44683456420896,-0.0026964044903167,-0.0081050686505751,0.0118911282876255,46.19620685577392,-0.0033282034681871,0.0067600401881113,0.0428113789312896,30.34602651596069,-0.0025165998200334,1
2020-12-04,-0.0056122738344083,0.0149281743285029,115.3500560760498,0.0096221472420775,0.0010541063717115,0.0119015021835809,87.6116268157959,0.0041849082745549,0.0085234940459661,0.010400945951719,125.5966697692871,0.0085752545584884,0.0090729239825786,0.0348955049609883,101.53926467895508,0.0019902904080252,0.0274809658999182,0.0279430092340511,324.2214950561523,0.0031992941155669,0.0005602185762039,0.0133748365881008,204.90847778320312,-0.0007929571405578,0.0095385302806909,0.0392484860542106,166.24616622924805,0.0049373455341743,0.0222543040298985,0.019494367664748,201.18334503173827,0.0016501903929607,-0.0026121367887367,0.0117879147633591,46.28027591705322,-0.0035476132091132,0.0365582909920392,0.0430368882075503,30.72066802978516,0.0078335363852952,1
2020-12-07,0.0122698346226275,0.015102245023143,115.59588317871092,0.0078561855992008,-0.0036904253041912,0.0119422360874679,87.75361709594726,0.0070976026439263,-0.0086510364049066,0.0102371005836979,125.92709617614746,0.0059005848890731,-0.0037601248602842,0.0346450407411904,102.35847778320311,0.0067489101605277,-0.0098444302785515,0.0279618979230165,325.5428802490234,0.002740418114991,-0.0003266732915374,0.013351073359062,204.485962677002,0.0002196618776988,0.0713141326897253,0.0401591327793308,169.7763328552246,0.0254006600011966,-0.0001408891028703,0.019515295276216,201.8786178588867,0.0022380958549193,-0.005372642812125,0.0114055638878966,46.31643714904785,-0.0061921220295494,-0.0187140603661574,0.043279538198111,31.079213905334477,0.0143420782789094,1
2020-12-08,0.0050908385337511,0.014177711927992,115.98745613098144,0.0027088965190831,-0.0031368866472039,0.0119901138981009,87.87729530334472,0.0018008420433639,0.0173188863647135,0.0092154421041295,126.205025100708,0.0055352298343771,0.0009847458010598,0.0177598385715933,102.57930183410645,0.0037901212972647,-0.0004985356210085,0.0170852876973,325.3605453491211,0.0012321455410962,0.008026758395653,0.0124734770070271,204.3995231628418,-0.0001743477315772,0.012652697560912,0.0390421249455872,173.5866661071777,0.0218846864975592,0.0005642335266335,0.0112029663807599,201.89830627441407,0.0015427709329917,0.0090473559962505,0.0108774009391861,46.40776882171631,-0.0041863404667002,0.0327631546532902,0.0345425278270751,31.328399467468262,0.0189539874747122,0
2020-12-09,-0.020903626494231,0.0151388881029091,116.26971969604492,-0.0020585422889859,-0.0184782988369336,0.0123658494015884,87.97676239013671,-0.0051933290835717,0.0102275243399754,0.0089198645410414,126.45571861267088,0.006644827063237,-0.0077869530209097,0.0178629313808375,102.7754451751709,-0.001608952193112,-0.0115613716197482,0.0160163676251647,325.4606689453125,-0.001870970473011,-0.0194900157408208,0.0107450079743185,204.46357498168945,-0.00329529462875,-0.0698590426253157,0.0429595667289371,176.82199935913087,0.0133646777103598,-0.0149927408593185,0.0116756860051115,201.7345993041992,-0.0004898442722306,-0.0078956055041469,0.0107100604457717,46.449648475646974,-0.0029876195518666,0.0132573829597688,0.0344138336747814,31.567907428741456,0.0141249616854104,1
2020-12-10,0.011988744102682,0.013867773443158,116.45190315246582,0.0005667033860842,-0.0057426746306641,0.0124167988651644,88.02736396789551,-0.0059988358094562,-0.0055516844902798,0.0090057867561838,126.69039764404296,0.0043734367710937,-0.0064434618825764,0.017535781241878,103.01315574645996,-0.0015865739960263,-0.0158233633432034,0.0163466751849831,325.41858673095703,-0.0020493469925187,-0.0060433496117796,0.0089229148364691,204.20256576538085,-0.0034546123344562,0.0373709576785941,0.0431126353689318,180.3209991455078,0.0122034551169213,-0.0093999096525533,0.0118287096555186,201.5055419921875,-0.000343000411642,-0.0046707130641368,0.0101144701929149,46.44342727661133,-0.0023007484345789,0.0282709893801842,0.0344115313601003,31.87152624130249,0.018427151523825,0
2020-12-11,-0.0067347468375763,0.0139685208460722,116.6073673248291,0.0003422087854506,0.0040447973168566,0.0124151856685204,88.10661087036132,-0.0054006976204272,0.0045978222452602,0.009020617439679,126.93380661010742,0.0035883024109525,-0.0059034726908898,0.0173095570899664,103.28117408752442,-0.00458185333072,-0.0123670304890628,0.0163479392664814,325.376513671875,-0.0100189462703149,0.0130153642741268,0.0094158465283965,204.12531051635744,-0.0009635831948716,-0.0272377673758681,0.0438283937414348,183.62483291625975,0.0048481955856095,-0.0065988383216117,0.0111091179574673,201.4085411071777,-0.006113628881944,-0.0002719735519937,0.0101058387172961,46.43272247314453,-0.0018327157872303,-0.0047716551174856,0.0330192280722735,32.21707925796509,0.01016116230192,0
2020-12-14,-0.0051466312670324,0.0140447058599751,116.72979393005372,-0.0031410843924813,-0.0126998671274949,0.0121804632189877,88.05705070495605,-0.0072025859850879,-0.0253679008332375,0.0106311495202501,126.94257736206056,0.0002449295252863,-0.0105385154498697,0.0175389522607379,103.46389541625976,-0.0059375314486371,0.0113921460069339,0.0158642692433562,325.1888549804688,-0.0057716310132178,0.004407820379634,0.0094001023622438,204.04197998046877,-1.6684460637317323e-05,0.0489188533057269,0.043714831102918,187.4803329467773,0.0003691397088098,0.0048972846693464,0.0108787278843911,201.25343551635743,-0.0051059941275007,-0.0091835286088691,0.0095753262995332,46.36538162231445,-0.0025948929465792,-0.0360729368625865,0.0345137031072177,32.46465167999268,0.0066893870026342,1
2020-12-15,0.0500903292014038,0.0177718583761196,117.09804801940918,0.0058588137410492,0.0050334372075326,0.0122398074117657,88.02496032714843,-0.0055685212141406,0.0100624645331883,0.0107773871295898,126.97522735595705,-0.0012063548410186,0.0170751735109604,0.0168227508119591,103.59465827941897,-0.002719445906657,0.0075494210132156,0.0159622873875169,325.10179595947267,-0.0041620396863729,-0.0003268427128167,0.0093600550854514,203.921004486084,-0.0016874046823312,-0.0102840319661164,0.044037612180834,191.232999420166,-0.0042182061965958,0.0053558384081495,0.0106554564743306,201.0450271606445,-0.0041476731511975,-0.0004805802761986,0.008994414986827,46.2675931930542,-0.004500480201069,0.0194218986371976,0.0326539721927423,32.66141910552979,0.0040211357994157,1
2020-12-16,-0.0005474556421855,0.017616571052025,117.50711212158204,0.0099300479114583,-0.0022089212972792,0.0121490325573816,88.01388397216797,-0.0023146457062097,-0.0059774265107345,0.0106140689058333,127.03317337036133,-0.0044473450111606,0.0029088460522919,0.0166028672672016,103.79210014343262,-0.0005802860920167,-0.0046454486375352,0.0159729187433561,324.88898315429685,-0.0027788550899303,0.0240506732304233,0.0103946321081037,204.17797317504883,0.0070207331119175,-0.0165495396447925,0.0425813727482838,194.2523323059082,0.0064436943995087,-0.0004321168586727,0.0104713597101726,200.9278549194336,-0.0012355483510683,-0.0010305513711696,0.0079265651328202,46.21492042541504,-0.0031274693744736,0.0153346129396154,0.0326786106134426,32.864234924316406,0.004436581795385,1
2020-12-17,0.0069634249095444,0.0172714589145898,118.02548561096192,0.0089249840728308,-0.0094924064165313,0.0120352566310771,88.01356163024903,-0.0030645920633832,0.0263913702684595,0.0115677519230897,127.34495086669922,0.0019412659405872,-0.0082869668930182,0.0166304104415644,103.98348197937013,-0.000948987094105,0.0144530923081847,0.0163159549016086,324.93541564941404,0.0032764360403472,0.0006387603169371,0.0098252857587137,204.5763282775879,0.0083571550976609,0.0531978185642547,0.0387554535246241,197.07333221435547,0.0096090665766409,0.0139721734362328,0.0104701464467705,201.0887222290039,0.0034388682666888,0.004607088899718,0.0080261283861106,46.17696685791016,-0.0012719089817026,-0.0050342297748597,0.0311211472166879,33.11704940795899,-0.0022244620356237,1
2020-12-18,-0.0158506531851849,0.0178567440256399,118.4151168823242,0.007101802803309,-0.0082101650842225,0.0119178641093752,87.9333984375,-0.005515584543599,0.0057935787112461,0.011549106761061,127.70471153259275,0.0021804172337843,-0.0049301400908653,0.0167012298804413,104.13589401245116,-0.0007543205741001,0.0101809558573038,0.0163867396621632,325.24737548828125,0.0077860333096205,-0.0037830888329213,0.0098496421952892,204.8710334777832,0.0049974644762512,0.0596127789695875,0.0399349044339277,200.33549880981445,0.026979175845732,0.0006158591634064,0.0104587285511476,201.2683204650879,0.0048818077636925,-0.0010266310467133,0.006303832535848,46.08986148834229,-0.0014228404806465,-0.0172493531900532,0.0316380235657808,33.331962203979494,-0.0047200016501372,0
2020-12-21,0.0123951715461489,0.0176287721801244,118.94417839050293,0.0106101633659453,0.0048312203042701,0.0116474814298438,87.92888793945312,-0.002009367057246,-0.0096436185131787,0.0117496342789796,128.03377876281738,0.0053252736977961,0.0375377222783563,0.0183225223554269,104.52471771240236,0.008860926971545,-0.0175121991011969,0.0150485320365662,325.7973068237305,0.0020051642879943,0.0182994390555173,0.0101713549523616,205.45375747680663,0.0077757882114279,-0.0649496818937741,0.0433048483026119,203.00633163452147,0.0042054688058318,-0.0108845846215983,0.0099084393651431,201.51466445922853,0.0017254339055035,0.0001369180875956,0.0058090878327459,46.03211917877197,0.0004412488586464,-0.018254089764764,0.0318579971425915,33.53397169113159,-0.0011562322305727,0
2020-12-22,0.0284647626148419,0.0164255449060859,119.8201183319092,0.006285050048633,-0.0082671722298556,0.0117422405129058,87.9106990814209,-0.0046694889447237,-0.0019601485654785,0.0114165090748015,128.4134735107422,0.0029207510780627,-0.0152165084748299,0.0178152225329496,104.68925323486329,0.0024025905743869,-0.0063700823982871,0.0138169738968925,325.8069839477539,-0.0007787363943061,0.0060647063711638,0.010144939582568,206.1143356323242,0.009054098028224,-0.0146492690263622,0.0420679186473459,204.9811653137207,0.0033324213937826,-0.0151667537157123,0.0094105382927002,201.40325698852536,-0.0023790845192688,-0.0121256592756465,0.0061198153059395,45.936261367797854,-0.0018877669412431,-0.0169249525947068,0.0290816585130463,33.60977602005005,-0.0084256024769536,1
2020-12-23,-0.0069764384595176,0.0167046790029371,120.58723182678224,0.0049992534851665,0.0046563860402024,0.0107131548928928,87.82230720520019,-0.0032964274772273,-0.0051077695595518,0.0115447655501281,128.75970115661622,0.0030946824682993,0.0279445004216087,0.0157614944022609,104.76502685546876,0.0074097214482503,-0.0090597041243636,0.0118464976328534,325.17047729492185,-0.0016615874916718,-0.0130390410884648,0.0101552689365121,206.45632629394527,0.0016361551644464,0.0088077720741002,0.0401664990820523,206.4911651611328,0.0084038837375612,-0.0026233620003373,0.0092365222815958,201.19292678833008,-0.0028173335476017,-0.0067960344540722,0.0060910592526939,45.81855869293213,-0.0030408635578236,0.0128516328187495,0.0250818054662876,33.60130815505981,-0.0089221985011268,1
2020-12-24,0.0077124432398063,0.0167054582063286,121.3616340637207,0.0051490571512189,0.0034311431826203,0.0107562809804589,87.74804039001465,-0.000711717557397,0.003488437280517,0.0115045229056597,129.13682250976564,-0.0014859041292891,-0.0043976119098507,0.0155904519385324,104.87284088134766,0.0081875924448838,0.0205628890978482,0.0128576534599255,324.91316375732424,-0.0004396281337391,0.00782715151813,0.0102374218308165,206.88047256469727,0.003073833404685,0.0244434951892225,0.0399174561375239,207.95399856567383,0.0026530190625547,0.0165612565205164,0.0099419318062588,201.08776092529297,-0.002299516930745,0.0019549368509375,0.0060399573688877,45.69793510437012,-0.0035712939675798,-0.0040700300198547,0.024237835624089,33.63316144943237,-0.0087293585501258,1
2020-12-28,0.0357657647044404,0.017922011734499,122.33813972473143,0.015472340729144,0.0229507082006115,0.0116249362470072,87.7156768798828,0.0055204570995697,0.0047222818013412,0.0115088162747113,129.53110466003417,-0.0017001635112701,0.0065851899203923,0.0155241580830821,105.0512321472168,0.0104906584471353,0.0252084657614763,0.0140065343435114,325.1743453979492,0.0025658738470953,0.0099216981663121,0.0103461042258446,207.3452186584473,0.0058147908045317,0.002901307404113,0.0398191100878547,209.25283203125,-0.0086892752505401,0.0188308247263284,0.0108408558563128,201.16603622436523,0.0013434761818393,0.0119861035651176,0.0068675092325891,45.607544136047366,-0.0009687470452136,0.00336562083924,0.0239289364625688,33.69565935134888,-0.0046063637442671,0
2020-12-29,-0.0133146035208355,0.0182605878141589,123.1067138671875,0.0103303857157471,-0.0091320963573926,0.0110482116753749,87.72400283813477,0.0027277937672372,0.0062015048542449,0.0115241209347864,129.93697052001954,0.0014688611622145,-0.0026326447669946,0.0139673739379716,105.35995407104492,0.0024565850380651,0.0063577768881897,0.0139107318868793,325.66527252197267,0.0073398690449727,-0.0036007437504069,0.0102839958794362,207.8266830444336,0.0014347542433468,0.0034655239852265,0.038820283595521,210.8926658630371,0.00499376592526,0.0081830530343522,0.0109404291662742,201.35907745361328,0.0051570037130295,-0.0063352270225338,0.006526953909848,45.48449306488037,-0.0022631760672395,-0.0112605488669016,0.0206798838689426,33.822267818450925,-0.0032076555646947,1
2020-12-30,-0.0085267811139309,0.0175998008119885,123.64112129211426,0.0029320769699925,-0.0122369970029091,0.0099246260672909,87.5775276184082,0.0019338288126265,0.0123910569344867,0.011125370979392,130.30593795776366,0.0043391022622076,0.0027997144891673,0.0136416971032084,105.60329475402833,0.0060598296308646,0.0256442948433206,0.0148831683814852,326.47154541015624,0.0137427444932942,-0.0110194188075359,0.0105325973863481,208.08795318603515,-0.0019820707923931,0.0432288658824446,0.0393046947561372,212.7263328552246,0.0165693929070214,0.0186128364159066,0.0116176112769087,201.7029052734375,0.0119129217393532,-0.000831498602167,0.0065290613195951,45.36189861297608,-4.343932543604545e-06,0.0079962597086304,0.0206593389375775,33.94726371765137,0.0017765868959727,1
2020-12-31,-0.0077027553125336,0.0178073897613114,124.10799827575684,0.0027868135993893,0.0094398466345215,0.0093559775546564,87.3982925415039,0.0028905209314903,0.0085228509404182,0.0111907774841325,130.70236320495604,0.0070652263622016,0.0136407049531837,0.0133336071793187,105.82108840942382,0.0031990705371796,0.0039096304129531,0.0148829438179033,327.2802398681641,0.0163366114007576,0.0033380627419179,0.010468994724249,208.42469177246093,0.0012933499736834,0.0156739811912225,0.038358640547377,215.00716552734372,0.0179426347304458,0.0016943487172949,0.0115148044946693,202.11348190307615,0.0127764638828797,-0.0002080263189542,0.0059828030953701,45.27160167694092,0.00131325769448,-0.0091345255637881,0.0192838200950357,33.99887523651123,-0.0026206447805347,0
2021-01-04,-0.0247189273199472,0.0189062796950021,124.4223289489746,-0.0036994605125613,-0.0151257585759974,0.0098058565117687,87.1611213684082,-0.0008208594202332,-0.0055914363398278,0.0113344423063047,131.02413787841795,0.0052492516381326,-0.009443654509245,0.0134474972787311,106.02156295776368,0.0021898620173007,-0.0152687145450475,0.0149039160787792,328.07103729248047,0.0091702906721784,-0.0212660405195473,0.0115794417935939,208.5894790649414,-0.004525288433852,0.0341519718082907,0.0380184319157071,217.28033218383788,0.0198843300542595,-0.0044347399048362,0.011264995357621,202.57976150512692,0.0085772645978092,0.0165104381584124,0.0070830299410062,45.2370719909668,0.004224357955975,0.006792836169764,0.0192842695169165,34.050890159606936,-0.000448071542611,1
2021-01-05,0.0123633048767159,0.0189158252986351,124.84790878295898,-0.0083799524781062,0.0080641658712314,0.0100669953525435,86.9536849975586,-0.0037981678861092,0.0117575326202956,0.0114471148656748,131.370369720459,0.0066563018019235,0.0054411319111045,0.0133707005139734,106.2040630340576,0.0019610504154431,-0.0115791261227914,0.0139877221676838,328.21952667236326,0.0018127722953249,0.0009647350735348,0.011579238792001,208.7585647583008,-0.0063166810524075,0.0073173689061312,0.0380264381029563,219.54816589355468,0.0207675423546631,-0.0149246794706933,0.010866973637918,202.6676383972168,0.0018261637584048,-0.0053232009365893,0.0071466041379689,45.19647102355957,0.0007624970556336,0.0481927779509083,0.0205249238255371,34.124275016784665,0.0085173598797226,1
2021-01-06,-0.033661510858459,0.0205314428135432,124.98636779785156,-0.0124493339456309,-0.0098676836148395,0.0102057535203343,86.72037849426269,-0.0039452853375986,0.0094101276598612,0.0112161547406714,131.8363014221191,0.0072980263630468,0.0469562302022728,0.0166677147678512,106.66378631591796,0.0118788254092966,0.0003741230356271,0.013773571435816,328.53826293945315,0.0006160415248123,-0.0259294255286708,0.0130427724317267,208.66112594604493,-0.0107824174080602,0.0283903022674965,0.0355739925502544,221.4518325805664,0.0257524980111171,-0.0088108095657128,0.0110643660171035,202.66619491577148,-0.0015726087616081,0.0062435950417756,0.0072325360806577,45.18234806060791,0.0032782614684955,0.0255171964566294,0.0205201309297379,34.27386703491211,0.0158729089444288,1
2021-01-07,0.0341233030544616,0.0217980418847483,125.30409660339356,-0.0039193171119524,0.02986885783765,0.0125214471537936,86.6287166595459,0.0044758856305132,0.0033784238598499,0.0107407888377623,132.21470947265624,0.0054954997481194,0.0328391258982214,0.0178152222053061,107.30671043395996,0.0178867076911074,0.0079224511507243,0.0138523141707436,328.9983963012695,-0.0029283272137068,0.0284571001721323,0.0144602895506773,208.77002716064453,-0.0028871136121266,0.079446563608581,0.0389288526797827,224.22116622924804,0.0329960375563444,0.0055970284481301,0.0111336679996289,202.7161361694336,-0.0041757703551634,-6.833724826105225e-05,0.0068927415500052,45.14736156463623,0.0034308937392766,0.0078456884183604,0.0194452745202208,34.383540344238284,0.0158427946863748,1
2021-01-08,0.0086312267699015,0.0210976482177426,125.80303726196288,-0.0006525206954654,0.0132388105580452,0.0121896789827593,86.67820434570312,0.0052356784152179,-0.0020578194255137,0.0106498182395905,132.512459564209,0.003379365674933,0.0011038408007397,0.0175646878159562,107.99730949401857,0.0153793348606187,0.0114045457157168,0.0136659882304816,329.84232330322266,-0.0014293441531541,0.0060927065479032,0.0136988081321449,209.1435432434082,-0.0023361848509295,0.0784029947046744,0.0365287531186959,228.8134994506836,0.0455418402590348,0.0076703468836056,0.0106372439927445,202.9980171203613,-0.0029805707219013,-0.0001362645615454,0.006684018088287,45.130300521850586,0.0034452460907584,0.0111211309062562,0.0193935199266604,34.49079494476318,0.0198939259803836,0
2021-01-11,-0.0232487641910209,0.0218757672594807,126.0819004058838,-0.0003584880696801,-0.023105904825219,0.0132403748463421,86.65005340576172,0.0036396491653736,-0.0041863496733123,0.0106012866502969,132.8179313659668,0.0036603830082361,0.0149243902788795,0.017394465816438,108.81021118164062,0.0202529438182436,-0.0159671222493984,0.0136762316557543,330.6704330444336,-0.0015690256940243,-0.0096983586240603,0.0138341157030244,209.47646102905276,-2.264847183213181e-05,-0.0782141172150082,0.0422601707311711,231.8821662902832,0.023068622454375,-0.0118820739008508,0.0107837917016336,203.25156784057617,-0.0044700375211042,0.0045011173539502,0.0066867881852741,45.13417835235596,0.0010433819298659,0.0303561208796467,0.0195404567532753,34.60490379333496,0.0246065829223602,1
2021-01-12,-0.0013954415413974,0.0217894955564187,126.39234237670898,-0.0031102373533028,-0.0107384123351192,0.0134002972013221,86.55745010375976,-0.0001208664758965,-0.0077806974966665,0.0108216609960283,133.0401695251465,-0.0002472630151562,0.015718914781533,0.0171935526519965,109.748490524292,0.0223085003923293,-0.0151637831918424,0.0138506109960216,331.44114074707034,-0.0022859571078345,-0.0117707774175749,0.0138791937944793,209.5562271118164,-0.002569750970054,0.0471529479960064,0.0417281812430418,235.8729995727539,0.03103573827235,-0.0189300692839821,0.0115827943723113,203.37738189697265,-0.005271115483762,0.0114060041197672,0.0071461249133571,45.16473350524903,0.0043892229411373,0.0222037095929297,0.0198819031566021,34.769415092468265,0.0194087692507645,1
2021-01-13,0.016226494231081,0.0219045556733385,126.83492698669434,0.0068673636646051,0.0056519636165586,0.0131819772040624,86.54503479003907,0.0029830629703831,-0.0015179392462191,0.0088056101141838,133.41857528686523,-0.0024328763963723,0.0009270545727664,0.016709632443772,110.74699478149414,0.013102665266428,0.0099440835381301,0.0138052250603219,332.1965805053711,-0.0003719650073339,0.0065602091466585,0.0139195274644044,209.65844116210937,0.0039281759650117,0.0058509508899942,0.041129705898266,239.449333190918,0.0265278679968495,0.0023461168123057,0.0115480765660742,203.47822494506835,-0.0030397302081582,-0.0102033268972485,0.007223503290933,45.19265174865723,0.0010998385533324,0.0112779247266963,0.0174476413394593,35.01940670013428,0.0165609149047778,0
2021-01-14,-0.0151272466809319,0.0193640091641988,126.88496589660645,-0.0029827462824735,-0.0093460578831984,0.0132812648450693,86.47029762268066,-0.0048599201737865,0.0174803614128498,0.0092666678188865,133.85103759765624,0.0003875111142276,0.0058424945876338,0.0166150796626078,111.69379615783691,0.0077033390043105,-0.0560161116703166,0.0189245748612728,331.89159393310547,-0.0131596775715421,-0.0153461722873453,0.0143694226658012,209.60542221069332,-0.0048324785268837,-0.0110135231572978,0.0411539699580502,242.97849960327147,0.0084358506436738,-0.0357774485801581,0.0140436071645965,203.1660903930664,-0.0113146256138159,-0.0032551910126003,0.0072726147337437,45.2142110824585,0.0004624678004646,0.0390334587017811,0.0186884513263562,35.31254234313965,0.022798468961462,0
2021-01-15,-0.0137302896160634,0.0196269464427868,126.85241661071775,-0.0074550495596665,-0.001906607705726,0.0132797248204569,86.39702224731445,-0.0078890038265408,-0.0021784307461589,0.0091043106866724,134.30709915161134,0.0003633888500985,-0.0179214316673115,0.0176080708874128,112.5151096343994,0.0038982845107002,-0.0112253515710721,0.0190520573708178,331.4838470458984,-0.0176856570288999,-0.0017366958792895,0.0131911217333368,209.2887481689453,-0.0063983590123223,-0.022295854459534,0.0414075532529006,246.36833267211915,-0.0117039191891679,-0.0013377790066526,0.014041479422872,202.8453117370605,-0.0131162507918676,-0.0158539332273258,0.008140408491673,45.20195770263672,-0.0026810659326914,-0.0481019851709937,0.0223937094816243,35.48148803710937,0.010953845746012,1
2021-01-19,0.0054269362127949,0.0196009140818131,126.81015014648438,-0.0017199094789033,0.0329067661229787,0.0150759309254695,86.50595703125,0.0033135303630987,0.0154711168175705,0.007906292385504,134.70009384155273,0.0042948821482751,-0.0043279019833294,0.0174430669856488,113.3535541534424,4.7826058258482185e-05,0.0082904856255492,0.0188357126965234,330.9737319946289,-0.0128341354539103,0.0178225434334031,0.0138762488141493,209.14640884399412,-0.0008941786008296,0.022259629183488,0.0404746491606174,249.51249923706052,0.0083908300905313,0.0003475618262047,0.0135722347782559,202.38815841674804,-0.0106703236464564,-0.0086419007845685,0.0082632889586126,45.159925079345705,-0.0053096695603952,0.0198371816128895,0.0225076090101433,35.6976095199585,0.0088500578926605,1
2021-01-20,0.0328562578033426,0.0205512281750096,127.07103729248048,0.0051304303900446,0.0535731970452511,0.0188662328346869,86.8872013092041,0.0161758522391727,-0.0024574472175951,0.0079640459698651,135.03774185180663,0.0053595322040894,-0.0149953906935351,0.0179631686583367,114.1272720336914,-0.0060950350367551,0.0275202184240372,0.019773392426445,330.7321182250977,-0.0042973351307344,0.0364998528451945,0.0161293256195289,209.42105712890623,0.0087599474517242,0.0069859978679067,0.0390028528273217,252.10333251953125,0.0003574400649114,0.0215708117988147,0.0145741814627306,202.1336479187012,-0.0025701474298971,0.0147848649705599,0.0089764612358247,45.1531005859375,-0.0046338973902366,0.0141279961506082,0.0218814766082807,35.97179412841797,0.0072349152041962,0
2021-01-21,0.0366582300402658,0.0218546728903841,127.49078941345216,0.0092167775518816,0.0021700767678065,0.0188727434839152,87.25788955688476,0.0154794748694223,-0.0040024912080004,0.0076023728767811,135.41143341064452,0.0048626218117331,-0.0083845884247469,0.0167721518145269,114.65772590637206,-0.0079573636362578,-0.0014032861507059,0.0193701185766782,330.7560073852539,-0.0065668090685016,0.0028080571639241,0.0156407433286993,209.5347343444824,0.0080095170551773,-0.0064201562634899,0.035005652524362,255.35549926757807,-0.0020967813657854,-0.0042229285500877,0.014415687678632,201.94780960083008,-0.0038839565023758,-0.00453576254814,0.009030269143319,45.13572940826416,-0.0035003845204149,-0.0286696599321376,0.0226409235500911,36.22017269134521,-0.0007546017275705,0
2021-01-22,0.0160738419399997,0.0212774621968823,127.84009666442871,0.0154569952760679,0.0044636047333883,0.018639419269145,87.68495292663575,0.0182414073927397,0.0112528471049004,0.0077398833302418,135.87607421875,0.0036171189501432,-0.0077133732680996,0.0163785038679436,115.22422676086424,-0.0106685372074045,-0.0162959445735141,0.0196735597091082,330.6189819335938,0.0013772243508588,0.004356172983392,0.0156142417906292,209.63074188232423,0.0119499861093248,0.0019526425140827,0.0344886894307272,258.7938316345215,0.0004964517684907,-0.0152091449109835,0.0144179087764314,201.764372253418,0.000229704231459,0.01021737063374,0.0088770835928267,45.16876602172852,-0.0008058721911468,-0.0141340181685588,0.0224930548470467,36.46976146697998,-0.0113880971016385,1
2021-01-25,0.0276835821340468,0.0218372590173105,128.42114219665527,0.02373976962609,0.0009087310163511,0.0186613278374695,88.09642906188965,0.0188044751371551,0.0148579330435103,0.0078632807196706,136.4784378051758,0.0070243917080771,-0.0124821815514797,0.0159177975099043,115.57068176269532,-0.0095806871842381,0.0006079616543606,0.0195639674097304,330.6372268676758,0.0037438869959454,0.0158442809793906,0.0156257702101732,210.03721618652344,0.0154661814810609,0.0403478061146038,0.0349270246395246,262.70749893188474,0.0130251838833183,-0.0051481429022735,0.0144454002960949,201.55692291259768,-0.000532368547665,-0.0008884548767953,0.0087087402517117,45.21498603820801,0.0021872234789592,-0.0111742892311889,0.0228177956112224,36.67660980224609,-0.0040025579136775,1
2021-01-26,0.0016790759621172,0.0218337420193563,128.96477699279785,0.0229901975759544,0.0072165197278981,0.0186663319056308,88.52708587646484,0.013666425858139,0.0271114836180115,0.0093446464864668,137.2511245727539,0.0093524650681653,-0.0040871075006662,0.0159101221958812,115.91740226745604,-0.0095325282877055,-0.0045262177783715,0.0189882517721782,330.25587463378906,0.0011805463151612,0.012198654072161,0.0157416242227597,210.4947982788086,0.0143414036088124,0.0025999188207492,0.0349971852586651,266.396166229248,0.0090932418107705,0.0051248229446361,0.0139324318221328,201.23566284179688,0.0004230836760211,0.0089604969005121,0.0088854631167161,45.2771821975708,0.0057077030159753,-0.0219617722766855,0.0235738956680337,36.84878177642823,-0.0123623486915925,0
2021-01-27,-0.0076836417247688,0.020668972891861,129.22566261291504,0.0148822176703321,-0.0466521005257365,0.0214189870037825,88.63854789733887,-0.0063786336560584,-0.0152510600764028,0.0104497375065904,137.8813720703125,0.0067937424964038,-0.0282719228175569,0.0173668389310693,116.06638565063476,-0.0121878347125099,-0.0372596259009296,0.0195766372250548,328.87354583740233,-0.0117754225498321,0.0024535314400524,0.0156376698698314,210.87404556274413,0.007532139327784,-0.0214360847706407,0.0358565629607268,269.7373336791992,0.003408825283061,-0.0348497860018069,0.0149370043466287,200.38761672973632,-0.0108610358841031,-0.0248798130129158,0.0102902565859176,45.255777740478514,-0.0022252325807198,-0.0113363103690727,0.0238603275993442,36.99434146881104,-0.0174552099955287,1
2021-01-28,-0.0349850073098001,0.0220435653252996,129.33351402282716,0.0005535702003189,0.0188350680679953,0.0216025650276756,88.87505073547364,-0.0030456353960206,0.0076246213164417,0.0104657587623559,138.5257781982422,0.0091191650012922,0.0175974250800881,0.0176996209763057,116.32778091430664,-0.0069914320115428,0.0278612138554446,0.0207393004906487,327.81097106933595,-0.005922522548602,0.0258908194889129,0.0164650779650962,211.5800003051758,0.0121486917927818,-0.0332462401466606,0.0373279294463366,272.5613327026367,-0.001956391493573,0.0166692226793343,0.0154205512643436,199.6120834350586,-0.0066826056382187,-0.0006255542635622,0.0101964875431748,45.24724712371826,-0.0014431909238042,0.0156559420721902,0.0236874202147727,37.187480735778806,-0.0085900895946631,0
2021-01-29,-0.0374206234926282,0.0235961863466864,129.2480083465576,-0.0101453228862066,-0.0139434827797483,0.0216686343619592,89.1008228302002,-0.006727052898648,-0.0356465821421126,0.0136411740974544,138.82953491210938,-0.0002607208481103,-0.0110675721246026,0.0179573410728609,116.51122245788574,-0.0076622717828434,-0.0246389366769912,0.0201146906086369,325.9314849853516,-0.0075911209692974,-0.0291716588603263,0.0177478069206965,212.07101669311524,0.0054431254240381,-0.0501537349140389,0.0390253285867001,274.2071662902832,-0.0123776669791974,-0.0250729424272205,0.0151715036984875,198.4062858581543,-0.0086553651414661,-0.0226782816388368,0.0113762700122111,45.19001407623291,-0.0080223213783196,-0.0264873586072184,0.0247482759302725,37.31812152862549,-0.011060757682395,1
2021-02-01,0.0165200690092539,0.0238220652389823,129.31845207214354,-0.0123780255111652,0.0359591448635767,0.0228752522976726,89.44881210327148,0.000283029870797,-0.0025745926577561,0.0136007928770339,139.05821151733397,-0.0037472259883637,0.0073832533725048,0.0177942241481967,116.6620532989502,-0.0036891847980465,0.0166615546195256,0.0206267614614309,324.23997650146487,-0.0043804023762644,0.0331524031754868,0.0190345917626605,212.8939971923828,0.0089047498632573,0.0583216728676345,0.0406339355963313,276.4428337097168,-0.0087828936285913,0.0264423916844063,0.016756710746027,197.42810668945316,-0.0023372582241301,-0.0086838604910257,0.0114933198659529,45.1143238067627,-0.0095814025011657,0.0017841260256326,0.0245618972504395,37.46730995178223,-0.0084690746310307,1
2021-02-02,0.0063367591738834,0.0230704882308226,129.5895393371582,-0.0114464888688119,0.0137605722714453,0.0225058453023478,89.92704582214355,0.0015918403795065,-0.0089731309902477,0.0137174504894024,139.26200256347656,-0.0109641489100155,0.0307821605372413,0.0187401532980771,117.03884887695312,0.0032846688095349,0.0398373094704356,0.0227458037080853,323.43243713378905,0.0044923030734969,-0.000584266280924,0.0181354755112754,213.93621444702148,0.0063481657926403,0.0392707265317158,0.0408129744524913,278.82649993896484,-0.0014487320863979,0.0214257131625461,0.0177499537927106,196.7005958557129,0.0009229198194518,0.0107702254193389,0.0110799926671959,45.02498435974121,-0.0092194567974003,0.0158060240333284,0.0246867333130205,37.63383674621582,-0.0009155153690279,1
2021-02-03,-0.0077783820727965,0.0230507361757275,129.7318862915039,-0.0114654369384175,0.07282522901192,0.0270801086508767,90.7171157836914,0.0254873062870378,-0.0046511992089784,0.0135669438239492,139.35467147827148,-0.0088441767365306,0.0114513157212494,0.0188207107080899,117.45271492004396,0.0112293165172962,-0.0046356085105452,0.0226476114223212,322.7466842651367,0.0110171065515738,0.0145714473018976,0.0182333300835689,215.1350982666016,0.0087717489650094,-0.0207380653325632,0.0413801288485991,280.8194999694824,-0.0013091281987825,-0.0061694899092686,0.0175589628074537,196.0691261291504,0.0066589790379595,0.0030548137667805,0.0111038794730146,44.95441284179688,-0.003632531441461,0.0392285716240601,0.0239319470759833,37.79189605712891,0.0091974610295985,1
2021-02-04,0.0257578456030023,0.0221094143869224,130.2560905456543,0.0006831336441429,-0.002550005110478,0.0268633081377256,91.53672409057616,0.0212102916513431,0.009283600534613,0.0135627294415022,139.44734115600585,-0.0085123808928964,0.0230129248182102,0.016557450015147,117.74490356445312,0.0123124164649206,0.0240670150208202,0.0233771788317542,322.4425537109375,0.010258266784649,-0.0040740382620023,0.0168448078955133,216.55656509399412,0.0027787774148263,-0.0054991198109066,0.0412108313000045,282.3863327026367,0.0042402958683682,0.03918338742474,0.0198541608932404,195.90729675292968,0.0111618119870406,0.0094192306178251,0.0112426617033629,44.89035549163818,-0.0016235744651836,0.0191902629570985,0.0236813544183577,37.941891288757326,0.0099043252065802,1
2021-02-05,-0.0030980595750089,0.0210087416437659,130.54973983764648,0.0075476464276668,0.0171402939257045,0.0264950393954811,92.31603813171388,0.0274270469924337,0.0151862096477883,0.0139346475575619,139.62238693237305,0.0016541774650838,-0.0019527850438838,0.0149662536922811,117.83692092895508,0.0141353738810644,-0.0061025817619583,0.0233167487999871,321.90451965332034,0.0139655377676555,0.0007850212610474,0.016084372053695,217.69860916137696,0.0087701134391011,0.0026353496607176,0.0374829895639756,282.9894989013672,0.0147981127833196,-0.0022937583956416,0.0198026358270248,195.66527252197267,0.0157176487933564,0.0128394422198354,0.0116829900957713,44.85483741760254,0.0054799703065508,0.0335196350922002,0.0245642036298605,38.14309482574463,0.0219057239464639,1
2021-02-08,0.0010969320071849,0.0209599250355155,130.79579010009766,0.004463019027253,-0.0020633742883429,0.0265724424601338,93.02646255493164,0.0198225431620497,0.0028581098908704,0.0139147237344955,139.83175659179688,0.0027407179748091,0.0156544318574791,0.0153271722797894,118.01659660339357,0.0157896095780592,-0.0050775670687176,0.0231326970764308,321.0899597167969,0.0096177134300069,0.0011148793292337,0.016110484968764,218.79002532958984,0.0023626086698504,0.0131302972383458,0.0331482926062288,282.71283264160155,0.0057598376574618,-0.0090050359527177,0.0197691370944605,195.25421676635744,0.0086281632659316,0.00464123612736,0.0117442651681406,44.83002128601074,0.008144989630228,0.0430428608430115,0.0259426958867787,38.410827827453616,0.0301574709099397,0
2021-02-09,-0.0065738077335613,0.020217339601499,131.14719772338867,0.001880905645764,-0.0043797971765532,0.0257448144905488,93.81720161437988,0.01619446927245,0.0081854392925022,0.0139191654158931,140.1277877807617,0.0061724320313591,-0.0039960821891403,0.015043043558963,118.0833194732666,0.0088339610327829,-0.0106520544523306,0.0229960511200668,320.37515716552736,-0.0004801593545463,0.0053615350374944,0.0157306804467057,220.04527130126957,0.0035517689335341,-0.0161683216431521,0.0279865133910114,283.3506652832031,-0.0053279719775117,-0.0017883602231146,0.0196275994963131,194.94832611083984,0.0039853485887994,0.0055162131183374,0.0117691037270359,44.807376861572266,0.0070941871700277,-0.0117119148945444,0.0256669380305552,38.59831428527832,0.0246538831243652,0
2021-02-10,-0.0045583418878623,0.0202652373146677,131.4771842956543,0.0025249136827509,0.005343527474328,0.0253541939220535,94.68215675354004,0.0026981289649316,0.0032477852558014,0.0137193976243891,140.50018768310548,0.0077522289243151,0.000573472614505,0.0146202660318432,118.0588981628418,0.006658392411434,0.0023092446989567,0.0227970860613665,319.9533462524414,0.000908811287354,-0.003897291258733,0.0153610206596712,221.3774169921875,-0.0001419787785919,-0.0525509443039983,0.0285220088281767,282.606999206543,-0.0116905477717987,-0.0003875003779227,0.0191856868142704,194.83211669921877,0.0051417464950686,-0.0116576468121928,0.0116777189139862,44.73230743408203,0.004151695054233,0.0096780701517458,0.0253777051584343,38.76395874023437,0.0187437828299023,1
2021-02-11,-0.0019204955161027,0.0200358933427294,131.69298400878907,-0.00301075454107,0.0010878891195666,0.0254110864132857,95.52840270996094,0.0034257078109406,-0.0044960620679369,0.0137843418435833,140.85070877075196,0.0049962964038051,-0.0027922525170326,0.0146301817045437,118.01180114746094,0.0014973569443854,0.025912031344232,0.0234715321289067,319.78578491210936,0.0012778145520364,0.0068776312104856,0.015361543257819,222.72198333740235,0.0020483551159056,0.0084987898117356,0.0285679838333145,281.89449920654295,-0.0088909658472702,0.0220258957060599,0.0198282568827718,194.9107276916504,0.0017102481513326,-0.0007633691995417,0.0115004736320233,44.679106903076175,0.0021151750907596,-0.0250388912440039,0.0261494929191079,38.8553430557251,0.0098979519896818,1
2021-02-12,0.0017761226729149,0.0196340663443789,132.016654586792,-0.0020359180914852,0.0030066663148717,0.0250828605224275,96.4306770324707,0.000598982288774,0.0031314198282847,0.0133361154795333,141.10512771606446,0.0025853384399044,0.0142165375277161,0.0149314930238971,118.01529006958008,0.0047312214587054,-0.0054540670986901,0.0195415330896224,320.46717071533203,0.00140751748469,0.0020449557062374,0.0145454927950353,224.24900741577147,0.0023003420049436,0.0054949009034128,0.0285376736321152,281.41316680908204,-0.0083190555987312,-0.0033228520457714,0.0179340518838971,195.31534729003903,0.0015044294213066,0.0031247163569574,0.0115263793507588,44.64033088684083,0.000172229918184,0.013643389843416,0.0248735554351076,38.8984037399292,0.005922702939925,1
2021-02-16,-0.0161039894339759,0.0197455075709676,132.32024688720702,-0.0054761023797174,0.0074795845668025,0.0249380127595571,97.37995986938476,0.0025075740598031,-0.00906496056898,0.0135343598310827,141.30977554321288,0.0002007243479343,0.0240707709660541,0.015208805998061,118.27738876342774,0.0064144892804204,0.0006156549892724,0.0192882456802081,321.3364501953125,0.002546161896288,-0.0052655719598938,0.0146793186774773,225.7320854187012,0.0010242517471181,-0.0243836608236719,0.0286220176774971,280.9141677856445,-0.0158218472111347,-0.0098114724310635,0.0181211251521688,195.6338577270508,0.0013431421256375,0.0082370209612514,0.0111214112242385,44.65615177154542,0.0008913868849623,0.0300870920331683,0.022746457318594,39.101371383666994,0.0033315491779563,1
2021-02-17,-0.0176438960109037,0.0202386221295794,132.47597961425782,-0.0076901200351859,0.0037521413301218,0.0243965770312905,98.20799102783204,0.0041339617611381,0.0035744365091523,0.0131464103791562,141.4333366394043,-0.0007214762087356,0.0031111241191457,0.0151306559613909,118.58528060913086,0.0078359305420776,-0.0113708359085269,0.0194979741879935,321.88804931640624,0.0024024056050488,0.004359577512802,0.0144610491924925,227.0848846435547,0.0008238602421796,0.0024238672272685,0.0280958602566708,280.14083404541014,-0.0121034094370506,-0.0018757246753896,0.0181371576802244,195.93024826049805,0.0013256692351825,0.010572632255414,0.011128179321933,44.715245819091805,0.0019026707123776,0.0155649959827683,0.0226220234192096,39.299248695373535,0.0087869313534189,0
2021-02-18,-0.0086366797566125,0.0189325403009801,132.37268447875977,-0.008505787608936,-0.0060463358897877,0.0221932231023099,98.76738014221192,0.001855989088315,0.0004831596170018,0.0131226023464814,141.57749404907227,-0.0012744013364956,0.0033769714875047,0.0145524904401748,119.00481414794922,0.0083966303166776,0.0033494782669205,0.0185524630815107,322.0599685668945,0.0026104523186415,-0.0016788595971273,0.0126688470859117,228.04071731567385,0.0012675465745007,-0.0134936910453242,0.028107180682802,279.08966674804685,-0.0042919587853158,0.0088670187982295,0.0176183408904781,196.1062454223633,0.0031765730704129,-0.0648097945724239,0.0181167781658074,44.59349040985108,-0.0087277588396685,-0.0157047119856682,0.022972132791792,39.43526916503906,0.0037103749259361,0
2021-02-19,0.00123337795778,0.0167958541812815,132.0420352935791,-0.0078750129141594,-0.008072905872558,0.0224014206553609,99.27453269958497,2.383008989006452e-05,-0.0166528562552366,0.0136750855368397,141.63112030029296,-0.0037057601739555,0.0166904446423372,0.0145526651180256,119.58003845214844,0.0122931697485515,-0.0156294844398229,0.0189062995230331,321.9984649658203,-0.0056978508381694,-0.0115673714817668,0.0131596637393654,228.83145446777343,-0.0024214539639497,-0.0077218335337335,0.02811587548596,278.02816619873045,-0.0075360834544096,-0.0220682645366919,0.0183356041305967,196.1018196105957,-0.0056422589781373,0.0049397545050013,0.0181874842582505,44.492518806457525,-0.0075871340987599,0.0067281516807189,0.0216868457391669,39.64289817810059,0.0100637835108807,0
2021-02-22,-0.0297988439183524,0.0172641809639158,131.41621017456055,-0.0141900062324129,-0.0165403914317332,0.0229338223161293,99.67522964477538,-0.0038855814594309,-0.0006175631916626,0.0134382051474151,141.60234756469723,-0.004455556777945,0.0093909403669318,0.014279986537889,120.26123847961426,0.0113280503163947,0.0224808454382887,0.0191363500739428,322.5636199951172,-0.0001108683307736,-0.0268083415604026,0.014811620214377,229.26611404418944,-0.0081921134172777,-0.0854984585555993,0.0335017035568082,275.8258338928223,-0.0257347553462121,0.0175352060074835,0.0183551084982903,196.4198791503906,-0.0014706473674863,-0.0046988429254859,0.0179587013974133,44.35851001739503,-0.0091518459552486,0.0368528255748445,0.0222687488699067,39.95708599090576,0.0147056706571664,1
2021-02-23,-0.0011111456112238,0.0155349755143277,130.596533203125,-0.0111914374678625,0.002852567393085,0.0229225721241612,100.086185836792,-0.0048109848941744,-0.0088339905456626,0.0130881423743845,141.40758666992187,-0.0044093627732815,0.0080315120314025,0.0136323742695241,121.06760025024414,0.0081201985294644,0.0286501968029828,0.0200412559790392,323.5917465209961,0.0054960400319684,-0.0052875032312971,0.0145291183795235,229.47041397094728,-0.0081964996715583,-0.0219174294299173,0.0316216693639199,272.7931671142578,-0.0252415090674612,0.0181930936026206,0.0186317771720127,196.97016143798828,0.0041302658392504,-0.0161229388826261,0.0181913424766153,44.19208545684815,-0.0140238379240241,0.0138124900044347,0.021840981318807,40.32339916229248,0.0114507502514196,1
2021-02-24,-0.0040520293349307,0.0154355853500673,129.74038429260253,-0.0084730641326679,0.0114993899512021,0.0229697288565947,100.52197189331056,-0.0032615351699583,0.0134005912884094,0.0118189893241948,141.11257934570312,-0.0024441318174301,0.0175950337068655,0.013594915460517,122.01307907104491,0.0110169804470083,0.048228000513236,0.0222987074543398,325.5104690551758,0.017415807316321,0.0054870168997143,0.0143336201669911,229.60225296020508,-0.0079710117941759,0.0617880726639228,0.0354958934889917,270.4419998168945,-0.0133686679801303,0.0345104995309344,0.0199267117877445,197.8230407714844,0.0114075106805152,-0.0166829850672564,0.0181600019695162,43.97028827667237,-0.0194749613885582,0.0299726924143821,0.0210233970201091,40.79890327453613,0.0143322895377424,0
2021-02-25,-0.0347826859279866,0.0166896675960226,128.72553939819335,-0.0137022653669427,-0.0325653143181727,0.0214810797445945,101.01016807556152,-0.0085653308556353,0.0010458539910873,0.0114113080828304,140.93646163940429,-0.002331592942613,-0.0135717444353404,0.0118278330948868,123.03008003234864,0.0076272372624393,-0.034710786903473,0.0220445470445111,327.40304107666014,0.0098037542822423,-0.0237048460720885,0.0153233425660781,229.4406852722168,-0.0123762090891681,-0.0805908249604527,0.0389640776973146,267.40966567993166,-0.026788094763156,-0.0258853053627298,0.0190799607655531,198.74080429077148,0.0044570458483233,-0.0094584668177749,0.01758644186284,43.78587169647217,-0.0084046958376284,-0.0165786361747694,0.0213559651986505,41.25682830810547,0.0141575046999222,0
2021-02-26,0.0022314967247816,0.0155322263864578,127.96528358459472,-0.0135026416135423,0.0029562580862028,0.021249370515878,101.4282356262207,-0.0063594980638832,-0.0264194752544556,0.0125154142662865,140.51979064941406,-0.0042849167424568,-0.0265246553381307,0.0139599611745786,123.77407798767088,-0.0010157827336542,-0.0020306924970657,0.0214969588607891,328.8350631713867,0.0125235126707937,0.0148042246842072,0.0144918041966761,229.1533950805664,-0.0071018898559733,-0.0098501522110203,0.0386112735428431,264.7441665649414,-0.0272137584986134,-0.006362540501055,0.0190245721912061,199.43709182739255,0.0075981906554507,-0.0153846899422579,0.017739611732896,43.57136478424073,-0.0124695847270802,-0.0249281499469502,0.0228138684674307,41.62912731170654,0.0078262443743883,1
2021-03-01,0.0538514522381052,0.01884662775355,127.77197303771972,0.0032274176177491,0.0236165198617392,0.021186242504847,102.02866249084472,0.0016718841948113,0.0054271248283321,0.0099652326120316,140.3989517211914,-0.0030759791384578,0.0226267262973969,0.0137893837346912,124.72609786987304,0.0016313744524387,0.0255760854505233,0.0208253759923722,331.092301940918,0.0131425606732406,0.0196230272578887,0.0136108353024026,229.41732788085935,0.0021843839076849,0.0635529114819255,0.0406803611267852,263.4924995422363,0.0025965155088915,0.0199632292860751,0.0180806960810968,200.57596282958983,0.008083795311169,0.011160661043253,0.0175667393788098,43.42991104125977,-0.0092976839333324,0.0373367083643492,0.0219747645240658,42.13386058807373,0.0079230209322892,0
2021-03-02,-0.0208937175097292,0.0188350019836477,127.34284439086916,-0.0007290967619519,-0.0025028059780535,0.0200839222630432,102.45342140197754,0.0006008095205835,-0.0018830620256848,0.0099600335818345,140.2831802368164,-0.0016857934344623,-0.0032558053570314,0.0140160111076544,125.61531829833984,-0.000626089025248,-0.0002206172890849,0.0207595091951402,333.0904525756836,0.0073683978548271,-0.0129570103072814,0.0116958381169294,229.16697616577147,0.000650482492488,-0.044527636486599,0.0388239243893835,260.9363327026367,-0.0019255259024447,-0.0039698446171199,0.0175380420984998,201.4280876159668,0.0036512076672209,-0.0095910364963749,0.0175828100863011,43.28783721923829,-0.0079913034560822,-0.0058511850365107,0.0222375707462693,42.62183589935303,0.0039902859241002,0
2021-03-03,-0.0244567163668452,0.0192652096143969,126.72353477478028,-0.0048100341683348,-0.0257063286242397,0.0210451443071368,102.6821189880371,-0.0068403341945047,-0.0176079957964589,0.0105056965881569,140.10916900634766,-0.0078875108514359,0.0193320456809493,0.0132231417056297,126.45700378417968,-0.0002786866304312,-0.0070836295375255,0.0193696059425492,334.3437698364258,-0.0036939281553251,-0.026980655648964,0.013052409615814,228.6212272644043,-0.0058430520172475,-0.0484237582833957,0.0379919716766044,257.27649993896483,-0.0239678920919084,-0.0042640087416628,0.0171651880947496,202.0318748474121,-0.0041036939872984,-0.0193686811977851,0.0176099500583698,43.08341178894044,-0.0085284426821879,0.0080258267915631,0.0222398186902058,43.09963588714599,-0.0003990872004635,0
2021-03-04,-0.0158117791787615,0.019414335483652,126.06133346557615,-0.0010158528184898,0.0111961342455451,0.0133023997116783,102.62029190063475,0.0019119555182387,-0.0201634921771569,0.0113138700023316,139.83134994506835,-0.0121293800850848,-0.0153682618911907,0.0140652658909513,127.12948112487793,-0.0006379901216013,-0.0298401908134928,0.0207272861723487,335.1515518188477,-0.0027198089373291,-0.0036473666890698,0.0124294724968194,227.8690452575684,-0.0018315561406438,-0.0486221818311274,0.0387678675342291,253.38899993896484,-0.0175741634660434,-0.0155920818015959,0.0175593329963023,202.53457107543943,-0.0020450492750717,-0.0004699577394646,0.0175452308504372,42.87138652801514,-0.0067307408665259,0.0387472650862803,0.0222088650167374,43.59506378173828,0.0106660930517463,1
2021-03-05,0.0107384070269718,0.0184198634223647,125.29428787231446,0.0006855292419482,0.0310431702565625,0.0150405313887995,102.72793655395508,0.0075293379523107,0.0197947225926375,0.0120833660383398,139.62041091918945,-0.0028865405156662,0.0023244818659622,0.0134580070483416,127.68159332275393,0.0051318373192172,0.0325608730235216,0.0212691255512604,336.1225387573242,0.0041985041667883,0.0214793276091582,0.0136007082527699,227.39729766845704,-0.0004965355556536,-0.0377993135312829,0.0390194367035589,249.18833389282227,-0.0231639957300959,0.0184870242291741,0.0158185897177764,202.8464385986328,0.0029248636709741,0.0124677390971046,0.0176890847507465,42.663394165039065,-0.0011602550586534,0.0378131666913854,0.0229133886765381,44.14483299255371,0.0232143563794134,0
2021-03-08,-0.0416735973716702,0.0200552493090289,124.30172653198242,-0.0184194806800068,-0.0427118628639752,0.0174533566163634,102.52639884948732,-0.0057363385928321,0.0083279547682013,0.0116762525936851,139.36005096435548,-0.0023063745276923,0.0132528438862704,0.0135050958208471,128.33269996643065,0.0032570608369919,0.0289567332319327,0.0219080397930474,337.7003234863281,0.0048746337230701,-0.0181780549214943,0.0140504153021259,226.7149230957031,-0.0080567519915302,-0.0584496728285433,0.0398089358501325,244.36783447265623,-0.0475645125921897,0.0225614805481435,0.0164561407252103,203.41509552001952,0.0034445139233877,-0.0096034008957485,0.0172184284724835,42.40778541564942,-0.0053130674464537,-0.0009847846195881,0.0225636215778401,44.62682113647461,0.015550057782626,1
2021-03-09,0.0406497940605568,0.0227530960127524,123.53200454711914,-0.0061107783659496,0.0163687318726415,0.0179211899408961,102.41697006225586,-0.0019620310226931,0.0019061443147845,0.01165813427484,139.09247817993165,-0.0015485332595984,-0.0070627166769673,0.0135380905597917,128.84250984191894,0.0024956785730047,0.0139769027822878,0.0218688590202055,339.6127502441406,0.0077141377373447,0.028101490019325,0.015663640914024,226.32556762695316,0.000154948073791,0.1964120760817838,0.0624405373011577,241.2038345336914,0.0006234299214868,0.0004087669124068,0.0162310790143018,204.078360748291,0.0043202362292931,0.0078981723990834,0.0173383316392079,42.15745029449464,-0.001815225667362,-0.0154426603291001,0.0219780173020552,44.983573532104494,0.0136317627241081,1
2021-03-10,-0.0091666639688433,0.0227646599919409,122.7520664215088,-0.0030527678863492,-0.0020438085291902,0.0179050329394183,102.3198314666748,0.0027704729963167,0.0091946624159882,0.0117059927991331,138.8295860290527,0.0038119983828909,0.0217349974316767,0.0139446370718782,129.520658493042,0.0029762689231502,0.0137576307850659,0.0215827338692233,341.94989624023435,0.011882389801863,-0.0058175231915973,0.0156017959947562,225.80900802612305,0.0043875745652643,-0.0081950691083264,0.0624285083286354,238.18050155639648,0.0086691677565007,0.0127517575698239,0.0163137076138205,204.894539642334,0.0077233894915905,0.0255255139216501,0.0185562278686528,41.94573516845704,0.007163613356525,0.030702275214792,0.0220118892908853,45.44038009643555,0.0181670524087539,1
2021-03-11,0.0165026734997606,0.0233156288362975,122.09862976074218,0.0034101226493551,0.0316030255487829,0.0192885502942691,102.35467224121092,0.0068518512569643,-6.307266481786478e-05,0.0116539934433301,138.5430923461914,0.0078320822853587,-0.0052214571768562,0.0141091658145671,130.1599914550781,0.0050056298660171,0.0070212581720212,0.0215545147448886,344.379541015625,0.0192546795989658,0.0202653482812755,0.0163757517194537,225.56331787109372,0.0091701175593334,0.0472113423653142,0.0628500437571927,236.4268341064453,0.027835872595789,0.0133529715614604,0.0164043762095738,205.8578842163086,0.0135124001642017,-0.0003783728516036,0.0185060702410683,41.759612274169925,0.0071819303340971,-0.007446968727174,0.0223644082984575,45.85823097229004,0.008928205646063,0
2021-03-12,-0.0076255270236954,0.0233114680092517,121.41259460449218,-0.0002626641607783,-0.0240604248967248,0.0200536741623634,102.25864906311035,-0.0041688677736931,0.0028906426466071,0.0116869211948109,138.30863494873046,0.0044512662961526,0.0118583218259484,0.0140581876286636,130.89613761901856,0.0069123978580144,-0.0043445540116648,0.0212342373225717,346.30892181396484,0.0118735941919285,-0.0058198128208195,0.0163025853217613,225.17179107666016,0.0037102894733378,-0.008390501992574,0.0627696445010581,234.46133346557616,0.0337176349035308,-0.0079152180416637,0.0161108117553402,206.51678619384765,0.0082319517100342,0.0150610679420994,0.0189913225204457,41.60606155395508,0.0077005961030961,0.0107649606384339,0.0208470189496473,46.35563297271729,0.0035185644354727,1
2021-03-15,0.0244568597210217,0.024205223330231,120.8589012145996,0.01296342725776,0.0021659112172391,0.0200462782738939,102.15806617736816,0.0048066870425496,0.0051379988014548,0.0117382358265193,138.0872688293457,0.0038132751028033,-0.004995321962264,0.0141112768230252,131.5119201660156,0.0032627646883075,-0.0024822149095907,0.0211621713479604,348.2828598022461,0.0055858045636238,-0.0039872206684365,0.0162878351812655,224.7113822937012,0.0065484563239494,0.0204834612062225,0.0630037658303377,232.65833282470703,0.049504261710484,-0.0048579937077778,0.0161475315682598,207.15693359375,0.0027480568588499,-0.0051449536809301,0.0189321998363093,41.43482818603516,0.0085922855460598,-0.0254961045262074,0.0223817828483831,46.760362243652345,-0.0013836995458511,0
2021-03-16,0.0127427260438155,0.0243117989355735,120.48814888000489,0.0073820136544118,0.014334719054313,0.0202525847097925,102.0916301727295,0.0043998844788839,0.0059221034687551,0.0117086347328676,137.97170181274413,0.0046164669335974,-0.0119712911505743,0.0138287058368468,131.89831161499023,0.002281049793586,0.0016236858568567,0.0211501879412117,350.27664947509766,0.0031151611785376,0.0123503845929875,0.016568944578879,224.45142517089843,0.0033982352386819,-0.0438737719594042,0.0634635357079135,230.66933212280276,0.0014470921022464,0.0064047874553525,0.0158643762871287,207.96493377685547,0.003947260967439,-0.0002996229966686,0.0187419897164254,41.24451751708985,0.0069527264669094,-0.0211954418689485,0.0227965028433839,47.05027503967285,-0.0025342558538208,1
2021-03-17,-0.0064505683801646,0.0240764643376566,120.19232482910157,0.0079252327721475,-0.000801436306239,0.0202285212152006,102.0014305114746,0.0046483589234742,-0.0037184980658422,0.0116801744707527,137.80491561889647,0.0020338348372313,0.0102924894969653,0.0139228059001345,132.33398208618163,-7.451793356172409e-06,-0.0096759762928815,0.0210805282450336,352.27915344238284,-0.0015715602370518,-0.002818536452723,0.0165244635585697,224.1086463928223,0.0039980325864567,0.0368307426101173,0.0641740930013534,229.0636657714844,0.0104522544459351,-0.0074766341944504,0.0160224314592348,208.71088943481445,-9.841738541580547e-05,-0.0083217088220568,0.0184307465107095,41.01310405731201,0.000183281918168,0.0043984784110144,0.0227028224609318,47.317634201049806,-0.0077950152145763,0
2021-03-18,-0.0339049313058716,0.0250794668241135,119.74567260742188,-0.0021562881889789,-0.0292379242881373,0.0211945399384522,101.79211235046388,-0.0075198310439098,-0.0018658586775289,0.011674999164856,137.62174530029296,0.0016732776346891,0.016506639474076,0.0142265630939579,132.85992736816405,0.0043381675368302,-0.030844099923901,0.0226366567635219,353.66129608154296,-0.0091446318562362,-0.0266621218874815,0.0174674610995982,223.4829299926758,-0.0053874614472946,-0.0693207276395118,0.0657775246113242,226.82666625976563,-0.01285415955503,-0.0105821712801683,0.0162824883166433,209.25484390258788,-0.0048854459537415,-0.0130567823006595,0.0121934528939715,40.90286979675293,-0.0023523999716431,-0.0431196449180568,0.0248163729207698,47.51405220031738,-0.0149295504527528,0
2021-03-19,-0.004480286505202,0.025056848749275,119.26496238708496,-0.0015272400852802,0.0027803709527238,0.021165216325894,101.63884735107422,-0.00215167187402,-0.0026794628915864,0.011108387025764,137.538427734375,0.0005592565270504,-0.0159216662631079,0.0145703112115942,133.17043533325196,-0.0012178300809809,-0.0285829794898712,0.0234089769019217,354.7916122436524,-0.0139923169518775,-0.0016037153037181,0.0173400539473514,222.9745056152344,-0.0045442419438743,0.0026180050626212,0.0658150314008929,224.71949996948243,-0.0106524581439909,-0.0623584811458085,0.0212504572611951,209.3592071533203,-0.0157740985745705,0.0133067566814011,0.0126016051797197,40.80903339385986,-0.0027032622237828,-0.0056326779983971,0.0249170664364848,47.68299655914306,-0.018209078180119,1
2021-03-22,0.0283357274398585,0.0252353292157382,119.1379726409912,-0.0007514665415128,0.0018400365151709,0.0208649876364353,101.58043975830078,-0.0022168468144337,0.0028739439972933,0.0111345126845073,137.47928466796876,0.0001064455662181,-0.0268787291317471,0.0158612425594604,133.23846740722655,-0.0055945115148776,0.0053010739754395,0.0229931570667468,355.6507278442383,-0.0124356591748714,0.0244844931105474,0.0172876404139712,223.04536056518555,0.0011501008119224,0.0231038302993886,0.0634192112365441,223.97783279418945,-0.0101283843253577,0.0053167154636031,0.0209153523005204,209.34381561279295,-0.0137391567402943,0.0047821053106151,0.012679087147988,40.73509140014649,-0.0007178504254737,-0.0102673120810331,0.0238612486409132,47.74901657104492,-0.0151633196910842,0
2021-03-23,-0.0068887186699883,0.0252727821924738,118.97643814086912,-0.0046777554842736,0.0052397183064851,0.020891195725913,101.53387794494628,-0.0040358469639992,-0.0009346088703718,0.0109569999810079,137.47539825439452,-0.0012648969016072,-0.0100019062175717,0.015931311349616,133.18831558227538,-0.0052006345282771,-0.0087331200090585,0.0222891456425739,355.88560791015624,-0.0145070203480545,0.0067376299125836,0.0172864647422042,223.2516990661621,2.7549875841681448e-05,-0.0117014645636592,0.0632862450490819,223.3664993286133,-0.0036939228462087,0.0007212382509931,0.0204817615152808,209.1533592224121,-0.0148758665811662,0.0118607104103238,0.0125451860864264,40.72003440856933,0.0017142162559247,-0.0123412840965378,0.0238809737777602,47.7559871673584,-0.0133924881366021,0
2021-03-24,-0.0199934853924546,0.0256219550309579,118.72051239013672,-0.0073863388867316,-0.0043109308963772,0.0207216719283244,101.40680465698242,-0.0047377458820269,0.0097286724052079,0.0107499655998965,137.4460411071777,0.0014245371926027,0.007761014366509,0.01549698925699,133.07318267822265,-0.0057069295543683,0.0123286553524804,0.0195571742786918,355.5141647338868,-0.0101060940189821,-0.0089233393721104,0.0173921303706978,223.2952667236328,-0.0011934107080358,-0.0481605872781021,0.0623234214735878,221.50399932861328,-0.0206921888238526,-0.000384479701415,0.0187325269605661,208.60699615478515,-0.0134574356825591,-0.0061967119345883,0.0120324262414901,40.72710418701172,0.0021392156334184,0.0202828250904523,0.0233421540161459,47.74122543334961,-0.0102156188007145,1
2021-03-25,0.0041634776724923,0.0244384136775674,118.7010498046875,0.0002273429089411,-3.4461050378853386e-05,0.0193480676017947,101.4477165222168,0.0011029467655247,0.0003706752642371,0.0107470581134842,137.41193389892578,0.001871843980956,0.0128137657676326,0.0154714802551307,133.13292922973633,-0.006445504295657,-0.0035867436352187,0.0178901146467866,355.6977081298828,-0.0046546227612457,-0.0132507022303656,0.0167777776411949,223.4556457519531,0.0014888732233873,0.0160566274015578,0.0599692856839015,220.80683288574215,-0.0036167178156387,-0.000480536700714,0.017905260063142,208.3290054321289,-0.0114371087666682,0.0067612268741175,0.0118901495550044,40.76773357391357,0.0061028174683738,-0.0028400387004808,0.0230305416007599,47.75844841003418,-0.0021596975571993,1
2021-03-26,0.0051414834428042,0.0244603223582667,118.69861755371092,0.0021516968985424,-0.0038033434733103,0.0193635307758997,101.4547046661377,-0.000213796119682,0.0182750696286131,0.0095900287305477,137.69124908447264,0.0060627504849959,0.0166504032296446,0.0144725643715923,133.47832641601562,6.890960289345216e-05,0.0217100298401797,0.0184784592627179,356.2928924560547,0.0054039791047644,0.017818636660259,0.0169225515848934,223.6519287109375,0.0053733436161828,-0.0338543824157676,0.060382879103696,219.86033248901367,-0.0109111953113165,0.0267346672432116,0.0189058672576626,208.3838333129883,0.0063815209111357,0.0083574218621491,0.0113351650862786,40.85729255676269,0.0051129505045234,0.0272338944392878,0.0229376789564825,47.89540863037109,0.0044136169303376,0
2021-03-29,0.001485007459643,0.0209766491750842,118.38722496032716,-0.0032184470975006,0.0104015603861187,0.0187395940320573,101.39555397033692,0.0014985086545074,0.0067303177503759,0.0096185908296492,137.9813591003418,0.0068340252356124,-0.0155393698478086,0.0142242080753739,133.57339935302736,0.0023367814596811,-0.008821900446383,0.017742096136244,356.2933715820312,0.0025793842203999,-0.005243388247605,0.0163881551332142,223.57054290771484,-0.0005722326554476,-0.0119926670211124,0.0583453265714871,218.07466583251957,-0.0179304947754167,0.00458948144164,0.0183754429973985,208.28187103271483,0.0062360741067431,0.0113966085947583,0.0113450593544303,40.9483476638794,0.0064358511613521,-0.0053716255562866,0.0215412680492422,47.936415100097655,0.0053927542352869,0
2021-03-30,-0.0122744490939727,0.0206619392674566,118.13324584960938,-0.0042955931822975,0.000332444156831,0.0187336680955234,101.3509246826172,0.0005170538245766,-0.0062035960953905,0.0097605069177099,138.2399528503418,0.0057802277906087,0.011789305888431,0.01439437794789,133.76834030151366,0.0066950238808817,-0.0129781245819042,0.0179838475567793,356.0696365356445,0.0017303833058308,-0.0144109629650908,0.0164506768130179,223.47383728027344,-0.0048019512309825,0.0398010788512122,0.0585016917054674,217.22766571044923,-0.0076299860924424,-0.0121670766729193,0.0185515331677315,208.09574356079105,0.0036584111219606,-0.0068045509668394,0.0112082851428261,41.04446086883545,0.0027027988859194,-0.0123693731458766,0.02170067345937,47.96183948516845,0.0053871364254191,1
2021-03-31,0.0187655996918805,0.0204404898321639,118.13762550354004,0.0034562238345694,0.007842563202824,0.0178157268036672,101.47757606506347,0.0029477526444169,-0.0039995407553888,0.0087514794567102,138.59093475341797,0.0030345851584893,-0.014565091909202,0.0141867503029115,133.73868560791016,0.0022298026257395,-0.0060026309504803,0.0179645917290698,355.8662384033203,-0.0019358739547613,0.016907472077263,0.0156108388733594,223.86688385009765,0.0003642110588921,0.0508322055844403,0.0585941451513779,217.47316513061523,0.012168572480066,-0.000802289080394,0.0185330387216748,207.94568939208983,0.0035748492461648,0.000663013551315,0.0099905777281714,41.18106250762939,0.0040747439831001,-0.0151703890363409,0.0219114871085139,47.93354530334473,-0.0017035063999394,1
2021-04-01,0.0069587775103936,0.0201314329540539,118.2772659301758,0.0040152838021497,0.0326107546682274,0.0190366836826196,101.7150951385498,0.0094767957881382,-0.0092485500651201,0.0075112299351776,139.01228256225585,0.0011107400926178,0.0097220340401051,0.0138739607395512,133.87605743408204,0.001611456280234,0.0203626035970454,0.0171271424565381,356.5345489501953,0.0028539954916914,0.0279085150262086,0.016586037579622,224.61467819213868,0.0085960545102069,-0.00925245592312,0.0574307726641113,218.1449981689453,0.0071067558151304,0.024229075054893,0.0189675570723219,208.2034812927246,0.0085167715972862,-0.0015461268076424,0.0100153299618012,41.31532325744629,0.0024132732467481,0.0279420834845818,0.0210104806875465,47.87941780090332,0.004452918037073,1
2021-04-05,0.0235772012582224,0.0206439268471329,118.49524040222168,0.0077024273652333,0.0418727103893887,0.020020545735604,102.01714210510254,0.018612006560678,0.0036845056811478,0.0064126201888772,139.3287239074707,-0.0018073726968751,0.0053009950177975,0.0139034104713732,134.0337013244629,-0.0006584253621353,0.0138176748253764,0.0158354466389005,356.89485321044924,0.0012755244887308,0.027728719091548,0.0169970149582033,225.45104217529297,0.0105780709964647,0.0442765912277189,0.0571721049978387,219.6966651916504,0.0227329505438278,0.0100524449947858,0.0186595356467871,208.3780670166016,0.0051803271476011,0.0280928025422146,0.0112930362070585,41.48426246643066,0.0063603493827612,-0.0155079554244654,0.0191352650521713,47.697761154174806,-0.0040954519356775,0
2021-04-06,0.0024621300460758,0.0179051267785888,118.9744915008545,0.0078978518825199,-0.0043714046270525,0.0170222725234104,102.5171085357666,0.0156574135580437,-0.0002447103685718,0.0062746755453161,139.58731689453126,-0.0032023783206647,-0.0070304593613093,0.0137224061095744,134.05674667358397,0.0010433567351644,0.0033935858063081,0.0144424635073691,356.809619140625,0.003718621739269,-0.0048581197167436,0.0163396170749471,226.4310302734375,0.010655124702637,0.0008247761127986,0.0550019298035891,221.8403312683105,0.02529643917061,-0.0017806179085245,0.0179602403415326,208.30015335083007,0.0039063072775681,0.004805740609808,0.0108213859616481,41.68287048339844,0.0050421757857711,-0.0028316673536727,0.0191264696343576,47.5120044708252,-0.0035874602951547,1
2021-04-07,0.0133905808474117,0.01591300207218,119.30583229064942,0.0130308578707968,0.0134751792322798,0.016932049362652,103.00941772460938,0.0182859605731335,0.0013465068697917,0.0062758373721396,139.84245529174805,-0.0016923577276282,0.015667983771517,0.0140218595051752,134.23173294067382,0.0018190923117816,0.0040858971965245,0.0140989552934449,356.5461685180664,0.0071314260949548,0.0082302224807762,0.0154027476377114,227.20276260375977,0.0151833617918104,-0.0298574282089308,0.034428435112866,221.7968307495117,0.0113647377585814,0.0028355558270547,0.0179728495250398,208.2477279663086,0.006906833777563,-0.002141646007182,0.0109045106881655,41.86113967895508,0.0059747567777026,0.0044372302324431,0.0189994455144288,47.375044441223146,-0.0002261396194908,1
2021-04-08,0.0192336361975682,0.0160498931020339,119.8108699798584,0.0131244651719343,0.0050914640183226,0.0168554392188265,103.54030990600586,0.0177357407362332,-0.0039117060942748,0.0061527031468605,140.0073669433594,-0.0016747907954054,0.0012267387742401,0.0131810684132593,134.27114028930663,0.0049774584484701,0.0191559267217131,0.0144365750593781,356.3761047363281,0.0121631376293935,0.0134055048188368,0.0153936551343174,228.1999855041504,0.0144829683401252,0.0191215961343642,0.034612037375413,222.05916442871091,0.0050226158685661,0.0065217713712122,0.0177916254089042,208.12893371582032,0.0083716458678842,-0.0006434960775734,0.0097355135606216,41.98697929382324,0.0057134548519249,-0.0104258852989871,0.0173489042269964,47.13844032287598,0.0007227611279799,1
2021-04-09,0.020251699339522,0.0162211391604566,120.3480209350586,0.01578304953776,0.00899390442027,0.0157068516598408,103.96189727783204,0.0130123706866417,-0.0105541975781094,0.0066902021063576,140.09845733642578,-0.0019359202980033,0.0074777724209842,0.013203232176635,134.39675674438476,0.0045286061246459,0.0061946696215082,0.0144154915835302,356.18970794677733,0.0093295508342861,0.0102664437534201,0.0150092843357272,229.09618911743163,0.0109545540855675,-0.0099151557330349,0.0329805744409603,221.68283157348637,0.0048900759065832,0.0082465946939549,0.017619648848434,207.9543510437012,0.0051751497956966,0.0005010334911437,0.0097212960762814,42.11468486785888,0.0061228869116822,-0.0023214586957022,0.0173447908406237,46.91536808013916,-0.0053299473080768,1
2021-04-12,-0.0132331393339063,0.0164874419615525,120.8447883605957,0.0084209814193343,-0.0114724001662342,0.0147452551696993,104.44417114257811,0.0023433485755171,0.0024188125088224,0.0066828242661713,140.1865264892578,-0.0021890589324683,-0.0021117775333178,0.0129664179026387,134.4280891418457,0.0030460516144228,-0.0006311037260623,0.0143859491705433,356.07255401611326,0.0064397951239983,0.0002345755080246,0.0148629954264911,230.06133499145508,0.0054557253688628,0.0368674123012944,0.0339924775979667,221.82033157348636,0.0034082401212983,-0.0047188003341436,0.0175647648678789,207.81535873413085,0.0022209007299107,0.0001428053899834,0.0093168563826943,42.21183567047119,0.0005328874812359,-0.0066225898857957,0.0169715812205736,46.65005950927734,-0.0035528742003429,1
2021-04-13,0.0243065026869357,0.0164777443861798,121.35274505615234,0.0127898559475063,0.0043703302828213,0.0147339638818446,104.93975105285644,0.0040916955574918,-0.0133630981080825,0.007283324521402,140.14594497680665,-0.0048127364803705,-0.0119269720956785,0.013206103138521,134.41184463500977,0.002066749067549,-0.0045017942552018,0.0144097452368665,355.9184967041016,0.0048607191116963,0.0100817658259921,0.0147870664326672,231.19499893188475,0.0084437024774099,0.085956903647848,0.0387699742005277,222.72666549682617,0.0204346656283081,-0.0020319722077714,0.0175391916326065,207.7071434020996,0.0021706298700613,-0.003075571369943,0.0092407030480058,42.31299247741699,-0.0010433749147142,0.0037836334262131,0.0163963899015196,46.45815105438233,-0.0022298140443657,0
2021-04-14,-0.0178530144502406,0.0170511612176473,121.66705741882323,0.0065411368879758,-0.0055535172856554,0.0147247172498047,105.33132858276367,0.0002859562539048,0.0027592601991233,0.0071753674719813,140.08334732055664,-0.0045301858145042,-0.0186899991331703,0.0136050944866375,134.3503791809082,-0.0048048475133884,0.0005022763898387,0.0144039677700474,355.7436294555664,0.0041439949503592,-0.0112190396736312,0.0150995512200035,232.05099182128907,0.0045538500465285,-0.039471667046475,0.0384928874510034,223.64916534423827,0.0185118178607993,0.0043434467259755,0.0175033884002731,207.57632293701167,0.0024722080498455,-0.0003587666966445,0.0092416316972086,42.413990592956544,-0.0006867990526067,0.0288997394436349,0.0174097675080646,46.384749794006346,0.0026626877978725,1
2021-04-15,0.0187079451284282,0.0172710689433835,122.140958404541,0.0064359986741478,0.0193318297053795,0.0150801443373713,105.83444290161133,0.0031340293913162,0.0029388694381227,0.0071690436065715,140.06694412231445,-0.0031600707080247,0.0063485410696986,0.0134702855946509,134.26212005615236,-0.0037804870542967,0.0215954438326801,0.0150251151711788,356.1440689086914,0.0046318983725526,0.0152978332569222,0.0152282044464741,233.12624740600583,0.0049323157341455,0.0090409312239807,0.0377643341439083,224.2664993286133,0.0164956848787226,0.019371119124854,0.0179604569255631,207.7331115722656,0.0050420776005738,0.0060293206072972,0.0089145459590972,42.54528865814209,0.0006477642843673,-0.0059316588057466,0.0173821433082899,46.28674507141113,0.0035615330965206,1
2021-04-16,-0.0025280175790722,0.0149206877645118,122.80412521362304,0.0018800552904289,-0.0010941071598542,0.0128944144728077,106.48222312927246,0.0011164270752913,0.0115341575459262,0.0076074870798943,140.14335556030272,0.0012576003167824,0.0074259295727048,0.0130095569915968,134.11178741455078,-0.0037908556239526,-0.0008277055058825,0.0130227938823018,357.0946411132812,0.0032274233470744,0.0047785592949554,0.0133306660490611,234.5634338378906,0.0038347388424526,0.0012587029151958,0.0337056322579772,225.71016616821288,0.0187304566083687,0.0005747122407817,0.0177577383382501,208.00966110229493,0.0035077011099392,0.0032107007631607,0.0080597364945482,42.71038417816162,0.0011896977387707,-0.0056158725234896,0.0144835919769826,46.28059463500976,0.0029026503309632,0
2021-04-19,0.0050686155383934,0.0147369612689703,123.52665176391602,0.0055404062648888,0.0030709286878676,0.0128905490834002,107.13344802856446,0.0040250928461117,0.0027738648231894,0.0075823487738494,140.25775756835938,0.0013286107796558,-0.0042400830454537,0.01255997064131,134.0424057006836,-0.0042165167263798,-0.0103841053860258,0.0112359299736958,358.3587936401367,0.0012768230150817,-0.0076706850112467,0.0135846452799149,235.9225830078125,0.0022536867385983,-0.0339965846863086,0.0349160850367775,226.7061668395996,0.0045576572108481,-0.0027383692872168,0.009626766136728,208.91818237304688,0.0039037873193246,-0.0064007632178335,0.0080612142927729,42.834517097473146,-0.0001190159827926,-0.0031769174156627,0.0144439809523359,46.28018455505371,0.0035917848249898,0
2021-04-20,-0.0128299830425179,0.0143151336661027,123.99957847595216,-0.0018868908810018,-0.0046946819667267,0.0130879606865077,107.74879264831544,0.0022120903962021,0.0232955386698185,0.0090938203382112,140.51591873168945,0.008660338135236,-0.0221422259531534,0.0120703264520035,134.0066062927246,-0.0062595674978748,-0.014470469109353,0.0119268394604704,359.26329498291017,-0.0007169119557484,-0.0018549043051447,0.0129516859167025,236.98874435424804,-0.000133647287629,0.0061010172675219,0.0346567608842003,227.52266693115237,-0.011413520065217,-0.0111166191876094,0.010228832614796,209.6530776977539,0.002086857923357,0.0077302560503782,0.0081227798677294,42.9656587600708,0.0020421495012716,-0.021069282821167,0.0150412320011024,46.254761123657225,-0.0013787984244862,1
2021-04-21,0.0029299690051405,0.0140924554588951,124.53283767700196,0.0022697058100743,-0.0002897102471981,0.0131600662470079,108.33613433837893,0.0032648518038935,0.0006609165721804,0.0090749022460745,140.78530578613282,0.0082406694098474,0.0085081300453049,0.0119888177714316,134.09237060546874,-0.0008199416621797,0.017178419256207,0.0120366087968124,360.63307189941406,0.0026183166175251,0.0089829160763934,0.0129809040670083,238.08984985351563,0.0039067438623759,0.0349517934398941,0.0351046196723343,228.88866653442383,0.0034711720320568,0.0186759693178475,0.0107381059152346,210.5813133239746,0.0049533624417314,0.0029119890917399,0.0078580714827068,43.07873306274414,0.0026963006589485,0.0128414194941097,0.015047516132796,46.28674621582032,-0.0045904624143912,0
2021-04-22,-0.0116854025494675,0.0134434868246118,125.10939979553224,-0.0038089637255047,-0.0113371762652804,0.0135269132977211,108.88127517700195,-0.0028689493902383,-0.0084643499368852,0.009165466726274,140.92647247314454,0.0059600255348458,-0.021057204137594,0.0128025160447328,133.98849029541014,-0.0063010907036382,0.0006789495332253,0.0118885321326056,361.8033447265625,-0.0015649822423658,-0.0130860247085606,0.0132417638057557,239.12919998168945,-0.0017700277307206,-0.0328306967669932,0.0339999142795977,230.37900009155277,-0.0049031535661379,0.0005277478772567,0.0107181957449917,211.51917114257813,0.0011846881922119,-0.0108357378396191,0.0081948738037955,43.1809045791626,-0.0006767110304347,-0.0130357684382121,0.0146161808909729,46.24286937713623,-0.0060112843408843,1
2021-04-23,0.0180385260035609,0.0137630194795697,125.77743377685547,0.0003043449910218,0.0210474505626772,0.0139104730243306,109.54407234191896,0.0015593621542679,0.0020588041453828,0.0091667520360753,141.07972946166993,0.0040649548547372,0.0191353290244431,0.0132252532110487,133.92414627075195,-0.0039592108132906,0.0096516171020897,0.0118520183227662,363.2154876708984,0.0005308822792286,0.0154760105476958,0.0127641151133415,240.50845642089843,0.0003694625198274,0.0134919082134512,0.0339695589291214,231.8625,-0.0024565125064868,0.0106779290154443,0.0107333310442961,212.57870788574215,0.0032053315471444,0.001646712230878,0.008132487334683,43.272640991210935,-0.0009895087368912,0.0054276594007813,0.0146739640768381,46.217855072021486,-0.0038025779560301,1
2021-04-26,0.0029779384596742,0.0137744479961201,126.43476295471191,-0.0001137904247219,0.0043480938184805,0.0137172132700926,110.25080604553224,0.0018147951803904,-0.0084582087995309,0.0084557735520257,141.04476089477538,0.0018185401301931,0.0024636297609716,0.0126295165199001,133.7652618408203,-0.0026184682520055,0.001059187239863,0.0111024330733001,364.270736694336,0.0028195408044064,0.001531753168116,0.0124827360690714,241.70866470336915,0.0022099501556999,0.0120647150060257,0.0325815684514285,233.85400009155276,0.0067557474319799,0.0014783740464969,0.0094649197227772,213.38718872070316,0.0040486802138872,-0.0142243506197647,0.0087726837015098,43.31593971252441,-0.0025542262172775,0.0019797498343514,0.0131771078643854,46.13461284637451,-0.0027712445060273,0
2021-04-27,-0.0024495134843709,0.0138609415119866,127.06727828979491,0.0019623034869074,-0.0082037002654127,0.0140789943440603,110.85839309692383,0.0011129915206532,-0.0057276461249148,0.008375907104224,140.92128982543946,-0.0039860968287535,0.0045825835948105,0.012214351442885,133.74174575805665,0.0027264936575872,0.0041290342492901,0.0107516629638544,365.5599822998047,0.006539441476135,0.0016058779666789,0.0122755623912855,242.9883430480957,0.0029021066100647,-0.0453264790736829,0.0345260955192151,235.41149978637696,-0.0035297518362609,-0.0018668125939708,0.0095476942672324,214.12785568237305,0.0058986415326149,0.0034079144279417,0.0084530778018154,43.34257259368896,-0.0034186945417648,0.0131105199598748,0.0135493934892277,46.094016456604,0.004064716050181,1
2021-04-28,-0.006027333198218,0.0135126622967734,127.73287811279296,0.0001708430462357,0.0297078329061899,0.0149851435742743,111.63294944763184,0.0071125001513309,-0.0073538577537214,0.0084185496983971,140.7904815673828,-0.0055890516939339,0.0064795601212339,0.0119979858219495,133.68272247314454,0.002320779672773,0.0169124325594032,0.0103975029789338,367.39636077880857,0.0064862441367743,-0.0282856249834989,0.013760307577623,244.07556915283203,-0.0045516016019137,-0.0146720943042283,0.0340048818355615,236.39116592407223,-0.0134545293850854,0.0153973214639939,0.0091457482246937,215.16430587768556,0.0052429119618442,-0.0035405901921722,0.0083321118985618,43.376058959960936,-0.0047092103985472,0.0301365724358171,0.014902418894609,46.15224475860596,0.0075237466385225,1
2021-04-29,-0.0007488143870029,0.0132056648997623,128.28413772583008,0.0023581606787286,0.0142938796439986,0.0150680627881392,112.45129318237304,0.0122387113331867,0.0137053482148887,0.008986381839865,140.78400344848632,-0.0011551120635791,0.0194441220126568,0.0122869907498123,133.85167083740234,0.0104210449028232,-0.016934213511227,0.0112629038431208,369.01201171875,0.0029636115278838,-0.008053231875846,0.0137337360687393,244.8769844055176,-0.0035450430353708,-0.0250575517197484,0.0328322352742761,236.54233322143557,-0.0118999003756365,0.01460691396963,0.0092885769714323,216.3729362487793,0.0080587451803189,0.0126186044285143,0.0087392728268401,43.43524379730225,-1.8341944920563517e-05,0.0142830728149434,0.0146376762556907,46.27977313995361,0.0129875148891536,0
2021-04-30,-0.0151329451398137,0.0138974025573279,128.69575958251954,-0.0042761335499462,-0.0164077727055885,0.0147624084411358,113.0056770324707,0.0047476666795335,-0.0089523063505968,0.0089705784343638,140.77968521118163,-0.003357334162775,-0.0088919560768031,0.0123227265392215,133.89554138183593,0.0048155878825739,-0.0177143866462197,0.0116602294690123,369.9424865722656,-0.002509589221778,-0.001306788763207,0.0125022343613266,245.3475898742676,-0.0069016028975513,0.047917239575582,0.0343307506630874,237.337166595459,-0.0050148341032103,-0.0139323029246852,0.0091933505498341,217.176123046875,0.0031366987922929,0.002005106874424,0.0087119438391599,43.502060127258304,5.333698378862106e-05,-0.0288427262516079,0.0150098217543759,46.27362213134766,0.0061334377586757,1
2021-05-03,0.0082152029384023,0.013128087082082,129.01882820129396,-0.0032286806542006,-0.0044274938281367,0.0120804980068116,113.31324996948244,0.00299254915021,0.015240019639318,0.009571864198508,140.85653076171874,0.0013823115249947,-0.0029260122682875,0.0122877270061721,133.88413467407227,0.0037376594767221,-0.0069623390045594,0.0115374035252532,370.5008804321289,-0.0041138944706625,-0.0012690023319917,0.0109549696323308,245.4811569213867,-0.0074617539975729,-0.0345906327113005,0.0339932830062917,237.2346664428711,-0.0143459036466756,-0.0040673871632184,0.0092264896043134,217.82877426147465,0.0020275465503499,0.0157960595717296,0.007011326730245,43.54395771026611,0.0060574190220875,0.0276028788885811,0.0157466354236168,46.36875553131104,0.0112580635695217,0
2021-05-04,-0.0353856077201522,0.015644057742628,129.09862251281737,-0.0098158995013569,-0.0154709616754717,0.0126676853988797,113.55503196716307,0.0015390968681982,0.0154952884935266,0.0101307993926572,141.04561920166014,0.005626898448683,0.013823699520294,0.0125430492681991,134.01310501098632,0.0055858826618188,-0.009198675243448,0.0117758188609329,370.82952880859375,-0.0067794363692102,-0.0161597316048603,0.0115285745169198,245.4778045654297,-0.0110148759118808,-0.0164987408992819,0.0341937975783337,236.93433380126956,-0.0085803560117954,-0.0024935263040634,0.0092474884972462,218.4722877502441,0.0019022038083313,-0.0098509170102335,0.0073482021629896,43.55361385345459,0.0034056527344524,0.0062905276742728,0.0157274132244992,46.48562202453613,0.0098940651124013,1
2021-05-05,0.00195550802244,0.0153647023721294,129.10835304260254,-0.0082193312572252,0.0034418704470808,0.0123950244535297,113.74271774291992,-0.0037140956236235,-0.0041720187173069,0.0102064033834738,141.19499282836915,0.0062632662559659,0.0131207691987602,0.0123986942578384,134.12672271728516,0.006914124477324,-0.0180094138405373,0.0124838644334065,370.7568054199219,-0.0137638056491983,-0.0053269808480026,0.0114202962784565,245.3135986328125,-0.0064231470847815,-0.0039489590803736,0.0335180085340391,236.9338340759277,-0.0064357289670245,-0.0121533407347106,0.0098504751256372,218.95035705566409,-0.0036079286314095,-0.0008526753188523,0.0073317890058982,43.56607437133789,0.0039432357091164,0.0300726242390312,0.0168879102301528,46.66522789001465,0.0098812754730441,1
2021-05-06,0.0128024668871007,0.0150083508616977,129.07818717956542,-0.0055090750024045,0.0097547055236628,0.0125048139099476,113.95810775756836,-0.0046219304476906,0.0040102013615919,0.0101554174899041,141.40091934204102,0.0043242368853065,0.0201246691405287,0.0131236101968438,134.37106475830078,0.0070502339028984,0.0171748737279551,0.0123297046414757,370.64723205566406,-0.0069419882013618,0.0132266757498511,0.011408794312514,245.1450813293457,-0.0021671655596421,-0.0110293385207849,0.0333149143604907,236.5961669921875,-0.0036300863272318,0.0092051900307559,0.0099294635968921,219.4611259460449,-0.0046882734191843,0.0071401732273941,0.0074834785764852,43.59557189941406,0.0028475494688923,0.0095128063522567,0.0165854208701739,46.89281063079834,0.0089272221805067,1
2021-05-07,0.0053271055654875,0.0142956775310077,128.95319900512695,-0.0014170648613442,0.0062377242758582,0.0124383490669942,114.15947113037107,-9.283105140132088e-05,0.0045306610057724,0.0097663611092531,141.71390914916992,0.0070208303565804,0.0034226381815891,0.0130632308978117,134.5886489868164,0.0095131527545769,-0.0002130568120768,0.0122369351018469,370.4203247070312,-0.0034417222345333,0.0109318110679903,0.0114431822330313,244.98278884887696,0.0002805544065973,0.0133074609534211,0.0333918675682712,236.5186668395996,-0.0105520420516639,0.0034585202501014,0.0098383663558322,219.92283782958984,-0.001210108784227,-0.0060261672699232,0.0076334408070742,43.61068859100342,0.0012412946400229,0.0142973392534588,0.0166226236245525,47.16180953979492,0.0175552352815201,0
2021-05-10,-0.0258042585421054,0.0151201310491513,128.75008697509764,-0.0082209571574458,-0.0255873558364334,0.0135809637663466,114.27626037597656,-0.0043248034530606,0.0105046339870749,0.0099396924373781,142.086474609375,0.0060737532261317,-0.0001243664779165,0.0130406916508518,134.81983108520507,0.0100734819126511,-0.0241341192574318,0.0133254322364445,369.7657699584961,-0.0068760782851077,-0.0209142742004514,0.012306210139313,244.5648460388184,-0.0036484999670945,-0.0644437313978407,0.0351700586924944,235.3029998779297,-0.016522661788972,-0.0264948029687794,0.0116735003875464,220.13926696777344,-0.0056955919453392,0.0044221939741015,0.0076864208398524,43.63518867492676,-0.0010334784795026,0.0024028086262395,0.0163914673794992,47.45213203430176,0.0125152212290518,0
2021-05-11,-0.0074102087186678,0.0138830477890768,128.34595375061036,-0.0026258773571489,-0.0094644360711093,0.0137582429161982,114.31499214172364,-0.0031234983321881,-0.0081637113972593,0.009559534319111,142.49228057861328,0.0013419532479745,-0.0166231671462508,0.0133386816631919,135.01504287719726,0.0039841085793421,0.0034664692208683,0.0133570726067699,369.255696105957,-0.0043430493922445,-0.0038433339187433,0.0119968630599978,243.97790603637696,-0.0011852204298711,-0.0188222787642885,0.0279981161961593,232.88433303833008,-0.0169873693619733,-0.0021685517386426,0.0116754510106447,220.35377197265623,-0.005630597032255,-0.0090185422725977,0.0079459831873449,43.64652767181396,-0.0008670035319755,-0.031799214555803,0.0184619811837787,47.65224189758301,0.0048972727830366,0
2021-05-12,-0.024938580872367,0.014361722487034,127.90555458068847,-0.0080046951361103,-0.0307524474264945,0.015392324679444,114.21175804138184,-0.0099623619069032,-0.004026347271301,0.0096847891944098,142.8497344970703,0.0013710875371757,-0.006875360639948,0.0126403726118677,135.2887741088867,-1.511738839952148e-05,-0.0298954328883236,0.0147907273741407,368.2035629272461,-0.0067202532018017,-0.0293627935755114,0.013315709157387,243.1836708068848,-0.0059923829753729,-0.0442482129268541,0.0282805451632032,230.5120002746582,-0.0250472201312694,-0.0215096277639808,0.012681142435784,220.28884506225583,-0.0075018544381091,-0.0258690830083361,0.0098702079113997,43.60219841003418,-0.0058702850698722,0.0053583485302521,0.0175432950039049,47.79964504241944,-4.558235871914285e-05,1
2021-05-13,0.0179198853661846,0.0142986847201175,127.45220108032228,-0.0069812114402936,0.0130850305898324,0.0150206740994495,114.07246894836426,-0.0092962968936693,0.010463794367896,0.0098446617262582,143.26287994384765,0.0026618061384366,0.0257228876935173,0.0136825384927818,135.69806060791015,0.0011045263221981,0.0095336965705203,0.0139645647085345,366.920149230957,-0.0082484886332887,0.0168620153670024,0.0134345392179783,242.39518280029296,-0.0052653150519426,-0.0308532039808964,0.0282465357905098,227.72600021362305,-0.0290119932232917,0.0155689815334085,0.0123971761864544,220.18231506347652,-0.0062290961375785,0.016919625787823,0.0105542305088375,43.58075008392334,-0.0039143945577865,-0.0123252769888608,0.0177750279208055,47.930203437805176,-0.0044131990269426,1
2021-05-14,0.0198446059422521,0.0152227936454299,127.13625946044922,-0.0040777113649407,0.0221349085069497,0.0158967032171797,114.06164054870604,-0.006116860047451,0.0015296599727363,0.0096373991745914,143.6073844909668,0.0020616059318293,0.0155414580133377,0.013936541956849,136.16788177490236,0.0035282902885479,0.0108049588106127,0.0143172445589214,365.84085540771486,-0.0060448855087507,0.0210672965561762,0.0144017561076824,241.7924446105957,-0.0032382179543055,0.0315730329971135,0.029787175885229,225.225333404541,-0.0253588788145532,0.0143023323565005,0.0128276083621338,220.2236587524414,-0.0040603337162987,0.0092589471507,0.0107492043440475,43.57230644226074,-0.0008573716736618,0.0247892436118251,0.0183032129841139,48.13504047393799,-0.0023148181552694,0
2021-05-17,-0.009258473407874,0.0151915601840617,126.72972221374512,-0.0007685543380944,0.0046261058773395,0.0159161816456878,114.05955924987794,-7.41677046964151e-05,0.0009985588484742,0.0096424095471769,143.93979873657227,0.0001603909041092,0.0040239637235646,0.013817780252942,136.69516830444337,0.0043579563288441,-0.0016762302797772,0.0142085859077268,364.9264144897461,-0.0015533077132198,-0.0119686398619003,0.0145165838686924,241.143270111084,-0.0014490910865952,-0.0218909829468402,0.0294126229684635,222.9286666870117,-0.0168483291243531,-0.0022030558142374,0.0128215624969308,220.2707405090332,0.0007980157146096,-0.004515528243013,0.010699546389629,43.56802959442139,-0.0026449161170847,0.0233668327871217,0.0186838351875802,48.40633563995361,0.001877986676907,0
2021-05-18,-0.0112456799417576,0.0151421104460973,126.33815078735353,-0.0015356485827123,-0.0115556573046375,0.0160979115552461,114.01857223510744,-0.000492411951402,0.0003522273870484,0.0082904585735871,144.11118850708007,0.0018635786609707,-0.0140884208098244,0.0131189524280004,137.26895751953126,0.0048649055961294,-0.0006330526234088,0.0139255589490893,364.2689498901367,-0.0023732120820753,-0.0085651653247529,0.0145761870934073,240.41653594970705,-0.0023934573677971,0.0018029458511532,0.0293024365532046,220.57666702270507,-0.0127232842012647,-0.0038422970258521,0.0125817497876673,220.3966361999512,0.0004632666571677,0.021743815824281,0.0116519048396263,43.59415302276612,0.003507555502291,-0.0283004596986327,0.0192896752511601,48.65320549011231,0.002577737648341,0
2021-05-19,-0.0012817239208678,0.015084421808045,125.91980438232422,0.0031957228075874,0.0039912221553755,0.0161256660469775,114.00159797668456,0.0064563219649719,-0.0021707856850696,0.0083244681307415,144.26185455322266,0.002234690978217,-0.0076377567018243,0.0133406518515426,137.73263931274414,0.0047124263837541,-0.0057565575626284,0.0132117791708493,363.1964508056641,0.0024545629830637,0.0024741665971186,0.0143675466745709,239.6075294494629,0.0039739346667288,-0.0249363838658884,0.0274174397730785,217.56566772460937,-0.0088609183890716,-0.0043445323413032,0.0118801171821303,220.27477493286133,0.0038962857417032,7.057162413848239e-05,0.0116402780426677,43.614047622680665,0.0086954864287859,-0.0239946213811479,0.0202711916034805,48.81063632965088,-0.0032928563339389,1
2021-05-20,0.0210119085581024,0.0158694575884191,125.7050510406494,0.003814127445971,0.0156064170896852,0.0162559881658117,114.13647727966308,0.0069605992649425,0.0058208899082892,0.008072377838264,144.5161346435547,0.0013061100862957,-0.0017381096931703,0.0121131980708613,138.32309494018554,-0.0007797730935833,0.0186159194528079,0.0140487895863224,362.4371627807617,0.0042710075595212,0.0138203916092622,0.0146547336611551,239.12300186157228,0.0033656099151807,0.0413871280233637,0.0295925217322709,215.3505012512207,0.0055871480117803,0.0082374373702265,0.0120389886194592,220.23624801635745,0.0024299769090668,0.0035230891309145,0.0113423553955921,43.66559009552002,0.0060161790974042,-0.0023736078684136,0.0199506385045856,48.992177391052245,-0.0013025225098495,0
2021-05-21,-0.0147669328564454,0.0154241532412258,125.28287315368652,-0.0031081803137685,-0.0055570740154907,0.0156333518114807,114.12210578918456,0.0014222027604543,-0.000643079973942,0.008090130415628,144.75098419189453,0.00087156209696,0.0113784279729753,0.0117365424455335,138.87012252807617,-0.0016123791016558,-0.0002718276256806,0.0137888646349061,361.4936294555664,0.0020556502722625,-0.0053149590934443,0.0140833277467327,238.3850746154785,-0.0019108412147433,-0.0100549171289251,0.0290836772066964,212.8751678466797,-0.0027384420134273,0.0014573265231956,0.0117779592452603,220.09674530029295,-0.0001390242575941,-0.0047043432672561,0.0114188034761566,43.70307426452637,0.003223521013813,0.0013595633190766,0.0199565878707838,49.16474533081055,-0.0059884585683992,1
2021-05-24,0.0133142201892109,0.0158110636123807,124.92262535095216,0.0014063584056484,0.0291658552905902,0.0169287537411439,114.24875869750976,0.0063301526431045,0.0038256093576092,0.0077411656345635,145.07450790405272,0.001436972198787,0.0054101348155257,0.0117339266571386,139.43952255249025,-0.0013351448832635,0.0130034170044104,0.0142028959283247,360.7619827270508,0.0049915797291,0.0228821361813951,0.015204854465555,237.8971923828125,0.0050593139939157,0.0440022264046771,0.0312108673385816,210.6791679382324,0.010440199856876,0.0112446134403936,0.0120662014336378,220.06370697021484,0.002550509593332,7.047916191926795e-05,0.0108547418020023,43.77170867919922,0.0041407224947994,0.011710964379312,0.0200271864483404,49.361508750915526,-0.0083196322499611,0
2021-05-25,-0.0015735311758943,0.0158130158295434,124.56868629455566,0.0033407881588211,0.0007749074723966,0.0167838209250621,114.42690391540528,0.0087962655985113,-0.0027553968221439,0.0076070511201921,145.41819915771484,0.0008154473569485,-0.0103340011534333,0.0121746814193064,139.90451889038087,-0.0005842609519853,-0.0138569009586068,0.0143702922528915,359.7025772094727,0.0023468100620604,0.0037482416644578,0.0152381779364076,237.43430709838867,0.0075219953917579,-0.0028856683829658,0.0300552555945623,209.01166839599608,0.0095024770100522,-0.0013079215492974,0.0120624918079515,220.03690338134768,0.003057384688643,0.0040915476141818,0.0108617094901226,43.84209232330322,0.0006102688527796,-0.0226473580710004,0.0207841448507473,49.47217311859131,-0.0071890119244346,1
2021-05-26,-0.000394002769615,0.0158000292158742,124.25172157287598,0.0035183323890716,0.0073808406952804,0.0155161131436616,114.47961120605468,0.0094741893064923,-0.0059387625201311,0.0075174902270343,145.7698181152344,6.185198993624574e-05,-0.000123682874102,0.0121780961694858,140.32564544677734,0.000918553813559,-0.0124449967326912,0.0137375857503958,358.10254821777346,0.0010091222280479,-0.0009134751095719,0.0139017554236143,237.31513595581052,0.0068444670504197,0.0238799575007826,0.0307781936405262,207.7571685791016,0.0192657452833864,-0.0085148026041632,0.0116278285980094,219.74591827392575,0.002223330636071,-0.0011942934437951,0.0108151068789914,43.91744880676269,0.0003572958391928,0.011671689976445,0.0198846508643638,49.54141712188721,-5.574965291608169e-05,0
2021-05-27,-0.0123767978371407,0.0159501700191292,123.86310577392578,-0.0031594088899769,-0.0074065690584115,0.015262095047752,114.4050724029541,0.0048715920768729,-0.0015378393772269,0.0070797726322513,146.0143035888672,-0.0014098938671669,0.0155722136717755,0.0119334610393596,140.72747344970702,0.0043806184865482,-0.0017923515515243,0.0134155157510741,356.7958587646484,-0.0030725319728185,-0.0086686252286802,0.013920256777878,237.18949813842767,0.0023466636828312,0.0189298401542437,0.0308612737229564,206.98800201416012,0.0147742877095624,-0.0009247216836073,0.0110157791704474,219.2808158874512,0.0003908988253042,-0.0033761800199195,0.0105599273261708,43.95819988250732,-0.0010225579909739,-0.0064471450779934,0.0197296187157412,49.56081752777099,-0.000870457094832,0
2021-05-28,-0.0053480830350461,0.0157052857951167,123.54011573791504,-0.001275638925697,-0.0024675582419194,0.0148100190373494,114.41337356567382,0.0054894952315872,0.0026065137979391,0.0066194881364512,146.34136276245118,-0.0007599751127907,-0.0006693259808007,0.0116425080699461,141.18501052856445,0.001971067695793,-0.0039227993641522,0.0129941476995601,355.75438385009767,-0.0038027263205128,0.0014843492510843,0.0139249948829811,237.0974151611328,0.003706525351737,-0.0089245228021594,0.0284410334980083,205.58433532714844,0.0150003665749156,0.0019394816374511,0.0106793213211216,218.9956199645996,0.0004873298481553,0.0023995442656599,0.0105623073235973,43.99990653991699,0.0003982195156092,-0.0032445293827473,0.0185128642627712,49.64202308654785,-0.0017912756351968,1
2021-06-01,-0.0026484081191635,0.0155028503843277,123.14849548339843,-0.0044681645873719,0.0103231240774877,0.0149354827399177,114.5077865600586,0.0017209489889667,-0.0219791087070713,0.0078980059171915,146.39976196289064,-0.0059209187257268,0.0110206195173812,0.0116644660986143,141.74169158935547,0.0030931646361641,-0.0021907668181347,0.0129576185284902,354.80358123779297,-0.0068415630850219,-0.009131822256462,0.0140643718662395,236.91124572753907,-0.0026962663358344,-0.0021112685996239,0.0276331300513551,204.56766815185543,0.0057776675740554,-0.0029476687402371,0.0106665939455955,218.7238426208496,-0.0023511265879708,-0.0026049926434787,0.0099917838565469,44.001406860351565,-0.0001368748454703,0.0358059968189763,0.0191915307776085,49.74539051055908,0.003027730852736,1
2021-06-02,0.0062762846223942,0.0136071464037813,123.02308349609376,-0.0028982014277142,-0.0044473990476684,0.0144959654292311,114.66578483581544,0.0006764876849537,0.0040475610707129,0.0071264356131067,146.37674942016602,-0.0045603271471554,6.001537776234578e-05,0.0114615740042543,142.205810546875,0.0051719679424032,0.0196226889741213,0.0137594582766738,354.3643035888672,-0.0001456450984762,-0.0004042378782462,0.0135849787557618,236.9151252746582,-0.0035267622443752,-0.0301009523377681,0.0281127011177904,203.42633438110352,0.0003346107830949,0.0133698441786587,0.0111425349691827,218.6259017944336,0.0005844265576204,-0.0021885666851515,0.0097344909255116,44.01986465454102,-0.001392897705337,0.0079392624432772,0.019213214519581,49.85355529785157,0.0091450549555915,0
2021-06-03,-0.0121539616973338,0.0138138736864387,122.81142730712892,-0.005250193213258,-0.0097064492791221,0.0146982917962216,114.74708862304688,-0.0027409703099267,-0.0009628997230606,0.0070666285255181,146.377001953125,-0.0035651545877413,0.000662224189333,0.0112395216265484,142.58526306152345,0.0053291493550902,-0.0137114875110535,0.0135132999197851,354.00938415527344,-0.0003989432541487,-0.0064294028715066,0.0136103881525618,236.90590209960936,-0.0046299477967621,-0.0533447643128309,0.0301167834391076,201.7913345336914,-0.0151103335796277,-0.0067490496001211,0.0109050289252713,218.58893127441405,0.0009375771584288,0.0017686912564949,0.0097334703192091,44.04410037994385,-0.000800300765279,0.0039382130572662,0.0180846526485253,49.89871406555176,0.0075983595717558,1
2021-06-04,0.0190219037185206,0.0142200280563389,122.63450889587402,0.0010295470978742,0.0195904543748421,0.0151703997040935,114.88640365600584,0.0026584343767239,-0.0004216217714227,0.0070043167529979,146.3452896118164,-0.0033419110665805,0.0016254207856465,0.0104679357685714,142.83750228881837,0.0025397907778644,0.0116082102907402,0.0131741904591304,353.5507125854492,0.0022811691143041,0.0206748440016868,0.0140836054846493,236.9843734741211,0.0012387460493112,0.0457544705755155,0.0323539097532707,200.71650161743165,-0.0097454074953734,0.0088992389441073,0.0108914782938788,218.548258972168,0.0029023692839718,0.0017655685109065,0.009616764327251,44.056609344482425,0.0002280489408862,0.0044131473904451,0.0179947953671284,49.93132228851319,0.0097704180654435,1
2021-06-07,7.958198567248331e-05,0.0141390245531578,122.4244514465332,0.0021150801020179,0.0036471385128,0.0151370311906518,115.01122207641602,0.0038813737276678,-0.0068081589547496,0.0070602673319708,146.23168334960937,-0.0052248456171182,-0.004686739646973,0.0105588968768038,143.03139572143556,0.00173630804463,-0.0053003762952479,0.0132033704412743,353.00185546875,0.002005653728085,0.0120418865759663,0.0141293204319499,237.0770614624024,0.0033502535142876,0.0101494316983057,0.0322695149782081,199.5958351135254,-0.0059306165952803,0.0051272157675941,0.0109267212225058,218.52594299316405,0.0035399161100003,-0.0066970777529367,0.0096412304063737,44.06755485534668,-0.0015912754628331,-0.0065093885857064,0.0177732495344924,49.91120376586914,0.0091174462248517,1
2021-06-08,0.0066717968095384,0.0130329552634485,122.41908950805664,0.0039791210877583,-0.0016068221792854,0.0137964742358382,115.27560195922852,0.0014953844763132,-0.0087967287927269,0.0067514425953209,145.97867279052736,-0.0025883696342494,-0.0039837789039453,0.0106234034780383,143.1972183227539,-0.0012645716396352,0.0032409447128232,0.0121005206642997,352.9494873046875,0.0030919960342766,-0.0048854560147337,0.0132812523980199,237.36302642822267,0.0041995267626333,-0.0025449217418787,0.0290515977575649,199.17166900634768,-0.0060173472237313,0.0031558337215411,0.0089884422909987,218.8345718383789,0.004760616602356,-0.0075941218148462,0.0097442468205434,44.0520751953125,-0.0025891012971065,0.0176905561103468,0.018216309901691,49.929866027832034,0.0054943580831258,1
2021-06-09,0.0030773857752657,0.0129281009572731,122.47854919433594,0.0033393413183326,0.0039610376231822,0.0135141801675106,115.61727256774904,0.0031770718104833,0.0134648882601846,0.0073701832202054,145.88124084472656,-0.000704904196355,-0.0124852682793761,0.010292910551747,143.39023513793944,-0.0037736283710629,-0.0052838348823569,0.0121237946869069,352.7419708251953,-0.001889308737019,0.0040382587386385,0.0132381442221387,237.7434135437012,0.0050880260860102,-0.007968981371759,0.0288145827660791,198.8646690368652,-0.0015909530305294,0.0011203099733596,0.0089489569833687,219.1792900085449,0.0023107097612962,-0.0053637519761305,0.0096055697605931,44.04472599029541,-0.0032241383553023,0.0083694617583516,0.0166088789985105,50.0517635345459,0.0055803979461406,1
2021-06-10,-0.0080234097385798,0.0116635241790982,122.64133262634276,0.0041654517100834,0.0112918605227281,0.011021176112572,116.19931182861328,0.0073767337708534,0.0089980749547906,0.0076267756523601,145.87788925170898,0.0012872907392151,-0.0155882370835495,0.0108327066390919,143.51964721679687,-0.0070237206256394,0.0026697232234478,0.009964864028686,353.11433563232424,0.0013869334098812,0.0143934017582161,0.0113151663103819,238.64507751464845,0.0092525870119548,0.0189385017402556,0.0272589010640334,199.20183563232425,0.0128657001800878,0.0070596277944614,0.0071683140200303,219.8362609863281,0.0050724452402127,0.0057520133406152,0.0075213617323555,44.1063325881958,-0.0024274739384783,0.0015961585647277,0.0165964425806903,50.16450824737549,0.0051119870476329,1
2021-06-11,0.0098328274108157,0.0111915677852166,122.75732765197752,0.0023276364485425,-0.0020244519711667,0.0109657326943931,116.69779167175292,0.0030537525016516,-0.0126884923002144,0.0077122871470218,145.7064636230469,-0.0011660833665431,-0.0006862423746479,0.0091349921985208,143.4665641784668,-0.0074860532576983,0.0032940160968029,0.0097833714836404,353.38003692626955,-0.0002759054289061,0.0025267278108425,0.0108944322638806,239.38499603271484,0.0056229637737859,-0.0003770180312155,0.0261527318903051,199.838501739502,0.0036394024587416,0.0043171502826946,0.0065472554775533,220.37667236328124,0.0041560275079302,0.0062196769817797,0.0066991617895588,44.14557876586914,-0.0015366522443037,-0.0092430687213185,0.0164668976870911,50.28390979766846,0.0023807438252802,1
2021-06-14,0.0245777977538477,0.0116515588553417,122.9050022125244,0.0072272796021775,0.0076988185786686,0.0101831447063772,117.12036972045898,0.0038640885148253,0.0024852863658253,0.0077327151349664,145.5416236877441,0.0006926056975718,-0.0169689552057428,0.0090530765615634,143.18405838012694,-0.0099424963694523,0.0027908630726616,0.0095124318271041,353.50658721923827,0.0013423424446757,0.0077555926951002,0.0101209349615003,239.975772857666,0.0047657049976127,0.0127892218490233,0.0254209757824538,200.30433502197263,0.0041673604888851,-0.0037452403310485,0.0060558686034101,220.7205711364746,0.0023815362882016,-0.001349658191458,0.0064183511748716,44.161841011047365,-0.0004671683320079,-0.0016084822142956,0.0156221080678164,50.3379940032959,0.0033609250995624,0
2021-06-15,-0.0064376093925104,0.0115342729298932,123.06924819946288,0.0046053983617677,-0.0083792449086994,0.010527900209234,117.46598014831542,0.0025096039689425,-0.0053212560730225,0.0077712546335469,145.3312194824219,0.0013877002415127,-0.0151680447436458,0.0093958605291137,142.76775665283202,-0.0121793495373924,0.0043653896664741,0.0095389135731735,353.7402908325195,0.0015672314354059,-0.0058873576743686,0.0097485733316494,240.63531723022464,0.0045653246656857,-0.0296750825796204,0.0258716684170122,200.6798347473145,-0.0012586716786632,-0.004699251363865,0.0061624524173973,221.03556900024412,0.0008105192711204,-0.0039841519117055,0.0063980400285662,44.17919769287109,0.0002548256486201,0.0364105439788673,0.0168234220103399,50.42702503204346,0.0071049226732665,0
2021-06-16,0.0039339724868858,0.0111528209418357,123.32755737304689,0.0047767157040917,-0.0053286827144376,0.0101599921604648,117.845068359375,0.0006516599014185,-0.0003646276772373,0.0077642949498785,145.11561889648436,-0.0013782029459716,0.0070243403620446,0.0092602513660424,142.50104217529298,-0.0082774278091082,-0.0116808056338837,0.0099320912909778,353.77666015625,0.0002878372851005,-0.0037931083290717,0.0095117502431255,241.34837341308597,0.0029990512521437,0.009193155632698,0.0259178997031217,201.12983474731445,0.0021737557222281,-0.0145076609835216,0.0070424816182753,221.22967529296875,-0.0023150749202558,-0.0203570708186245,0.0059200871776063,44.104770278930665,-0.0027438381198786,-0.0035753194914418,0.0153356916124637,50.57970943450928,0.0047159664233078,1
2021-06-17,0.0126006152758111,0.011358772655317,123.6735939025879,0.0089015207069699,0.0080399552373471,0.0102141483558989,118.24990348815918,1.2788443423783491e-06,0.0048044802651654,0.0078862476170929,144.95030975341797,-0.0022169218838967,-0.0288602806764575,0.0110075524202899,142.0908805847168,-0.0109318365276898,0.0095373151770528,0.0100415552144042,354.0826049804688,0.0016613556758215,0.0136763201302905,0.0098032388103545,242.20154418945316,0.0028556349265585,0.0193926145867886,0.0253273916372898,202.0155014038086,0.0022645782915347,0.0111060158137579,0.0072792668284683,221.59380111694333,-0.0015057973163965,0.0041557872795465,0.0060529296478475,44.0390983581543,-0.0030630833320923,-0.0329172264804027,0.016265831646097,50.70493564605713,-0.0021867105857182,0
2021-06-18,-0.0100918514379693,0.010857129293991,123.82711791992188,0.0049165849372129,-0.0134093178238584,0.0104657976547684,118.48598518371584,-0.0022756943261959,-0.0196102296900997,0.0087167085500029,144.60151443481445,-0.0036012693618737,-0.0253033925993922,0.0120823557165142,141.52454986572266,-0.0158552665726387,0.0003540445390086,0.0091367595346569,354.0690322875977,0.0010733613642627,-0.0056342091496831,0.0096983583854833,242.82294921875,0.0012234475344534,0.0108822433062085,0.0238870300717694,202.62433471679688,0.0045164305590196,-0.007494971112855,0.0073828781176005,221.7850143432617,-0.0038682215955064,-0.0185157202578334,0.0070220373024693,43.92573642730713,-0.008010162780015,-0.0256492879779016,0.0174325104425868,50.769836807250975,-0.0054679544370349,1
2021-06-21,0.0141040419147755,0.0105257194612396,124.16194534301758,0.0028218337693985,0.0141659454150635,0.010636427715247,118.83816146850586,-0.0009822689589169,0.0114825153518913,0.0092492815699625,144.33826446533203,-0.0018018235646605,0.0169688575456401,0.0125162923375345,140.98805084228516,-0.0090677040223621,0.0154318893908169,0.0097651859136022,354.33521881103513,0.0036015666278937,0.0123345483000283,0.0097423755258354,243.6607650756836,0.002139238655439,-0.003978800587379,0.0237465138896261,203.2901679992676,0.0011628260717391,0.0169697721336379,0.0082131885465576,222.1486587524414,0.0002747808974308,0.0090996890363519,0.0074670964731628,43.84208316802979,-0.005920293334453,0.0362583520012884,0.0190904363186958,50.92252140045166,0.0021054124060819,1
2021-06-22,0.0126983360707169,0.0104939531242948,124.49725952148438,0.006649022862044,0.0042524662933327,0.0087013876724224,119.05020484924316,0.0015440732814894,-0.0013424155504525,0.0091563474274897,144.03722534179687,-0.0010060554601465,-0.0014626393964366,0.0123425141991969,140.4032958984375,-0.0063266229529203,0.013267570617218,0.0097827418552971,354.6096450805664,0.0053820028180425,0.0109658348504126,0.0088141848864324,244.3675796508789,0.0055098771603953,0.0046389836249738,0.0217707029257148,203.5780014038086,0.008025639312658,0.0068707638244056,0.0080003251317268,222.4670288085937,0.0025887839350849,0.0046187257375152,0.0075982180371807,43.76812438964844,-0.0041997178046088,0.0191723341193346,0.0193368664915041,51.09642314910889,-0.0013422295658246,1
2021-06-23,-0.0020898906519951,0.010505626825519,124.82867431640624,0.0054442502342678,-0.001663481441781,0.0087337872648004,119.2476291656494,0.0022771135360207,-0.0060506540071185,0.0091995972290725,143.71359405517578,-0.0021432607261228,0.0060582756469105,0.0124553547476645,139.93259811401367,-0.0065198358959471,-0.0076711334820014,0.0093846513157314,354.99365081787107,0.006183937248419,-0.0009038176459721,0.0088517752711403,245.01777420043945,0.0060877352970152,0.0526847661820755,0.0245345066799707,204.44266815185543,0.0167239614225334,-0.005298277977412,0.0081216195016524,222.7396377563477,0.0044306605363068,-0.0078086846880914,0.0075894213304869,43.66836528778076,-0.0016900405785022,0.0073680629876349,0.0183336490813761,51.34604377746582,0.0008464469299907,1
2021-06-24,-0.0021686152825908,0.0105402647768013,125.14839477539064,0.0024904041225874,0.0030541883346391,0.0086386201966219,119.42032279968262,0.0012799601554791,0.0045500913949243,0.0092737149859797,143.4659851074219,-0.002194138500171,0.0091978402838956,0.0127532678896761,139.52375335693358,0.0010917882961234,-0.0010394883948683,0.0088489016259561,355.58033142089846,0.0040685765340347,0.0053531895570817,0.0088294344765684,245.74714279174805,0.0044231091823734,0.0354113029841545,0.0251440516776028,205.45416870117188,0.0199276991020066,0.0066475439617585,0.0078655121681114,223.18131103515623,0.003538966165907,0.0069875654495474,0.0078655352598088,43.58611907958984,-0.001123684944502,0.0040458066243127,0.018268350593011,51.578190612792966,0.0082390535509338,1
2021-06-25,-0.002249011195422,0.0100141907113851,125.53000984191894,0.0040589721710968,6.94304990023209e-05,0.0083921162632662,119.63712539672852,0.0039757098200513,0.0051420417682448,0.0093982619210744,143.26616287231445,0.0027563157914978,0.0100978147402004,0.0123898770496781,139.07191696166993,0.008172029764042,0.012968369895068,0.0091543765723282,356.43416290283204,0.0065914416052466,-0.0062620633819591,0.0086774888444849,246.50098571777343,0.0042975383359183,-0.0116943120263123,0.0251827106039418,206.13783493041996,0.0154123880355024,0.0045716001452054,0.0078535587235657,223.68511581420896,0.0059522804175191,0.0118323925991836,0.0084258076303777,43.53670825958252,0.0049459376269013,0.0021699406446125,0.0180926132594325,51.83197116851807,0.0138028992754366,0
2021-06-28,0.0125460338964713,0.0100206249099667,126.02567138671876,0.003747370567436,0.0002244868327132,0.0083406010638821,119.8697380065918,0.0011874181035812,-0.0011571397737999,0.0093526880417955,143.03897247314453,0.0002283847663596,0.0018177663545344,0.0124285841470235,138.63719024658204,0.0051418115258208,-0.0314270337004767,0.0118314465788873,356.7784118652344,-0.002780343013012,0.0139611307634608,0.0089981159477563,247.41461410522464,0.0046228548286048,0.0250792656704021,0.0254493355486757,207.1961685180664,0.0212240012870587,-0.0136102705774815,0.0086217561529404,224.01215591430665,-0.0001637281247047,-0.0031038655978381,0.0083955486626428,43.47525806427002,0.0025052267000633,-0.0255182067387259,0.0192811702137654,52.02501049041748,0.0014475875274337,1
2021-06-29,0.0115003297937368,0.0100276340653188,126.61296119689942,0.00350776931204,-0.0021503939038715,0.0081486544377167,120.02900085449218,-9.315393585958008e-05,6.0713404995249576e-05,0.0080193893768293,142.97381057739258,0.0005090105574491,-0.0012310570310497,0.0119937735535136,138.11472778320314,0.0051881279988982,0.0008703921917543,0.0118071960686458,357.17647857666014,-0.0052597786981048,0.009973458466328,0.0085657216184837,248.56625213623047,0.0044243795517878,-0.011557681931349,0.0256779396687535,208.1438354492188,0.0179846681757941,0.0079457702281515,0.0086694099340578,224.46105499267577,5.1273156044406856e-05,-0.0057929192354014,0.0084503463574688,43.40708408355713,0.00042289770548,-0.0061893946317155,0.0178711578568101,52.1148738861084,-0.0036247582227762,1
2021-06-30,0.0046212261785125,0.0100206404324326,127.19294013977051,0.0048499926781415,-0.0014965717465582,0.0080641705696298,120.2054370880127,-5.977199681501677e-05,0.0043283781211167,0.0080278726642496,142.9103858947754,0.0025848169830962,0.0090822815624629,0.0123060936321046,137.65324020385742,0.0057929291820087,-0.007907446657125,0.0111312435540219,357.0911437988281,-0.0053070413331295,-0.0018423374392636,0.0086164870486346,249.6986961364746,0.0042366755931295,-0.0015570796861551,0.0244045078724275,209.38683547973636,0.007136299002148,-0.0090274876125556,0.0085766816235712,224.66142044067385,-0.0006945687709843,0.0270940324025654,0.0105945774071204,43.401924514770506,0.0074034411236113,0.007346124825625,0.0178611117573323,52.20390548706055,-0.0036291458551782,1
2021-07-01,0.0022631809344635,0.0092399305127747,127.86210594177246,0.0057363519215524,0.0029076654663453,0.0076217718895368,120.45648651123048,-8.907657047376726e-05,0.0074059022269945,0.0082135168680565,142.90691223144532,0.0031559791495102,0.009900880496956,0.0126276758042447,137.254483795166,0.0059335372246208,0.0153933175949576,0.0111716894208665,357.52218170166014,-0.0020204801351643,0.0025839626457582,0.0082364274298623,250.94102478027344,0.0036828302108648,-0.0026188230779432,0.020168513361184,211.1381683349609,-0.0004697262102715,0.0056884044495668,0.0084401828933436,225.00050354003903,-0.0008863966734226,-0.0120550700901413,0.0109148338634122,43.36627426147461,0.0035949140156736,0.0028532379104599,0.0178561733494409,52.29044036865234,-0.0038676595979487,1
2021-07-02,0.0195965533548843,0.0092855500539466,128.54784507751464,0.0101054648316137,0.0229736798251092,0.0080546594083484,120.7329849243164,0.0044917732947476,0.0181969937196131,0.0091625543803291,143.03766784667968,0.0057669695397839,-0.0009601639364772,0.0125939017569334,136.83726272583007,0.0037219414892852,0.0116535308739236,0.0111739002595717,357.9590377807617,-0.0022834479393932,0.0222754706390828,0.0084023106289978,252.2298988342285,0.0093903370150732,0.0014456370513082,0.0182170349441998,212.46900177001956,0.0021582636052525,0.0147991020681732,0.008805582384389,225.40942611694337,0.0011591037111708,0.0056704831494349,0.0109969091484325,43.33906764984131,0.0023625321257238,-0.001422632525322,0.0178593211478828,52.36199836730957,-0.0045861742319357,0
2021-07-06,0.0147187627819465,0.0094240038136801,129.33349723815917,0.0105400106087087,0.0074447019599774,0.0081321935094037,121.0340663909912,0.0059358163202004,-0.0059770080536356,0.0091273845784703,143.17363433837892,0.0048029958838168,-0.0167916437763926,0.0129714335454729,136.3386657714844,5.9463099866263755e-08,0.0029062349241109,0.011069874868297,358.5428039550781,0.0045832057855242,3.573328129102826e-05,0.0083111637339664,253.37433547973632,0.0066052575186392,-0.0284578097859473,0.0197807338525265,213.37650146484376,-0.0085491514860173,0.0040647408638916,0.0087879564788745,225.80823364257813,0.0046941059994455,-0.0012135629656696,0.0109037985732122,43.32405643463135,0.0027405926521575,-0.0284944922004076,0.0190192802416498,52.375311851501465,-0.005181431324272,0
2021-07-07,0.0179550552657827,0.0097915999757968,130.20249061584474,0.0118309557031179,0.0022504357074093,0.0080751779480653,121.3587875366211,0.0068159822424566,0.0085732102784419,0.0089731814729891,143.43514709472657,0.0065054952585061,0.0011730683260731,0.0130118125392506,135.87695922851563,0.0004808845345244,-0.0058492601635988,0.0111886779289403,358.9626892089844,0.0032392753144536,0.008175757484137,0.0080408794910563,254.68720169067385,0.006245717322201,-0.0226356285713992,0.0206485011380951,214.06083450317385,-0.0107647408140273,0.0016694922358331,0.0087821403733907,226.19114685058597,0.0034388504009818,-0.001643382007473,0.010774286896496,43.32218017578125,0.0035705000977432,-0.0156427014111263,0.0188874579046067,52.30375442504883,-0.0070720926801542,0
2021-07-08,-0.0091996742508413,0.0103935794729029,130.98765411376954,0.0090667756172471,-0.0113066380192481,0.0086502896907292,121.58909530639647,0.0048539689879186,-0.0019482979995034,0.0085761455772427,143.58675231933594,0.0052501600343821,-0.0172534086586002,0.0132325262341577,135.3887062072754,-0.0047862535096881,-0.0088088905130733,0.011323676006151,359.31644744873046,0.0030589865432639,-0.008966886045028,0.0086419958268472,255.83067932128907,0.0048208076010482,0.0126580372905733,0.0205606227669055,214.9613342285156,-0.0079217174186816,-0.0141252209612982,0.0094717189784737,226.3982566833496,0.0024193037312333,-0.0008590596479367,0.0107028382573387,43.33015460968018,-0.0020201183123571,-0.0044696252178082,0.0187616599072997,52.19933013916015,-0.0094352426888408,1
2021-07-09,0.0130545612114927,0.0099523828991763,131.91366691589354,0.0112250516726529,0.0037946010741418,0.00838154525927,121.775541305542,0.0050313561094779,0.0039625796530655,0.0084035844430552,143.70273666381837,0.0045614955195963,0.0319993611927822,0.0150835615432507,135.22497482299804,-0.0003665573705229,0.0074285530875133,0.0114090471983906,359.7566665649414,0.0014660336417751,0.0018748022723209,0.0083384880341783,256.8239685058594,0.0046789755263607,0.0063418370795795,0.020287071966757,215.7418342590332,-0.006129585387177,0.0078612785953531,0.0095005420179467,226.61596450805663,0.0028538785603905,0.0050864333638431,0.0106858099489747,43.336722183227536,0.0014081823784397,0.01812434607109,0.0192794954380979,52.13609313964844,-0.0063810210567148,1
2021-07-12,-0.0042036419481329,0.0102394332748723,132.7495147705078,0.0064650126120495,0.0116079495153076,0.008625814785901,122.0464138031006,0.0027582100475176,-0.0015904465603955,0.0078096107534959,143.89908599853516,0.0006040074635945,0.0143161425133404,0.0154716094597516,135.164461517334,0.0026887039194405,0.0070253375219069,0.0114738003350178,360.265885925293,0.0005403949713717,-0.0022308853659686,0.0084471853492774,257.75631561279295,-0.0002222956746495,0.0437628194032986,0.0221159991624485,217.00533447265624,0.0023338510832209,-0.0025162042798387,0.0094978484190338,226.7561248779297,-0.0006091827092118,-0.0017818409075336,0.0105981613199249,43.325777244567874,-8.228243295398397e-05,-0.0009799651486416,0.0191829548755014,52.094489860534665,-0.0062924875813787,1
2021-07-13,0.0078896292563244,0.0093174581623261,133.48837814331054,0.0050991859069251,0.0028824026981471,0.0085320415791714,122.28906211853028,0.0018457501951515,-0.0012388809014203,0.0078262883808048,144.06850509643556,0.0015516328940376,-0.0148736287140567,0.0153596128037766,135.1195816040039,0.0030723069319077,0.0217006765825567,0.012334324356809,361.1212661743164,0.0042992833030609,0.013197718558368,0.0086703481965194,258.76831283569334,0.0024101013807658,-0.025025526817094,0.0231086469614557,217.85283432006835,0.0030203076769916,0.0188338661316973,0.0102583311397728,227.15444946289065,0.0023446423443493,0.0037843083594646,0.0106308721920081,43.32608966827392,0.0009172918320728,-0.0047406447177884,0.0192040863320119,52.044982528686525,-0.0015417180848549,1
2021-07-14,0.024100355988168,0.0097417760050455,134.43924789428712,0.0063282460514021,0.0070323117389026,0.0082364432010943,122.62694129943849,0.0028021254014502,0.0067936080983759,0.0077639589775144,144.32610473632812,0.0011957124580244,-0.0034047898139158,0.0149772825001948,135.15616455078126,0.0021567353039099,0.0184776478018902,0.0128442368604825,362.2432403564453,0.0091646648961587,0.0054452916532841,0.0083587093731797,259.92714767456056,0.0018640082145952,-0.0226762625356233,0.0226161818048689,218.75316772460937,0.0030121808841468,0.0150196424585604,0.01054565430747,227.78107681274412,0.0050146723888947,0.0069000572864414,0.0106913295199113,43.35032577514649,0.0026259796908557,-0.0221748433287244,0.0176346893055937,51.845286750793456,-0.0028481464683745,0
2021-07-15,-0.0044919647578238,0.0100618821504582,135.33260841369628,0.0072697879500056,-0.0096073070345584,0.0085088535847651,122.93582725524902,0.0031419915983881,-0.0120287211881988,0.0083510849016575,144.49726028442382,-0.0008203721797146,0.0021919635213036,0.0149031588883363,135.1599319458008,0.0060458097398907,-0.0014584330885103,0.0124201690654098,363.54603271484376,0.0106347563810713,-0.0052388574804073,0.0084401590428563,261.06198806762694,0.0026096139275194,-0.0042547962265779,0.0226711657517026,219.51533432006835,-0.0003703858192834,0.0104068614427117,0.0098451268062799,228.6938034057617,0.0099210888696967,0.0007771416595325,0.0094870495667378,43.420844841003415,0.0029532199523496,-0.0097431052312663,0.0176858485938727,51.631029510498045,-0.0039028424710661,0
2021-07-16,-0.0140759673353045,0.0109606299723321,136.04417915344237,0.0018436822406462,-0.0002755070532775,0.0084294378904143,123.19485549926758,0.0023279699729042,-0.0016037944472724,0.008329137328406,144.62236785888672,-0.0019336469997822,-0.0228357473989058,0.0143364002644044,135.20491256713868,-0.0049212119784468,-0.0079699451982695,0.0125985208280439,364.5296127319336,0.0075550567239147,-0.0009964191822119,0.0082300223106681,262.0144844055176,0.0020353696366128,-0.0098063165757306,0.0225603303616552,219.97566757202148,-0.0036000165503454,-0.0017300806516987,0.0097769731890823,229.46300048828124,0.0080028170202864,-0.0007057559234932,0.0094820606307773,43.480888557434085,0.0017947820948823,-0.0276505530297256,0.017267354981706,51.43674163818359,-0.0130578222912292,0
2021-07-19,-0.0269145645912016,0.0127115672057905,136.62854385375977,-0.0026985022879675,-0.0188391215559174,0.0090230540344648,123.41624221801756,-0.0037614442413407,-0.0072574523848205,0.0070949377056143,144.83522567749023,-0.0030670481646672,-0.0325193497632632,0.0150892556299135,135.20039138793945,-0.0142883104337675,-0.0559772617266756,0.0182124456702046,364.4549697875976,-0.0050454631258017,-0.013321115797772,0.0088455952049091,262.8580581665039,-0.0001826764497478,0.0031044820577776,0.0224738725480245,220.35750045776368,-0.0117316840194496,-0.0310736145853662,0.0122626031246174,229.94465103149412,0.0022913349591809,-0.0023313460091457,0.0083093794353893,43.57564392089844,0.0016848810745599,-0.0343685958945579,0.0179456689413335,51.226644134521486,-0.0197355484404125,1
2021-07-20,0.0259741401468609,0.0134406312881787,137.30356063842774,0.0009183998901397,0.013096247985038,0.00894917611958,123.63416061401368,-0.0017186751839625,0.0094077944373078,0.0069553256840385,145.03548736572264,-0.0009377130969216,0.0186434368287591,0.0151922348670919,135.2066520690918,-0.0075848973252044,0.0244629694904434,0.0187213302383736,364.5393859863281,-0.0044930045442243,0.0083388912931929,0.0086747706210096,263.65892562866213,-0.0011544419027828,0.0220977834283766,0.0228592330403088,221.01866760253907,-0.0023070219703555,0.0095253494184173,0.0118982015828688,230.3482734680176,0.0004296316165248,0.00453159223547,0.008172195701689,43.661173820495605,0.001834337849761,0.0110211023404995,0.0156973157000826,50.95081386566162,-0.0165831990287549,1
2021-07-21,-0.00513181992916,0.0134996555454972,137.8601448059082,-0.0049280352933258,0.0106133175094309,0.009151198537963,123.89279289245606,-0.0010024740298568,0.0061739973327614,0.0070016151819545,145.2904815673828,-0.0010616352500445,0.0210408427795203,0.0158835448083749,135.36154479980468,-0.0026957708065171,0.0151445744794285,0.0187937829564392,364.6590347290039,-0.0051596192087167,0.0074463744462578,0.0085419366714516,264.421403503418,-0.000754225344188,-0.0078880198502402,0.0229931994247373,221.54500045776368,0.0006506265667211,0.0039555249819536,0.0118509117372609,230.7205909729004,-0.0017831918787964,-0.0049341826669057,0.0082893747665814,43.725907516479495,-0.0005325101409084,0.0321656938317376,0.0169865738770428,50.6999454498291,-0.0057150915966625,1
2021-07-22,0.0096288392326429,0.0134672589993938,138.4986099243164,-0.0021038744952324,0.0068403768643154,0.009163184587701,124.20475120544434,0.0022870627499179,0.0028909655538951,0.0067559695746114,145.6097671508789,0.0019223020983742,-0.012626187781129,0.0161353498933139,135.39136352539063,-0.0056594010670037,0.0055255838527139,0.0187234762251821,365.0212341308594,-0.0037628158204718,0.0168446472481376,0.0090290945606112,265.4228485107422,0.0036624756015208,-0.0092020078479763,0.0198670575944998,221.42316665649412,-0.0003388157575585,0.0019699052154578,0.0117365344990792,231.17623443603517,-0.0034705831242472,0.0007082056896843,0.0079984849981793,43.808935546875,-0.000546297334878,-0.0112533868584494,0.0167928825822885,50.40248107910156,-0.0060171479220991,1
2021-07-23,0.0119890810013412,0.0134553921508635,139.2369842529297,0.0031091351720966,0.0357690927324472,0.0117980270850829,124.72588081359864,0.0094959827070628,0.010648142216594,0.0069992135137018,145.97553329467777,0.0043726894311475,-0.001921246205828,0.0160054183867306,135.3474136352539,-0.0014765008283881,0.0290452322314049,0.0197197990005626,365.941162109375,0.003640219665463,0.0123366046393207,0.0092239300041487,266.52553939819336,0.0063290803658274,-0.0090564248759862,0.0180573033856795,220.8158332824707,-0.0001888374176096,0.0199884926575162,0.0123737770642709,231.79178314208983,0.0008731315375957,0.0082112199138166,0.0080436192227345,43.89524669647217,0.0012370978325839,-0.0012257446023167,0.0166720376892288,50.09128818511963,-0.0007321862366173,1
2021-07-26,0.0028941391627206,0.0133486551742951,140.01093673706055,0.0090708759228811,0.0076681704496175,0.0117806336944718,125.29713973999024,0.0147974411081698,0.0004657837086934,0.0069857789578705,146.30828323364258,0.0059173366498503,0.0067045326709078,0.0159081155372492,135.28046722412108,0.006368275658446,-0.0011697112410256,0.0195837671471246,366.603125,0.014601729762593,-0.0021406572059131,0.0090221617169338,267.6786117553711,0.0085651720841992,0.0221330699272443,0.0187319897923309,220.5783332824707,0.0036168801562836,0.0049393652224567,0.0123769606394241,232.41455688476563,0.0080757274991603,0.0014043952655826,0.0077041356107112,43.95935535430908,0.0019842460875296,0.0252452066442319,0.0180124488649783,49.83417892456055,0.0111905742711405,0
2021-07-27,-0.0148999546107875,0.0140062607888321,140.5953025817871,0.0008960569713514,-0.0159288408943194,0.0126182909599571,125.76122283935548,0.0089924233322983,0.0045966041005853,0.0069540868853829,146.68360595703126,0.0049550985825058,-0.0013189543327313,0.0159007957558831,135.19241180419922,0.0023757974261479,-0.0064408658477583,0.0180816198042222,367.7207107543945,0.0084209626949526,-0.0086834197080436,0.0091770608509455,268.53370208740233,0.0051607098839518,-0.0195249481968726,0.0181207136920076,219.84599990844723,-0.0047076661687662,0.002717283802377,0.0117658847445982,233.22565536499025,0.0067141143759522,7.012983769771886e-05,0.0076369806011999,44.03034362792969,0.0010919536079751,-0.0111146816166932,0.0174210800590563,49.61867389678955,0.006763417479702,0
2021-07-28,-0.0121963120850583,0.0143683568127706,141.0168815612793,-0.0005168414598282,0.0317970360238182,0.0139895926626745,126.44622344970703,0.0132291670351758,-0.0027801111230688,0.0070370505094604,147.03764419555665,0.0031642768913398,0.0016506705270991,0.0159072038360261,135.12372055053712,-0.0015022370243362,-0.017500801407255,0.018663603128355,368.4912307739258,0.0018918875176159,-0.0011164230604174,0.009084347075947,269.2448394775391,0.0034481503826168,0.0034120354402995,0.0180636141190688,219.28300018310543,-0.0024476551106582,-0.0159007781243937,0.0124829424418856,233.7549880981445,0.0027428537546828,-0.0040660480964591,0.0075578007777024,44.1047721862793,0.0012655805220644,0.006743954022387,0.0175801518758138,49.43561935424805,0.0016790695178318,1
2021-07-29,0.0045526024033213,0.0143680023641014,141.43992385864257,-0.0015320888256925,-0.0023255040571613,0.0140125003792863,127.12460784912108,0.0113959908508804,0.0,0.0070428287569529,147.36084060668946,0.0025860837805607,0.0085695239649841,0.0158915390429635,135.05097351074218,0.0027369053248863,0.0140048970453117,0.0186769990413224,369.6635177612305,0.0035877501561355,0.0009779064469499,0.0090318495348618,269.99340057373047,0.0002748022223792,0.04694118807423,0.0211692487213429,219.24383392333985,0.008780984073783,0.0039684313868249,0.0121942499714653,234.43411407470705,0.0031425589889562,0.0012667149355582,0.0046392944330944,44.12384777069092,0.0013772823712392,0.0121949442922149,0.0177698507515909,49.26296463012695,0.0063687357479647,0
2021-07-30,0.0015104775744652,0.0143715022571989,141.85858078002929,-0.0036278095110677,-0.0077406107977172,0.0143120642604259,127.73331031799316,0.0026940501448475,0.0001162841580888,0.0069491174945241,147.63190765380858,0.0004797121688597,-0.0079735358493219,0.0157830560623339,134.85684661865236,0.0015264473961875,-0.0073814720467663,0.0186001067298207,370.4240005493164,-0.0036975906994987,-0.0055493751542093,0.0092251133961577,270.632081604004,-0.0033023937363267,0.0145419285085826,0.021402412558321,219.39850082397464,0.0135006547506967,-0.0061711408454745,0.0123442254182336,234.97548751831056,-0.0020893677116419,0.0021797289750531,0.0035958845081366,44.17435283660889,0.0001709841834865,-0.0230781373150882,0.0182411378564052,49.02624168395996,0.0019982572054104,0
2021-08-02,-0.0023312537502415,0.0138777131299601,142.12956008911132,-0.0046728880936601,0.0009500867932565,0.0136805717309051,128.2089427947998,0.0013504334135753,0.0004063352810705,0.0057913859994814,147.7748260498047,0.0004678224833351,-0.004019210820584,0.0157943114249587,134.64242095947264,-0.0006183013021108,-0.0276727065111246,0.0196042642655496,370.45658416748046,-0.0089981897535185,-0.0003160832464159,0.0079649513484006,270.97613220214845,-0.0029374789444273,0.0326979286660042,0.0225545597781481,219.9113342285156,0.0156136264984487,-0.0268275146202326,0.0135916602416906,235.0308738708496,-0.0084427436801798,-0.0023152408929594,0.0035101804328125,44.20734462738037,-0.0005729430482218,0.0001737641186332,0.0182589955603785,48.79367904663086,-0.0030160312997092,1
2021-08-03,0.0126446709239049,0.0137854330140171,142.3898178100586,0.0008360370132783,0.0057505884319064,0.0136619590254357,128.6767936706543,0.0056863192788205,0.0123060203217655,0.0060715420627256,148.05371017456054,0.0020097057275712,0.0113779727380263,0.0156103183485004,134.61947784423828,0.0019210841120407,-0.0204125481115284,0.0201259998388565,370.0644836425781,-0.0117925262062725,0.0080750640321194,0.0080992163335779,271.43006896972656,0.0004142178036053,9.862621233192036e-05,0.0213670323993447,220.7473342895508,0.0195383413802896,-0.0112186166330976,0.0137986219216302,234.909977722168,-0.0112299237672747,0.0112502932287845,0.0041842595099134,44.26801319122315,0.0016630896299954,0.0107675225836194,0.017639426054683,48.661796188354494,0.0013604095403532,0
2021-08-04,-0.0027825829049086,0.0132881752105541,142.50581130981445,0.0027187828493082,-0.0037195294762865,0.0137601960017763,129.1055679321289,-0.0014169938212004,-0.00590599573932,0.0060964798819467,148.2252975463867,0.0013845288043209,-0.0107921317726087,0.0157890767676356,134.5157958984375,-0.0005674763479008,0.0011155710580541,0.0200959311601356,369.798959350586,-0.0080692517132107,-0.0021244501149608,0.007993064744154,271.7458068847656,0.0002126123926966,0.0016625488317687,0.0204508123041726,221.85183410644527,0.0191884440585835,-0.0017714818480737,0.0137924464665586,234.74958572387692,-0.0084040645120107,-0.0068139918806814,0.0045264251874148,44.31695442199707,0.001113500873151,-0.023367761695874,0.0180227670617916,48.513271522521975,-0.0046619336032989,1
2021-08-05,0.0007484530797896,0.0130746781943068,142.69198608398438,0.0019579529846019,0.008332657381981,0.013349870063827,129.6610164642334,0.000714638466628,0.0019033999212623,0.0060534506654375,148.4255569458008,0.0017652087885734,0.0126291501998316,0.0155474637675191,134.61330184936523,0.0002444488990686,0.0106790473290425,0.0201464454908671,369.88391113281256,-0.0087344216564645,0.0105055750413596,0.0078755072966896,272.3264236450196,0.0021181461115785,0.0052186424923073,0.020373634988479,222.8821678161621,0.0108439349421989,0.014957653947011,0.0138253212493214,234.92298126220703,-0.0062062199999735,0.0185523869123795,0.0059404301480243,44.40920848846436,0.0045706352685152,0.0063335904442183,0.0181343689098289,48.3909574508667,-0.0058342043728982,1
2021-08-06,-0.0047667820405118,0.0128436839090618,142.75285949707032,0.0007025010616065,-0.0037650433956163,0.0134739077542809,130.1675247192383,0.0015097519470482,-0.00333928372445,0.0061083777450648,148.57151641845704,0.0010740952120656,0.0284034306279483,0.0151847452919927,134.68963012695312,0.0075198421945227,0.0069633459623594,0.0201382084099342,369.9610946655274,-0.0058654580546393,-0.0002070374500542,0.0078933002121636,272.8792068481445,0.0031866136524095,-0.0217315230840982,0.0212067062939387,223.58466796875,0.0035892446236628,0.0049539505158868,0.0137628280379136,235.06410293579103,-0.0039812017277012,-0.001787028973362,0.0059566781647511,44.48629531860352,0.0037772836788322,0.0115383687489818,0.0177997907251014,48.250753784179686,0.0010890968399157,1
2021-08-09,-0.0003423673315894,0.0127980896271629,142.8410202026367,0.0011002783453369,0.0086529508696839,0.0134021818255591,130.66003341674804,0.0030503247623337,0.0034659284481888,0.0061002304321654,148.75526733398436,0.0016860138454893,-0.0010793655952133,0.0148425125637158,134.6600685119629,0.0081078112395968,-0.0102794612873736,0.020210553731661,369.7242065429688,-0.0023868090098891,-0.0039037662033487,0.0079498484328726,273.4075210571289,0.002469077061023,0.0209697792827467,0.0194597022518081,224.05233459472657,0.0012436147470113,-0.005799358127638,0.0138226755689443,235.16669616699215,0.0002244295708176,0.0024097610019362,0.005899521812675,44.5727632522583,0.0047222840578113,-0.0114067534217726,0.0178999251504078,48.0855884552002,-0.0012270066681654,1
2021-08-10,-0.0033540165064518,0.0127123082485036,142.84970092773438,-0.0020994591407344,-0.0007742413087309,0.0134410938757312,131.12914962768554,0.0017453588142062,0.0003455777173753,0.0060764345217898,148.95074691772462,-0.0007060746753887,0.0122673506921129,0.0146610426524448,134.819344329834,0.0082856868304141,-0.0076617698874154,0.0195726592693546,368.9538345336914,0.0001633466349334,-0.0065548256117949,0.0077059145732521,273.6695220947266,-0.0004569008677598,-0.0052818934956782,0.0184829186255222,224.7431678771973,0.0001675108054092,-0.0080418263410355,0.0132446149987834,234.9605491638184,0.0008597876292301,0.0212941794060632,0.0073148152389768,44.69941635131836,0.0067310612932671,0.0171331058184607,0.0184601227908404,47.973259353637694,4.610997880283296e-05,0
2021-08-11,0.0017858181881422,0.0114111347740026,142.70000534057618,-0.0011857789221242,-0.003859465451826,0.0135183923924876,131.52771606445313,0.0017173716190983,0.0001724259563931,0.0059419932875707,149.09757385253906,0.0005096096637539,0.0119303024601002,0.0148051176403302,135.08583145141603,0.0128301736769559,-0.0097867099683183,0.0190349654936799,367.66454010009767,-0.002017109570341,0.0017802390578187,0.0076376872421735,273.8825744628906,0.000324036966796,-0.0030563570472872,0.0175351211769526,225.6505012512207,-0.0007762703704019,-0.01264328093616,0.0129459443717356,234.4341049194336,-0.0013145721883871,0.0089453487115673,0.0073886343297855,44.83169822692871,0.0098829294117168,0.002921914667326,0.0178674076724546,47.924167442321775,0.0053040452514428,1
2021-08-12,0.0207732937635218,0.0123606304150602,142.73085861206056,0.0028191892146222,0.0067140097527496,0.0131977288488549,132.03268852233887,0.001393642093252,0.0080555322011097,0.0052852069224124,149.39426879882814,0.0017400361197233,0.0039089953353006,0.0148111677723926,135.36511154174804,0.0110861427040497,-0.0062048389959964,0.0190398790964134,366.29320373535154,-0.0053938868353488,0.0099666271970335,0.0077599427859845,274.3038787841797,0.0002162473979308,0.020386528392057,0.0177772280883182,226.8446678161621,0.002257306809548,-0.0125672350647503,0.0127876985459736,233.6420768737793,-0.0068195499907394,-0.0026762945615405,0.0074814235258458,44.95598258972168,0.0056371931169328,-0.0022618936217003,0.0177493154792383,47.89371490478516,0.0035849484382591,1
2021-08-13,0.0014104182827163,0.0118897283160152,142.8738235473633,0.0040546292792678,0.0038885248403297,0.0131603888165708,132.56583480834962,0.0029243557404412,0.0059930686347904,0.0052853058602876,149.7483055114746,0.0036065065915714,-0.0111874275682147,0.01398490923246,135.72116241455078,0.0031679710648171,0.0021271884310682,0.0190510971682924,365.1102188110352,-0.0063611183416071,0.0104900813627581,0.0079820513184957,274.88450012207034,0.0023556711604933,-0.0070335570401741,0.0176629589429886,228.0605010986328,0.0051969000183328,0.0037102858251549,0.0128812335494928,232.91223907470703,-0.0070682829288858,0.0031528727025098,0.0074369737226143,45.08920574188232,0.0066251734521072,-0.0101130825356273,0.01674060484482,47.90658130645752,-0.0007453418186627,0
2021-08-16,0.0135480970812595,0.0102018918303456,143.30741424560546,0.0068327221618376,0.0042259920474136,0.0119985712564434,133.24637603759766,0.0020389639759872,0.0090212477783442,0.0049663326672711,150.2244079589844,0.0047175704576025,-0.0065634442679574,0.0115360011749023,136.24884109497071,0.0020711553302683,0.0022331567847464,0.0144287343813217,365.0184753417969,-0.003858594727183,0.0059756621418478,0.0071359397353216,275.7285522460937,0.0043315568295326,-0.0432254973537061,0.0207630793001953,228.72633438110356,-0.0076421553089577,0.0116485451965184,0.0114557876775112,232.6844596862793,-0.0035787022640545,0.0081588301469266,0.0074145831133611,45.24673538208008,0.0077749872811053,-0.0146205555227176,0.0150820121364899,47.96635284423828,-0.0013881022388517,0
2021-08-17,-0.0061540845242031,0.0088471981357879,143.51528091430663,0.0062727085582873,-0.011915632376524,0.0124396016621551,133.76438102722167,-0.0001893142375714,0.0091654627335078,0.0049506537408987,150.70311737060547,0.006481547460829,-0.0120807461965048,0.0115265754899736,136.57091827392577,-0.0027984640474552,-0.000907838249508,0.0132141077724108,364.4767379760742,-0.0025078083996016,-0.0051598659296221,0.0072524799857658,276.3888198852539,0.0046105487659672,-0.0298176497163503,0.0215090090178019,228.81316757202148,-0.0125493065530921,-0.0035267108711385,0.0111976705888156,232.3063491821289,-0.002675679170075,-0.0003315129681068,0.0074577981984907,45.39347362518311,0.0034498488062713,-0.0067930171132909,0.0150091308437035,47.98469696044923,-0.006173326825202,0
2021-08-18,-0.0255010191790493,0.0106389308176294,143.5727569580078,0.000815341084849,-0.0088720653848757,0.0126603143956552,134.15590896606446,-0.0011918342241813,-0.0127038344704538,0.0060322616050314,151.03760681152343,0.0039062953754596,-0.0091076986243405,0.0109223371487501,136.69092330932617,-0.0070060642643434,-0.0062770451692999,0.0126564230645534,363.54908599853513,-0.0018058754397979,-0.0061191862278707,0.0073918602814988,276.8632263183593,0.0030306637088293,0.0349701571040286,0.0227185114864738,229.37483444213868,-0.004944003722829,-0.0123650174018901,0.0113662236965153,231.74213256835935,-0.0026200264632211,-0.0106170944188155,0.0078816075939974,45.52604751586914,-0.0004626398198052,-0.0210583344273065,0.0137659414060601,47.8787425994873,-0.0109693766441285,0
2021-08-19,0.0023231245999169,0.0104308601872629,143.57859497070314,-0.0028746927478719,0.0017052393148355,0.0126321731585483,134.51564331054686,-0.0021935883117641,0.0077882164940616,0.0061581084044913,151.4107582092285,0.00385283223405,-0.0083558081803071,0.0106823077643197,136.83872604370117,-0.0094590249674649,-0.0100843837137699,0.0126167024868969,362.3427978515625,-0.0025817843833526,0.0207753400667476,0.0078521356490582,277.4005645751953,0.0051924062827721,-0.0225256882899028,0.0232760946824354,229.7783348083496,-0.0135264470592209,-0.0002592376283008,0.0113320058846554,231.1519012451172,-0.0001584269759312,0.0067740584471216,0.0079074747702232,45.67290897369385,0.0014274307819271,-0.0305203189520383,0.0150499170047283,47.729723358154295,-0.0166210617101961,1
2021-08-20,0.0101565883733678,0.0103284066761839,143.57138137817384,-0.0011254587297416,0.0128945970787299,0.010315822727828,134.73442840576172,-0.0003923738640841,0.0048720396207291,0.0058845408509763,151.74307708740236,0.0036286264312378,0.0028521897255937,0.0106633353036328,137.01873703002929,-0.0066511015087032,-0.0064931220394286,0.0100699020175998,360.4850662231445,-0.004305846477452,0.0255755498667289,0.0092137643410504,278.1334213256836,0.0082094999835663,0.0100820565168564,0.0231870104175875,230.39300079345705,-0.0101033243478148,-0.0009067472542784,0.0100378582639526,230.3164978027344,-0.0010818335918178,0.008926586350896,0.0079326601491744,45.822661590576175,0.0025821735116043,0.0001897970713009,0.0150626440598522,47.58403911590576,-0.0145604857888105,1
2021-08-23,0.0102570901760079,0.0105654618343318,143.61740493774414,-0.0017836601107919,0.01900616516375,0.0109537991509655,135.03211517333983,0.0025636607591831,-0.0043164583215269,0.0060533391639643,152.03827362060548,0.0009610852112635,0.012796953382024,0.0109073526653838,137.24154357910157,-0.0027790219787069,0.0169583780538136,0.0111916518070558,358.94189453125,-0.0013608022236385,0.000952486522691,0.0091555600578915,278.90997009277345,0.0072048648597349,0.0382795175345982,0.0241477523842582,231.2043342590332,0.006197678629846,0.0120159722508055,0.0104685313329317,229.55593338012696,-0.0010083481809604,-0.0066026633582998,0.0082292831476094,45.95359325408936,-0.0003701251894409,0.041145351830355,0.0169378091777327,47.47009258270264,-0.0034073043181959,0
2021-08-24,-0.0006010646894697,0.0099433251769444,143.76723098754883,-0.0006730561438452,0.0087114622854878,0.0101582477108454,135.49607696533204,0.0066890796915855,-0.0124997542475847,0.0068197458826542,152.20213775634767,-0.0033719581849549,0.0061902282124548,0.0109273536453799,137.51597213745117,0.0008751729030849,0.0021329036876787,0.0112633044449463,357.5589126586914,-0.0007526538362012,-0.0066629363279945,0.0090328895228144,279.7093688964844,0.0069042507800604,0.0031006472789956,0.0235166212259624,232.2661674499512,0.0127813380289152,0.0004271156988999,0.0104127607730925,228.76744003295897,-0.0002175828669527,-0.0103024810371258,0.0087279984810657,46.06004314422607,-0.0023643188032447,0.0081950379217281,0.0169568218924759,47.40219211578369,-0.0004096933111921,1
2021-08-25,-0.0084213246900126,0.0097110792482331,143.94279861450195,0.002742882753962,0.0057873811182318,0.0077132938111757,135.79269790649414,0.009620968992207,-0.00661338871766,0.0069864586507561,152.3361671447754,-0.0021538690343961,0.0206128389711819,0.0116853123106998,137.92276306152343,0.0068192804221894,-0.0074079164961162,0.0108312999039114,356.37738342285155,-0.0009788281015645,-0.0020156657470543,0.0090559749220956,280.49479217529296,0.0077249548762237,0.0038250458739308,0.0235153490613269,233.3365005493164,0.0065523157828956,-0.0070440626010437,0.0100306982129947,228.0915435791016,0.0008466080932165,0.0004028070961306,0.0086109798472214,46.17650299072265,-0.0001603385002554,0.0018064164126347,0.0168693525324929,47.322289657592776,0.0041632568567961,0
2021-08-26,-0.0055273927487315,0.00979312725061,144.04617080688476,0.0011727792842323,-0.0044940917937589,0.0077948101397278,136.07335891723633,0.0083811027704881,-0.0053381788563985,0.0071237402893972,152.4295539855957,-0.0047791481044882,0.0051578003429004,0.0116247647679905,138.30881729125977,0.009522002126831,-0.0173768512372451,0.0104721257776036,354.6322692871093,-0.0024373216062595,-0.0096688636213643,0.0094734503836157,281.1263961791992,0.0016361141386013,-0.0141169759972081,0.021675935168735,233.73333358764648,0.0082340582414345,-0.0088998467316629,0.0099813535124048,227.2686088562012,-0.0008815137274559,-0.0108080989473549,0.0091173046431598,46.26488265991211,-0.0036767699791507,-0.0135234086589098,0.0167469654840041,47.18117408752441,0.0075626389154218,1
2021-08-27,0.0071849522394549,0.0098973902590417,144.19056396484376,0.0005784520574497,0.018124128140124,0.0082150557555093,136.5331558227539,0.0094270089827669,-0.002134702132536,0.0071502612748891,152.5059051513672,-0.0061804964551412,0.0080368590523121,0.0113891855143816,138.80605087280273,0.0105589359921746,0.0081337771429157,0.0108380845423814,353.1657943725586,0.0004880582302093,0.0021063095798619,0.0092929381538725,281.8645782470703,-0.003057733918772,0.0153460119080182,0.0217012462994823,234.14533386230468,0.0092868493196669,0.0094135882527157,0.0103641958624432,226.6240257263184,0.0011825533739429,-0.0056328825135757,0.0092747371342888,46.33538856506348,-0.0065886637520451,0.0193751137625788,0.0167354976537494,47.14140644073486,0.0113997022536773,1
2021-08-30,0.0304165607796871,0.0118285640631489,144.57214889526367,0.0046103461781856,0.0040728004937091,0.0081963523283423,137.01567611694335,0.0064403360487587,0.004221393576802,0.0071974600550845,152.6111167907715,-0.0044729260754754,-0.0160069716246942,0.0121068178235035,139.21504821777344,0.004798150990831,-0.007534081286465,0.0093585836241475,352.08765716552733,-0.0044104336378464,0.0129123497369603,0.0095365276108434,282.7931427001953,-0.0006657612759181,0.0266743526449433,0.0212905873198161,234.49933395385744,0.0069658163417359,-0.0062743942091968,0.008741796596922,226.22739868164064,-0.0024755199180575,0.0080533722858782,0.0093340255709301,46.4295732498169,-0.0036574566232095,-0.0109379438706216,0.0168885583706818,47.07546005249024,0.000983043113482,0
2021-08-31,-0.0084245238084057,0.0118335427454614,144.80109024047852,0.0030456543543984,0.0007399445265185,0.0082012668435803,137.4650650024414,0.0048460324969649,-0.0030521993549955,0.0066986064862647,152.60107498168946,-0.0025834150969576,-0.0030541655511423,0.0120140342327697,139.52653884887695,0.0029492722381115,-0.0193171414277547,0.0092539608929699,351.05030059814453,-0.0087004426609331,-0.005632815099708,0.0096695893951897,283.52913055419924,-0.0004597370302608,0.0065808340754383,0.0213143932574822,234.93233413696288,0.0076618537010245,-0.0092116721908104,0.0086377969459728,225.85760345458985,-0.0044032774959996,0.0027084328989965,0.0090862777638701,46.505017852783205,-0.001055273835985,-0.011602394232175,0.0167905595002067,46.95669116973877,-0.0029764433172985,1
2021-09-01,0.0044789622503791,0.0118021793114986,145.0832092285156,0.0056257117424767,0.0035800665266172,0.0080344405788098,137.96512985229492,0.004404569578642,0.0035235132997499,0.0065954211119784,152.6624313354492,-0.0005560346934756,-0.0014381915479138,0.0116530466688115,139.9006790161133,-0.0014609338657075,0.0096466359202502,0.0096397670089374,350.1551681518555,-0.0052895321776597,-0.0001656942119626,0.0096285238158127,284.29198303222654,-8.97427232425585e-05,-0.0022155233598405,0.0213354013684366,235.3185012817383,0.0064537398542702,0.0044520481499787,0.0087431019826724,225.5572311401367,-0.0021040553457951,-0.0021608116202443,0.0089150187624231,46.59076347351074,-0.00156799757926,-0.0137566519753433,0.0162882365296827,46.86282768249512,-0.0060890569948942,0
2021-09-02,0.0074747305588798,0.0118603444910652,145.41561050415038,0.008226136403999,-0.0132803332740745,0.0087879002099058,138.31381378173828,0.0026473212825789,0.0068491381774964,0.0067447369011,152.7614532470703,0.0018814287133033,0.0046333527779112,0.0114330054236402,140.22319869995118,-0.0015658233787054,-0.0237145993330918,0.0102115311310523,348.6668472290039,-0.0065570817968291,-0.0022527001012941,0.0095093748312924,284.8777145385742,0.0013934899807714,-0.0023157881477566,0.021338777465072,235.61450119018556,0.0088139774241605,-0.0258124502147316,0.0094757190866339,224.7998649597168,-0.0054865760424088,0.0052779058911616,0.0080654611730356,46.64731349945068,0.0016492033884432,0.0243631145142395,0.017238958898267,46.809312438964845,0.0014882476397356,1
2021-09-03,0.0042303856746537,0.0117468518402587,145.81390380859375,0.0076352230910388,0.0031579554661025,0.0086612004667402,138.71034774780273,-0.0003459132522253,0.0006288839899171,0.0066785122887027,152.89047775268554,0.002434145937794,-0.0060452809822805,0.0097847346732688,140.3109977722168,-0.0043822513856239,-0.0030767759919183,0.0098728211305761,347.0018310546875,-0.0087991924237959,-3.340887040292895e-05,0.0095072276298302,285.46583862304686,0.0009655462907184,0.0016111325842673,0.0206310577597307,236.1890007019043,0.0060670015594103,0.0041483999754448,0.0094402706177472,224.03003692626956,-0.006539613697863,0.0046448067761688,0.0080658317154868,46.718758010864256,0.0037047412463921,-0.0038125699359944,0.0169914576970513,46.71947040557861,-0.0031492890999789,1
2021-09-07,0.0154893939802209,0.0120543691040639,146.3312973022461,0.0046497897311455,0.0037639299948646,0.0085587697418742,139.07548446655272,-0.0004076873519943,-0.0155392619940258,0.0075811283339631,152.87457962036132,-0.0015179851763715,-0.001755354536079,0.0097922725111469,140.3939453125,-0.0015319279679008,0.0131674461108124,0.0105498681680907,345.74117279052734,-0.0046588869443404,-0.0031877553769262,0.0094846789284378,286.06203308105466,-0.0022544747320588,0.0263778385893962,0.0209177795949037,236.84166717529297,0.0060076987483009,0.0051529921695681,0.0096085110799842,223.383585357666,-0.00425413642211,-0.0132664295392953,0.0087164781772279,46.75365657806397,-0.0005592191186425,-0.0058320215482562,0.0168702379645063,46.64357166290283,-0.0021281046355059,1
2021-09-08,-0.0100834310599443,0.0123483573212846,146.7954879760742,0.0043180082808378,-0.0040859070084054,0.0086601182546365,139.41665802001953,-0.0013728576589791,-0.0024373227302634,0.0075984625619133,152.83772048950195,-0.0013950098514251,-0.0044597501601495,0.0094554134970573,140.36041259765625,-0.0018130448897023,0.0183633253269575,0.0115741794895539,344.9256561279297,0.002877206406602,9.99161021935091e-05,0.0092775458218771,286.75035858154297,-0.0011079284916785,0.0012617502122473,0.0208343696956179,237.57300033569337,0.0049438819756627,0.0124630769992253,0.0101042069717444,222.96610565185543,8.081341589707413e-05,0.0012902103453842,0.0072680470926083,46.74306488037109,-0.000842863629365,-0.009166031315335,0.016359882966164,46.50578422546387,-0.0016408320521378,0
2021-09-09,-0.0067049045889335,0.0125453966806228,147.19622421264648,0.0020812349129753,-0.0010440141137423,0.0085738718915473,139.77656478881835,-0.002297673787051,-0.022280588962389,0.0090566348533928,152.6321937561035,-0.0065558303038529,0.0043532824777599,0.009088623989717,140.27349319458008,-0.0006547500845675,0.0010539382682299,0.0114569277764955,344.3028503417969,0.0011586668761979,-0.0098599411346798,0.0096805610635952,287.27190551757815,-0.0030467778762219,0.0013132310870769,0.0207880646001924,238.3569999694824,0.0056496328650462,-0.0069839421945241,0.0098609932808305,222.6164352416992,-0.0022063846530035,-0.0070527266130708,0.0070862741786826,46.69535579681396,-0.0018212466279303,0.0007402297444514,0.0163269622856166,46.36261405944824,0.001258544291821,0
2021-09-10,-0.0331018349902697,0.0141660901749304,147.20013046264648,-0.0060340781968545,-0.0185660877566647,0.0097266799823966,139.95904617309571,-0.003354824683569,-0.0065448006631748,0.008845425814637,152.31778106689453,-0.0092346180719872,-0.0114956138259341,0.0093378914553651,140.07803955078126,-0.0038805434053366,-0.0114396944310196,0.0116231576514231,343.5946105957031,0.0036136478566123,-0.0051806522923852,0.0096089042795836,287.5821838378906,-0.0036323683144401,-0.0246270383661343,0.0212861510511781,238.5906669616699,0.0011873828213707,-0.0113413874941493,0.0097922903635414,222.2846092224121,0.0006878278911129,-0.0036197650510269,0.007101124024496,46.64560642242432,-0.003600780816368,-0.0020337712228636,0.0163275179422601,46.22028884887696,-0.0040208328555995,1
2021-09-13,0.0038931184535639,0.0141888291241571,147.2220947265625,-0.0061015316410725,0.0103391845225957,0.0099196256390697,140.18727493286133,-0.0019185788722704,-0.0070071188990294,0.0086981687076796,151.9066307067871,-0.0107618186497765,0.0158871968801868,0.0097877406420639,140.072745513916,0.0005059521671568,0.0012377485156338,0.0116082650165268,342.86986541748047,0.0044765527581228,0.0043284946296571,0.0093898750839084,287.80811920166013,-0.0027599876144281,0.0091406624594381,0.0212650229904363,239.0211669921875,0.0026932887964048,-0.0012448904981662,0.0097169955210243,221.89780044555664,-0.0003908302036092,-0.0056892542380957,0.0071009214148097,46.57545566558838,-0.0056675930192209,0.0257504618107464,0.0174258103644325,46.16116256713868,0.0018917734937486,0
2021-09-14,-0.0095620012485672,0.0139881770728487,147.07566146850587,-0.0111118106868301,0.0014893057142291,0.0099016981865972,140.39716339111328,-0.0023735037283975,-0.0060313350157243,0.0082694335952417,151.38271255493163,-0.0088602332541162,-0.0174528800902926,0.0104528122718826,139.99068222045898,-0.0026335529436859,-0.0058073977354402,0.011591884850463,342.0077438354492,0.0006815839888722,0.0094280210634869,0.0095200980942512,288.08469848632814,-0.0002368323263455,0.0020053498586631,0.0184183210187008,239.9931671142578,-0.0021812089497417,-0.0071228184973144,0.009254603841145,221.30311584472656,-0.0028459923369857,-0.0052389643892014,0.0067666200787987,46.47423210144043,-0.0040620999892021,-0.014267645346682,0.0174115765094077,46.1037260055542,0.0002046487340634,1
2021-09-15,0.0061438665805568,0.0140157407827934,147.0190414428711,-0.0078663511587299,0.0132238782533624,0.0096950846976969,140.78215103149415,0.001088453323956,0.0037621055925816,0.0079155029435844,150.81508026123046,-0.0076203475895472,0.0069397983829815,0.0102096551608185,140.04142227172852,-0.0003536432350597,-0.0030363777194617,0.0115868752971277,341.1106750488281,-0.0035983566204115,0.0167784165552662,0.0100221829451164,288.6760452270508,0.003098867764269,0.015231899000174,0.0167083437729698,241.49516677856445,0.0006128208078435,0.0034972730150375,0.0093521837473985,220.78608474731445,-0.0046391531338233,0.0017324129845486,0.0068115981139185,46.377716064453125,-0.0039736594613692,0.0337116370574643,0.0189964627792468,46.140046119689934,0.0087801824086233,0
2021-09-16,-0.0016105719638604,0.0127117385173766,147.13765029907228,-0.0068474846337153,-0.0056741864167847,0.0095169682352061,141.18661346435547,0.0001624188633475,-0.0012091224574232,0.0076432247807808,150.33774948120117,-0.003406054288554,-0.0004428021526088,0.0099652391712488,140.15216445922852,-0.0013128601611334,0.0045248093144731,0.0116552379694369,340.4000076293945,-0.0029041824111629,0.0013123520818645,0.0098371238639716,289.3726806640625,0.0053333264075779,0.0015347617076681,0.0153252663411092,242.62850036621091,0.0006571269319618,0.0023234133743457,0.0090928965710001,220.434001159668,-0.0027776820200493,0.003320356050193,0.0065996179318843,46.31384220123291,-0.0018990429287164,-0.0106343100041728,0.0184976337814125,46.200439643859866,0.0065052744588984,0
2021-09-17,-0.0183479713776815,0.0134111035480898,147.10641021728514,-0.0038967119111976,-0.019566718569881,0.0107719656486002,141.44036483764648,-3.770729929568617e-05,-0.0028447085040299,0.0071978535695115,149.7799331665039,-0.002666035856725,-0.0025934543225533,0.0097664591728153,140.30217361450195,0.0004675717395427,-0.0094420885237211,0.0116326629999825,339.7073043823242,-0.0025046612297032,-0.0175281961630631,0.0098164610242229,289.52172393798827,0.0028638176334423,0.0033025333532406,0.0139230013840262,244.062166595459,0.0062430412758368,-0.0115010076894095,0.0093520019382095,219.96037750244145,-0.0028096060591013,-0.0020683653318774,0.0063159593013622,46.22940979003906,-0.0015887629848865,-0.0118237910468967,0.0172250513310122,46.30306606292724,0.0045472704940918,0
2021-09-20,-0.0213609349169264,0.0139781410675617,146.85015563964845,-0.0089475225852957,-0.0147762510269106,0.0110598815269515,141.50429763793946,-0.0050607944091969,-0.0057053299907675,0.0069180499034673,149.14324951171875,-0.0024056780750727,-0.0299339685741254,0.0119669034898432,140.22452087402343,-0.0086966613513197,-0.0097657547533316,0.0117222885100388,338.9646026611328,-0.0047053618834963,-0.0185748139586819,0.0088086698650771,289.03807373046874,-0.0017168440842254,-0.0386048433059422,0.0170898629459963,244.8940002441406,-0.0033060598772392,-0.0076661650385152,0.0094275882722947,219.41489028930664,-0.0040938609671711,-0.0137497750539891,0.0063235903196569,46.09271774291992,-0.0032008671480652,-0.02664977632469,0.0184105626744458,46.34318714141845,-0.0059327771329954,1
2021-09-21,0.003427819345052,0.01375203314823,146.5436248779297,-0.0063495584665719,0.0022598501401087,0.0101865425067807,141.4543144226074,-0.004906685524021,0.0043951314515955,0.0071814560260094,148.57167358398436,-0.0003203847816087,0.0001307997449122,0.0115540089910006,140.06039505004884,-0.0051799253842787,-0.0068004989561897,0.0108574863012229,337.8175338745117,-0.0049039821276462,0.0016988630677328,0.0088218125696623,288.5645233154297,-0.0032626756833763,0.0126135310896808,0.0152163686669247,245.4453338623047,-0.0011844236310357,0.0005453283525813,0.0088305641142717,218.7411087036133,-0.002560231597192,0.001961654962781,0.0063522860309546,45.97611331939697,-0.0017607432776687,-0.0009312600383203,0.0158080452396375,46.289550590515134,-0.0032655000713231,1
2021-09-22,0.0168727280969915,0.0143892581034702,146.359610748291,-0.0042037861632849,0.0089943277926645,0.0101999177405048,141.40584487915038,-0.0057525956161606,-0.0036469891116661,0.00688318315281,148.07089080810547,-0.0018022037224582,0.0191529309101432,0.0123245453954554,139.9827453613281,-0.0027372988788464,0.0178729850825534,0.0118030512192953,336.92579956054686,-0.0007221095672431,0.012822087705935,0.0092969590417532,288.3702896118164,-0.0040539414532425,0.0169871810945057,0.0155628066352979,246.16950073242188,-0.0008333672121693,0.0117181693305246,0.0094056827629401,218.1869384765625,-0.0009160523340946,-0.0023074999953262,0.006081895286526,45.87865505218506,-0.0025687258736437,0.0292692935822926,0.0171059185214649,46.28321571350098,-0.0041539687663574,1
2021-09-23,0.0067191751930328,0.0143863244368144,146.2849319458008,-0.0025378367319062,0.0066472332256535,0.0102286880013548,141.3630729675293,-0.0032883116876729,0.0056734818031085,0.0071208262092655,147.66143646240235,-0.0004256828703519,0.0338012291456881,0.0137798881191117,139.9942153930664,0.0041115073808129,0.031041559915137,0.0139108467161429,336.68162689208987,0.0045812405528895,0.0032822671049825,0.0093308348948029,288.2524978637695,-0.0036599584486189,0.0022608146164888,0.0155628820780009,246.8768341064453,-0.0006881566304052,0.024960711057077,0.0111476685957281,217.9805114746094,0.0036114072024516,0.0005607909673814,0.0060854324479383,45.781511306762695,-0.003120638890206,0.0338706091359846,0.0187111599429218,46.35163307189941,0.004747015061674,1
2021-09-24,0.000612641188245,0.014337017200339,146.25467071533205,0.001254285781279,0.0070742666641521,0.0103031579464937,141.40145721435547,0.0020398853591336,-0.0030329679453656,0.0070950978216782,147.2707748413086,-0.000463334758619,0.0115401463307505,0.0139739926045546,140.05113143920897,0.0069382275114737,0.0115518178754527,0.0135760243405527,336.9389099121093,0.0087800218327243,-0.0007010722156297,0.0090721356363228,288.2649978637695,-0.0002945336591322,0.0275330599166629,0.0159315972292022,248.0973342895508,0.0041579486822792,0.0143663961395286,0.0114746975565308,218.0321189880371,0.0087848879682392,0.0028017873961534,0.0058156463037516,45.71591167449951,-0.0021466083445998,0.0089348545093377,0.0184271853078333,46.473264503479,0.0088987441729209,1
2021-09-27,-0.0105498075005627,0.0144101689475922,146.0970115661621,0.0034165112645517,-0.0080370986646437,0.0095580547270512,141.2561462402344,0.003387715831587,-0.007240230352328,0.0071681642935343,146.84427795410156,-0.0007703148309311,0.0241656576695519,0.0148691773584651,140.22452545166016,0.0177581527602092,-0.0038812906414766,0.0135015885168789,336.98939056396483,0.0099569146550953,-0.0173039392445734,0.0098491991880831,287.99817657470703,-4.035871631054011e-05,0.0219140632204373,0.0162190065471077,249.4213348388672,0.0162617299875551,-0.008592657294295,0.0114278154328602,217.88308715820312,0.0085995895170833,-0.0064259451376168,0.0058484815911028,45.64889965057373,-0.0006818423613254,0.0296926443943668,0.0190515888460031,46.62234687805176,0.0201672283167323,0
2021-09-28,-0.0238014826331711,0.013241494938693,145.5498474121094,-0.0020293491310928,-0.0371581950527251,0.0124260778821396,140.82197265625,-0.0044958932069797,-0.0022062392304196,0.0069746908734159,146.3701499938965,-0.0020905889673341,-0.0053900283233312,0.0144010674234594,140.47336120605468,0.0166539871465605,-0.0156683868543965,0.0138654637367404,336.898616027832,0.008183337075454,-0.0362038354111785,0.0120945292192393,287.0332733154297,-0.0076208984120928,-0.0174383561231787,0.0161771782645663,250.19883499145507,0.0102513525449832,-0.0175959982933056,0.0119899534906763,217.6096176147461,0.0049713241879059,-0.0123025105432941,0.0058766759466075,45.53590488433838,-0.0035346754625404,0.0104552215065873,0.018812479779361,46.82337608337402,0.0224445246257138,1
2021-09-29,0.0064831049909443,0.0133810043720213,145.11055374145508,-0.0041072737523023,-0.0108703831896491,0.0125108158812292,140.30931930541993,-0.0084688354034424,0.0074319455914324,0.0073690099481454,145.9720588684082,0.0001251979732855,-0.0007826700992951,0.0143694670310564,140.7380813598633,0.0126668669446728,0.0057234595964998,0.0131584745130282,337.23646850585936,0.0057534319782432,0.0016930448365823,0.0121324287939073,286.17366180419924,-0.0098467069859633,0.0048227787753933,0.0161627443394812,250.9586685180664,0.0078184720811607,0.0049654230445337,0.0119084450034822,217.4928985595703,0.0036207749307077,-0.0004268030960264,0.0057718942142859,45.4156909942627,-0.0031585360826805,-0.0006675631825903,0.0184815508459624,47.04974460601807,0.0164571532727372,0
2021-09-30,-0.0093118255588326,0.013332466762165,144.57314834594726,-0.0073134739026754,-0.0050425082448201,0.0123974605094036,139.73741607666017,-0.0108067836975372,-0.015364066433671,0.0077343042130858,145.43719024658202,-0.0040823116740703,-0.0136186233202056,0.0147726775669,140.91323852539062,0.003182896451494,-0.0156006141669942,0.0134997543298157,337.14472045898435,-0.0035750028381829,-0.0073238667870937,0.0121506864913073,285.2164566040039,-0.0119679337643786,-0.0074618094773734,0.016296180734003,251.64850234985352,0.0058739472623883,-0.0173371116044505,0.0124207638923987,217.13744049072267,-0.0048387896015977,-0.0075477922417787,0.0058733564043157,45.2838638305664,-0.0047802527245125,-0.0177020531494515,0.018710368521952,47.26302146911621,0.00614262081565,1
2021-10-01,0.0081272514559935,0.0133619002573181,144.03623275756837,-0.0058105518491257,0.0214471154333368,0.0134269457422562,139.40317916870117,-0.0079322139437002,-0.0063775416438021,0.0073480775611253,144.80531387329103,-0.0047512264137576,0.0210156463756419,0.0154059898751417,141.2075210571289,0.0050779964604723,0.0359526480273522,0.0145762621858422,338.0621734619141,0.0013051631921969,0.0254681986943698,0.0137557520150218,284.6371307373047,-0.0067340795823786,-0.0003352887910834,0.0162689849493607,252.3623359680176,0.000300277520839,0.034612759798801,0.0135104179093571,217.4403289794922,-0.0007895168697432,-0.0167168139694634,0.0063038621204517,45.1032299041748,-0.0086839729976359,0.0358722868456176,0.0195081272735313,47.51008491516113,0.0115301072829059,0
2021-10-04,-0.0246057367876474,0.0140100752284208,143.2962646484375,-0.0086217377065426,-0.0211177666313785,0.0139909709051827,138.90360946655272,-0.0105483475370472,-0.0077897989179341,0.007293070285653,144.11400604248047,-0.0048611401268789,-0.0010771828239262,0.0153066133907318,141.5366584777832,2.9428361776728807e-05,-0.044366642271185,0.0179790428222041,338.2548858642578,-0.0067919071337447,-0.0207197828129647,0.0143681995584909,283.77030487060546,-0.0074172482960569,0.0081396213981275,0.0163056927806959,253.161669921875,-0.0024546108436229,-0.0248631818360279,0.014711582539,217.42200317382813,-0.0040436217780898,-0.0096317989390681,0.0060770691396158,44.89105052947998,-0.0093251437579261,0.0129656918827003,0.0194590999876091,47.79938125610352,0.0081847167805727,1
2021-10-05,0.0141583126136641,0.0139101057616971,142.53579483032226,-0.0010297786571755,0.0176830019030191,0.0147013073224222,138.49436264038087,0.0004198918541016,0.0022613017387087,0.006980070868213,143.55729064941406,-0.0039676319330532,0.0163303249275088,0.0155800421155445,141.99843521118163,0.0043734990119447,-0.0028759725425535,0.0177515706972775,338.1820755004883,-0.0042334242713761,0.019957179842643,0.0152555628500015,283.2212677001953,0.0038149547547073,-0.001202850103416,0.0153917494775462,253.62283630371093,0.0007924903603296,-0.0020025704698917,0.0146670673414277,217.32602462768557,-0.000924936213407,0.0065570135949595,0.006224402803532,44.72391204833984,-0.0055532389302754,-0.001620345521999,0.0193458904966976,48.097968673706056,0.0057696033748554,1
2021-10-06,0.0063072945449285,0.0140846618876459,141.8958869934082,-0.0010649407463787,0.0113363977486777,0.0150331852607715,138.19075546264648,0.004861248041767,0.0020675814002135,0.0070983719189964,143.0333465576172,-0.005040504771297,0.0021343667596862,0.0154765377756305,142.50751724243165,0.004956906383741,0.0159667823811291,0.0176282663601494,338.06800079345703,-0.0021847597144502,0.0150643242921229,0.0157150612428145,282.87992095947266,0.0064892106458154,0.0027671424905384,0.0153920442232065,254.1041694641113,0.0003813631033586,0.0099430178150523,0.0145617356724273,217.20158996582023,7.058274069664528e-05,0.007319913136746,0.0066140717346039,44.5694860458374,-0.0040038956837209,-0.0183379938415768,0.019834072493418,48.36995010375976,0.0022355172430581,1
2021-10-07,0.0090842425684736,0.014382738527601,141.36970596313478,0.0026142728790824,0.0120669576099337,0.0153624428411786,137.97685317993165,0.0082831412127178,0.0089428527818289,0.0061387219588524,142.7392593383789,-0.000179120928197,0.0063307841855684,0.0154876930667032,143.03365097045898,0.0089467878848958,0.0162526817885024,0.0180081292654075,338.2110656738281,0.004185899476649,0.0059365415381948,0.0156472785750964,282.76454010009763,0.0091412923108731,0.0138742603994963,0.0156173873998775,254.7500038146973,0.0046485770787325,0.0178357605759962,0.0150271804069994,217.3491729736328,0.0071051571767859,0.0117715516742717,0.0073673368832895,44.45680522918701,-0.0001400269005108,0.0028103897065763,0.0198115029900243,48.6474214553833,0.0063380058142636,1
2021-10-08,-0.0027214208810256,0.0125862773407918,141.07342529296875,0.0004445384116786,0.0040259600396017,0.0148570280113264,137.9228088378906,0.0047989101339707,-0.0025416207027976,0.0060481297394632,142.4753204345703,0.0005880632600038,0.0007640867697784,0.0150908046850883,143.64629287719723,0.0048964759637231,0.0029668684023638,0.017789173433966,338.6003082275391,-0.0024112564483486,0.0,0.0156048498664426,282.7231948852539,0.0040476525719992,-0.0102318345223733,0.0145935777458815,255.57033615112303,0.0026692679324745,-0.0012145737043216,0.014765768268775,217.6076881408691,-6.030952383855315e-05,0.0030164894849691,0.0074623686639969,44.35903377532959,0.0038066337903756,0.025057487934718,0.0201611726016887,48.99373245239258,0.0041750460320837,0
2021-10-11,-0.0006299274954437,0.0125152106165151,140.74444274902345,0.0052397002701193,-0.0062348128647596,0.0146947179787808,137.7533836364746,0.0077755008872945,-0.0042251303964527,0.005953886411911,142.23279495239257,0.0013009969643001,-0.0210313324179236,0.015843822302047,143.9897331237793,0.0009056460449236,-0.0220025238329574,0.0185362805685339,338.58907928466795,0.0020615672392968,-0.0021029063509149,0.015576562951476,282.5905029296875,0.0077710278644091,0.0082115285655759,0.0145756169005274,256.386003112793,0.0026836493659642,-0.0224083890048736,0.0156859945674646,217.63083801269528,0.0004306490423923,-0.00093105591435,0.007419425770998,44.27224750518799,0.0055467823953192,-0.0099709661641853,0.020021275878827,49.25515480041504,-0.0004122855772933,0
2021-10-12,-0.0091030948946556,0.0125014704506142,140.42180480957032,0.0005874187684554,-0.0177446433617579,0.0151382414677904,137.45128707885743,0.0006899718343391,-0.0159749031488948,0.0067039371461082,141.92210083007814,-0.0023462440132205,-0.007681262867776,0.0153387892216428,144.39945526123046,-0.0038966715141333,-0.0052139486941297,0.0185267479121274,338.58792877197266,0.0015939720089816,-0.0045882277305645,0.0154280385229943,282.25829162597654,0.0028619463497676,0.0174002673033608,0.0149066083934858,257.40650329589846,0.0064042728473196,-0.0047087432639759,0.0156356994151349,217.6800331115722,-0.0001105855164245,-0.0010749480316937,0.0073795661071188,44.19503402709961,0.0040203900699886,-0.0051981568497152,0.0196491931466731,49.53642673492432,-0.0011278478428366,0
2021-10-13,-0.0042400682528713,0.0123511954436524,140.02546081542968,-0.0015220537911045,0.0083033938891379,0.014914887455427,137.11192092895507,8.33710624311479e-05,0.0095753981223876,0.0070900888418065,141.65029602050782,-0.0008446806687857,-0.0263668711926831,0.0166399917506596,144.56755981445312,-0.0095969191046071,-0.0086580377799169,0.0186202039518013,338.49242248535154,-0.0033309920232275,0.0117115118679391,0.0151590970552863,281.8491607666016,0.0021913838649309,0.00665237902232,0.0146902452941187,258.3273361206055,0.0071813201536759,-0.0070964953354167,0.0157025492372956,217.6149230957031,-0.0035184881465183,-0.0072464640091299,0.0074322406110427,44.09804649353028,0.0011071146408134,-0.0027760451412093,0.0186024502739049,49.73281078338623,0.0019845418972368,1
2021-10-14,0.0202259455208289,0.013377375996599,139.7799446105957,0.0007062867993664,0.0259408744720455,0.0161636758916318,136.99005203247071,0.0028581544348535,0.0057161469471551,0.0072913695650004,141.42699737548827,-0.0014900218357204,0.015341582115669,0.0169237636187152,144.84838790893554,-0.007794759518587,0.0065138350562676,0.0186516092388342,338.42958068847656,-0.0052787613696745,0.0217337142815521,0.0160086276407582,281.7304077148437,0.0053508184136023,0.0089264710995042,0.0147275088874521,259.349503326416,0.0061917622936775,0.0122268419103166,0.0159401917473736,217.6559196472168,-0.0046402718796542,0.0108404749712565,0.0078994211908167,44.01706714630127,0.0009208993002103,0.0152284800767916,0.0184200651998524,49.99381103515625,0.0044681599712799,1
2021-10-15,0.0075124965451975,0.0129186219750402,139.72039642333985,0.0027530702846111,0.0015374353567161,0.0155469249568519,137.01820220947266,0.0023604494982763,0.0074326356397937,0.0075523789610472,141.27623977661133,0.0005048294327977,0.019208263348059,0.0173026526582327,145.28667678833008,-0.0041059242029309,0.0331417452078977,0.0199079004504292,339.0805267333984,0.0007562139914322,0.004822669429247,0.0155139704267193,281.9390579223633,0.0063153522994517,0.0301959995019152,0.0158451727390591,260.741837310791,0.0142773290985352,0.0258014857267778,0.0166520004506325,218.1015716552734,0.0007629400065656,0.0048618720201449,0.0080369089839527,43.95146770477295,0.0012899758072455,0.0095162380495241,0.0179812323618915,50.30760307312012,0.0013599099942411,1
2021-10-18,0.011805832166128,0.0121861496615764,139.89660034179687,0.0052402222169255,0.0099739057892602,0.0152647921655075,137.21934280395507,0.0056021932290803,-0.007315993667049,0.0076131951994723,141.11498947143554,-0.0001133432213214,-0.000359950071242,0.0154906356108133,145.93055114746093,2.8352266405384795e-05,0.0068537732658573,0.0197322962861062,340.01268463134767,0.0065274734111952,0.0101243506590724,0.014940992397565,282.5635696411133,0.0087608037014492,0.0321222449364344,0.0131884293689048,263.0741714477539,0.0190594723727069,-0.0014718050916977,0.016516389952051,218.61281738281247,0.0049502567892008,0.0080398751937289,0.0077512670269302,43.93483276367188,0.0030841620288613,-0.0004794766669119,0.0163179017086195,50.68221035003662,0.0032582078936958,1
2021-10-19,0.0150802568517898,0.0125649603244763,140.15676040649413,0.0100768925662146,0.0032149286199161,0.0152686091129529,137.42769622802734,0.0097941076254151,0.0234200512851658,0.0093319197711365,141.0861473083496,0.0077656476654906,0.012128565268751,0.0155374168902403,146.66320343017577,0.0039903178937108,0.0102107658105012,0.0196568924578642,341.2348678588868,0.0096124163121214,0.0030593004385892,0.0149413590756442,283.20924072265626,0.01029030933528,-0.0067118606402704,0.013602523467815,265.1556709289551,0.0142370467839807,0.0124429179510163,0.0166565466413751,219.25669555664055,0.0083805890321992,0.0212449367186333,0.0091298670308286,43.96104125976562,0.0075481389789267,0.0150255392368656,0.0162585426373955,51.09862823486328,0.007302947111012,0
2021-10-20,0.0033612739007431,0.0120711620571819,140.32320251464844,0.0115971609969375,-0.0102488276322201,0.0153841330870979,137.501318359375,0.0060836633211435,-0.0005492304381271,0.0092966337302465,141.0795928955078,0.0057407219533877,0.0134662419106597,0.0153207080226502,147.36733932495116,0.0119569405143793,-0.0147194738357071,0.0197784724239983,341.90528259277346,0.0084001291009633,-0.0026606403165213,0.0147695999010278,283.63375701904295,0.0074158788983879,0.0017703140411262,0.0134938791976595,267.05333786010743,0.0132606337877419,-0.0089928375540182,0.0167348063899753,219.6748542785644,0.0080013205884789,0.0090536661447064,0.0092901593097814,44.012987327575686,0.010808165009694,0.0055118819215906,0.0155198210188353,51.4635217666626,0.008960532523572,1
2021-10-21,0.0014737337048122,0.0120023109093977,140.452547454834,0.0078467186337341,0.0008251430725769,0.0153194242823106,137.5345230102539,0.0010605170412498,-0.0023200814864128,0.0092111005832855,141.01579208374022,0.0041334762666741,-0.0078437638153773,0.0139701873451063,147.77948455810548,0.00731987132817,-0.0015696571665655,0.018580021815411,342.0310134887696,0.0067834306563967,0.0108976780590586,0.0149137337962859,284.172216796875,0.0052486716538892,0.0325710107334951,0.014573526242153,269.3926712036133,0.0179895417145401,-0.0050988884976744,0.0158971367584205,219.76793899536128,0.0045361745068807,0.0055481158723695,0.0093392369079936,44.07638988494873,0.0097496931899166,-0.0181675418704017,0.0152091069053152,51.70044937133789,0.0022813281341333,1
2021-10-22,-0.0052847932635721,0.0120835520648093,140.5389427185059,0.0052872606719802,-0.0304431712533624,0.0166883869533744,137.30414199829102,-0.0053356042807658,0.0019585549262464,0.0092037534405354,140.9878257751465,0.0030386601239646,0.0134514791688511,0.0140386742368254,148.21076583862305,0.0061685144923285,0.0069060506889084,0.0184636358086182,342.07776336669923,0.0015362917525988,-0.0051487623943129,0.0149882136587893,284.6438491821289,0.0032543852891772,0.0175391075595112,0.0140550362400523,271.6475036621094,0.0154581633260593,0.004299946740186,0.0155928001447831,219.7505767822265,0.0002358667095623,0.0104217406666273,0.0095508514316087,44.15752639770508,0.0108616669192131,0.0068590874678273,0.0151865251193678,51.93399810791016,0.001749898017794,1
2021-10-25,-0.0003363907043474,0.0117969095999899,140.69855194091798,0.0028588160978851,-0.0008688141056737,0.0166180421538848,137.12448501586914,-0.0075041482597526,0.0021985074335593,0.0090622262560986,141.0275894165039,0.0049415603440863,-0.0048899351827679,0.0132132234215898,148.43093032836913,0.0052625174700233,0.0061060224672917,0.0184797447206494,342.2984390258789,0.0013867415928857,-0.0033312212705391,0.0143675512062578,285.31500244140625,0.0005632709032548,0.1266159836258198,0.0299512351295941,275.53916931152344,0.0343569110639364,0.0114603920602831,0.0156532823920243,219.95700302124015,0.0028223061399585,0.0115949060771722,0.0095821199986465,44.28009414672852,0.0115726730959018,0.0194865389849552,0.0144565736990621,52.147274589538576,0.0057431011481674,1
2021-10-26,0.0045749808508248,0.0102377198190189,141.06023941040038,0.0007577608976921,0.0135435129200638,0.0145813498642778,137.29688110351563,-0.0054384313997231,0.010178032572641,0.0093007051499119,141.15606079101562,0.0022931566015813,0.002691021067632,0.0131127983496685,148.71122207641602,0.0033750086297995,-0.0098100438242624,0.0182500393967136,342.618408203125,-0.0026174203340669,0.0064255543871543,0.0111344187181264,286.5933639526367,0.0012365216929678,-0.0062740503925067,0.0294457857247432,279.5536682128906,0.0344444731134891,-0.0088079450400785,0.0152199689450385,220.25892791748043,-0.0014278664582604,-0.0087299172339246,0.009316970330099,44.40956745147705,0.0055777023053902,0.0231549012672158,0.0150142407437297,52.39729480743408,0.0073689735542374,0
2021-10-27,-0.0031475798210708,0.0102718029745697,141.35407943725585,-0.0005440098466706,0.0495946783234704,0.0178194573046302,137.8848663330078,0.0065302697914149,-0.0121262471244917,0.0096050072831109,141.14382705688476,-2.2246735691555663e-05,-0.0208284737405489,0.014065048700751,148.83879013061522,-0.0034839345004421,-0.0604499259518542,0.0227975241828907,341.7909606933593,-0.0117635107572964,0.0421142372609011,0.013910751206267,288.4765319824219,0.0101914972084523,0.0190784388057105,0.0293851978298527,283.8295013427734,0.037906098066406,-0.0691917889569985,0.0218951891210248,219.7332122802734,-0.0134676567388564,-0.0082016122159828,0.0096202673596065,44.52083568572998,0.0021266466332523,-0.0259721106803696,0.0164949304521999,52.57678565979004,0.0010721750338454,1
2021-10-28,0.0249917436602074,0.0110941414335566,141.89441452026367,0.0041595921444083,-0.0025201391619644,0.0177580072881602,138.48816528320313,0.0058612133445067,-0.0054357781877497,0.0090095251016496,141.20281982421875,-0.0006453860759589,0.0150747783360307,0.0139629433857812,149.1783676147461,0.0010997739298394,-0.0080125261881793,0.0226256088615662,341.1002395629883,-0.0130520845616191,0.0036510433060523,0.0135454120922544,290.51642456054685,0.0087421702578511,0.0377507487297992,0.0293310373485514,288.85550079345705,0.0389420456656668,-0.027527858223899,0.0223785381343004,219.11055374145508,-0.0179534506841013,0.0062361199189573,0.0093518359680779,44.6631778717041,0.0022642474425699,0.0028067197892933,0.0157227676111932,52.808645248413086,0.0052670273657844,1
2021-10-29,-0.0181557570903989,0.0120721016240175,142.24341049194337,0.001585399379043,0.015063727868134,0.0174930678555823,139.0582618713379,0.014962593168806,0.0001841877497135,0.0088659599215112,141.3081314086914,-0.0010002595112655,-0.0027590052083601,0.0132898587947426,149.34530639648438,-0.0021423229456028,0.0074766649396798,0.0209565913370457,339.9237548828125,-0.0129379617114649,0.0224142717367659,0.0133434038976396,292.56064758300784,0.0142547770840669,0.0343162943617936,0.0292800830803507,294.5018341064453,0.0422974830261233,0.0091973586399967,0.0208127641021533,218.2091209411621,-0.0169739683041392,0.0065340390193717,0.0081083011831896,44.85730876922607,0.0014867071131187,0.0024879026637139,0.0138922982100081,52.958149909973145,0.0043927904049617,1
2021-11-01,-0.0056076094536143,0.0104661749651666,142.72273025512695,0.0005311556291896,-0.0307271437331153,0.0183365819314265,139.54581298828126,0.0089909272433176,0.0008597775769021,0.0086337007141326,141.47418670654298,-0.0012680054825969,-0.0005297538324189,0.0132854758621585,149.51619338989258,-0.001270286675533,-0.004381333693883,0.0186043146096228,339.4515335083008,-0.0150354329436998,-0.0067848759246872,0.0121302148986657,294.78468170166013,0.0135640461532372,0.0849102277797451,0.0326629363606104,301.6195007324219,0.0339563318569083,0.0032585752353362,0.0202726461985574,217.6173309326172,-0.0186143316691286,0.0024761867423679,0.0074323772197062,45.077962493896486,-0.000337036753842,0.0179928283675414,0.014127128785894,53.12328071594239,0.0040940482814789,0
2021-11-02,0.007116248746986,0.010202722900377,143.15763473510742,0.0010394092084218,0.0134880827912746,0.0181918317218721,140.01215209960938,0.0089798412175598,0.0157648274457229,0.0092273970876156,141.7368125915527,-0.0001506465079805,0.0039457008078067,0.012825341595112,149.59653091430664,-0.0010193507274981,-0.0166739344545775,0.0189203499055783,338.7566436767578,-0.0164082110697628,0.0114157928569698,0.0118210773342086,296.9178482055664,0.0145620938472003,-0.0302749952920325,0.0343759521872229,308.143000793457,0.0291561428770031,-0.0156266030926799,0.0204792610105545,216.8871192932129,-0.0199780632796489,-0.0004674334164993,0.007518738652101,45.28355026245117,0.0013154600096429,-0.0123418126997404,0.0145165558548148,53.258426666259766,-0.0030052945119122,1
2021-11-03,0.0097985598633192,0.0102897054643364,143.62084732055663,0.0036286371452998,0.0080141483929998,0.0181316399328107,140.45983200073243,0.0006637352314657,-0.0032006319445125,0.0092970074956166,141.96186065673828,0.0016344765280152,0.000352001264825,0.0128204004235885,149.66355361938477,0.0032167442735766,0.0028920572600577,0.0184895053834952,337.84191436767577,-0.0037398144273804,0.0026115389415699,0.0117146145479657,298.883708190918,0.0066615541833341,0.0357167380197345,0.0342423954977403,315.3281677246094,0.0324838027198079,-0.0049728511537691,0.0202424477275451,215.9991912841797,-0.007134275719003,0.0030724923936533,0.0074982858564312,45.48066291809082,0.0035702809315702,-0.013730304917614,0.0141992874041408,53.40370807647705,-0.0005569333593611,1
2021-11-04,-0.00349859738313,0.0103014472064409,143.9952262878418,-0.0020694310633676,0.0113882132150737,0.018115074024409,140.90798263549806,0.0034454057068733,-0.0027868565132233,0.0091804578842086,142.10431671142578,0.0021642608629205,-0.0131352780632812,0.013092325166144,149.58365859985352,-0.0024252670062857,0.0182132578573197,0.0185996375042244,336.94371032714844,0.0015053423817193,0.0073053496068473,0.0117144401803716,300.8832183837891,0.0073924154434931,0.0132222978796836,0.0342515567286043,322.5998336791992,0.0275781125497848,0.0032677733874522,0.0196681928153789,214.949210357666,-0.0009751493967327,0.0073245269279627,0.0073323829328889,45.66961479187012,0.0037879623333712,0.0075083544881466,0.0142371437211264,53.56208209991455,0.0003833935804095,1
2021-11-05,0.0035821169984269,0.0102242497494513,144.41503372192383,0.0022781437543975,0.0039421877527525,0.0181149085545436,141.35732192993163,0.0012210976837971,-0.0071083280987441,0.0093298196345833,142.21356353759765,0.000705757693229,-0.0014261415848199,0.0130907945961857,149.4873420715332,-0.0021586942815776,0.0398294017727891,0.0208600708143144,336.6438217163086,0.0079758897483412,-0.0011295801224086,0.0117510253976557,302.86445770263674,0.0026836450716582,-0.006358169933862,0.0340661320703836,329.8765014648437,0.0194432196906537,0.0377906311584028,0.0218508000687168,214.29327163696288,0.0047435051069484,-0.0069405954537943,0.0077421729940325,45.835497093200686,0.001093035438738,0.0094704403706389,0.0133722644779567,53.68202419281006,0.0017799011217945,0
2021-11-08,-0.005552499377874,0.0103737803817901,144.7981750488281,0.0022891657695456,0.0012025536580622,0.0179846974246391,141.85872650146484,0.0076070371620326,-0.0034264681578508,0.0093088096249965,142.32805252075195,-0.0001514914537215,0.0060102548996143,0.0122335137553179,149.59475708007812,-0.000850692535171,0.0025230248179197,0.0202518670921684,336.7663040161133,0.0093567614507017,0.0027673615292169,0.0116102145131819,304.9202178955078,0.0045940925624391,-0.0484007095338629,0.0375245982532254,336.0598342895508,-0.0072189677720678,0.0176308206483264,0.0217946132371399,214.07044677734376,0.0076179541895464,-0.0063902020515405,0.0080051684178223,45.98835411071777,-0.0006802423200436,0.010765847352308,0.013171479332601,53.857713508605954,0.0003345049187478,0
2021-11-09,0.0024594465218221,0.0099948966363371,145.26285705566406,0.0013578053245128,-0.0007548767174142,0.0173082904762766,142.47672119140626,0.0047584452602948,-0.0022104102605057,0.0084703211377359,142.5386764526367,-0.0037465389949673,-0.0075716144423428,0.0122295403265117,149.7021697998047,-0.0031541555852009,-0.014356387996956,0.0204908000660649,336.7327682495117,0.009820270742226,-0.0030857828610586,0.0115367984241861,306.9908874511719,0.0016937774188334,-0.1199030325435985,0.0488757065506247,339.6895004272461,-0.025144575222381,-0.0322009943538493,0.0228930278724207,213.55630798339843,0.0043030759373126,0.00348348139052,0.0079353452985579,46.15172538757325,0.0001099406413602,0.0097382398779102,0.0130840004687851,54.07394638061523,0.0047505154342779,1
2021-11-10,-0.0191632358633309,0.0110855721595721,145.61555709838868,-0.0044345538208171,-0.0203131300883225,0.0181421089928611,142.88864364624024,-0.0009070104359696,0.010829971964871,0.0085373381352247,142.76022644042968,-0.0009404182130906,-0.0009535830051592,0.0104491747726512,149.9960060119629,-0.0034152724391977,0.0385610398056877,0.0220865338489141,337.4905090332031,0.016954067251352,-0.0153299543890705,0.0124937565239331,308.6490509033203,-0.0018945212472947,0.0434294519296247,0.0493073848733877,343.97066802978514,-0.023602032440403,0.0119473441533122,0.0230731352995135,213.24181594848636,0.0076871149987288,-0.0090124343292965,0.0080714888901579,46.309761428833006,-0.0023070447032297,-0.0197005898001588,0.0140630935829149,54.2421464920044,0.0035564584577689,0
2021-11-11,-0.0003379655969382,0.0102857886834663,145.82670135498046,-0.0038024274635788,-0.0008705066950406,0.0173376829830981,143.11739044189454,-0.0033587544179925,-0.0073660000191311,0.0087051347557999,142.88913497924804,-0.0018562469142721,-5.978400643491533e-05,0.0099763358819459,150.1797637939453,-0.0008001736278285,-0.0100577676551651,0.0222368881243531,337.9648834228516,0.011299862148855,0.0049275158749713,0.0119022402342701,310.0759704589844,-0.0023700879936699,-0.0041575288246014,0.0494788773452665,348.05716705322266,-0.02707799778126,-0.02384494413168,0.0233738828437295,212.54779434204104,0.0022645714949024,0.0004043828253479,0.0079110775765325,46.44519901275635,-0.0036910735237526,0.0018695309156779,0.0137789988031521,54.37620601654053,0.0024286937432752,1
2021-11-12,0.014337098020887,0.0106028917309044,146.08876113891603,-0.0016514312590867,0.0199736212598831,0.0178093604169167,143.47967681884765,-0.0001524677165664,0.0119588220524409,0.0089382741413238,143.05125274658204,0.0019571831159648,-0.0044744287081298,0.0091062277287673,150.19086227416992,-0.0014098310524905,0.0258506748820002,0.0217475443645808,338.32940979003905,0.0085041167706972,0.0129048408572267,0.0120411137458809,311.6389419555664,0.0004367962022571,-0.0282931020159921,0.0502165015750072,351.23033294677737,-0.031464984197686,0.00793672592139,0.0225405090951636,211.6542427062988,-0.0037062095525001,-0.0049835443679245,0.0080951161465017,46.55835018157959,-0.0032996633065787,-0.0076193897378553,0.0138581849739568,54.46437530517578,-0.0009892722784236,0
2021-11-15,6.659782116913426e-05,0.010346012898325,146.2678451538086,-0.0005276118192781,-0.0015197576256825,0.0177467337601431,143.76088485717773,-0.0006969299733153,-0.0090293735558641,0.0090316658711328,143.19982986450196,0.0008366020363621,-0.0017981865264158,0.0091158447544454,150.19130477905273,-0.0029715193376965,-0.0058870497256369,0.0217619608291604,338.4713348388672,0.0068221018619859,-0.0019300193605185,0.0120810323911394,313.02259674072263,-0.0005026799756899,-0.0193822444993675,0.0504199161024961,353.6183319091797,-0.0256612911907869,0.0009899279152894,0.022561323206723,210.787232208252,-0.0070343880991075,-0.0057525583947847,0.0081884631841465,46.64042778015137,-0.0031721345752275,0.0086180404452975,0.0139308461616309,54.57735252380371,-0.0014188336598256,1
2021-11-16,0.0066667263232418,0.0099178803247537,146.387939453125,0.0003138441410057,-0.003880046551848,0.017794106852595,143.99079666137695,-0.0013219639402021,-0.0051983724642893,0.0074331809874853,143.14739227294922,0.0002390095956054,-0.0072042585310247,0.0087858399855523,150.04882583618163,-0.0028980481554329,0.0226921209392734,0.0222251271490827,338.83392639160155,0.0142318036492318,0.0102356804546412,0.0121407059516927,314.52643432617185,0.00216161268745,0.0407937684260282,0.0507656125785611,356.7926651000977,0.0064780690031383,0.0135658414541417,0.0226052329288278,209.9209518432617,0.0021189790624906,-0.0254576045913464,0.0089855500192265,46.6165735244751,-0.0089603517716008,0.0100978632688986,0.0137340385186386,54.67845115661621,-0.001346908981628,0
2021-11-17,0.0164898210630168,0.0105085190274109,146.60534133911133,0.0074444555262753,0.0011561495161787,0.0175708756171965,144.30193710327148,0.0029718919806981,0.0037500822409992,0.0074888091700752,143.12554473876952,-0.0011769683491688,-0.0053824769560009,0.0081488094092598,149.76608428955078,-0.0037838269456012,-0.0281144524293414,0.0229227789029087,338.9505783081055,0.000896705202226,0.0006787803865466,0.0120537081689337,316.08077850341795,0.0053633596425735,0.0325012082846662,0.0509289202488235,360.5128311157226,0.0042924202741466,-0.0470302849556217,0.0245834717597068,208.6670036315918,-0.0096765467592961,-0.008591214796329,0.0088646767165797,46.55285758972168,-0.0088761078650073,-0.0109197143327118,0.0139981697435911,54.73437957763672,0.0004092661118613,0
2021-11-18,0.0285362218745908,0.0121204678254534,147.0261100769043,0.0132192930205811,0.0121011154055314,0.017700988688005,144.6960693359375,0.0055662164008125,-0.00538971643601,0.0075671826145363,143.08184585571288,-0.0007817116325446,-0.0086337362208184,0.0081811570636994,149.47979354858398,-0.0054986173884779,-0.0304869958291065,0.0239547220827038,338.5622329711914,-0.0031891404325622,0.0063398299837411,0.0119808029190801,317.57761535644534,0.0056458224643274,0.0067676102677005,0.050727343940993,363.8858306884766,0.006477448092607,-0.0084366464901967,0.0245908772631692,207.3863800048828,-0.0065948872309994,0.0085952797415362,0.0090147804641627,46.49557590484619,-0.0072379284817697,-0.010884773187753,0.0135578220201552,54.80933780670166,-0.0021415947088248,0
2021-11-19,0.0169761175655707,0.0123514600439197,147.6164421081543,0.0137470969295178,-0.0060867058413061,0.016048533780483,145.2590759277344,0.0003541509805746,0.003017417098704,0.0075873443399867,143.04557571411132,-0.002569992623292,-0.0130636010356003,0.0076954495825776,148.99775772094728,-0.007216451853972,-0.0244099286318393,0.024439033564634,337.6411849975586,-0.0132412611353301,0.0053915374426813,0.0117472546885342,319.2399978637696,0.0041431617814184,0.0371039180092043,0.0510380364721541,367.6754974365234,0.0195568520976463,-0.0121479203434154,0.0245097077212721,205.9386657714844,-0.0106118164839605,-0.0053788722272711,0.0086248342042215,46.40219783782959,-0.007316994053639,-0.0462192162279971,0.0171653821100829,54.7403018951416,-0.0098615600068531,0
2021-11-22,0.0029273296632832,0.012312794048686,148.2321891784668,0.0143192432979406,-0.0176226344063625,0.0167435454666066,145.69793548583985,-0.0028664243755613,-0.0131620086366905,0.0080897188395607,142.8998893737793,-0.0033965196394573,0.0213152582376012,0.0094330139767301,148.70525283813475,-0.0025937629011686,-0.0542211339847972,0.0269269747058749,335.7184036254883,-0.0229080779871622,-0.0095595416243512,0.0120684925721637,320.7939147949219,0.0026172573286518,0.0174221220804611,0.0434615411588862,369.8756637573242,0.0269177254136121,-0.0262868961270912,0.0244961225455726,204.1080352783203,-0.0160671812924366,0.0167850018214601,0.0091195893811767,46.31933498382568,-0.00280948201039,0.0138455509717196,0.0168515888545865,54.65527267456055,-0.0088160579015687,1
2021-11-23,0.0024222080487601,0.0123183193682435,148.83380889892578,0.0134703396430443,-0.0035543763284849,0.0166268680765369,146.01876525878907,-0.0028012903308886,0.0061991327622348,0.0078457361502603,142.72477111816406,-0.0011170185941524,0.0239121722334871,0.0110364050277078,148.56676635742187,0.0036295232517337,0.0239650817944756,0.0276869525162792,334.3419342041016,-0.0226534858161217,-0.0063265850629421,0.0123270969687054,322.1490921020508,-0.0006951957748648,-0.0413529327272921,0.0447151076284198,371.38566436767576,0.010488385182948,0.0148788969241218,0.0250480854071821,202.51735916137696,-0.0158045701984406,0.0071141916404471,0.0091693580388378,46.2731954574585,0.0037048772359686,0.026337192512629,0.0171092088612475,54.57665252685547,-0.0055681920528226,1
2021-11-24,0.0032833382116843,0.0122040835308514,149.48427505493163,0.0108290430727778,0.0023184801431299,0.0123839337113213,146.01393432617186,-0.0025688242054984,-0.0028005157163076,0.0074277948323566,142.61768951416016,-0.0024271381856138,-0.0078438891095751,0.0101459363441547,148.52815017700195,0.0031372408210189,0.033434827959309,0.025435515609877,334.5499603271484,-0.0103436297383916,0.0006807434964883,0.0085696985870218,322.8874572753906,-0.0006948031528764,0.0062847724844008,0.044598145290075,372.68799743652346,0.0052450980228949,0.0239808763966569,0.0213270871015989,201.93028564453124,-0.0016023379279849,0.0050068036283239,0.0090955123159731,46.257659149169925,0.0064244809208992,0.0055440070115757,0.016140444461961,54.58523101806641,-0.0022754477839651,0
2021-11-26,-0.0316784706836177,0.0136558486439753,149.70240020751953,-0.0012138954388638,-0.0269435594550457,0.0137756553602624,145.83224639892578,-0.0103777591776139,-0.006490429163513,0.0074666219183106,142.50375671386718,-0.0026472807311144,-0.0301269095317632,0.0115051070405224,148.1539749145508,-0.00116139384117,-0.0465588091250966,0.0275243272477017,334.1193267822265,-0.0135579923975897,-0.0243552758763905,0.0104330311945597,323.1727066040039,-0.0068338243249028,-0.030537595031082,0.0445409739477032,372.76933135986326,-0.0022159430368615,-0.0275521277468532,0.0213285758624375,201.3591346740723,-0.0054254341793162,-0.0111917691982388,0.0092698234551069,46.201946067810056,0.0024670711329442,-0.0351292462259631,0.0179553417188436,54.4907621383667,-0.0071243423916071,1
2021-11-29,0.0218739505450547,0.0135513046104181,150.22339935302733,-0.000234328842967,0.0235435415797351,0.0144175060295036,145.70757598876952,-0.0044517096934056,0.0034553973832289,0.0075244650350254,142.41270904541017,-0.0025596846742095,-0.0043229078983375,0.0115124771289779,147.7695915222168,0.0005867447862825,-0.0035784940555025,0.0274563655454554,333.51128845214845,-0.0093917054823223,0.021081041188836,0.0102920319797219,323.44317932128905,-0.0036959235756719,0.0509002279002275,0.0453373666321539,373.1524978637696,0.000543318941343,-0.0068808211670374,0.0211595655293721,200.629190826416,-0.0043720143440406,-0.0156658055425081,0.0096214244645665,46.09538612365723,0.0004096844698968,0.0055511270904489,0.0180051638920697,54.4040885925293,0.003229726272082,0
2021-11-30,0.0315774955542933,0.0147305385993649,151.03274154663086,0.0054957043352349,-0.0249637732860895,0.0138326945543639,145.62830505371093,-0.005919937469351,-0.0239125220593369,0.0091351452377767,142.14751968383788,-0.0047097873587387,-0.0148856873073897,0.0118232627442952,147.28267517089844,-0.0066534443227156,-0.0250454348817235,0.0279532908757382,332.5814956665039,-0.0035565656617076,-0.0179427600206667,0.011007604015776,323.5309066772461,-0.005372567254935,0.0068338234037736,0.040975977578571,372.0886642456055,-0.0015743407939944,-0.012838140814986,0.0211955986977843,199.7442092895508,-0.0016822632816196,-0.0140223452928714,0.0098956813017155,45.9516321182251,-0.0057517849529694,-0.028413729450861,0.018353140016414,54.19352359771729,-0.0052221298124341,0
2021-12-01,-0.003206543917849,0.0148474069728078,151.76443328857422,0.0043699539419131,-0.0059620337482615,0.0134789909929116,145.411181640625,-0.0064014689533063,0.0137880608334819,0.0089431454550812,141.86459197998047,-0.0031920017444893,-0.0059182573374345,0.011711747423552,146.72429809570312,-0.0126195302369,-0.0274356705287129,0.0283399492043891,331.50248260498046,-0.0138367161263453,-0.0015424813902724,0.0106980063274366,323.4133041381836,-0.004415746520401,-0.0434676345619486,0.0415591056762523,370.8053314208984,-0.0019972811609257,-0.0186302670166594,0.0212905704839118,198.8449363708496,-0.0083840960697758,-0.0248169896202293,0.0109915080525321,45.75420570373535,-0.0121380212051047,-0.0008354920664001,0.0182507064288497,54.01502723693848,-0.0106566667282399,1
2021-12-02,-0.0061295560564189,0.0149960223955822,152.37500534057617,0.0024873750882924,0.0135729583756061,0.0137390361906031,145.23117752075194,-0.0041505733068111,-0.0062626611092201,0.0089916861850147,141.561279296875,-0.0038844308230718,0.0210274620273986,0.0129417609757313,146.31062088012695,-0.0068452600095052,0.0454486563035376,0.0303412408753412,331.0538665771484,-0.0114339504574996,-0.0017875930580153,0.0106799012254697,323.22545623779297,-0.0049094138313018,-0.0094977391909246,0.0405866795037792,368.6509979248047,-0.0051537834959908,0.0427532737615043,0.0237593961603601,198.3886283874512,-0.0046296165968063,-0.0121773435546166,0.0109805705390311,45.52335147857666,-0.0155748506416929,0.0249203312027699,0.0191039541891548,53.937890625,-0.006781401890001,0
2021-12-03,-0.0117245493378731,0.0153240855943323,152.91759338378907,0.0064781593574413,-0.0067461542495269,0.0134626858092708,144.9206329345703,-0.0001110922657073,0.0145775453397203,0.0097305866397879,141.37879180908203,0.0003291640775748,-0.0181134070324583,0.0131978202756891,145.86675643920898,-0.0044425595096442,0.005965059692266,0.0300556826722481,330.4064605712891,-0.000929176694027,-0.0196664305542482,0.0113215549987707,322.6082000732422,-0.0039716447668733,-0.0641987607713322,0.0424272087118981,365.0686645507813,-0.0118860166440408,-0.0099346605720681,0.0237871061735216,197.80434341430663,-0.0011061231618493,0.0150586309709113,0.0115613678395219,45.30724925994873,-0.0103247706078628,-0.0063639782194169,0.0190200034698011,53.82379016876221,-0.0010283482886918,1
2021-12-06,0.0215029052024191,0.015834109281853,153.60389709472656,0.0064039502889142,0.0081230065813373,0.0135927887201343,144.63828735351564,-0.0031951992653869,0.022336655317678,0.0109472786254901,141.4040184020996,0.0041054156644646,0.0118140235211947,0.0136054092652301,145.51654891967777,-0.0012151732257378,0.0348326329757553,0.0297120293110977,329.65503997802733,0.0067530487122245,0.0098448646972295,0.0116219288200445,322.1623779296875,-0.0062188800651946,-0.005872086315763,0.0424287453218611,361.5173309326172,-0.0232404794872389,0.0323959694338975,0.0233298045540573,197.1468078613281,0.0067492349583376,0.0108355328265019,0.0120526347357243,45.131008529663085,-0.0050245029340608,0.0113317576179399,0.0190833580755206,53.713459968566895,0.0001277778168063,1
2021-12-07,0.0354463372974107,0.0170615000645683,154.61770782470705,0.0071777186375377,0.0287413729157541,0.0152172540825784,144.55098571777344,0.0075458299749818,0.0025777849125649,0.0109239386253334,141.47219009399413,0.009403477058845,0.0150474909973055,0.0140395584153822,145.2284812927246,0.0047714624352012,0.0185402085174217,0.0300498751899452,329.1612213134766,0.0154701773920535,0.026763430689481,0.0131991933342437,322.09232025146486,0.0027223580768349,0.042358371411876,0.0428054871340854,359.6641647338867,-0.0161355698856185,0.023139822624403,0.0236167813770652,196.53162689208983,0.0139448276462154,-0.0032370529685109,0.0120376915661684,44.962772369384766,-0.0028674444691887,0.0112050047805589,0.0190989128219919,53.60309944152832,0.0080515246630903,1
2021-12-08,0.0227828829269109,0.01740270585882,155.80407028198243,0.0123756040064897,0.0062267531604411,0.0152906238788457,144.51470718383788,0.0099835873567223,0.0059986585175375,0.0109695431842242,141.5991958618164,0.0078455965956561,-0.0114411382986315,0.0141486241956043,144.9146728515625,0.0036668862429618,0.0083353992365233,0.0299489665281398,329.048942565918,0.0226243913451008,0.0001491702370095,0.0131809246352305,322.07466278076174,0.0030606884022913,0.0163631955842291,0.0331642675062422,360.4218322753906,-0.0041694038563829,0.0078122989224336,0.0226625378662547,196.3371566772461,0.019233340834034,-0.0101048919273496,0.0119972704729926,44.76440410614013,7.497506938720644e-05,0.0028905117930588,0.018940936880436,53.47341365814209,0.0087967254349821,0
2021-12-09,-0.0029699265849124,0.0164405150544053,157.10628433227538,0.013007529900791,-0.0036978277599283,0.014571065821088,144.60119171142577,0.0065294301296154,0.0094927042607506,0.0109100265025236,141.71791076660156,0.0109966696696503,-0.0015557610271488,0.0141467969282153,144.59686813354492,-0.0008497583679476,0.0063681253692242,0.0286076384355254,328.3966720581055,0.0148082851582381,-0.0055824096545755,0.0127565484477591,322.2145401000977,0.0023017250829792,-0.0609564458190524,0.0345999134125099,359.35266571044923,-0.0144611451820085,0.011483748652433,0.0226491443713093,196.1356819152832,0.0129794358122198,0.0139092396458966,0.0126057903103404,44.61716003417969,0.0052922917094898,0.0025621367214097,0.0185071405117897,53.405788803100585,0.0043250865387101,1
2021-12-10,0.0280130763812378,0.0168605185106801,158.64997253417968,0.0209550550446132,0.0024585541920438,0.0145712499922417,144.7119598388672,0.0083703718179296,-0.0024714638870173,0.0107693813058792,141.87146682739257,0.0075868678243027,-0.0039883370706139,0.0141444647296431,144.25110244750977,0.0019752556244211,0.0156739563392376,0.0287814631492475,328.1818420410156,0.0167500644876324,0.0283397971879619,0.0141778054425855,322.73072509765626,0.0119029706314213,0.0131799270223116,0.0347734627684751,358.5779998779297,0.0010145923767202,0.0095085131782433,0.0220785036092796,196.2796646118164,0.0168680705622821,0.0182670551057531,0.0134761277349941,44.50883865356445,0.0059339765364582,0.0063887944417491,0.018572529745132,53.3501480102539,0.0068756410709433,0
2021-12-13,-0.020674000707636,0.0181401448484911,159.90868072509767,0.0125196738626022,-0.014695800731732,0.0142363384057084,144.57063903808594,0.0038066103553157,0.0178863596867913,0.0111578742681551,142.07000579833985,0.0066968086981254,-0.0118883797105761,0.0143012361632738,143.8542907714844,-0.0027652250219329,-0.0131745078602136,0.0282378696633956,327.2977355957031,0.0071486363204386,-0.0091669324894581,0.014117460839386,322.8894241333008,0.0081006111940837,-0.0497724302077295,0.0359512969851571,357.46116638183594,-0.007765476401673,-0.0111527536026624,0.0221723284635108,196.2279670715332,0.0081583259549701,0.018010510444139,0.0141959085237649,44.452154350280765,0.0073689720599856,-0.0219013464471762,0.0191130171381121,53.256414604187015,0.00022902025792,0
2021-12-14,-0.0080234548974408,0.0184170076638791,161.0979751586914,0.0038257154236319,-0.0131626187454785,0.0144998475214707,144.34538726806642,-0.0045741879769307,0.010922955051819,0.0110661915984104,142.41458282470705,0.0083658427259762,0.0076621921928492,0.0144862372862639,143.5245048522949,-0.0042422847828242,-0.0137847868763868,0.0283474068043435,326.2862823486328,0.0006836372416769,-0.0325869194383576,0.0159499890582365,322.54666595458986,-0.0037694588314839,-0.0081745781976763,0.0357648793325331,356.54649963378904,-0.0178720663235835,-0.0049285667249348,0.0221976344431778,196.1158760070801,0.0025446480851025,0.0095424050118493,0.0143455761867139,44.43039665222168,0.0099248636560576,-0.0014601920159008,0.0189625717573508,53.13528900146484,-0.0023040191013718,1
2021-12-15,0.0285090617254504,0.0189909002025777,162.48132934570313,0.0049709511833397,0.017608311504708,0.0150945280639778,144.27426681518554,-0.0022978763080773,0.0049917188356254,0.0109309317865436,142.83369369506835,0.0081644547895938,-0.007478198219996,0.014491366925279,143.19515991210938,-0.0034496967670971,0.0170314092373384,0.0281090779753811,325.1581802368164,0.0024228392418399,0.0192178511351766,0.0164016053409475,322.3424468994141,4.427734814944628e-05,0.0182366181335567,0.0346779820287883,355.23416595458986,-0.017497381813718,0.0110963156892975,0.0221231005720129,195.9772102355957,0.0032014514384753,0.0057263788750521,0.0131181739959978,44.48041095733642,0.013091117816538,-0.004387488781269,0.0187486822618389,52.97478656768799,-0.0037596192162374,0
2021-12-16,-0.0392637422662688,0.0217008754215956,163.39884185791016,-0.0022878119529314,-0.0136299440596122,0.015374864019301,144.09575119018555,-0.0042842995680141,0.0109265060052909,0.0110762541403521,143.3083969116211,0.0084512151385018,0.0156387041221564,0.0150012378267422,143.01495361328125,-1.0803737236098065e-05,0.0189694765986048,0.0278532326781774,324.8544067382812,0.004943109487716,-0.02913486233929,0.0175997526291212,321.6575439453125,-0.0046662131887934,-0.0502771327902586,0.0351180000581505,352.532666015625,-0.0153615192079592,0.0097027105262454,0.0192904592070216,196.4270263671875,0.0028452438132378,-0.0166700215142054,0.0135521970839777,44.51143951416016,0.0069752655845176,0.0016321299768964,0.018672394986486,52.84895267486572,-0.0039456205651401,0
2021-12-17,-0.0065016304589113,0.0211949495796275,164.04750442504883,-0.0091907533209613,-0.0188306778984361,0.0155300430788394,143.69364166259766,-0.0085421459861101,-0.0276282820440428,0.0129505056915251,143.61131134033204,0.0034198515070967,-0.0227544924295814,0.0156889257218739,142.7357635498047,-0.0037640348090296,-0.0102292078028165,0.027062727076338,324.90738372802736,-0.0002375233406947,-0.0033856855764645,0.0174914487630829,320.81610717773435,-0.0110113097416787,0.0060954494461815,0.0351040137715074,349.80249938964846,-0.0167784147231852,-0.0116153408889596,0.0193972252733177,196.8401245117188,-0.0013795270002027,-0.0320217883988143,0.0152555652787287,44.4509973526001,-0.0030825031163958,-0.0218348316740305,0.019097100667825,52.69572620391845,-0.009590345788296,0
2021-12-20,-0.0081220149944191,0.0211451963089582,164.497216796875,-0.0066803561783179,-0.0008327852577348,0.0155135474275679,143.33088302612305,-0.0057695428913107,-0.0028532689948137,0.0129967880148652,143.87169952392577,-0.0007280742292242,-0.0179890063102257,0.0159113217041186,142.42594985961915,-0.0049841601289595,-0.0351836673065723,0.0276848669579009,324.7761520385742,-0.0046393552299664,-0.0120135316111994,0.017512249852403,319.69868927001954,-0.011580629566027,-0.0349892712173617,0.0339695382961588,345.8505004882812,-0.0138217829251116,-0.014819815291138,0.0195104003119942,197.22085189819336,-0.0021129393378978,0.0032431411934592,0.0152546175652966,44.40973033905029,-0.0060359769665318,-0.0144926191386458,0.0164239391624795,52.63109760284424,-0.0081086003265899,1
2021-12-21,0.0190868755893161,0.0214487402707282,165.08233261108398,-0.0012582900809665,0.0131736920124694,0.0154515798229727,143.1906494140625,-0.0005022807397211,-0.0032189962865371,0.0125744845137445,144.2020240783691,-0.0035564644968954,0.0139663238758807,0.0154195136708068,142.05931854248047,-0.0037233337923532,0.0407097646575309,0.0259913811401149,326.2070571899414,0.006259555076817,0.0230687798202022,0.0184004829462377,319.0947021484375,-0.000449489714315,0.0428805630257957,0.0355343962276046,342.2115005493164,-0.0036107546804172,0.0318099626684935,0.0193851621794174,198.17750091552733,0.0052347665407877,0.003017430817535,0.0147195961723982,44.33757343292236,-0.0073409718053946,0.0226503482939339,0.0169558878598717,52.58786869049072,-0.003286492264623,1
2021-12-22,0.015318928252455,0.0215981583620336,165.777921295166,-0.0038963167755656,0.0205091861883675,0.0161519625899721,143.2220199584961,7.789419701071942e-05,0.0043055443751676,0.0125512888539101,144.52046966552734,-0.003693699388987,0.0039080579510077,0.0142208947070684,141.54532699584962,-0.0014460825581524,0.0192168232011809,0.0258274520610219,327.59130859375,0.0066966378695855,0.018057647835358,0.0188805813322124,318.87892456054686,-0.0006815303742787,0.0749470552371662,0.0394040752534725,340.5421676635742,0.0077313327403046,0.0119788448791384,0.0193181912750774,199.1182052612305,0.0054112723787559,0.0012890341841149,0.0145971132433137,44.25208797454834,-0.0082284407435821,0.0080992224728748,0.0158822649629806,52.49627513885498,-0.0007891500137942,1
2021-12-23,0.0036435434095025,0.0215972800388055,166.47888641357423,0.0046851403595886,0.0034253607489762,0.0161609904601038,143.26149520874023,0.0034889551587284,0.0019060257911018,0.0124949939213321,144.87278747558594,-0.0054977954318248,0.003573422607654,0.0142648333959349,141.11477813720705,-0.0038591388610529,0.0086714679801778,0.0249446275044609,328.5915786743164,0.0046370361459001,0.0044716806867626,0.0189120415508862,318.72383880615234,0.0060397782309317,0.0576188630553096,0.0417124010112489,339.7255004882812,0.0293105319094183,-0.0061477868315156,0.0189197270343358,199.76418762207032,0.0022411729072037,-0.0022174916887355,0.0145089254819039,44.1502607345581,-0.0053379347784881,0.0004918868625145,0.0158026004222341,52.39098567962647,-0.0010171986366706,1
2021-12-27,0.022974973378242,0.0201943783962221,167.6285888671875,0.0105804611270193,0.0067384809278252,0.0148650675158056,143.5451545715332,0.0086027869239807,0.0084399208482932,0.0123739784517515,145.33330917358398,0.0017158451466423,0.0057232190412837,0.0128439820144184,140.94744033813475,0.0018364034331201,-0.0007489361702127,0.0220688442111044,330.34812622070314,0.0065330904724209,0.0231856473245957,0.0187172373367719,319.3389007568359,0.0113540448111438,0.0252483914990668,0.0415273756688324,339.9258331298828,0.0331411203199953,0.0046625793346308,0.0174649629448002,200.7295349121094,0.0054967569519218,0.0091048056250395,0.0145537984806973,44.09418354034424,0.0028873840262826,0.0142575597726279,0.0140958865618857,52.41837825775146,0.0062012796526611,0
2021-12-28,-0.005767356597212,0.0200832316501754,168.55978546142578,0.0110513928064607,-0.0082452088904209,0.0141306558078574,143.60247039794922,0.0071203021974435,0.0040077818624946,0.012375047078217,145.79954452514647,0.003088055318104,0.00303496997036,0.0128521448054,140.83247909545898,0.0060411986892372,0.0013046937346035,0.0219896491679084,332.18390502929685,0.013830762680656,-0.0035042327123578,0.0182031259442842,319.5614196777344,0.0130559045909121,-0.0050002753427935,0.0398664511402346,339.11716613769534,0.039138919494909,0.0019298192150409,0.0172602321663714,201.78088302612304,0.0088466838531576,0.0143507349338178,0.0145253880695902,44.10555973052978,0.0051089027743543,-0.0032317033831719,0.0140707861309635,52.4226577758789,0.0084534628037558,0
2021-12-29,0.0005022118125546,0.0191670799216247,169.24804229736327,0.0073344600511084,-0.0002179711493093,0.012805827818092,143.8382545471191,0.0044419695650877,0.0070443480719684,0.0106025354695462,146.4865837097168,0.0051407241898051,-0.000504153332824,0.0124133314418284,140.82049560546875,0.0031471032474962,0.0014136794501424,0.0208017683933125,334.43767700195315,0.0059715456391783,0.0020514091659378,0.0176582157955473,320.1085739135742,0.0088524304600592,-0.002094710276184,0.0398190968000849,338.14099884033203,0.030143864834513,0.0005503045648627,0.0167678379620482,202.95978393554688,0.0025947522324314,-0.0004903660535112,0.0141302578694952,44.14722023010254,0.0044073434001451,-0.0087532100714071,0.0125756820118869,52.47872676849365,0.0021727511306876,0
2021-12-30,-0.006578204350248,0.0192509437337316,169.9045280456543,0.0029550335305678,-0.0030990771522625,0.0127311273794803,144.09344177246095,-0.0002796831030382,0.0044297810791695,0.0103911728319363,147.11248245239258,0.0051655715306055,-0.0005046244412544,0.0123365439598869,140.8466835021973,0.0022645667690438,-0.0008305351216515,0.0192716694836029,337.09680633544923,0.0019620739746119,-0.0076912337056826,0.0177733378154988,320.5536148071289,0.0037026541518511,-0.0145922683836461,0.038740277878194,337.72999877929686,0.0122360001103505,-0.0013749685516745,0.0158482077309554,204.2986099243164,-7.601045373111237e-05,0.00322329573995,0.0127547663083497,44.25090007781982,0.0047941957113121,-0.0058872707710214,0.0126682322244958,52.52152709960937,-0.0006245475180916,0
2021-12-31,-0.0035353209339014,0.0191870142841635,170.57958755493163,0.001519260661887,-0.0092235771386104,0.0126485266580046,144.1869140625,-0.0028094706805555,-0.0071962557364084,0.0104434192099178,147.7273857116699,0.0033451152251034,-0.0008201711339891,0.0113266850672472,140.71973876953126,0.0013858480207152,-0.0046260942012065,0.0173673958502379,338.9981979370117,-0.0006974384616649,-0.0088411588411588,0.0179121063939761,320.88258209228513,0.0010400862462668,-0.0126688408238599,0.0387858279777765,337.2663330078125,-0.0018215406654833,-0.0053245126825,0.013620116286548,205.18858337402344,8.864437607201126e-05,0.0106167100416174,0.0123938258596379,44.40473880767822,0.0073610360573827,0.0065802162611436,0.0114429552220527,52.51767578125,0.0005931183616342,1
2022-01-03,0.0250039839194682,0.0193365956419318,171.56553421020507,0.0019250627701322,0.0009628479895766,0.0125255347971091,144.33509826660156,-0.0039645972682053,0.0027474975992223,0.0101633579526361,148.2622383117676,0.0022066305752892,0.0211555756249819,0.0115744746843233,140.8710975646973,0.0044723193374548,0.0323668071557612,0.0183465702951423,341.3720230102539,0.0059257102035298,-0.0046682344252851,0.0172968556796369,321.4480316162109,-0.0045306901037093,0.1353166841897706,0.0464611178701934,340.34649963378905,0.0201921178726573,0.0217802505199886,0.0136923907231341,206.40178527832032,0.0035121786131435,-0.0002764146675124,0.012117106822402,44.525932312011726,0.0054847919988723,0.0384049033734361,0.0141850656690056,52.631097412109376,0.0054225870817958,0
2022-01-04,-0.0126915530366402,0.0194115524424942,172.2684539794922,0.0005402234822466,-0.0040828590524433,0.0124633927017011,144.39677658081055,-0.0031321273006097,-0.0026816249838464,0.0092517528073731,148.620272064209,0.000868749206021,0.0379097855296277,0.0140487054685332,141.21154022216797,0.0114472824493084,0.0119692500261299,0.017214347663011,343.41631469726565,0.0080586214618351,-0.0171470126145524,0.0176951303106792,321.58385467529297,-0.0072592460841482,-0.041832696836128,0.0477605972908559,342.6894989013672,0.0128256335739904,0.0046517933269076,0.0122165424480739,207.35746841430665,0.0040565734355169,-0.0183202128378899,0.0128329279651567,44.58198623657227,-0.0010493975554692,0.0376139749146655,0.0161536928114402,52.81728019714355,0.0135917227413633,0
2022-01-05,-0.0265998347151223,0.0191376487118422,172.45127182006837,-0.0048801858232887,-0.04587625623788,0.0145586314190313,143.9262252807617,-0.0122637843183239,0.0066636885347124,0.0092989849805914,149.00997467041014,0.0007926172985698,-0.0182820733857702,0.0144450328810131,141.30882263183594,0.0078916984387191,-0.0039694337543874,0.0170935922584271,345.0878082275391,0.0069819988209291,-0.0383879504651976,0.0185951601584746,320.6908813476563,-0.0153471180103753,-0.0534712136768363,0.0488831656203222,343.29566497802733,0.00255033289386,-0.011058351454554,0.0118942683676625,207.9676940917969,0.0017348422316335,0.0135212086442306,0.013062833782579,44.67535495758057,0.0017529173840791,0.0124374417101587,0.0161867827968627,53.00902690887451,0.0178298530976765,0
2022-01-06,-0.0166931987198585,0.0188338244923928,172.30071792602538,-0.0069031846972108,-0.0001996678831472,0.014409205381724,143.40886306762695,-0.0116839024645008,-0.0034260172247608,0.009360856632673,149.33062286376952,-0.0007785423622162,0.0106240842273499,0.0143053966757833,141.56635818481445,0.01011744017244,-0.0091318078081035,0.0173570145192033,346.45580139160154,0.0053217442836387,-0.0079017923526487,0.0186178568415214,319.6750915527344,-0.0153892297397685,-0.0215233738308541,0.0490637747628958,343.22466430664065,0.0011641118044184,-0.0011362881898451,0.0118730861443049,208.4875686645508,0.0017825783039994,-0.002779271866769,0.0128001213152133,44.78439273834229,0.0005524038627353,0.0235208089082235,0.016785264316563,53.260267448425296,0.0237114690335255,0
2022-01-07,0.0009881022112745,0.0188297151342407,172.18388900756835,-0.0059985000681756,-0.0053030400393381,0.0144145658141764,142.88245544433593,-0.0108997950446464,0.0135176216311052,0.0095665696374959,149.68469924926757,0.0033642331112865,0.0099083110894837,0.0143902649277747,141.90822219848633,0.0122631366171346,-0.0009459247615697,0.0173837603529535,347.70080108642577,0.006057778171566,0.0005098063795538,0.0186246128004702,318.7570739746094,-0.013519036695626,-0.0354465674517168,0.0476830030390783,343.6106643676758,-0.0033914335211529,-0.0126962670017346,0.012146644953837,208.7566856384277,0.0003082274401525,0.009545645428153,0.0126324434642244,44.88507919311524,0.0003381909400424,0.0081964432919152,0.0167959298269415,53.52862720489502,0.0240347144396798,0
2022-01-10,0.000116308542722,0.017597750411453,171.82900848388672,-0.0109760351435249,0.0120605040793211,0.0147830844162231,142.41995697021486,-0.0086802638266975,-0.0049440258416366,0.0096486740673985,150.0189826965332,0.0018259284231147,0.0009569361362165,0.0143162051346155,142.2856346130371,0.0082234087193815,-0.0155283462144615,0.0176539447996049,348.4039825439453,-0.0035212525024784,0.0007322904054523,0.0171627430928481,317.395458984375,-0.0124389317294785,0.0303419534138018,0.0480443543093555,344.29549713134764,-0.0243863796763466,-0.022999721682181,0.0131352094382468,208.68759231567384,-0.0086477670002814,-0.0019323154082792,0.0120872661072473,44.94148941040039,7.010791889094925e-06,-0.0059522234450745,0.0169648278443254,53.762318801879886,0.0151632890759777,1
2022-01-11,0.0167836460382149,0.0174891616757905,171.7967445373535,-0.0050809953285538,0.0076909678530199,0.0147098931648594,142.11810913085938,-0.0063254984456048,-0.0106300442754833,0.0093245032844378,150.14214172363282,0.0002362445647873,0.0010160662021763,0.0139095107205918,142.754972076416,0.0008446648538912,0.0065400707923246,0.0172985952409246,349.44705963134766,-0.0046070883492395,0.0022590741747499,0.0171773532087132,316.2192779541016,-0.008557714371618,0.0059350246575986,0.046408238155291,345.9286636352539,-0.0148328353776013,0.0113696103728346,0.0131171442968267,208.8499313354492,-0.007304203591096,-0.0028354032231671,0.0114548968194081,44.95141601562501,0.0031039727148336,0.042061948211262,0.0177753426743167,54.17834053039551,0.016052883735297,1
2022-01-12,0.0025702813536303,0.0173948918193659,171.85540313720702,0.0007530278851966,0.0121262510260542,0.0147889717291941,141.995369720459,0.0052750030071819,-0.0085259414492935,0.0092342143797659,150.1201499938965,-0.0028016814320138,0.00567174955999,0.0138840346352437,143.21301956176757,0.0056354294430433,0.0027842597565073,0.0168348806145871,350.771127319336,-0.0032563496470605,0.0104451609937759,0.0160087971782062,315.73426055908203,0.0012089079201766,0.0392897489318417,0.046865871964719,348.3904968261719,0.0037193571441342,0.0062041936165087,0.0130942520707513,209.1267822265625,-0.0038516945768834,-0.0052703126511007,0.0113024848461937,44.927780723571786,-0.0006543315442326,-0.002943068571043,0.0178177147547504,54.58922634124756,0.0129767816790566,0
2022-01-13,-0.0190279791159406,0.0165937479907005,171.5078552246094,0.0002860718059802,-0.0201052058477976,0.0147275524259552,141.60612106323242,0.0012938954142519,-0.0060663207893644,0.0092439562498054,150.0154655456543,-0.0033297421449345,-0.0012466757426824,0.0136995950603672,143.714510345459,0.0032612774490368,0.0060170651383235,0.0165637490215159,351.9208511352539,-0.0002265750577751,-0.0423226450697588,0.0176596378097985,314.2965454101562,-0.0056752626232453,-0.0674910733143576,0.0497323638108754,349.31666412353513,-0.0054741827525664,-0.0032918925333135,0.0129293304531587,209.2567489624024,-0.0042828154455771,0.0141521459488787,0.0116953658687674,44.923053741455085,0.0027319520188969,-0.0071689435275076,0.0179252832488772,54.98984031677246,0.0068388311919104,1
2022-01-14,0.0051105450755586,0.0141149762599451,171.54745025634764,0.001110560378837,0.0064472421272543,0.0146234829607792,141.36007690429688,0.0036439518475704,-0.0054514971034778,0.0088819526324976,149.7880661010742,-0.0071235658918511,-0.0614633848087641,0.0196671756331547,143.6446647644043,-0.0110130617306127,0.0070902892098128,0.0161861957439823,352.87875213623045,0.0013806677365013,0.0177165344100536,0.0173256040726201,313.5885238647461,-0.0022339170171454,0.017497758575059,0.048128652840415,351.3614974975586,0.0051146824527887,-0.0015346410232645,0.0127609846313427,209.27124481201173,-0.0020504902498831,-0.0028183914898057,0.011050954968025,44.95015563964844,0.0002591446353051,0.0175561962577974,0.0180144541376695,55.43924674987793,0.0087107817850868,0
2022-01-18,-0.01889406374147,0.0146908697873715,171.4819480895996,-0.0026915140780013,-0.0249676320167281,0.0150609367962529,141.07624282836915,-0.0037616753716394,-0.0044087486687718,0.0064754086227508,149.73836441040038,-0.0070165104572781,-0.0419279230513757,0.0212246558595776,143.44123306274415,-0.0195900335681311,-0.0156927858966453,0.0164622094157207,353.7279022216797,0.0013477798000645,-0.0243392216592294,0.0180226041395611,312.56983947753906,-0.0072482194300817,-0.0181972412325309,0.0484660910008998,352.993830871582,-0.0045931564764778,0.0048448409953696,0.0124903872103723,209.4562957763672,0.0035184222856269,-0.0175100635258635,0.0090960166630208,45.00955905914307,-0.0028564049882117,0.0168361191599779,0.0166589055816092,55.997795486450194,0.0132684503060973,0
2022-01-19,-0.0210246969480542,0.0153226039074672,171.30988388061525,-0.0102531826752551,-0.0064820269065524,0.0150918056154199,140.75456848144532,-0.0065962743235539,-0.0031118315097593,0.0064809944253272,149.6869041442871,-0.0055128679041333,-0.0154690044420638,0.0211274023885469,143.25848236083985,-0.0228870476969792,-0.0152064440900685,0.0145452783368918,354.90331115722654,-0.003001523176414,0.0022470997423584,0.0179381247980081,311.7712707519531,-0.00725061431656,-0.0338278969185718,0.0484149529693843,354.58899688720703,-0.0125457407917119,-0.0047752170102318,0.0120149737484489,209.74329071044923,0.0002894568090136,0.0099635724744175,0.0092904923881949,45.08424701690674,-0.0002966098486947,0.0004103895261275,0.0158170735075988,56.59486408233643,0.0049381385690704,0
2022-01-20,-0.0103472846675537,0.0146991246242738,170.8953643798828,-0.012836695879492,-0.013388152868985,0.0148310889923984,140.25078659057618,-0.0116991551025617,-0.0079843166770048,0.0066774158573592,149.60069427490234,-0.0054045429496756,-0.0085274079275018,0.0208782415889661,142.92359466552733,-0.0257268791944776,0.0090650716006632,0.0117440105760861,355.5710174560547,-0.0017453608075828,-0.0057033819442341,0.0169032689234833,310.53392486572267,-0.010480322904162,0.0006227038828787,0.0476434011919652,355.55133056640625,-0.0202791498015045,-0.001537222535525,0.0096679135741384,209.6935249328613,-0.001258826421393,-0.0188967410747098,0.0103597474549975,45.109457969665534,-0.0030218955334165,0.0021884354932382,0.0156684975885973,57.141427993774414,0.0059644393819267,0
2022-01-21,-0.0127649089810615,0.0142512125225302,170.2486572265625,-0.0115840818525161,-0.0221743296180574,0.0142444982685824,139.45467147827148,-0.0121129798566137,-0.0022994890572473,0.0065863980595846,149.46610488891602,-0.0046511766032522,-0.0174727324125087,0.0210919149276897,142.44642715454103,-0.0289720905284428,-0.0245056365418873,0.0124181701105263,355.47700653076174,-0.007849901143625,-0.0184683671177769,0.0163659587453982,308.74364166259767,-0.0057094673137656,-0.052566067125072,0.0461632141971398,354.46849670410154,-0.0172941485636473,-0.0392814415370109,0.0126158741319903,209.11228866577147,-0.0084567362221325,-0.0072935126917955,0.0105073241620283,45.11560363769532,-0.0073110272615514,-0.0150127538615715,0.016619022237631,57.61993942260742,0.0043956773151139,0
2022-01-24,-0.0048644591092998,0.0141435407767875,169.53204956054688,-0.0135790826894878,0.0034714550031762,0.0142460553358042,138.65612716674804,-0.0127081372814293,-0.011524470509812,0.0069595064211848,149.23386459350587,-0.005865771284519,-0.0008958858617622,0.0210385084076746,141.9386016845703,-0.0168585907390425,-0.0159398365054865,0.0127089940623406,354.9568725585938,-0.0124559262866849,0.0011487288107479,0.0162731400226442,306.8979736328125,-0.0090230284336268,-0.0147261298721956,0.0440012968069548,352.1851638793945,-0.0237389262530983,-0.0198125506760199,0.0131670828720021,208.39866638183597,-0.0121123181526836,7.149452747379215e-05,0.0104921544693073,45.12679195404053,-0.0067330500580955,0.0085907546422776,0.0165098746693465,58.12370300292969,0.0026025889920099,0
2022-01-25,-0.0113845780338716,0.012674729728226,168.5275276184082,-0.0120771855479681,-0.0295787020070316,0.0148785673519332,137.61676788330078,-0.01363035127949,0.0285942602867854,0.0094858175681606,149.1441337585449,0.0007348305065923,0.010900190135358,0.021189982628102,141.461376953125,-0.0062929681016957,-0.0305076381255747,0.0142712332107056,353.9310653686524,-0.0154188967324707,-0.0265887373735645,0.0153661950835123,304.29900512695315,-0.0094729315764938,-0.0124731248424899,0.0433975091569696,349.2594970703125,-0.0225941029750901,0.000743186214537,0.0130689203331444,207.64349288940429,-0.0129326491088501,-0.0217548855849879,0.011363118687293,45.069909477233885,-0.0075820144699203,0.0293995743106791,0.0171009773275173,58.68182334899903,0.0051152800221502,1
2022-01-26,-0.0005631437507209,0.0127320742071148,167.56944580078124,-0.0079848749085015,0.0181038711715628,0.0159387622897186,136.75173950195312,-0.008713171663867,0.0044741842702917,0.0094982092339134,149.0574821472168,0.0022520336626026,0.0094861169689342,0.0213400080644776,141.02491302490233,-0.0013019438194961,0.0174164140771422,0.0149601729199685,353.1695495605469,-0.0088943250990286,0.0284935416256919,0.0174321290456059,302.1537536621093,-0.0042236431998271,0.0206990525827113,0.043864144015389,346.741830444336,-0.0116887130748335,0.0191583233006042,0.0139905019511204,207.0550079345703,-0.0081459410466829,-0.0102077939546516,0.0109078615849868,44.95913829803467,-0.0116162877557342,-0.0101429804230831,0.0174433486289635,59.21597518920898,0.003004606032308,0
2022-01-27,-0.0029433876549542,0.0126669543213722,166.58398666381837,-0.0065040955059816,-0.001764150788317,0.0159119894141873,135.87699661254882,-0.0063883712477333,0.0131249042606593,0.0098447142185274,149.01525344848633,0.0064738778501354,-0.0176447425066588,0.0215784426340491,140.47545623779297,-0.0031254107353275,0.0170312191563122,0.0155498129533923,352.66892395019534,-0.0073010955878988,0.0105486953041884,0.0177602609063111,300.1255355834961,-0.0009732277501426,-0.1155417556197044,0.0501422598315012,342.4569976806641,-0.0349216049753501,0.0013600894290251,0.0140018024112106,206.47425384521483,-0.0075664786537728,0.0006629803709659,0.0109218878428068,44.85088844299317,-0.007704343466599,0.0128086133060765,0.0169210367057601,59.81389999389648,0.0051286415948757,1
2022-01-28,0.0697777232748828,0.0211245528543432,166.19928588867188,0.0100044309452072,0.0336884815142044,0.0182519329744161,135.24016799926758,0.0047841909787189,0.0070345422941395,0.0099265620109929,148.99238204956055,0.0083406841204128,0.0089464422238678,0.0217578687005001,139.98759918212892,0.0021584241919478,0.0912331879536891,0.0258925735912609,353.7392807006836,0.0158466693112164,0.0280819787280979,0.0193531128266729,298.6295425415039,0.0083368414190323,0.0208056927668702,0.0506764763946506,338.7238311767578,-0.0202472529969617,0.105990987437103,0.0280677685485507,206.96369094848632,0.0214880071410499,0.0123673748178234,0.0113528681125308,44.76186180114746,-0.0037721659646752,0.0021298196944075,0.0166050305674021,60.43408107757568,0.0085571563060715,1
2022-01-31,0.026125627181091,0.0220362275103118,166.0629035949707,0.0162024482032854,0.0146416516565293,0.018696728927072,134.76693725585938,0.0070182303093895,0.002910660385798,0.0098030356881028,149.04604415893556,0.0112277102995348,0.0135735532189362,0.022081894623241,139.5943702697754,0.0050523120080875,0.0101173313058178,0.0258657090514552,355.0791488647461,0.0210581028734773,0.0088236871968616,0.0195518877808132,297.40904998779297,0.009871833096255,0.1067761138393095,0.0570414243072765,336.7228302001953,0.0040531957453393,-0.0080264791464462,0.0281145487207877,207.4207572937012,0.0238452214469646,0.0166521854975705,0.0117767811714803,44.68496818542481,-0.0004560277706559,0.0090331176823541,0.0165806743023218,61.06624641418457,0.0086456289140868,1
2022-02-01,-0.0009723859882116,0.021199436635502,165.701180267334,0.0182848866124173,0.0172982822773841,0.0192387823464415,134.40279159545898,0.0163936271662727,-0.0081840252940645,0.0099686475512779,149.0170135498047,0.0038720531833648,0.0171600675723222,0.021872373790007,139.16631088256835,0.0063042874954803,0.0147009145957259,0.0251377799581329,356.1301895141602,0.0300998134177374,-0.0071385471870163,0.0195659510459408,296.1572540283203,0.0137618711335647,-0.0058395266373975,0.0466116322693018,332.24732971191406,0.0053799153863578,0.0273688204119528,0.0283431267652105,207.94884796142577,0.0291703482864478,0.0078679387340787,0.0119659895007695,44.62603759765625,0.0054685370931573,0.0641127225405304,0.0195480853989268,61.80626964569092,0.0155882585600571,1
2022-02-02,0.0070441237187859,0.0211281653488529,165.5124969482422,0.0198063401063187,0.075237615072083,0.025900400689452,134.58123397827148,0.0278203759463767,0.0110605772232077,0.0102541859135645,149.09134826660156,0.005189331773948,-0.0080051601269413,0.019668899429476,138.4121353149414,0.0028060320763052,0.0119622495602673,0.0251376504032432,357.1936767578125,0.0290089805143625,0.0152216226643149,0.0197460232390769,295.40828704833984,0.0111074873412893,-0.0274791915989145,0.0462297421989839,328.18182983398435,-0.0042557334499673,0.0131691301828351,0.028436611520482,208.5750160217285,0.0279725096628939,-0.0004258303520053,0.0112704962713134,44.60791759490967,0.0074249298136866,-0.0025980607497657,0.0188615850308116,62.43501148223877,0.0170972424947205,0
2022-02-03,-0.0167198288962043,0.0206041150799645,165.41375503540038,0.0170510518580687,-0.0331758281969419,0.0248092143262375,134.8446472167969,0.0215380404646517,-5.8230370993728187e-05,0.0101526073728125,149.11509704589844,0.0025527048476174,-0.0082702047683328,0.0194427771029824,137.73877868652343,0.0046809396239704,-0.0168366742161187,0.0254909952372957,358.0044891357422,0.0222354018398763,-0.0389521529354774,0.0198007245939458,294.67955322265624,0.0012073176933561,-0.0160324950248789,0.0451578277662375,324.8988296508789,0.0156461186689977,-0.0164812204610909,0.0286051045793558,209.13257751464843,0.0244042476848707,0.000993826911688,0.010797432844485,44.56174983978271,0.007491099121831,-0.011659707412849,0.0194757124275357,62.988423919677736,0.0122035783509354,1
2022-02-04,-0.0016794887349229,0.020249086662103,165.44355239868165,0.0027596094561075,0.0014189161348376,0.0248036777493313,135.11948623657227,0.0150841273887784,-0.0065406554993052,0.0102347920152818,149.11509704589844,-0.0001623347110715,0.0259583497598445,0.0203569917975464,137.16008453369142,0.0080833211311657,-0.0201759738123471,0.0258726190049026,358.5982360839844,-4.6430513330952826e-05,0.0155687047192705,0.0201412949493866,294.2971252441406,-0.0012953371084093,0.0361111096842132,0.0461420590175172,322.542497253418,0.0187072020524663,-0.0136045036313138,0.0288333830899417,209.55002365112304,0.0004851494711874,-0.0117737935003996,0.0110607589619569,44.495728492736816,0.0026628654581864,0.0217116429654358,0.0194091402615812,63.54868316650391,0.0161199430051411,0
2022-02-07,-0.0042345850335436,0.0202743090643235,165.4293128967285,-0.0033124329868193,-0.0285568425295584,0.025705595102847,135.22772674560548,0.0064444285515608,-0.0033209651132918,0.0097496462163261,148.98798141479492,-0.0014086598108895,0.0033427724347774,0.0201752818916227,136.5309310913086,0.006037164974334,-0.0158817673245575,0.0261738299496142,358.9136016845703,-0.005246250239406,-0.0163104590374602,0.0204203993512908,293.6666473388672,-0.0063221663552737,-0.0173071864213375,0.0457106458875483,320.54882965087893,-0.006109457999663,-0.0053854076691796,0.0286790752816032,210.0428436279297,0.0010133637666407,-0.0098327935105543,0.0108969811203649,44.38653335571289,-0.0026341303434385,0.012037908309973,0.0194200044809475,64.12691974639893,0.0167209011306649,1
2022-02-08,0.0184668290299792,0.0206858843458331,165.5692481994629,0.0005754100168188,0.001422394878582,0.0255765923749068,135.2638816833496,0.0032692510718004,0.0026305398558932,0.0097269859129407,148.91848526000976,0.000754253219102,0.0188147494776842,0.0208007824544782,136.02323226928712,0.0063681013554064,-0.0046792170990852,0.0259204293604582,359.42266845703125,-0.0091222765783682,0.0119953126171108,0.0206515879361229,293.19896697998047,-0.0024953943944482,0.0161571905234128,0.0452382500347895,318.2801635742188,-0.0017101145675009,0.0034337026577273,0.0280355053439957,210.81444549560547,-0.0037736597842043,0.0002175995765933,0.0109123375733685,44.282222747802734,-0.0041641981749355,-0.0258524868994832,0.0207030201742196,64.6315393447876,-0.0012721407573378,1
2022-02-09,0.0082935505692331,0.0204309717900859,165.6388832092285,0.0008252953869082,0.0157316806248852,0.0257570143494164,135.35586547851562,-0.008631935817639,-0.0001165072580381,0.0094252230720786,148.9290397644043,-0.0014811636771471,0.0041683018856348,0.0208471195369989,135.53696823120117,0.0088027937579216,0.0186980812409498,0.0261805222887319,360.15658111572264,-0.0077751102422317,0.0218345171901079,0.0212864489391795,293.0173828125,-0.0011728154892896,0.010845920427172,0.045319007038067,316.07349700927733,0.0059549078377163,0.01285421377284,0.0280580135835338,211.6111701965332,-0.0038366430662033,-0.0021740310876883,0.0109115792123521,44.1796459197998,-0.0045138383220721,-0.0047871665868232,0.0192676888114565,64.99644908905029,-0.0017099619247493,0
2022-02-10,-0.0235986014687249,0.0211242356585639,165.48291549682617,-0.0005504591275958,-0.0209899874035287,0.026064676811042,135.2165756225586,-0.0061947676589564,-0.0120708301017008,0.0096273721438668,148.9127655029297,-0.0038836836232885,-0.0041509992675605,0.0207439240249147,134.97926025390626,0.0096266348580761,-0.0183024294638309,0.0265829620756232,360.5011581420898,-0.0080682612917742,-0.0283728647922307,0.0220045922651946,292.2520462036133,0.0009430421393596,-0.0294527710174682,0.0443285427098939,312.7123306274414,0.0032708526391984,-0.0212804084980463,0.0286155093869047,212.1062576293945,-0.0047964806735944,-0.0116930633723136,0.0110980544244116,44.06367511749268,-0.0070512163788725,-0.0096200528252091,0.0194843723799033,65.33745803833008,-0.0013020310072213,0
2022-02-11,-0.0202184398249894,0.0211801709630358,165.31988677978515,-0.0042582493456091,-0.0312902565223339,0.0266174047171542,135.00324401855468,-0.0127366021903907,-0.0100929591215753,0.0098000260633442,148.86658401489257,-0.0045941443477425,-0.0130165621112589,0.0208393007365359,134.3402877807617,0.0018316524838554,-0.0123401663890835,0.0267273264557914,360.5133255004883,-0.0065010998071215,-0.0242741455398932,0.0206034415765959,291.7819595336914,-0.007025527912473,-0.0492510296962641,0.0432375733062677,309.8529968261719,-0.013801575236897,-0.0039893211843471,0.0286236137128208,212.59210128784176,-0.0028734441842011,-0.005511319745677,0.0103867211220314,43.903900718688966,-0.005798721627928,0.0251788178049197,0.0197186744397739,65.785546875,-0.0006085960393245,0
2022-02-14,0.0014231043900125,0.0211423065331316,165.1255889892578,-0.0031267114608978,0.0092601264864311,0.0266675751256699,134.80725708007813,-0.0051732083871928,-0.0125813925996225,0.0101229204668751,148.76805953979493,-0.0064462298450087,-0.0092905376340982,0.0160008967236171,134.09916610717772,-0.0006950095299197,0.0118723276240115,0.0268119386429271,360.6116363525391,-0.0009502808174076,-0.0001354022278337,0.0201114297586974,291.04985961914065,-0.0037905165505477,0.018325664372135,0.0432638179840377,306.9554977416992,-0.0066750050782025,0.002892922979039,0.0286065749367392,213.1253433227539,-0.0012177780545574,-0.0101973064849463,0.0104897299872448,43.72884197235108,-0.0058716242228064,-0.0153348464207482,0.020168567329157,66.1273344039917,-0.0060831469854688,1
2022-02-15,0.0231525795001992,0.0213539420932192,165.2825065612793,-0.0021895613668538,0.0079873763128897,0.026128180523596,134.83751373291017,-0.0038602121003313,0.0103259877342563,0.0103661815461188,148.777294921875,-0.0049071402693361,0.0146237641068851,0.0132651558631374,134.25321578979492,-0.0015332066040795,0.0197243433626348,0.0268486871504448,361.35333557128905,0.0039304312749363,0.0185423077038728,0.0199248923278796,290.9448638916016,-0.0024811175331953,0.0532907642827684,0.0452927639720727,305.1541641235352,0.0007517096736686,0.0110054865122133,0.0286619365847704,213.7283515930176,0.0002965787163397,0.0031356038884091,0.0100906077269693,43.60042400360108,-0.0052880233604432,-0.0125347387312578,0.020365849050746,66.37449054718017,-0.0034195973518237,1
2022-02-16,-0.0013888346355781,0.0207229081048022,165.60218658447266,-0.0041260384078161,0.0082682317931108,0.0261276239241481,134.96743927001953,-0.0053529018666861,-0.0005975744531737,0.0103402215959708,148.80500411987305,-0.0050033537083632,0.0018096718218072,0.0126709612889521,134.52425384521484,-0.002004932616845,0.0036429618038757,0.0265280651555478,362.4337661743164,0.0009194073875215,-0.0011672860877864,0.0199177013715827,290.7902191162109,-0.0070814781887742,0.0010407532409399,0.0447743154759327,303.94983062744143,-0.0012093237635777,0.0043895517692802,0.0286010832769358,214.4295234680176,-0.0013963536843721,-0.0062516052191841,0.0096449610028083,43.43639488220215,-0.0061035381867424,0.004615915669089,0.0203485073243444,66.63594188690186,-0.0015389809006413,0
2022-02-17,-0.0212693724830475,0.021207281308841,165.826318359375,-0.0036601926106806,-0.0377455767050735,0.027384789720236,134.9293525695801,-0.0087040197269951,-0.0060998583387206,0.0102696878958112,148.84635162353516,-0.0038091593557672,-0.0230323801041049,0.0136843665096843,134.69259033203124,-0.0057812087841539,-0.0241033095125242,0.027178457513972,362.9058517456055,-0.0002407686222171,-0.0292821251088055,0.0209241002078144,290.29562225341795,-0.0072633302520892,-0.0509426990066609,0.0460338156922321,301.95116424560547,-0.0055073093614163,-0.0183990466255473,0.029007621735743,214.9428970336914,-0.0008200813098723,0.0400657667091253,0.0131357491619535,43.39952354431152,0.0042482278295453,-0.0015311189319047,0.0203849521735727,66.88535385131836,7.880587801958327e-05,0
2022-02-18,-0.0093557336820626,0.0210993037684706,166.0757682800293,-0.0014876513820953,-0.0161160649367483,0.0271584425418004,134.93190536499023,-0.005669181409878,-0.0107190264493803,0.0105519853043216,148.82605895996093,-0.0039343728213282,0.0046888756774334,0.0129579507366242,135.0078353881836,-0.0022401212264154,-0.0100349319801288,0.0266324592898358,363.6295501708984,0.0002202782595738,-0.0096311158760246,0.020638756350661,289.93416290283204,-0.0043347243193154,-0.0221030352967207,0.0448798067357035,300.5024978637695,-7.771048150764237e-05,-0.0085480823755312,0.0274320007694729,215.77017059326167,-0.0017318335481091,-0.0064082165186114,0.0131140263773425,43.36485843658447,0.0040688484749585,-0.0111214376389771,0.0202114911431729,67.14419517517089,-0.0071812452107597,0
2022-02-22,-0.0178123961695158,0.0215077746375395,166.21798248291014,-0.0053347514940009,-0.004520611967191,0.0271691336461145,134.8828155517578,-0.0084253291006024,-0.0135898549902019,0.0106791467117539,148.791064453125,-0.004136065299444,-0.0017745488523157,0.0129714040476609,135.31682891845702,-0.0007369234700589,-0.0044872027388148,0.0263393413262749,364.5479141235352,-0.0030516278129914,-0.0007291907772134,0.0206323553926054,289.54619140625,-0.0044534820291914,-0.0413662422345285,0.0456088517987928,298.69466400146484,-0.0120160918028403,-0.0061519937486114,0.0269650168405891,216.7282722473145,-0.0035408168936392,-0.0111602543290921,0.013317717091468,43.305769729614255,0.0038762589061293,-0.0116338229776037,0.0204854827106237,67.33755302429199,-0.0064410405221308,0
2022-02-23,-0.0258640545563689,0.0221834724224588,166.24212646484375,-0.0151380783053146,-0.017143891214694,0.0265936296473862,134.91517868041993,-0.0134515826061192,0.0004963857215465,0.0082693367923257,148.55464248657228,-0.006101985701986,-0.0209392340653032,0.0138023346380731,135.41327667236328,-0.0078495231044966,-0.0191697025073364,0.0256954235195875,365.6414810180664,-0.0108304369869857,-0.0258932402563973,0.0205878028390627,289.1781936645508,-0.0133405916212455,-0.0699791759952694,0.04784997908568,296.1219970703125,-0.0366700798584479,-0.024263527094792,0.0277425642137236,217.41924896240235,-0.0105946196150403,-0.010260337273391,0.0126168044196807,43.27268009185791,0.0011970706737693,0.0040543633086289,0.0195423627331587,67.45273284912109,-0.0031232201141535,1
2022-02-24,0.0166802044129903,0.0224778884244976,166.40134963989257,-0.0115242704956009,0.0399958301731853,0.0277767605372036,135.0865577697754,-0.0071060629301043,-0.0191042015773621,0.0090063240251767,148.14889068603514,-0.0098033111268237,-0.0278430445592823,0.0150377768105522,135.26279830932617,-0.0137800663807145,0.022561782695377,0.0258670719172812,366.8445510864258,-0.0070466728086854,0.051093685914197,0.0228011009011913,289.1054229736328,-0.0028883972208487,0.0480734550026278,0.0490913866021001,293.8446640014648,-0.0272635395061103,0.0062514345185011,0.027515063328576,217.98857727050785,-0.0102222430651961,-0.0038506075417948,0.012443464281521,43.253456115722656,0.0016772702092471,-0.0126353881809138,0.0196312376979596,67.55846405029297,-0.006573480884154,1
2022-02-25,0.0129656741958055,0.0226030040388987,166.68682250976562,-0.0046772611598303,0.0133281064884187,0.0278830036793173,135.356884765625,0.0031086737085941,0.0497030141071024,0.0144647906208198,147.9938735961914,0.0013572633623408,0.0236596423317303,0.0154680420208484,135.38157348632814,-0.0044416618935475,-0.0007851376248643,0.0256927780140263,367.7478271484375,-0.0023830384311534,0.0092331877050664,0.0227709197547988,289.0131805419922,0.0048146653419256,0.0113640313248295,0.0419662637305712,293.5241638183594,-0.0148021934398122,0.0090657685563895,0.0275429214316029,218.63971328735352,-0.0047292800288088,0.0137518298326906,0.0128390432571358,43.26196479797363,-0.0035855171660397,0.0269128118534851,0.0202891130768437,67.7118148803711,-0.0008846947270761,0
2022-02-28,0.0016375634629124,0.0160373506744091,166.4424301147461,-0.0024786017308352,0.004443878615882,0.0269076246716228,135.44143600463866,0.0072206624191202,-0.0086143786927387,0.014433609408832,147.72277297973633,0.0017781929136692,-0.0416976369657023,0.01803475029943,135.16679611206055,-0.0137189644221746,-0.0224064068642158,0.0157797379721591,366.6922225952149,-0.0048573334079708,0.0049780669013739,0.0218340981756219,288.5868194580078,0.0077365018974053,0.0747774685335871,0.0450221597819106,293.9254974365234,0.0045739073262492,-0.0143656783621202,0.0135872352289339,218.08271179199215,-0.0058927992261265,-0.008945769137061,0.0126659339833028,43.22477836608887,-0.0040930276897297,0.0074515201044389,0.0203185474507409,67.8834186553955,0.0028298968216071,0
2022-03-01,-0.01162781915919,0.014805703188706,165.88654251098632,-0.0012416863287701,-0.0073711129515432,0.0267690180791008,135.3798828125,0.0066505622222497,-0.0034639629407491,0.0143961161364433,147.40444412231446,0.0038033713235597,-0.0377292274917552,0.0193749794790701,134.6242702484131,-0.0209099001500625,-0.045285976194856,0.0180877304852002,364.6530364990234,-0.0130170880991791,-0.0128519439382591,0.0218467632375988,287.84411468505857,0.0053119512651961,-0.0069621433455585,0.0377304075834401,292.7196640014648,0.0114547271040432,-0.0330835149872406,0.0151846545891913,217.2681106567383,-0.0112791034738524,0.006141002225821,0.012109970472357,43.16458702087402,-0.000632776378747,0.0095638447505697,0.0203274748098776,68.05837364196778,0.0070694303672417,1
2022-03-02,0.0205880540975003,0.0157362450218528,165.50341339111327,0.0080487354020037,0.0038041561746831,0.0264751773022503,135.22760772705078,0.0108401717001251,0.0124392505931096,0.0146693973334348,147.2384407043457,0.0061919442978724,0.0207400432196411,0.0195967674379983,134.094246673584,-0.0125740446930736,-0.0011317729580622,0.0174906363806987,362.3184356689453,-0.0094095021893242,0.0177655507254268,0.0222630439221323,287.4612350463867,0.014043709461561,0.0179552971145164,0.0380213604943429,291.8636642456055,0.0290416217260004,-0.0023449617271736,0.0133179481859898,216.13072128295897,-0.0068953904003287,0.0012501851466788,0.0119349836769339,43.08974170684815,0.0016693281052669,0.0171781463586264,0.0148497901033602,68.08374328613282,0.0096941869772412,0
2022-03-03,-0.0019809709986668,0.0155866267927658,165.04401168823242,0.0043165003196722,-0.0049935013101477,0.0195093567897423,134.52877960205078,0.0018423054034585,0.0146951008683822,0.0148482954578711,147.09731521606446,0.0129518047870212,-0.0071079458630204,0.0195878934580159,133.57404594421388,-0.0084270249538213,-0.0090095893747383,0.0169549489744667,359.6047103881836,-0.0157237766033473,-0.0142242151937421,0.0221021315561507,286.6459030151367,0.0009801292399731,-0.0461421044882577,0.0388947959612299,290.7574981689453,0.0101985098278233,-0.0059957756055892,0.0125932931728755,214.78499450683597,-0.0093448324251468,0.0229876637357855,0.0131476898118027,43.06516094207764,0.007036982360783,0.0063329333221098,0.014886916470123,68.14017105102539,0.013487851277846,0
2022-03-04,-0.0184083885244904,0.0156713233970153,164.5785530090332,-0.0019583122243869,-0.0148844978966694,0.0185130257328599,133.97451934814453,-0.003800215473559,0.0059353716479078,0.0149250622213508,147.0008987426758,0.0041982762951823,-0.0281291218704365,0.0203135330839317,132.93551940917968,-0.0187847777942546,-0.0300006261566312,0.0175841382876928,356.7182159423828,-0.0215668743097007,-0.0204786601831072,0.0208509636021445,286.1261749267578,-0.0049622403376615,-0.0011915196265851,0.0387760644387294,289.87666473388674,0.0076873996375404,-0.0334892244912553,0.0138369522058547,213.29087829589844,-0.0178558310346758,0.0253426731919956,0.0143621628508015,43.09399604797363,0.009355151032644,0.0376357817189489,0.0166692939602915,68.36882095336914,0.0156324452509387,0
2022-03-07,-0.0237176492616805,0.0163548221059091,163.9378746032715,-0.0070293547693055,-0.0419083278414096,0.0203063373987243,133.13622703552247,-0.0130706567650173,0.0161082294035592,0.0152998834071384,147.07503280639648,0.0091427979144419,-0.0386159449939667,0.0202916349970255,131.89289054870605,-0.0181684393999075,-0.0539362193222675,0.0202294205783675,353.3465072631836,-0.027872836801311,-0.0377764808113255,0.0219213531993895,284.85206298828126,-0.0135131498802014,-0.0402128050420025,0.03854799381682,287.89766387939454,-0.0153106550775774,-0.0478806804818772,0.0165484538052639,211.48485412597657,-0.0245588314586272,-0.008052076132603,0.0142148242917332,43.13086700439453,0.0095338896335356,0.0360329554143359,0.0177694605266091,68.65455055236816,0.0213487323129181,0
2022-03-08,-0.011675710394943,0.0164492728518733,163.24189224243165,-0.0070389330164561,0.0057446541955337,0.0197474613145821,132.5367172241211,-0.010447503335602,-0.0202656496278028,0.0159822659906762,147.01974792480468,0.0057824605770312,-0.0070429701113621,0.0201162233236668,130.78685569763184,-0.0120311879238289,0.0045057479095664,0.0204171199682567,350.33883209228514,-0.0179144919804265,-0.01097148248826,0.0217993634267138,283.6706024169922,-0.0131370575902016,0.0246339421032322,0.0390469085770844,286.5153305053711,-0.0089914379878193,0.0052963967521737,0.0168331671641164,209.7871360778809,-0.0168828491107443,-0.0206816399339382,0.014840298737395,43.14315776824951,0.0041693612015837,0.0075755061534925,0.0176923547379242,68.92689590454101,0.0209510645935027,1
2022-03-09,0.0349970723067945,0.0179904611639319,162.66043548583986,-0.0041571293745972,0.0496874268208515,0.0231464678624971,132.2403938293457,-0.0012708492063683,0.0037927793465395,0.0159953951554661,146.972998046875,0.0040531663277171,0.0400624001110141,0.0221028544461845,129.78173637390137,-0.0081667165455543,0.0439025071429961,0.0235711770803275,348.08842315673826,-0.0089076359602149,0.0458579925737476,0.0242821550809143,282.9258071899414,-0.0075185692205374,0.0419335751788576,0.0401588007317414,285.46483001708987,-0.0041957823749511,0.0419905457088432,0.0201252592250024,208.4413055419922,-0.0080157476235409,0.0051894513118679,0.0148789335322904,43.16632022857666,0.0049572144346215,-0.056846439027447,0.0214017339567415,69.07446403503418,0.006146147516288,0
2022-03-10,-0.0271860079268567,0.0185223634198761,161.79119110107422,-0.0091981367602352,-0.0074237094178686,0.0227926553446367,131.78629684448242,-0.0017568908279124,0.001771430781192,0.0160014276366319,146.94040756225587,0.0014684323102791,-0.0118405902951528,0.0219461974477043,128.67704010009766,-0.0091132454319808,-0.0107880006520347,0.0228357075769865,345.32506103515624,-0.0092633182156741,-0.0100865881275146,0.0236515326590311,281.72027282714845,-0.0066910438072919,-0.0240637553301487,0.0402943662478594,283.90316314697264,0.0002198874566706,-0.0089607581895894,0.0196171193743867,206.86728515625,-0.008608744140341,0.022730320521684,0.0156535294672871,43.244158554077146,0.0049057457918012,0.0310426184782108,0.022257612081149,69.34969482421874,0.0110880845475082,0
2022-03-11,-0.0239086237761674,0.0185387528676446,160.94005432128907,-0.0102981838105706,-0.0193237641555712,0.0227267470974434,131.35266723632813,-0.0026447440796928,-0.0018269131821071,0.0157600979982195,146.98514556884766,-8.402465572383555e-05,-0.0225237001130768,0.0221456267851276,127.46875381469728,-0.0079921610805088,0.0006158721535958,0.0227685632345477,342.9111297607422,-0.0031400185536287,-0.0193283968799583,0.0232423099853377,280.6736099243164,-0.0064609911466621,-0.0512345859010529,0.0412860676486723,282.0831634521484,-0.0097887257982228,-0.0063644914857149,0.0193429857502631,205.46966400146485,-0.0031837975392329,-0.0039262064648908,0.0153932798707938,43.338541984558105,-0.000948030139576,-0.0051548457119371,0.0221346338752924,69.63877220153809,0.002529959061331,0
2022-03-14,-0.0265627025878556,0.0188616492856646,160.05808029174804,-0.0108671944758056,-0.0301799882295557,0.0226552765147853,130.93975219726562,-0.000299076157322,0.0138174015460907,0.0158277351874588,147.20867843627929,-0.0005421902272175,0.0099307442851739,0.0225312995875103,126.40826225280762,0.0017171767753192,0.0117000641170812,0.0230947422658407,340.90698699951173,0.0099872381342409,-0.012960983959233,0.0228435359745131,279.8052780151367,-0.0014978917762436,-0.0364368023686874,0.0406678480297171,280.52266387939454,-0.0090335252635598,0.018402473175449,0.0201366714006667,204.290779876709,0.0100728331922323,0.0139368998534756,0.0154900019884121,43.47594165802002,0.0034497650576397,-0.035798481418096,0.023282839730343,69.71104125976562,-0.0118363283051553,1
2022-03-15,0.0296772673884959,0.020400118858855,159.38313980102538,-0.0025965989191178,0.0257799805054526,0.0234125467902697,130.62613372802736,0.0037079891046617,0.0259187376627632,0.016343593124889,147.72200698852538,0.0086946872308956,0.0177461018581905,0.023255700217887,125.5147705078125,0.0066749911692298,0.0195075043579062,0.0234595208752833,339.0011505126953,0.0129875894239089,0.0387427931375883,0.0246723787405196,279.4557830810547,0.0084449633489259,0.0463483555462533,0.0419741630342556,279.29149627685547,-0.0046906425749555,0.0290022648612831,0.0215107679968249,203.36161041259768,0.0148140068140542,0.0120096452282043,0.0152704684571113,43.66234512329102,0.0099880220900682,-0.0569125472010421,0.0264818304736152,69.63487701416015,-0.0247339389760622,1
2022-03-16,0.0290156935032877,0.0208488396493726,158.73707809448243,-0.0037928746798192,0.0315986474437728,0.0245186479305405,130.4611961364746,9.023322924597287e-05,-0.0091970504232572,0.0164989972696932,148.0884117126465,0.0060967212769363,0.0446859379236943,0.0255666321008654,124.78604621887207,0.0075996987317658,0.0288955652330413,0.0240554287727987,337.2072479248047,0.0099862010419179,0.0252132436139216,0.0249928953317453,279.1922607421875,0.0043160135569607,0.0478120404252786,0.0415998126042382,277.92149658203124,-0.0035149495256713,0.0277966401383573,0.0224438197896814,202.58972320556643,0.011975225699957,-0.0029495722945799,0.0153563240782571,43.8353551864624,0.0083602173687786,-0.0037553310015433,0.0263493091373173,69.58900566101075,-0.0141157173708815,1
2022-03-17,0.0064537825500947,0.0209691869375025,158.1531723022461,0.002935083415571,0.0041905085748863,0.0244548474650741,130.26795959472656,0.0024130768277969,0.0130644009024765,0.0166435731885431,148.56014251708984,0.0083553153011932,0.0126446289817276,0.0258374053872119,124.12296180725096,0.0124967425871419,0.0051062589603538,0.0240846363514732,335.4313568115234,0.0131650529643957,0.0028193590186786,0.025004236768887,278.9856903076172,0.0068972029861994,0.0373350104690226,0.0426032258500883,277.0583297729492,0.0087648036341628,0.0074573757412841,0.0225101196475761,201.84590301513677,0.0152588524861317,0.0015194568764063,0.0151793506372628,44.02508144378662,0.0041180446397231,0.0266474302188919,0.0270198288761979,69.61626892089843,-0.0149947550227453,1
2022-03-18,0.0209189525607329,0.0211943495301799,157.91334533691406,0.0119005986829511,0.0170839573139731,0.0231765380149573,130.44570846557616,0.0096946211217058,-0.0110861522237374,0.0168272258836831,148.98997116088867,0.0065034674928671,-0.0003568423390813,0.0254860170006714,123.61705360412596,0.016930114141941,0.010535758291422,0.0238616199445355,334.2823028564453,0.0151490301919609,0.0176478890856488,0.0243471051919094,279.4538543701172,0.0142924601793208,0.0387677942765043,0.0418980544987683,277.5423294067383,0.0267652796696743,0.0265167604559108,0.0231485300529621,201.5797370910645,0.0218351028744569,0.0029652851259684,0.0126524201256098,44.13731021881104,0.0054963429578949,-0.0039248906776312,0.0270357713385265,69.63530883789062,-0.0147487640158841,1
2022-03-21,0.0085380200789912,0.0212122089356,157.81937484741212,0.0189207432163205,-0.0001764164858492,0.0228067528231466,130.72812881469727,0.0156953354704471,0.0056621931988818,0.0165205109589413,149.54197692871094,0.0048724258234253,-0.0032119347649115,0.0254123557867071,123.0593475341797,0.0143015783319239,-0.0128823620021994,0.0239143326095572,333.0962646484375,0.0102325449681048,-0.0042274127491032,0.0242419177821074,279.99586334228513,0.0160391744213468,0.017417963888751,0.0416093138402636,278.6119964599609,0.037536232921162,-0.0094475487141703,0.023164868225454,201.30630874633792,0.016265098496533,-0.0083196223350607,0.0127308577884321,44.24442253112793,0.0010450385201876,0.044870825206895,0.0286079423252878,69.84476013183594,0.001385097309114,1
2022-03-22,0.0208002869889152,0.0212975179677091,158.0396240234375,0.0171453471364043,0.0276744509849453,0.0234214852021688,131.22643661499023,0.0160742295663457,-0.0047201903877104,0.0161435081038768,150.155517578125,-0.0012553597866693,0.0212673960266789,0.0260317594684134,122.6463134765625,0.0150058371656216,0.0114300370322857,0.0241305866470652,332.1832550048828,0.0086170515029807,0.0163792763633801,0.0244345314730892,280.78450164794924,0.0115664710665052,0.0790524377817913,0.0433096423226004,281.4861633300781,0.0440770493682696,0.0065887447434516,0.023191724101347,201.16838455200195,0.0117823944729667,-0.0029814052810025,0.0123964802485084,44.36899871826172,-0.0019531715816536,-0.0043795047456699,0.0284524390115829,70.07757987976075,0.0118917058001884,0
2022-03-23,0.0082338664038694,0.0203288101314629,158.53591918945312,0.0129889817165207,-0.0113858675464253,0.0231821152038282,131.75611572265626,0.007477326568306,-0.0037716062732991,0.0162238350864091,150.73629989624024,-0.0001702709566777,-0.0199130544375972,0.0259951418594245,122.24846305847169,0.0020860386933632,-0.021028216154648,0.0242023134840511,331.2561325073242,-0.0013677047745571,-0.0150299083228726,0.0238716147542303,281.712141418457,0.0035178406791463,0.0051611360578402,0.0390099356890372,285.40399780273435,0.0355468684947819,-0.0173478920424867,0.0228663369798109,201.1069236755371,0.0027534880367979,-0.0128649780633512,0.0125546078281141,44.48637218475342,-0.0039362527354079,0.0157624985620712,0.0285782345731388,70.35280952453613,0.0157952717129113,1
2022-03-24,0.0226777795656378,0.0205796994452813,159.0904571533203,0.0162337811196293,0.0238401313683742,0.0221298358946386,132.1962646484375,0.0114072511270036,0.0051623909047016,0.0152816810181737,151.49326400756837,-0.0017506729562327,0.0065100842559508,0.0253784275650553,122.07610473632812,0.0008591297482079,0.0209537787418552,0.0241174618719057,330.28131408691405,0.0018017991817431,0.0153927908416824,0.0213321919818369,282.17113342285154,0.0060325270437471,0.0148231284201352,0.0381911517968868,288.9564971923828,0.0310444920850044,0.0122508540165249,0.0229922967985768,201.10740814208984,0.003712183691846,0.0061994268460836,0.012476866896083,44.62585945129395,-0.0030002587414724,0.0030074661763441,0.0283007538248328,70.68083610534669,0.0110672789044018,1
2022-03-25,0.0037338757434999,0.0204611014476802,159.57353286743165,0.0127967657561827,0.0007132048701921,0.0220137353488821,132.55376892089845,0.0081331006382474,0.0095869385449278,0.0112386512341318,151.97665786743164,0.0023839451975003,0.0087427236319381,0.024827349926539,121.8059585571289,0.0026790429424118,-0.0009445801159648,0.0241168897672818,329.30455017089844,-0.0004942684997342,-0.0013809383311178,0.02126959633983,282.4785781860352,0.0022267615603937,-0.0032349379803172,0.0383543182435651,292.3026641845703,0.0226439456336401,0.0051540008399446,0.0229299494238686,201.0667587280273,-0.0005603682313471,0.0043407212945574,0.012235688719503,44.746002769470216,-0.0027251715077547,0.0218275036864783,0.0281173013058719,70.99934158325195,0.0162177577772237,1
2022-03-28,0.0050368264852709,0.0204623430027989,160.0864685058594,0.0120965270374386,-0.0015349217516971,0.0220314781889028,132.8708824157715,0.0078613995850778,0.0051434146455513,0.010889842187035,152.5636344909668,0.0022801894868342,-0.0073983038716276,0.0230465131622615,121.76443328857422,0.0018417691210686,0.0042117349707042,0.0236920072739249,328.8018096923828,0.0029245508948464,0.0231164539543278,0.0218155443832284,283.05340576171875,0.0076955349010799,0.0803450783611821,0.0388522415333593,295.99282989501955,0.0352293685281263,0.010712589353075,0.0227848771231615,201.29178924560543,0.0034716593821018,0.0177763084321274,0.0123447043352448,44.92570552825928,0.0024940146456829,-0.0280515275381475,0.0290533963755019,71.18931922912597,0.0016332872282152,1
2022-03-29,0.0191343157953045,0.0204389100828777,160.85782775878906,0.0117633327987165,0.007422502834655,0.0219290734481259,133.28937072753905,0.0038110099550197,-0.0005061076493489,0.0108037673195724,153.1718620300293,0.0031230060345065,0.002200095528708,0.0212744834848173,121.97563667297364,-0.0019716909785255,0.0486748355850055,0.0238018665980383,329.9245834350586,0.0103735106053904,0.0151592685283312,0.0216984851058477,284.0408935546875,0.0074515333340702,0.0070798580959405,0.0386156935639914,299.91283111572267,0.0208348525909561,0.0332925988985921,0.0223408854941734,202.21853637695312,0.00881243021313,0.0084246461016819,0.0123748020488067,45.11178569793701,0.0047752249222198,-0.0053132625693138,0.0290705178358904,71.32779998779297,0.0014465356634864,0
2022-03-30,-0.0066493616085011,0.0202393044291217,161.406494140625,0.0087866871962424,-0.0039786526182885,0.0219883770536104,133.65448379516602,0.0052924529406471,0.0104084840296094,0.0107304240169233,153.77167739868165,0.0059590240950882,-0.0045328564317509,0.0208439726842536,122.03190002441406,0.0011043486226437,-0.0144471465384264,0.0241227713257786,330.80790252685546,0.0116897245286347,-0.0049142169588648,0.0215100113309019,284.70066986083987,0.0094746716068717,-0.0050747541451513,0.0387970549463132,303.4811645507813,0.0187876745503578,-0.0182797667411452,0.0228804067101462,202.96719512939453,0.0086260552733983,0.0179313037943209,0.0127196832498964,45.33694648742676,0.0109344812937542,0.0171176824751393,0.0290689019700995,71.4684440612793,0.0017175724461,0
2022-03-31,-0.0177758202336099,0.0207639975026185,161.81664581298827,0.0006959672363928,-0.0202269486654643,0.0225331904215756,133.9106132507324,-0.0035209630661205,-0.013141356578706,0.0110680704459109,154.1590103149414,0.0022982745984067,-0.0300270736956718,0.0218967113101083,121.94393615722656,-0.0062030829676808,-0.013416460937905,0.0242565585123376,331.60557250976564,0.0048156765926826,-0.0176829358581086,0.0216644522196156,285.29866790771484,0.0028595262669135,-0.0149818131423394,0.0369348109503089,307.4529983520508,0.0128266862378629,-0.0097340973794097,0.0229799946019722,203.670849609375,0.0042290649942113,-0.0063390306055126,0.0122273635179465,45.49776077270508,0.008426789803435,-0.0142038307635927,0.0292840615798515,71.5355209350586,-0.0017246869418872,1
2022-04-01,-0.0017181487879712,0.0202001413062855,162.36188430786132,-0.0003944376699013,0.0077873998873567,0.0221996992197189,134.3191909790039,-0.0021061240626876,0.0054172132324861,0.0110604383268644,154.5445770263672,0.0014643295359183,-0.0074090558511232,0.0209916578692804,121.98456954956056,-0.0094334388642931,0.0184395779353911,0.0232233020795631,333.2218292236328,0.0086925082029538,0.0035999835520732,0.0209920790894242,286.2427185058594,0.0038557106435517,0.0064865993682725,0.0368169130814383,311.55799865722656,0.0147709937075808,0.0206970865240709,0.0215189395155227,204.93248748779297,0.0073376821310366,0.0140344783052099,0.0114033356440721,45.63601303100586,0.0103655412055655,0.0064173622918328,0.0280548526769026,71.49354476928711,-0.0048067152208163,1
2022-04-04,0.0236934202977998,0.0196111398912719,163.29867630004884,0.0033368810926044,0.0201285695989554,0.0197544200111364,135.1415500640869,0.0022265742074428,-0.0096527148611166,0.0108993099996413,154.733154296875,-0.0014948963654152,0.0044341418186675,0.0188639841285907,122.28373794555664,-0.007066949726234,0.0080778235858596,0.0186157759319644,335.84940643310546,0.0094657259259849,0.0179366790721169,0.0188128590310375,287.98312225341795,0.0028197556671095,0.0561134129875917,0.0356903803085234,317.2391662597656,0.0099246606328628,0.0060964050195921,0.0173370296203209,206.7250099182129,0.00641444526434,0.0001986679029644,0.011126549951553,45.7928602218628,0.0068500130997329,0.0004813669931775,0.026733306511677,71.32217597961426,0.0008998636854486,0
2022-04-05,-0.018942207559464,0.0200164645605408,164.16106796264648,-0.0042784235783493,-0.0166502502092075,0.0204154440568176,135.80994873046876,-0.0025879764013296,0.0064602641552369,0.0096901207311691,155.12668685913087,-0.000101622004498,-0.0116374096052505,0.0190162170264927,122.55291709899902,-0.0098344507530258,-0.0097845828027529,0.0190326935431812,338.233644104004,-0.0022261577515667,-0.0129854082912126,0.0189150806985469,289.67381591796874,-0.0028091796967991,-0.0473089715442011,0.0385420620244538,321.686833190918,-0.0009531052951655,-0.0072452732386752,0.0177031245699241,208.3888008117676,-0.0016931291631134,0.0028466617169224,0.0095754463064163,46.00267562866211,0.005734416222781,-0.0051708009436147,0.02664531774352,71.10363807678223,0.0009283560105884,0
2022-04-06,-0.0184507200776175,0.0194315858800482,164.5956916809082,-0.0066386952721725,-0.0287571486916922,0.0189088484679383,135.96497497558593,-0.0075436756160103,0.0260119112657859,0.0110153153027614,155.69640426635743,0.0030190634427372,-0.0138740853772356,0.0171357640076219,122.50936584472656,-0.0117026965421227,-0.0268907151127334,0.0184688089986801,339.4707885742188,-0.0047148714664281,-0.0366056069824143,0.0187943833276239,290.20472564697263,-0.009147457701509,-0.0416948942943683,0.0399558481997998,324.8,-0.0082771333250089,-0.0313148831392254,0.0179752980544192,209.32038803100585,-0.0043001524427294,0.0232392369831222,0.0104417537597643,46.256825828552245,0.0067960028605412,0.0111202224278899,0.0235152466629632,71.14085426330567,-0.0002711359988614,1
2022-04-07,0.0018042779776483,0.0181105730801527,165.26231002807617,-0.0027226756299209,-0.0048300159737871,0.0188544748470704,136.13640289306642,-0.0044642890776749,-0.0025792423528788,0.0110985934283052,156.23203506469727,0.0051314862879026,-0.0030421641892836,0.0169336990265163,122.51837158203124,-0.0063057146408451,-0.0099417575187711,0.0184343288266458,340.70914764404296,-0.0040199307826013,0.0062437442747116,0.0185934661211794,290.9663375854492,-0.004362121674945,0.0109968161052127,0.0391135649373082,328.4493347167969,-0.0030814074754984,-0.0130587393849558,0.0181623584247694,210.2001937866211,-0.0049650808438386,0.0100004839157155,0.0097003126295846,46.48554439544678,0.0100639057647869,0.0167366754837625,0.0227514822580319,71.12743873596192,0.0059169652506096,0
2022-04-08,-0.0119091181987723,0.0173083809758849,166.01408920288085,-0.0047608695120811,-0.0191405902180437,0.0188438897700243,136.3057518005371,-0.009849887098755,0.0019804685933202,0.0110347284715566,156.79732131958008,0.0044441373600695,0.0183079715613141,0.0165043261289551,122.76795272827148,-0.0011623091583576,0.0077813622964271,0.0184359414767918,342.0703369140625,-0.0061515739103941,-0.0145998870597141,0.0183246423708942,291.7820068359375,-0.0080020957973025,-0.0300494479654184,0.0375557018302116,332.2850006103516,-0.0103886169422366,0.0038400039443753,0.0179817842167155,211.18114318847657,-0.0083364973597778,0.0055576871363383,0.0094752265307611,46.73684825897217,0.0083685475310125,0.0210461030506587,0.0231852283429775,71.21052627563476,0.0088427134023748,0
2022-04-11,-0.0255158239092064,0.0172095707916566,166.7546142578125,-0.0146027183534824,-0.0334915273734476,0.0191486924839753,136.4481143951416,-0.0205739064932356,-0.0125191222570533,0.0113311462841316,157.15809631347656,0.0038708558808821,-0.003670674650447,0.0164514671482504,122.938338470459,-0.0027832724521805,-0.0139097520158439,0.0187809823988923,343.0077819824219,-0.0105490890307348,-0.039431518088748,0.0203852871269333,292.2077011108398,-0.0194757352294755,-0.0483280860738046,0.0384700176248749,335.7776672363281,-0.0312769167545159,-0.0102776134116557,0.0180060738598288,211.87898712158204,-0.0116113010460274,-0.0198208710182931,0.0107860866934713,46.907601547241214,0.004364639746761,-0.0344307338183945,0.0230715447387407,71.29577941894532,0.0018602932400603,0
2022-04-12,0.0115232457730041,0.016290242072817,167.3698417663574,-0.0085096276869887,-0.008608663154036,0.0183628929991063,136.3745906829834,-0.0189655890822013,0.0003336020869824,0.0098861890792826,157.32453994750978,0.0026455234672312,-0.0109773559634487,0.0162173902368479,122.93990211486816,-0.0026512617238201,-0.0045197990651606,0.0184360211050401,343.55675048828124,-0.0094961322832164,-0.0112181153167283,0.0185989615597764,291.9620330810547,-0.0191222766345786,0.0112918135664994,0.0376535291206158,338.8620010375977,-0.0195567597323758,-0.0155995606473063,0.0174524272064868,212.13353881835937,-0.0132821585277536,-0.0068699560092733,0.0108454900888619,47.03432922363281,0.0024213162015219,0.0208704369572962,0.018894330443312,71.65842552185059,0.0070685408202425,1
2022-04-13,0.0163427292854385,0.0154942433352321,167.89892654418946,-0.0015509378143775,0.0170652524513241,0.0172852006504424,136.20675315856934,-0.009801108853598,0.0042246323744969,0.009601665048756,157.596337890625,-0.0017119323110265,-0.0322335891295791,0.0140759300796665,122.4863956451416,-0.0063231624742888,0.0270099537375521,0.0182945337140036,344.0898040771484,0.0012840014868406,0.0197120813263322,0.0182321834047001,291.6352813720703,-0.0078587389728293,0.0358883560359128,0.0371324577578803,341.8976684570313,-0.0040401096663196,0.0088459086386132,0.0164285448732157,212.20129013061523,-0.0052500001721858,0.0260389910855933,0.0119275567060999,47.23094463348389,0.0029812670220161,0.0141352843013426,0.0188648509205579,72.08598289489746,0.0076715531949331,0
2022-04-14,-0.0299881745511987,0.0171681303787213,168.12749710083008,-0.0079094283201469,-0.0243581023786574,0.0179860847976736,135.85442733764648,-0.0137067261345721,-0.0042068599378086,0.0093048633960602,157.73356399536132,-0.0020374558280124,-0.0092693386903576,0.0135801232837565,121.9016674041748,-0.0075685973745036,0.0075463886733111,0.0183263946156624,344.6678131103516,0.0047816307252571,-0.0270839921644847,0.0191073280804969,290.892497253418,-0.0145242862606685,-0.0365523188084326,0.0379882558985432,343.7876693725586,-0.0135499366490486,-0.0022507423687244,0.0163540846776728,212.1693489074707,-0.0030884007689396,-0.0008902925364141,0.0119680967825115,47.42186603546143,0.0008031117315902,0.0117498996496647,0.0183018840341706,72.46896781921387,0.0066741980281135,1
2022-04-18,-0.0013310457026622,0.0165587098835612,168.18084716796875,-0.0057938138209249,0.0074685575415951,0.0175564274595183,135.43568992614746,-0.0083848965826443,-0.0124512505570953,0.0094019943605453,157.85839767456054,-0.0049237996580955,0.0185537770066435,0.014531136437907,121.42443313598632,-0.0075194362854378,-0.0028506785707004,0.0182365059246141,345.0184722900391,0.0026552225518316,0.002465667467278,0.0185585106337698,289.93155670166016,-0.0111111753552701,0.019583733431163,0.0373761173315832,345.43600311279295,-0.0036233003697323,0.0017858078213255,0.0151305674176758,211.88188629150392,-0.0034992399935495,-0.0076394799245831,0.0122513410308232,47.58700428009033,-0.001836321680594,0.0081977479878985,0.0181741909498513,72.89652595520019,0.0041045270155615,1
2022-04-19,0.0141153864568175,0.0167477651116404,168.27971343994142,0.0021324282522798,0.0182688683024505,0.0181885331094084,135.13374290466308,0.0019671825525352,0.0305076560658457,0.011483390497692,158.1793342590332,0.0036815560064842,0.0207067430000669,0.0155366767536995,121.08694686889648,-0.002643952755335,0.0198150602566109,0.0183750235162335,345.93318328857424,0.0094001850063226,0.0170394896774779,0.0191013495249311,289.2626129150391,0.000183026197975,0.0237580934452494,0.0375060495955725,347.2191696166992,0.0107939355340784,0.0118683115069573,0.015273888980778,211.8170379638672,0.000929944990173,0.0113548977994992,0.0120366884912963,47.79927978515625,0.0043988320829644,-0.0089216030593928,0.0159808956524042,73.13713569641114,0.0092063531673618,0
2022-04-20,-0.0010155455950267,0.0160692078839731,168.20189361572267,-0.0003753300213263,-0.0151451982698713,0.0169753268711292,134.54753913879395,0.0006598755293682,0.0044242559973912,0.0113797785561728,158.5728660583496,0.0044996867885659,0.0035082642829473,0.0145747183304574,120.63753623962404,0.0002531712939441,0.00390251407298,0.0182659430441714,346.7248611450196,0.0110846476339507,0.0037154671765862,0.0186579983448731,288.408334350586,0.0031697426966379,-0.0495550367137009,0.0353130597379675,346.93950347900386,-0.0013754345219616,0.0096895100143865,0.0153618962321213,211.78413009643555,0.0059877591225116,0.0125595902669353,0.012028102280308,48.049676704406735,0.0082847413382061,0.0022791805878219,0.0158793324855454,73.40198020935058,0.005488101893467,0
2022-04-21,-0.0048436128170852,0.015967282093921,168.0163948059082,-0.004612598441831,-0.0251913561277482,0.0175508167772756,133.8804039001465,-0.0077914461864462,-0.0028820269675247,0.0113555164934177,158.9721549987793,0.0030783549201616,-0.0077520518952636,0.0141021924349133,120.2690544128418,0.0051494787408073,-0.0023269721086478,0.0174626737342422,347.83282165527345,0.0052172624647107,-0.0193810855010937,0.0188323245863266,287.50675811767576,-0.0046488906688472,0.0323168406624552,0.036047018737308,347.1006698608398,-0.0020897375966531,-0.0061526538889149,0.0148950513129088,211.8697883605957,0.002988046617006,0.0015032921955557,0.011292389300045,48.33313217163086,0.0033776015601986,-0.0105729720672383,0.0159211524691217,73.57075386047363,0.0005464506197508,0
2022-04-22,-0.027821452342625,0.016018048706473,167.41535873413085,-0.0041792540001163,-0.0414934852501204,0.0179828759484917,132.7932186126709,-0.0112185227607388,-0.009926097094942,0.0116721505045132,159.25103530883788,0.0019345074887349,-0.028722295907829,0.0150292863319441,119.69125366210938,0.001258887297313,-0.036384539307062,0.019057659280683,347.9456039428711,-0.0035689231313638,-0.0241443821759801,0.0188701054486583,286.0554534912109,-0.0040609686711463,-0.0036975766723952,0.0359134387094639,346.9528366088867,0.0044812108305543,-0.0382536622088828,0.0169414344741628,211.42746505737304,-0.0042125373510256,-0.0188277741611423,0.0125844970408189,48.55505619049072,-0.000209894764747,-0.0218318518458496,0.0168162565328104,73.646484375,-0.006169899679352,1
2022-04-25,0.0067372510624414,0.0161035700873155,166.8358612060547,-0.0025655946470955,0.028741479868708,0.0197241366975596,131.87144317626954,-0.0069639382953162,0.0246228551909377,0.0126418932768697,159.6534210205078,0.0093493286383415,-0.0003157112172577,0.0147363462002896,119.05672912597656,-0.0025150103474672,0.0097387493168505,0.0191643982061906,348.2411239624024,-0.0010510375538536,0.0244135263181273,0.0199808591857912,284.94730682373046,0.0003286030990235,-0.0069946453878937,0.0359420233517695,346.7425033569335,-0.000834464933257,0.0085508851124103,0.0170338040231508,211.01708297729493,-0.0028595218928087,0.0005100488855143,0.0126204896981328,48.76843891143799,0.0014200109972724,-0.0337129552784052,0.0177841657997215,73.51925621032714,-0.0145520403326128,0
2022-04-26,-0.0373280495538078,0.0176503680017326,165.9157112121582,-0.0128542818492206,-0.0359458556348305,0.0207142718521638,130.74118919372555,-0.0178068830827725,-0.0071502828795338,0.0128086492934201,159.95664901733397,0.0018177408492656,-0.0295809340912439,0.0157160919961878,118.3004020690918,-0.0125725457657293,-0.0295829895712957,0.0203244226770866,347.95386199951173,-0.010930647519435,-0.0374039451740811,0.0202812532667926,282.99356842041016,-0.0105600838712883,-0.1218412188194887,0.0403165870222288,343.1521713256835,-0.0299543273862046,-0.0421531514693832,0.0189747290509423,210.06516952514647,-0.0136638144880768,-0.0104497882167239,0.0126452475715152,48.91554489135742,-0.0029409262059721,0.0003646656847233,0.0166594697569828,73.49675331115722,-0.0126947865837895,1
2022-04-27,-0.0014667400732594,0.0167135284123008,164.81985321044922,-0.0129445207448672,-0.0367087782326376,0.0212667812184582,129.34303817749023,-0.0221195990753257,-0.0139698807605121,0.0132903240117184,160.1496543884277,-0.001861086502315,-0.0130059259849538,0.0156526194104852,117.4582633972168,-0.0158753838193096,0.0507400084999778,0.0205917147151698,347.68725128173827,-0.0015631486340354,0.0481089500482205,0.0232729841208466,281.43994140625,-0.0016813872969614,0.0058076784704732,0.0402890025004492,339.517837524414,-0.0188817843493698,0.0646940766246779,0.0231128990102983,209.38716583251957,-0.0026629011660185,-0.0068257419374174,0.0127707757049867,49.0264274597168,-0.0068179926468427,0.0285576007810406,0.0177934027246043,73.5949878692627,-0.0074391025451458,1
2022-04-28,0.0451553161358972,0.0203189782523526,164.12827072143554,-0.0029447349542707,0.0369919764371524,0.0237786187250252,128.182527923584,-0.0096829325623456,0.0074683999202325,0.0132001760011344,160.3209686279297,0.0002089988752364,0.0158128128154695,0.0164633941875063,116.73106727600096,-0.011162410877163,0.0477358491709718,0.022943221081444,348.5202362060547,0.0084494156218884,0.022632777648724,0.0240861701458924,280.27050018310547,0.0067213853330021,-0.004537702888526,0.0402927712797413,335.90983734130856,-0.0262526930595661,0.0305919332963213,0.0239702649389832,209.22794876098632,0.0046860162710287,0.0127722988699485,0.0124896840376227,49.12671165466308,-0.0045641913119641,0.0302455886013395,0.018622251731808,73.74298896789551,0.0007246095885697,0
2022-04-29,-0.0366046694744186,0.0214013081282285,163.29817733764648,-0.0047013783806294,-0.0372333869188551,0.0245053068240852,126.94559478759766,-0.0088309128960925,-0.0163523828831562,0.0134011280504528,160.46395416259764,-0.0010762582824064,-0.0322683999762657,0.0166421429750484,116.01327133178712,-0.0118716316908503,-0.0407832590109977,0.02469532539897,348.8367874145508,0.0075696716811013,-0.0418123000520023,0.025390662177694,278.78443908691406,0.0031878017577976,-0.0076922202135913,0.040279873375586,332.4625030517578,-0.0270516217678053,-0.0341248106612275,0.0250620530373577,208.80982131958007,0.0055117865805597,-0.020613061719151,0.0133765139109337,49.1910903930664,-0.0049212488235659,-0.0223623701924831,0.0190834027237685,73.85810089111328,0.000618505919243,1
2022-05-02,0.0019663677646599,0.0214457541942016,162.49794006347656,-0.0056555550401857,0.0216766805381845,0.0252093421999908,125.7775775909424,-0.0102438727621972,-0.0100852284801167,0.0135786185821371,160.48387451171874,-0.0080178750166173,0.0091318455449118,0.0169823328468576,115.38960494995118,-0.0099821203384164,-0.0119433859244056,0.0245122329214706,348.62110900878906,0.00323324463285,0.0250432782370275,0.0262097803588424,277.5802459716797,0.0033137521415777,0.0369562847143329,0.0414864589684348,329.4350036621093,-0.0182614357473599,-0.0075071559861857,0.0245238751317575,208.09213409423828,0.0023001783608405,-0.0066017923778425,0.0131473415062944,49.20643348693848,-0.0063436170762372,0.0136072386919736,0.0192428128543104,74.00047645568847,0.0100825447133188,1
2022-05-03,0.0096224803023805,0.0206826963915195,161.56995697021483,0.0037345509310519,0.006441768806588,0.0245583414144568,124.50696868896485,-0.0017663478739135,-0.0019591965740736,0.0133921150587033,160.5644416809082,-0.0069796577555252,0.0214197693099638,0.0178946927244977,114.85520515441894,0.0002180203418251,-0.0034814121646505,0.024439759066758,348.20142517089846,0.0084535601141791,-0.0094561896332441,0.0257215651504628,275.9783569335938,0.0089033032497451,0.0069882797619633,0.0388435751602695,325.49833679199213,0.0075044639689304,-0.0140405024411573,0.0245398538174322,207.16393356323243,0.0079227081664857,0.0034873460133701,0.0131652161550207,49.22968559265136,-0.0035561902302184,0.0205991762410577,0.0196736696777563,74.21814918518066,0.0141294468245857,1
2022-05-04,0.0410086358405807,0.0228474004741302,161.12750473022462,0.0122296261138199,0.0419911242636543,0.0270405895574665,123.59852333068848,0.0139736326253448,0.0107125843527324,0.0135232040997107,160.6790901184082,-0.0020431647328763,0.0330813125465354,0.0196558881512115,114.57451057434082,0.0094354680481229,0.0299896303232103,0.0252830144608777,348.4793930053711,0.0043034844788256,0.0291008579766474,0.026755126098048,274.9696380615234,0.0051016848354305,0.0476986457646855,0.0399294223282839,323.18767089843743,0.0158826574277728,0.028576966096492,0.0255837285218805,206.6040153503418,0.0006992860608485,0.0138352036969569,0.0134906505963273,49.27951240539551,0.0005759988966564,0.039800486798458,0.021187301428875,74.60632629394532,0.0163780240280691,0
2022-05-05,-0.0557162205618971,0.0255812751164451,160.39040756225586,-0.0079446812257389,-0.0470754327664475,0.028118870126959,122.6052059173584,-0.0028398492153751,-0.0190899044844834,0.0128428696948028,160.43694839477538,-0.0073548256138195,-0.0250196577401454,0.0201556500654168,114.23398704528807,0.0012689739369999,-0.0411103138096038,0.0262908832914561,348.4945022583008,-0.0134657481172895,-0.043554867583037,0.0272531941209431,273.9005844116211,-0.0081358442109217,-0.0832861531754801,0.0428625570586572,320.313003540039,0.000132967370382,-0.043259515941182,0.0264220347093369,205.93762741088867,-0.0140710037866521,-0.0085682581010236,0.0125901336358522,49.25270385742188,-0.003692112497538,-0.0151579339168144,0.0216225291037375,74.89453964233398,0.0072973195244383,0
2022-05-06,0.0047272986157664,0.0256260752192774,159.67440872192384,0.0003217123922981,-0.0065148286328735,0.02811288236724,121.6069580078125,0.0033038624418211,-0.0022063440679883,0.0128414067381443,160.19834899902344,-0.0045256178507859,-0.0016140702360754,0.020157152697901,113.9024600982666,0.007399839885038,-0.0176873379850172,0.0265069552444467,348.3760696411133,-0.0088465639120933,-0.0094465710526978,0.0271842817286698,272.61482391357424,-0.0016626984110608,-0.0087371806981902,0.0426272136331271,317.1195022583007,-7.602472653771564e-05,-0.0117910274416013,0.0263979207990267,205.29253311157223,-0.0096042471427268,-0.0208196005891327,0.0131157408183695,49.15089473724365,-0.0037334202715343,0.0152805456448101,0.0215800078175511,75.18188591003418,0.014825902691897,0
2022-05-09,-0.0331893370791954,0.0263968264411687,158.8028823852539,-0.0067094285764729,-0.0279531933601108,0.0283709475722977,120.57726402282717,-0.0066221123378378,0.0054433331652539,0.0129129033367459,159.98631286621094,-0.0014199055217118,-0.015033832308794,0.0197022820334315,113.37930564880372,0.0025667043142968,-0.0551103645945753,0.029133603974168,347.1927734375,-0.0174799596461273,-0.0369454080543532,0.0280759774259084,271.0515419006348,-0.0140604356693369,-0.0907294880724968,0.0462095206401321,313.1465026855468,-0.0256131792839036,-0.0484174075261608,0.0282241193371663,204.1320388793945,-0.0177862974507219,0.0117010862413868,0.0133718740789214,49.06310615539551,-7.28445476884998e-05,-0.0788527499078748,0.0280232003973889,75.07889137268066,-0.0036660950280726,1
2022-05-10,0.0161120138261783,0.0263501804334323,158.26386184692382,-0.0054115218717134,0.0167449442367662,0.0282237373958158,119.86217994689942,-0.0045614772518022,-0.0013532958400537,0.0126386428070747,159.8645812988281,-0.0012987253749078,-0.0243721742010868,0.0202014859874382,112.74459304809572,-0.0065916843879132,-0.0081098666082204,0.0290497215715879,346.1186462402344,-0.0184056505348412,0.0185955895272975,0.0273613095555408,270.29089431762696,-0.0084500798372286,0.0164271739863726,0.0458030969093792,310.2150024414062,-0.0237254004390218,0.0030051716889138,0.0282610740893864,203.1075340270996,-0.0143771626247076,-0.01407720751246,0.0130194333364481,48.99085445404053,-0.0035857552528545,0.0066302363911441,0.026928403690628,75.12952156066895,-0.0064598829980553,0
2022-05-11,-0.0518413123720811,0.028240944765126,157.23874053955078,-0.0239815115142457,-0.0069277788375137,0.0282166262968956,119.1627815246582,-0.0143452578720358,-0.0054211028657723,0.0126794391619937,159.69769668579102,-0.0045254628186087,-0.0063083085216516,0.0201605475134756,112.14181823730468,-0.0144696086015506,0.0016596410613578,0.0290641165713388,345.1473495483398,-0.0240716483872117,-0.0332096375490239,0.0281611120470222,269.2527313232422,-0.0209121789423629,-0.0825458284364604,0.0483662199532582,305.9991691589356,-0.049774295279251,0.0162207583521125,0.0285154687787555,202.39710845947263,-0.0168484041735835,-0.010457115653966,0.0131227485315235,48.91060371398926,-0.0084442191230391,0.0208190101851386,0.0269264133737121,75.18101921081544,-0.0102561783207192,0
2022-05-12,-0.0268942563623528,0.0280733995591087,155.88638763427736,-0.0182171186743369,-0.0066767019668296,0.0277141366510804,118.31777572631836,-0.0062655117121123,0.0098787307855534,0.0128633488191939,159.57419052124024,0.0012682642353985,-0.0008465910175788,0.0191381838878992,111.72527351379397,-0.0096349952570373,-0.0142080463518318,0.0283084010735525,343.4952178955078,-0.0186911948956573,-0.019957736116279,0.0278292712697451,267.6952461242676,-0.0161927526490113,-0.0081743867510473,0.0469800237953824,301.09300231933594,-0.0347519419943644,-0.0120960613370812,0.0284340056725077,201.48102874755855,-0.0106157132527634,-0.0009484181162265,0.0114063669037171,48.765017890930174,-0.0069202511260797,0.0045394284000999,0.0267658566340488,75.19720420837402,-0.0063167058573363,1
2022-05-13,0.0319165301972834,0.028969721627444,155.00716247558594,-0.0127792723580335,0.0284151700909029,0.0284416279268721,117.78849296569824,0.0007204880326429,-0.005734435770802,0.0128897766951994,159.4391761779785,0.0005626458948358,0.0088953725785903,0.0192851668029542,111.40904121398924,-0.0075331066941042,0.0359855706066412,0.029635011136389,342.27585601806635,-0.0079566131773257,0.0225964060809689,0.0280238547788486,266.7922187805176,-0.0097841572222779,0.057129093691457,0.0494034612859571,297.5028350830078,-0.0215786871164349,0.0271175493461361,0.0292883558697398,200.8432182312012,-0.0028339978952159,0.0038649717697307,0.0115007259333105,48.63069515228271,-0.0019833366543069,0.029664037760958,0.0274509048116955,75.28116760253906,-0.0034400074341068,0
2022-05-16,-0.0106722108921811,0.0289770784157999,154.06175079345704,-0.0082758471206306,-0.0138344618749434,0.0283881262102849,117.13273239135742,0.0035442343296764,0.0069553932901162,0.0126935947590386,159.45776977539063,0.0008650579198083,-0.0069694990952908,0.0186393164031479,110.95021209716796,-0.0059202400514035,-0.0092248037657114,0.0296653092077796,340.95658721923826,0.001220498988447,0.0014552606774511,0.0280142401767424,265.8742309570313,-0.002104023475917,-0.0587585616183726,0.0499490051181565,292.8375015258789,-0.0151845018256101,-0.0071274888951127,0.0292829616883388,200.1181663513184,0.0054239858309937,0.0010807003249728,0.0114693395608298,48.5178939819336,-0.0041074138375897,0.0235199630943878,0.0278596479171098,75.4253433227539,0.0170345351663457,1
2022-05-17,0.025422310403748,0.0294918404819347,153.18365554809571,-0.0064137878051167,0.0177205254800523,0.0283646529190417,116.46188163757324,0.0037393505783337,0.0041551528037047,0.0105717544760696,159.26919250488282,0.00196674764856,0.0331471871989133,0.0196841927632396,110.54806175231934,0.0055836322285964,0.0276894698600329,0.0300411784754489,339.73771514892576,0.0083803662820977,0.0203441040471616,0.0281488880778631,264.98230895996096,-0.0017543205719442,0.0514101777895292,0.0514380454164437,288.3951675415039,-0.0081879010649788,0.031292793416622,0.0301202501080502,199.5708122253418,0.0110815101765353,-0.1137574111036405,0.0271050848625854,48.10943737030029,-0.0240434545558259,0.012754548925776,0.0278248118745208,75.65442123413087,0.0182593976732721,0
2022-05-18,-0.0564189969293243,0.0316011204308726,151.9011672973633,-0.0073293247165653,-0.0392668044790136,0.0293113460029296,115.6619499206543,-0.0027284545499662,-0.018566118623803,0.0111697866778605,158.89779357910157,-0.0006622555030461,-0.0171058063667112,0.0198457294738361,110.03120460510254,0.0034241326595845,-0.0087351504060033,0.0300184706287825,338.3053817749023,0.0063014079886255,-0.0455296779316838,0.0296476483226974,263.4529006958008,-0.0042183286484762,-0.068013798124059,0.0522760779755175,283.9386672973633,-0.0052814950024985,-0.0196567784739594,0.0302221636196311,198.7278823852539,0.0039060028113209,-0.0679101116442371,0.029661449854725,47.528053283691406,-0.0355340537538801,-0.0158509361958302,0.0281535021538232,75.81101303100586,0.0109254083970783,0
2022-05-19,-0.0246411970334136,0.0318062391880055,150.48823928833008,-0.0068787128507775,-0.0135432854869304,0.0290307075777468,114.9467674255371,-0.0041017712539864,-0.0088888352034524,0.0112673560152543,158.4807991027832,-0.0044157687008473,-0.0148222833646315,0.0199716905856842,109.48016052246092,0.0006289941901739,-0.0109556887285793,0.0300588091861679,336.73512725830074,0.006951879513276,-0.0036996374102092,0.0294660082372399,262.14588317871096,-0.0009667089072622,-0.0005494634476534,0.0512326309370893,278.949333190918,-0.0037565103418197,-0.0131008689013019,0.0302913770351145,197.82276306152343,0.0037050412984768,-0.0274442449380777,0.029645610949816,46.889532279968265,-0.0408332191182503,0.0054056431838496,0.027992178363448,76.02927360534667,0.0110986513538282,0
2022-05-20,0.0017470073602996,0.0315714882045459,149.3136863708496,-0.0129126174181742,-0.013371441090902,0.0278645776105337,114.41510734558103,-0.0124590934903474,0.0174771540292111,0.0119704128466667,158.27894287109376,0.0002265492591553,-0.0081988581493033,0.0191855636651268,109.05416870117188,-0.0027898519554047,0.0119197667446813,0.0292659079505344,336.00409545898435,0.002138718740884,-0.0022911110994815,0.0291078189649039,261.13803939819337,-0.0059442123433523,-0.0641650571614186,0.052233071854875,273.26350021362305,-0.0280153405123949,0.0084108419659394,0.0293010850871098,197.3988380432129,-3.630017756250936e-05,0.0010915706488778,0.0298091200773746,46.300686264038085,-0.0413878993424209,0.0078999593781476,0.0273754772348714,76.36123542785644,0.0067458356772662,1
2022-05-23,0.0401194662819757,0.0332049524389843,148.35635375976562,-0.0027542819833429,0.0236895382861346,0.0275704761368205,113.84089851379396,-0.0049542934581318,0.0204151570143868,0.0115211661922374,158.039151763916,0.0029185020040094,0.061871627071727,0.024157694204532,108.95655670166016,0.0109783732779988,0.0364387235163714,0.0304054896426988,335.70339355468747,0.0112714241973006,0.0320317559414848,0.0295396704672731,260.1986701965332,0.0001710867094543,0.0165687141598596,0.0527852291629507,267.87816619873047,-0.0129498853567484,0.0428576262444431,0.0308960598783571,197.3023582458496,0.0099607228503486,0.028523557579303,0.0311075372334701,45.76455097198486,-0.0358993278915549,0.0220987946673292,0.0260684547803615,76.90614433288575,0.0064616019918544,0
2022-05-24,-0.0192159460691422,0.0325415869146522,147.56180725097656,-0.0116819332779209,-0.0494940217889212,0.0285316670857049,113.21247100830078,-0.0183972029119265,0.0109227839948173,0.0117539502193629,157.945556640625,0.0042720282422319,0.014125088971338,0.0233607621750786,109.10680046081544,0.0071739536324837,-0.0222138533917486,0.0300765992792946,335.5367218017578,0.0012907595469442,-0.0039513877535659,0.0284252834348344,259.71625289916994,-0.0046880116506911,-0.0692546469050758,0.0484742673796367,263.74049911499026,-0.0370828502956694,-0.0237520727305642,0.0298311384734752,197.3951316833496,-0.0010482503790886,0.0124798381544877,0.0315714659931158,45.27864646911621,-0.0106518780399292,0.0054321072098395,0.026020258378131,77.47205238342285,0.0049971136486671,1
2022-05-25,0.0011397693447512,0.0325614557468218,146.78635864257814,-0.0001701800231058,-0.0015571318790029,0.0275576079968548,112.7917263031006,-0.0108552683919244,-0.0098123874169205,0.0115381576039971,157.88686828613282,0.0060227744836084,0.0069642755636012,0.0231294315262911,109.3686023712158,0.0119879700185462,0.011946179287622,0.0277914218983345,334.7174728393554,0.0054270254856693,0.0111701141510185,0.0261407115137346,258.74669189453124,0.0066519467658493,0.0487773791179579,0.0503773450005421,260.02866592407224,-0.013724614847266,0.0059715222244853,0.0258447149570919,196.91696701049804,0.0040774097606003,-0.0061230314973014,0.0315761132668714,44.79744338989258,0.0017055379894578,0.020127035220024,0.025731807564166,78.01932830810547,0.012192707931838,1
2022-05-26,0.0231992141687118,0.0311266295758257,145.82466659545898,0.0093979022173192,0.0187846341624167,0.0264275069073228,112.25994262695312,-0.0043896844620549,-0.0008907602619291,0.0113923469902897,157.76084899902344,0.0076223894719131,0.017290108052095,0.0231761781760443,109.64299964904784,0.0184104483018916,0.0148801539643812,0.0255791412510734,333.3070739746093,0.0105941940242614,0.012875155405809,0.0257180075782758,257.631266784668,0.009966905329053,0.0742713893682931,0.0540414935690145,257.19899978637693,0.0012395557159232,0.0231063752265616,0.0253975865159554,196.35019073486328,0.011318858586173,0.0213181506811295,0.0319619964020416,44.32683162689209,0.0114580171132993,0.0035304731644081,0.0251657146799852,78.47068405151367,0.0118176739279497,1
2022-05-27,0.0407568982039403,0.031908562891237,145.44338455200196,0.0171998803860473,0.0419694554546754,0.0271721256462268,112.1710807800293,0.0066784948470605,0.0090827285783128,0.0109671757192673,157.84024887084962,0.0059435043817334,0.0141377541664458,0.0217750015369683,110.1787483215332,0.0228777707650414,0.0225498734746285,0.0246436724412647,333.0341552734375,0.0127202153702509,0.0276044477147259,0.024996556678703,257.45541229248045,0.0159460170918944,0.073333062537426,0.0571166696504126,255.34683380126955,0.0287391796556921,0.0207623413932798,0.0247480302432881,196.3577682495117,0.0137891584716411,0.0196826844382758,0.0325227061235923,43.9465238571167,0.0151762398711789,0.0098303047868506,0.0242715323751307,79.04795875549317,0.0122037430096903,0
2022-05-31,-0.0053461595950911,0.0319021033270785,145.00771713256836,0.008106755210634,0.0128698596698115,0.0268644816901391,112.03126983642578,0.0045145591237959,-0.0086146733049433,0.0108968120403705,157.93071212768555,0.0001375383178674,0.0073133673952383,0.0217605825344707,110.70865135192872,0.0119661188297436,0.000251417032073,0.0244956915101968,332.977131652832,0.0054827540733912,-0.0050140623694134,0.0242821298024226,256.8778427124024,0.0085368534297148,-0.0018035633890554,0.0562609970226356,252.9354995727539,0.0250647241459091,-0.0033352716339741,0.0246960355066986,196.4083503723145,0.0045505788959576,0.0011673220521191,0.032586395805232,43.58457317352295,0.0097049927657421,-0.0162925417012388,0.0247961590025632,79.50552177429199,0.0045254757359767,0
2022-06-01,-0.0008733144957029,0.0317798763236059,144.49128494262695,0.0117752815253218,0.0011427639664667,0.0268145608345178,111.8606819152832,0.0146419162748735,-0.0101374202499443,0.0111494207259575,157.9555862426758,-0.0040745025310849,-0.0175452311887572,0.0219469839216767,111.01813583374025,0.0056320547977246,-0.0022632343963334,0.0244877688299494,332.94155273437497,0.0094728778724743,0.0020231106573542,0.0242288402258254,256.4567123413086,0.0097317531118988,-0.0235934902002734,0.0562715055422719,250.1208320617676,0.0341969554868696,-0.0105576201561714,0.024599922974317,196.49405212402343,0.0071894694108362,-0.0247220533168195,0.0326918595601095,43.16375541687012,0.0022646144714806,0.0191666153885725,0.0247540707733193,79.96649780273438,0.0072723773717233,1
2022-06-02,0.0168110571527169,0.0304518040276011,143.77729415893555,0.014909539086915,0.0327546852048528,0.0261026340456357,111.63079528808592,0.0215042796916446,-0.0031513138488689,0.0108904664593231,157.8709632873535,-0.0027422878174745,0.0160880281880917,0.0210287870365003,111.23855361938476,0.0074568053226227,0.0168599676979592,0.0238133907142941,332.676431274414,0.0104556355545417,0.0079288276566029,0.0232748566515587,255.7443054199219,0.0090834958130157,0.0467739800387407,0.0562230881692083,247.16049880981444,0.0337962756710262,0.0243890665793602,0.0243669676343536,196.5395751953125,0.0108729782818112,0.0164208992357526,0.032791894493538,42.74226512908936,0.0067734006180915,-0.0017375411264738,0.0234801997257842,80.26814575195313,0.0028994621024237,0
2022-06-03,-0.0385553496701848,0.0291354535992501,143.23027572631835,0.0025586263191356,-0.0261981946680534,0.0245604770933364,111.53343315124512,0.0125077139255506,-0.0041208144534367,0.0100238417659494,157.90609588623047,-0.0033882986557761,-0.0139393752111635,0.0204136677252049,111.51924896240234,0.001210908669971,-0.0144872059761438,0.0221049914882989,332.89330139160154,0.0045821635664367,-0.0166070900569054,0.0214742293116497,255.42088165283204,0.0031870467204728,-0.0921935998852696,0.0568761243991306,244.331665802002,0.0005032778203136,-0.0111601426508052,0.0223025253956093,196.91783065795897,0.0040196747063378,-0.0171750226373957,0.0328440925356561,42.30696392059326,-0.0009252340456135,0.0145386304484687,0.0231454901888844,80.69202499389648,0.0051010935592358,1
2022-06-06,0.0052274433011103,0.0291429061085242,142.6842353820801,-0.0045472646614303,0.0199011999263767,0.0249310166961034,111.58666152954102,0.0080940628198908,-0.0001133768248645,0.0100075220419223,157.95760116577148,-0.0052275197364115,-0.0033038902052978,0.020435747167114,111.78959732055664,-0.0022774202043777,0.0064836990518533,0.0216945643990514,333.5278427124023,0.0013689286818816,-0.0047032105138475,0.021402121470038,255.1624740600586,-0.0032744849252418,0.0160472016783606,0.0571558555542513,241.81816635131835,-0.0109538943514994,0.0013637290256365,0.0220637783154741,197.4272605895996,0.0001399522328091,-0.0035909410420708,0.0327520050832153,41.91500186920166,-0.0055799591416828,-0.0025231091277059,0.0230887978135613,81.04525489807129,0.0026304107763245,1
2022-06-07,0.0175859826785835,0.0286050559051829,142.52003173828126,3.916379330461961e-05,0.0028162423448256,0.0239979078814518,111.81654739379884,0.0060833393548937,0.0109977311385052,0.0102301332876097,158.05303802490235,-0.0013050388477218,0.0026210850495913,0.0200122612395265,112.1589096069336,-0.0032158766735071,0.0107734716811132,0.0170631010775731,335.2837799072266,0.0034733396116896,0.0139534310546876,0.0198427508613763,255.5753608703613,0.0005190137595783,0.0025460558898939,0.053749986325481,240.6440002441406,-0.0100839704957095,0.0073260278973119,0.0184892951350002,198.4875617980957,0.0022722121390664,-0.0120126205158817,0.0324118146490122,41.47144451141357,-0.008215947655283,0.045831967197919,0.0146958084902117,81.90941009521484,0.0150553125561561,0
2022-06-08,-0.0050431915448799,0.0283397497209198,142.1989784240723,-0.0007948116165307,0.0003799591052833,0.0237571397276431,111.9552677154541,0.005930778382657,-0.0059437033406612,0.0103285600759687,158.11187362670898,-0.0004662954658652,-0.0159145023197347,0.0194755176168965,112.56870651245116,-0.0028897308997026,-0.0046425721726578,0.0169361620084473,337.0869888305664,0.0029974720564248,-0.0076698835274542,0.0195381427919982,255.64967727661133,-0.0014195850773833,0.0124745164326014,0.0536809012421845,239.40333404541016,-0.0028703691691345,-0.0046619029199485,0.0186238712354486,199.47130889892577,0.003451355586311,-0.008672833296294,0.0323953056818874,41.044715881347656,-0.0050061036511779,0.0118022351973821,0.0146646142221498,82.80266799926758,0.013582436517918,0
2022-06-09,-0.0359558277892244,0.0270563582658456,142.0097770690918,-0.011348188604919,-0.0201247983526955,0.0241823843459355,112.0163761138916,-0.0046451183288526,-0.0201374632588328,0.011250025604617,158.05415954589844,-0.003863525347858,-0.0210156922044612,0.0201463731986175,112.8912353515625,-0.0103104749782132,-0.0367894652795683,0.0194019691405895,338.21424407958983,-0.0077324145390807,-0.020783351483102,0.0185851821813499,255.8840805053711,-0.0071620209053243,-0.0089305553084624,0.0503980870399016,239.1553337097168,-0.0140112762385752,-0.0346137167172398,0.0204185033871085,199.9447799682617,-0.008349201073009,-0.0104663077039449,0.0323953221433002,40.62243175506592,-0.0103835450391174,-0.021608123166644,0.0161655946435573,83.52052421569825,0.0096083201098839,0
2022-06-10,-0.0386288049860684,0.0277657269480043,141.74362030029295,-0.0113628796680957,-0.0319935922463499,0.0252350975794018,111.93299026489258,-0.0058041978445119,-0.0066779498805266,0.0110684211441223,157.86774291992188,-0.004374952433276,-0.0459660155856641,0.0229476923419915,112.95915985107422,-0.0167158030531133,-0.0408311655968831,0.0214899508503361,338.87265930175784,-0.0130012064632285,-0.0445634236076186,0.0207410937975411,255.7986152648926,-0.0127532876154669,-0.0311909112343833,0.0508599234010404,238.63349990844728,-0.0018107385083979,-0.0320216795729555,0.0216251476498369,200.213395690918,-0.012521508457439,0.0056190985814255,0.0325181234566644,40.21316585540772,-0.0058247207953532,-0.0182743198707316,0.0172579557474946,84.13957710266114,0.0030457300460438,0
2022-06-13,-0.0382847133561313,0.0277467971214573,140.9971061706543,-0.0200653109995441,-0.0429016585470021,0.0259700877196446,111.45433464050294,-0.0183647695391877,-0.010083919688708,0.0112053447605824,157.64895935058593,-0.0063690610060447,-0.0297783312591968,0.0238487787581599,112.81971130371092,-0.0220106912638931,-0.0448394062403926,0.0223987370409311,338.23617401123045,-0.0232658275216777,-0.0424128958273255,0.0220432745279501,254.91558227539065,-0.0202952246781625,-0.0710215399070596,0.0512281020104132,236.5938331604004,-0.0192244868254819,-0.0363390451724726,0.0223324816682712,199.8754440307617,-0.0200620632970609,-0.0188168290489357,0.0324401138520217,39.75849628448486,-0.0088698983967262,-0.0458889189895074,0.0202260714416877,84.44516868591309,-0.0056274319263164,1
2022-06-14,0.0066725254118944,0.0278337766884798,140.37067947387695,-0.0222480024528819,0.0030361347567218,0.0259081943383524,111.07125740051268,-0.0183207910568084,-0.0153387623318961,0.0114413700374223,157.25899963378907,-0.0116363597001249,-0.0166393544380554,0.0240720759633337,112.63078117370604,-0.0258627791614224,0.0075060767651897,0.0224176724680339,337.86627197265625,-0.0239193065048624,0.0092051567834738,0.0222005240528046,254.12209091186523,-0.0212448795324053,0.0238871570556407,0.050186865623689,235.56549987792968,-0.0149562665923326,0.0065536246350024,0.0223619112144753,199.6674369812012,-0.0202165439495228,0.000418662760355,0.0324283700295467,39.30208034515381,-0.0063836417414788,0.0026083061058232,0.0196968235294458,84.67031936645508,-0.0142721641447355,1
2022-06-15,0.0201116405386161,0.0275601525207183,139.69376907348632,-0.0172170360361827,0.0285712204341512,0.0264760517584825,110.7387798309326,-0.0126825387910348,0.0107022012465911,0.0117309366127983,156.91647720336914,-0.0083071787826744,0.0118360181194903,0.0228992253278286,112.32624549865724,-0.0203126750735774,0.0100889180421683,0.0215645793096467,337.2098052978516,-0.0209730084618972,0.0297353026095352,0.0228112730446197,253.42353210449215,-0.0137638423050074,0.0548236708036273,0.0503878715686615,234.52200012207032,-0.0064864357181274,0.0136420575318059,0.0213517385298147,199.28730163574215,-0.0165557518591719,-0.0006696203178373,0.0214074375450854,39.11205234527588,-0.0047829991457875,-0.0125912068932485,0.0198470924962101,84.79185562133789,-0.0191508525628616,0
2022-06-16,-0.0396515730941176,0.0261141103001235,139.16635551452637,-0.0179561850971613,-0.0339909236644374,0.0261156045238247,110.4480583190918,-0.0154557638533832,0.0005295949590859,0.0110832066591705,156.7249313354492,-0.0041737671390907,-0.0171562824733367,0.0229009110325571,112.0266571044922,-0.0195407931273525,-0.0510465165172879,0.0241954207247272,335.8880981445312,-0.0238244187094411,-0.0269698786512693,0.0212974227778292,252.9828239440918,-0.0150011477386408,-0.0854076991265425,0.0517009677274521,233.34683380126955,-0.0217818644817434,-0.0362459618574256,0.0223817384152711,198.75685653686523,-0.0168822008872091,0.0103871767027734,0.0155740274176219,39.0833179473877,-0.0006123022644438,-0.0368848957943003,0.0213268197684855,84.8242073059082,-0.0222062070883929,0
2022-06-17,0.0115332632149991,0.0258343173853081,138.8825511932373,-0.0079237714569478,0.0104682317704796,0.0261264976606494,110.28745651245116,-0.0069633990500173,-0.0036454947188857,0.0109527365312004,156.57481842041017,-0.0035672761067625,-0.0035263048269863,0.0227222512561394,111.78914642333984,-0.011052850975617,0.0061855335596856,0.0242365851845076,334.8388214111328,-0.0144210788781273,0.0109399764619131,0.0214725696372602,252.7172378540039,-0.0039004677247345,0.0171749802838696,0.0519134445117613,232.36116714477535,-0.0121086861780928,0.0050778308586592,0.0223005524500068,198.3999938964844,-0.0094622988008861,-0.0193169978584593,0.0149302611432452,39.07093486785889,-0.0055995215524207,-0.0576647406482061,0.0249395025402267,84.60474090576172,-0.0300842912438878,1
2022-06-21,0.0327607635604505,0.026966467870337,138.7982448577881,0.0062853239263685,0.0410711749552572,0.0275830774595977,110.41809730529783,0.0098311676504345,0.0209490066449362,0.0112823351566755,156.44829330444335,0.0026393091599663,0.0247720107849358,0.0234364789949942,111.72122192382812,-0.0001427825667904,0.0215972495991216,0.0246445912843847,333.92357025146487,-0.0011337477102244,0.0245910747940445,0.0222080284730943,252.77432174682616,0.0095003263995395,0.0935443480214783,0.0540735696875089,233.14800033569333,0.0208044914076147,0.0230517158296321,0.0228813254603602,198.17501525878907,0.0024158533995348,0.0328009549881687,0.0166605615935983,39.11808509826661,0.0047240352550001,0.0622387548115215,0.0287970792196891,84.58812789916992,-0.008458756483682,0
2022-06-22,-0.0038270635149115,0.025236101266672,138.41788063049316,0.0041854061410073,-0.0005064935719135,0.027087544215329,110.41807289123535,0.0091226419847074,0.0157793785211752,0.0108644293939291,156.28345336914063,0.0088629373305805,-0.0056115606921181,0.0182949373162541,111.29748001098632,0.0020627761823969,-0.0039383391720383,0.0228701412248329,332.350390625,-0.0034226308976701,-0.0024040335106569,0.0209303362534446,252.41053161621093,0.0071784883407133,-0.0040078058841535,0.0540344303171295,233.7040008544922,0.0152254988196558,-0.002932341477827,0.0204288618814216,197.50880966186523,0.0005186601769689,-0.0121145563986702,0.0156192452301297,39.08776302337647,0.002217391423195,-0.0395717012160243,0.0296174092351049,84.32450523376465,-0.0168947579480515,1
2022-06-23,0.0215732071106082,0.0254595289796173,138.315433883667,0.0044777194554057,0.0067675320566127,0.0244297738077573,110.72891616821288,0.0047619043091997,0.0223055981443394,0.0117805910114669,156.2059341430664,0.0111836167101302,-0.0109395293223737,0.0178583977744315,110.73788871765136,-0.0024923333059758,0.0019294689617737,0.0225258846152473,331.1841506958008,-0.005054520713749,0.0226366342646233,0.021584068319409,252.3737648010254,0.0057587546717309,-0.0043063108899484,0.0512942321620111,234.9881675720215,0.0033995024809406,0.0145496034819421,0.0201966352808719,197.21837463378907,0.0007001693669961,0.0242770666232368,0.0163477316692345,39.079665946960446,0.0072067288114098,-0.0301614525866478,0.0301551184025113,83.92273216247558,-0.0204088070867314,1
2022-06-24,0.0245175938991382,0.0260653136202041,138.3713123321533,0.0173115528540569,0.0510771935385188,0.0266304467825195,111.33206825256347,0.0217755277497909,0.0146387513943926,0.0120204411484504,156.32488479614258,0.0140054479971915,0.0298455998710096,0.0193379044105064,110.29165534973144,0.0069080431628934,0.043376547383237,0.02464844171941,330.4891830444336,0.0138300920663559,0.0341499784846477,0.0227839805660595,252.62435913085935,0.0179827260989143,0.0452488934505932,0.0511490574840465,236.2935005187988,0.0295308209963678,0.0451075951220707,0.0226816346660555,197.29934463500976,0.0169708807628954,0.0008091983872402,0.016286223063182,39.08522300720215,0.0052911331483032,0.0198333768197209,0.0301424745880559,83.51177864074707,-0.0090651525639271,0
2022-06-27,0.0,0.0255232917144438,138.26740074157715,0.015004900211057,-0.0181521100670705,0.0269609178191417,111.73058471679688,0.0160514593822809,-0.0009324824814292,0.0120207548159107,156.4433906555176,0.0145480504446828,-0.0080124500613323,0.0186976693225079,109.70417404174805,0.0060108141160242,-0.0050528025779646,0.0243387781150348,329.46281280517576,0.0115824248388258,-0.0104973408770882,0.0227544036166495,252.5754959106445,0.013695262631114,-0.0032016505127857,0.0486495377130056,236.74400024414064,0.0254554948370367,-0.0094885024473134,0.0221481336162306,197.0573944091797,0.0140576141017008,0.0032329140188207,0.015540910849725,39.05537738800049,0.0098011155237592,0.0245110270502895,0.030801536922995,83.17908210754395,0.0073700009757719,0
2022-06-28,-0.0297895877359445,0.0243807562582044,137.6694065093994,0.002494829951778,-0.0330302451590748,0.0266077022925269,111.71527061462402,0.0012311753594145,-0.028442812816591,0.0134984041183746,156.2585021972656,0.0046696865523774,-0.0048117034992658,0.0181414031000241,109.009183883667,9.407125918392544e-05,-0.0320530551187054,0.024406235430331,327.53824920654296,0.0008523638952604,-0.0317486542200478,0.0228428377183278,251.76470413208008,0.0024273168282956,-0.0500435578248114,0.0470593074871014,235.7166664123535,-0.0032620863322211,-0.0267242330225359,0.0222401534858886,196.34173126220705,0.0041024243312672,-0.0140990853381127,0.015044058038158,38.95837917327881,0.0004211074585029,0.0277432764161322,0.0314671448828982,82.91283683776855,0.0004709052966941,0
2022-06-29,0.0130237619102302,0.0246700208675321,137.19836311340333,0.0058649950368064,-0.0027319248178138,0.0264448397266497,111.61315155029295,0.0007860891102344,0.0002826090428118,0.0133828532841546,156.1453430175781,0.0015703326567047,-0.0044895921593184,0.0178726223405721,108.24761810302736,0.0003184649657438,0.0135097104086809,0.0247495935813379,325.818864440918,0.0043419738114043,0.0147379771358839,0.0231717236239169,251.20305404663085,0.0058557189576038,-0.0179371823809088,0.0471729923723745,234.50350036621091,-0.0060479616315722,0.0069652932225632,0.0223594838382146,195.7274040222168,0.0060819512713453,-0.0036776065405766,0.0150238373853429,38.85185565948486,0.0021084974301216,-0.0369397467608918,0.0322635708701172,82.56833572387696,0.0009972961877206,0
2022-06-30,-0.0180276967705137,0.0248879858474889,136.61066093444825,-0.0020551857394179,-0.0245163122811504,0.0269738755231979,111.36886749267578,-0.0054706797573181,0.0029380133843368,0.0132120921444498,156.13643264770508,-0.0023031842952957,-0.0233305882179017,0.0181031585070776,107.46940803527832,-0.0021597468133617,-0.0220401530152613,0.0250329328655958,323.7924468994141,-0.0004519505840026,-0.0131792900454559,0.0232845396655278,250.44886169433596,-0.001307465904412,-0.0175792277993774,0.047060320810128,233.38766708374024,-0.008702545013458,-0.0130825725888752,0.0224124427947089,195.0951385498047,0.0005555160571818,-0.0027884151088424,0.0140933150177467,38.79041862487793,-0.0033045989162941,-0.0281435507044749,0.0322270558717729,82.03497085571288,0.0014008765641551,1
2022-07-01,0.0161643834368805,0.0248600705968466,136.00874519348145,-0.0037258278318694,-0.0020695132380821,0.0257161457636554,110.92852210998537,-0.0161000211126383,0.0113234377622863,0.0134235998847716,156.2420211791992,-0.002966247021717,0.0127874995989929,0.0178958186345869,106.66195907592774,-0.005571366867765,0.0087483376669774,0.0247088873035911,321.6071472167969,-0.0073775925272546,0.0107073067405434,0.0233593546965395,249.7232109069824,-0.0059960002532329,0.01242913166698,0.0457307662513318,231.83416671752929,-0.0152664973701806,0.0116309429306513,0.0217652117021455,194.32565689086917,-0.006139814381102,0.0086359829096653,0.0136744061025028,38.71294689178467,-0.0017392420118091,0.0223025703662678,0.0328425091808705,81.59253997802735,0.0018947152734645,1
2022-07-05,0.0189304192145414,0.0239526435156349,135.8215030670166,6.0256011038783976e-05,0.0416187330344672,0.0270185530626679,110.8651844024658,-0.0041458524923307,-0.0076874323783162,0.0135150996265868,156.3186492919922,-0.0043172370010944,-0.003803517143599,0.0178362137172882,105.91776580810549,-0.0047295802842184,0.0032052221735774,0.0247161513840489,319.7279083251953,-0.0057259875769461,0.0125975796000257,0.0233467988847921,249.37635192871093,-0.0013770161578101,0.0255357048139746,0.0413339709222219,231.7616668701172,-0.0095190263048286,0.0068278170206024,0.0218079809905363,193.7384826660156,-0.0028765504875188,0.0132105131924369,0.013570992241797,38.69596004486084,0.000256277822914,-0.0312963843884643,0.0330103544598622,80.96824111938477,-0.0092667670142862,1
2022-07-06,0.0096071253744485,0.0240329921400497,135.66367149353027,0.0079395986331173,0.0115570188419034,0.0267547057741468,110.75374717712404,0.0047716003078648,0.0008984493625345,0.0135142922058697,156.4032989501953,0.0015510154347306,-0.0064821501278389,0.0178192465957452,105.15978775024412,-0.005063669609933,0.0028503679882443,0.0246375012640845,317.7799530029297,0.0012546970444437,0.0127829109512582,0.0235308167075446,249.25347442626952,0.007529296876451,-0.0057208020003856,0.0411894991698019,231.43433380126956,-0.0006544751399434,0.002892318228133,0.0218256465028308,193.1653709411621,0.0030467597626149,0.0070827312362304,0.0136461548227042,38.70008811950684,0.0044926411377827,-0.0180403336946283,0.0330760979780816,80.28798332214356,-0.0184234890364383,1
2022-07-07,0.0239994589462388,0.0243326599362628,135.54799308776856,0.0101347380403191,0.0367541831847626,0.0280307785954391,110.83470420837402,0.0126688219083801,0.0011216213892948,0.0132938792768672,156.41042861938476,0.0017188179040272,0.0252927889230973,0.0191223255339805,104.5149429321289,0.0008928066065501,0.0137322591818458,0.0247494517084843,315.857179260254,0.0012992067990767,0.0082263462037006,0.0233837791942866,249.055126953125,0.0062269706900144,0.0552790448805931,0.0430463524988341,231.7171669006348,0.0139887703123569,0.0083531429730232,0.0218514848963071,192.59807662963868,0.0033243297127069,0.0015183085660428,0.0133412421358039,38.73104553222656,0.0055318241591066,0.0319406759141223,0.0320147959999477,79.52597160339356,-0.0046474045014355,1
2022-07-08,0.004714411046401,0.0243349262776823,135.50289421081544,0.014683159603702,0.0048029186608358,0.0280425411903902,110.94172973632811,0.0185326680967774,-0.0012326123043834,0.0132221593941754,156.45498046875,0.0008846927662832,-0.0031380751605161,0.0189741087586576,103.94687614440916,0.0049313092180272,-0.0031164085576312,0.0247543439647834,313.9674728393555,0.0050839556906027,-0.0027566031203661,0.023330192129199,248.9220962524414,0.0083115080750323,0.0254351696876005,0.0433082661546294,232.1620002746582,0.0225916498097525,0.0037969734543938,0.0218907504959475,192.1166038513184,0.0067002389213608,0.0006383085609276,0.01315187967331,38.78025894165039,0.0062171688930606,0.0016290711167468,0.0317515709247198,78.71674423217773,0.0013071198628088,0
2022-07-11,-0.0147577363447034,0.0231189891242018,135.6121982574463,0.0084987356473852,-0.0308075960620912,0.0285686196924729,110.98341026306151,0.0127850515319755,0.0003927749013667,0.0123123404080254,156.6616989135742,-0.0013014398059006,-0.0131164858996269,0.0187036535023851,103.43174285888672,-0.0002494878816967,0.0034979292854713,0.0236769656696843,312.7825637817383,0.0040338740143015,-0.011768835209439,0.0229973294895444,248.9085548400879,0.0038162796850358,-0.0654800594814686,0.0458773721327801,231.89383392333983,0.0070098115800627,0.0073191903139435,0.0205870996900505,192.06569213867184,0.0058378883980192,0.0003986644119438,0.012859955025461,38.85058689117432,0.0045697051935163,-0.0051116975036329,0.0316266502299788,77.9870834350586,-0.0041757337111713,0
2022-07-12,0.0068340531757604,0.021166756502043,136.0401096343994,0.006079462439629,-0.0143157539766611,0.0277643476672364,111.12510414123535,0.0015981541297498,-0.0140174900082883,0.0126696922820788,156.8087188720703,-0.0025674513318951,0.0009748057259408,0.0159896738639518,103.1807056427002,0.0007061766922112,-0.0041026928731405,0.0219790777862851,312.2272186279297,0.0025722910049579,-0.0409815241592311,0.0226415722917053,248.94145126342767,-0.0068995410668154,-0.0054336116369887,0.0453175638876867,231.93583450317385,0.0008159482898701,-0.0011702685939457,0.0191729323442987,192.3231559753418,0.0042382712751096,-0.0030289677423124,0.012872904597196,38.904086875915525,0.0013218090065664,-0.01331154580211,0.031564409133642,77.28933753967286,-0.0005787659939004,0
2022-07-13,-0.0025368777270394,0.0188527713771387,136.70721702575685,0.0036506618193314,-0.0233906261845159,0.0264277082338311,111.37097434997558,-0.0053913748755339,-0.0023314663229666,0.0124282548682397,157.0149917602539,-0.0032134344689953,-0.0093831153925341,0.0147446067625786,103.04170417785645,0.0001259836392722,0.0015795360755466,0.0194689811413917,312.42828369140625,0.0023181246224183,-0.003745032879546,0.0203278820384733,249.4474731445312,-0.0102051298329763,0.0170334484796728,0.0420988146482481,233.0010009765625,0.0053667983858818,-0.0032710804498801,0.0170470418455715,192.89966278076173,0.0030055915395069,0.0023986818681169,0.0119569140229942,38.99870414733887,0.0003849991329437,0.0040236931774413,0.0303734070398539,76.80799789428711,0.0038340393805134,1
2022-07-14,0.020482722356814,0.0191640237359487,137.47726097106934,0.0029473145014465,-0.0088546774900717,0.0265510971387104,111.5519687652588,-0.0145131470105008,0.0013679262963575,0.0117881273531157,157.348681640625,-0.0031641734875828,-0.0349387264567253,0.016241830842406,102.81208038330078,-0.0119203194366923,0.0051333962810815,0.0194333099281554,312.593408203125,0.0005983520422655,0.0053813733366601,0.0202775668584816,249.91140441894527,-0.0107741244063844,0.0053718612189148,0.0418776664207091,233.87216796875,-0.0046146383464538,0.008621018556721,0.0170750589367845,193.5004119873047,0.0030591666562465,0.0195418163014067,0.0125320158687081,39.13142166137696,0.0039897006800165,-0.0200376340724114,0.0304715162379707,76.24140739440918,-0.0065616226167932,1
2022-07-15,0.0114499419257503,0.0189194849632819,138.1997570037842,0.0042944206773163,0.0127754892934222,0.0259476895371677,111.65173377990725,-0.0129186328839835,0.0145150690368913,0.0119616213878301,157.71578521728514,-1.4637219327862105e-05,0.0458332289080518,0.0192790067222713,102.74636459350586,-0.0021260586229787,0.0231979424319925,0.0199798842041313,312.9681701660156,0.0058612222401903,0.0103904419702398,0.0193303238082345,250.15135269165037,-0.0081447153882632,0.00735723154086,0.0401950321775602,234.2255012512207,-0.0082302259758019,0.0200573556373524,0.0173388529852383,194.1734062194824,0.0063112430928382,0.0097797019768262,0.0125684729449527,39.28525390625,0.0058179793631962,0.016838827926479,0.0308837604048847,75.7889217376709,-0.0035196712548468,0
2022-07-18,-0.0206431099596304,0.0169106387125767,139.03352127075195,0.0031173459543309,-0.0245802113450446,0.0253539824367593,111.80024070739746,-0.0116731559405742,-0.0224428745696424,0.0131939762220291,157.90067291259766,-0.0045817671135297,-0.0102700965663989,0.019024978853066,102.71707344055176,-0.0015567807563331,-0.0046905898026577,0.0158404424569651,314.0762878417969,0.0042235184225644,-0.0096214155820746,0.0183671008357621,250.600284576416,-0.0077152314627903,0.0019994268102179,0.034510723306792,235.59783401489256,0.0052656712825353,-0.0134736043122006,0.0152029625987169,195.0539237976074,0.0021526841676093,-0.0023243444408513,0.012549034884309,39.41463775634766,0.0052733775926372,0.0184529000267423,0.0303803730142476,75.55765190124512,0.0011932482512282,1
2022-07-19,0.0267219659496231,0.0174891626990666,139.98639373779298,0.0070949285091035,0.043841331400706,0.0270060383412616,112.1306365966797,-4.173886510081548e-05,-0.0145784661698535,0.0136285109067887,158.0000228881836,-0.0046939623458427,0.024778680278545,0.0197952440466878,102.8314811706543,0.0032039941541876,0.0283071479685215,0.0167698585465633,315.54867095947264,0.0107054865908968,0.0207668656115942,0.0187457642574448,251.1749961853027,0.0046344464913747,0.0207167182193168,0.0345766784734937,237.0363342285156,0.0104957372537965,0.0311277711657143,0.0163119973288422,196.20063400268555,0.0086122921195413,0.0061349092224145,0.0113641267625027,39.59355278015137,0.0071061529855826,0.0252031263016208,0.0280259943658869,75.65164566040039,0.0088961826719744,1
2022-07-20,0.013509677262407,0.0165021209811658,140.82799758911133,0.0103042395069928,0.0007908053676024,0.0255064307649892,112.24740142822266,0.0047945474453228,-0.0057080161285094,0.0128283368190977,157.89755401611328,-0.0053692723069513,-0.0001746339877071,0.0190085816341625,102.81902885437012,0.005045690435153,0.0026146776646793,0.0162987272830818,316.7374771118164,0.0109125149087234,0.0105576932320492,0.01812835358378,251.5876487731933,0.0074949917136937,0.0080234644666532,0.0279366484030486,237.55950088500973,0.0086937404511925,-0.0013572824833305,0.0158770083767998,197.12090911865235,0.0089950517128513,0.0083357158098544,0.0093005449692188,39.72801609039307,0.0082935597739301,0.010989207605466,0.0242833848781064,75.55371627807617,0.0102892855575793,1
2022-07-21,0.0150941991531137,0.0164454908325864,141.8083168029785,0.0092265348662527,0.0038629844737947,0.0255083919187519,112.3887725830078,0.0073380798380961,0.0035149728675272,0.0122863198599952,157.70019302368163,-0.0049398629927173,0.0068100070129994,0.0190167711374257,102.87121315002442,0.013395437129098,0.0165559516692808,0.016428060533831,318.26298370361326,0.0131970259863632,0.0097991098300058,0.0181842750464601,252.15413970947264,0.0083785390123629,0.0978047072285352,0.0350516063889068,239.34050064086915,0.0271803096531166,0.0132165717944749,0.0158743815924433,198.20555572509767,0.0099141623604021,0.0146207021372906,0.0088646828006532,39.91629810333252,0.0073093369411068,-0.0166964772066945,0.0228662696177199,75.54890823364258,0.0109575169307227,0
2022-07-22,-0.0081108832037627,0.0164046025137894,142.58375091552733,0.0053143698403501,-0.0563232070119728,0.0285513988893566,112.17358093261718,-0.0064816594229828,0.0047282276258886,0.011086196186017,157.3642776489258,-0.0068972312749179,-0.0048560680951661,0.0188693576487181,102.95466346740724,0.0032575777284544,-0.0087630807094268,0.0167001539098265,319.6103744506836,0.0068048213580794,-0.0169159345876702,0.0180201285063603,252.2267036437988,0.0029172637007808,0.0019752262198982,0.0349670955290857,241.19916763305665,0.0261039085889243,-0.0115177585733051,0.0161678774426729,199.03273696899413,0.0035991395182705,-0.0025653380786014,0.0077065852068085,40.052667236328126,0.0048403289300213,-0.0076354786097814,0.0218237871148383,75.63066139221192,0.0060626556234706,1
2022-07-25,-0.0073979929921194,0.0160109272510947,143.13714218139648,0.0079633932338523,-0.0036144728718363,0.0257209363674784,111.65492973327636,-0.0022885117283411,0.0019751590812944,0.0104226850579834,156.92633819580078,-0.0020136245447305,0.0040083361790079,0.0176327322628788,102.90604553222656,0.0061132642775358,0.0009596271163205,0.0139459651079207,320.3042495727539,0.007934864741875,-0.0058765621505687,0.0162116555477163,251.7975975036621,0.003666234387082,-0.0139949354715402,0.034139833574836,242.33550033569333,0.0229050361325726,0.0026673745107648,0.0130045203173564,199.4574821472168,0.0068273352828636,-0.0014370926200468,0.0077623852423412,40.18443202972412,0.0050177792941822,0.0333028083976272,0.0226187568474005,75.76531410217285,0.0090326372976476,0
2022-07-26,-0.0088264620656401,0.016245846360262,143.62436141967774,0.0008537076307996,-0.0231607274385123,0.025886558832162,111.11900596618652,-0.0156889234961848,0.0070739953417284,0.010646148582554,156.55032348632812,0.0023168677575858,-0.0156222858343911,0.0178878109690323,102.81802673339844,-0.0019669289450513,-0.0085122038983668,0.0140616763108351,320.9364974975586,0.0005709943684974,-0.0267740786046465,0.0170699129660612,251.169189453125,-0.005841954456166,-0.0356637312112531,0.0353011283598414,243.03249969482425,0.0116289462464586,-0.0083071835231631,0.012951357316923,199.890470123291,-0.0010596556549118,-0.076049011188943,0.0193631645757025,40.150458908081056,-0.0114190047880892,-0.0038896740988201,0.0220136131203166,75.79154510498047,0.0032140772175594,1
2022-07-27,0.0342346885815547,0.0156327314658434,144.57282028198242,0.0049987098946292,0.0765569589526504,0.0306964809937074,111.1711685180664,-0.0005356927791752,-0.002763577102894,0.0086998471454159,156.3837013244629,0.0029057555627089,0.0160464558879398,0.0182398405816105,102.83779106140136,0.0012772890300779,0.0058310311766021,0.0115573269601587,322.17955017089844,0.0012142650708819,0.066851667496111,0.0217387476207274,251.7622840881348,0.0054168403966462,0.0616550369922206,0.0352441062427657,245.1403335571289,0.0223552607515721,-0.0095065634527325,0.0114055410186431,200.4892791748047,-0.0026895118487922,0.0377929209928988,0.0208876047097786,40.21745223999024,-0.0055275637514803,0.0216446276035662,0.0216566883050377,75.79460639953614,0.0053451612171794,1
2022-07-28,0.0035717625559679,0.0155750018476637,145.46099090576172,0.0026942225752,0.0102600956160197,0.0307527764943658,111.29598693847656,0.0007437294492697,0.0057739348816974,0.0088291938559323,156.25940475463867,0.0033575479655429,-0.0037312357748139,0.0182300439684715,102.86143264770509,-0.0008309595274846,0.0267429976921103,0.0124771481834047,323.66112060546874,0.0032516742754478,0.0285406411095745,0.0223560686852204,252.54356460571285,0.00916514665256,0.0221235223427265,0.0347713934665282,247.7608329772949,0.0072190237744103,0.0041811859714546,0.01137268945562,201.06384735107423,-0.0044965890133962,0.0249625227603937,0.0214582595019669,40.34175605773926,-0.0034591996268597,0.0116848044371098,0.0199203637880947,75.99221305847168,0.0110214175459403,1
2022-07-29,0.0327931399225474,0.0155511979739055,146.72511444091796,0.010875027200462,0.0183855072893488,0.0303315722898279,111.66060409545898,0.015685472309534,0.0018368515980216,0.0088083486547845,156.12619705200194,0.0027792727599695,0.0047904394165985,0.0173688126397796,103.0310390472412,0.0010983419748682,0.0038020274168175,0.0107999702560296,325.55460357666016,0.0057646959006967,0.015665151300241,0.0221700920774074,253.7002502441406,0.0156813638301422,0.0578497698579101,0.0355957876702048,251.3946662902832,0.0183939325020127,0.0035958703068545,0.0107284166801404,201.80181350708008,-0.0014738632373643,0.0177265239489934,0.0216393075035124,40.5079704284668,0.0005991727786592,0.0463083628708007,0.0207921132864136,76.48579406738281,0.0218101858420567,0
2022-08-01,-0.0061536292505421,0.0157931682592169,147.83189544677734,0.0111238999487775,-0.0125515052615118,0.0305265245734428,111.96403923034669,0.0138980658315989,-0.0034952470723625,0.0083448853782976,155.87626419067382,0.0016851915292381,-0.0099689769686326,0.0173558520304637,103.08368034362792,-0.0016971206546598,-0.0091864418071994,0.0112829347498249,327.1549438476562,0.0037354821159927,-0.009724046066025,0.0223483035710732,254.59183731079096,0.014911867047051,0.0004263115241422,0.0357372542797478,254.89533309936525,0.0212781819011492,-0.0035357314962741,0.0106804983876446,202.3923812866211,-0.0027144844387721,0.0037105423913681,0.0216162013505186,40.66529483795166,0.0016286997809422,-0.0252760881332356,0.0215853973077496,76.78876266479492,0.0100944065358842,0
2022-08-02,-0.0092872108106649,0.0159939579471703,148.73624114990236,0.0110317501997725,0.0023505943230166,0.0291561911743607,112.05656814575195,0.0190003301839047,-0.0056928546712564,0.0082793750957812,155.64370651245116,-0.0008681784733588,-0.0155850533279793,0.0177113515153122,103.07505798339844,-0.0016896741533775,-0.0043646971961222,0.0114710742696959,328.6308929443359,0.0045649834564416,-0.0114746134190508,0.0224899517411133,255.1709045410156,0.0179717600841701,0.0111344005982036,0.035639974428079,258.2713333129883,0.0306378082630406,-0.024129580685079,0.0122311781752599,202.66972579956052,-0.0058789638711553,0.0010565983552019,0.0215178778546228,40.79912433624268,0.0170498216897712,-0.0043394391357804,0.0200500523493038,77.19359550476074,0.0100044535284921,1
2022-08-03,0.0382478610030376,0.0175184839227644,149.87390594482423,0.0118343846840691,0.0256232815690877,0.0295852426294073,112.2304271697998,0.0088135947071922,0.0096578882657563,0.0086343935746925,155.47842102050782,0.0016161146003712,0.0104953887488941,0.0177878108364683,103.15311431884766,-0.0027998875811866,0.0146700970342095,0.0116786003190028,330.3124008178711,0.0063327966279631,0.0278362222205899,0.0230970888119147,255.95750579833984,0.0101686710290659,0.0226556871612562,0.0354029846229763,262.0544998168945,0.0228379382968477,0.0107630919763523,0.0124044730375188,203.0265869140625,-0.0018250327853383,-0.0164305291795447,0.0219506619983835,40.88437480926514,0.0062051316552825,-0.0324226804601838,0.0211615217967863,77.53197631835937,-0.0008090080842578,0
2022-08-04,-0.0019264999331973,0.0172050819650954,150.82775802612304,0.0107347321862361,0.0009315589366005,0.0284270608383406,112.2010383605957,0.0069478873713084,-0.0160376534933061,0.0092420322699866,155.17948150634766,-0.0027462030746294,-0.0110025615795328,0.0170037207641645,103.04601516723632,-0.0042541527421304,0.0054782019082473,0.0115055681065359,331.8743270874023,0.0020798374711905,0.0041775617854711,0.0230686152065164,256.6952514648437,0.0052960551642452,0.0040230228534861,0.034152647621393,265.2589996337891,0.0192178383989996,0.0239351952590158,0.0132906818213991,203.54393997192383,0.0021257690721739,-0.0377778639101286,0.0237157308993925,40.88834362030029,-0.0063429456788219,-0.0420785814779351,0.0225661928831277,77.58662414550781,-0.0115616852672668,0
2022-08-05,-0.0013889462557779,0.017290481935272,151.73650283813475,0.003898314950571,-0.0060919261318057,0.0284371703460637,112.10769119262696,0.0020524006870774,-0.0039583056083472,0.0092521805095932,154.86004943847655,-0.0039052345159032,0.0302598590655762,0.0183586026183023,103.10954895019532,0.0008397311876651,0.0040440581265532,0.0113573160116954,333.5558334350586,0.0021282436131377,-0.0026087319127642,0.0230666911742992,257.43299255371096,0.0016412785216441,-0.0663030068235908,0.0382083699770415,267.1293334960937,-0.0056127169373005,0.0112428913278328,0.0134280598781038,204.1403259277344,0.0036551732763695,0.0080430560206667,0.0237777889426865,40.90707607269288,-0.0082796392644872,0.0144511438512384,0.0227673253978655,77.69023628234864,-0.0179331290711793,0
2022-08-08,-0.0029030209391266,0.0167321671895579,152.7280502319336,0.0045484366128541,-0.0014470865923905,0.0275289984295478,112.18815307617189,0.0042732844209017,-0.0053183307167026,0.0092622639151118,154.49695510864257,-0.0042698512447712,-0.0121803660536242,0.0183224999120929,103.1771671295166,0.0003974533706667,-0.0149645342566778,0.012215665738191,334.9210494995117,0.000972625123242,-0.0091550006327056,0.022985730272374,258.1978248596191,0.001755087608308,0.0078194340528796,0.034119820991962,269.9333335876465,-0.004134092431553,-0.0118128398785488,0.0137826803487474,204.54082565307615,0.0019997515999146,0.0081374871126949,0.0238347650695841,40.94136714935303,-0.0073942503202219,0.0056528525833867,0.022727386790879,77.83494415283204,-0.0117473409278548,0
2022-08-09,0.0003031959454706,0.0167927902098172,153.67352294921875,0.0064665179640812,-0.0057120869334355,0.0273428004123271,112.31748008728027,0.0026607481696113,-0.0001173189658182,0.0088486283975018,154.2443504333496,-0.0031547441036835,0.0090072997272323,0.0184140121607642,103.28653450012207,0.0053159239817091,-0.0159586754336673,0.0129086481085574,336.07687225341795,-0.001346170524267,0.0070633375715909,0.0205072619892414,259.5828468322754,0.0054626778064364,-0.024412625864385,0.0348663150743861,272.44650039672854,-0.0112434977240707,-0.0143444040765967,0.014252316126781,204.80459442138672,0.003956786921611,0.0098737489166811,0.0238907826880923,41.00169334411621,-0.0056308202079261,0.0184373734259448,0.0226998689112694,78.10118942260742,-0.0071919784155097,1
2022-08-10,0.0261947492502039,0.0172151197264716,154.84917831420898,0.0040558956135145,0.0263226078437945,0.0272220149712866,112.73113670349122,0.0028006134245526,0.0028793814492122,0.0089025084549184,154.03184204101564,-0.0045104454669923,0.0260877617185362,0.0190370930292991,103.5806037902832,0.0084343985756375,0.0197379459957225,0.0133870128836576,337.5416641235352,-0.0003326007319644,0.0243003577400588,0.0207945862689838,261.3456901550293,0.0047555049103302,0.038905817766766,0.0354245554795222,275.31233367919924,-0.0079934716029688,0.0087508897082118,0.0142980471458142,205.1900619506836,0.0035543464679829,0.0020950634089513,0.0238904630139818,41.06154308319092,-0.0019257016902268,0.0094931807525349,0.0227365016931892,78.39016761779786,0.0011911938270339,0
2022-08-11,-0.0044316068386273,0.0171502444780774,155.84195098876953,0.0035548742324285,-0.0071846819894698,0.0271831457153949,113.15103759765626,0.0011773652393385,-0.0206834825632528,0.0098632396509466,153.65137329101563,-0.0054396112809817,0.0147816674577458,0.0169561647678244,104.1315299987793,0.0135912443830932,-0.0079233934551457,0.0136714736429611,338.7887649536133,-0.003012919804643,-0.007400766441336,0.0210405953823205,262.93921585083007,0.0024398392649687,-0.0262492925442064,0.0364033394129722,277.7281669616699,-0.0140479346825073,-0.0030463384255497,0.0142520053985201,205.4588653564453,-0.0018419602689301,0.0096437325693046,0.0236035442655664,41.10226993560791,0.0075586176056597,0.0289279007022755,0.0226475578646497,78.8691219329834,0.0153924902630761,1
2022-08-12,0.0214255706096127,0.0174427373609107,156.9285911560059,0.0081177776055066,0.0238978290168705,0.0274831262753944,113.64181098937988,0.0071753162690738,-0.011008572719551,0.0091813768720912,153.07532501220703,-0.0068496647032224,0.0165640684557764,0.0143528624051242,104.5481288909912,0.0108520862611333,0.0105251903596697,0.0130064611397887,339.84794158935546,-0.0017166933580197,0.017037343029459,0.0211604294323127,264.64159164428713,0.0063690542534134,0.0467501436284136,0.0373132843177775,280.72633361816406,0.0085626954078935,0.0011845161900994,0.0135614983155397,205.5395629882813,-0.0038536352964768,0.0184870556424188,0.0238478748858806,41.1614185333252,0.0096474175300101,0.0086920912855974,0.0225238424571214,79.32262802124023,0.0142406797499479,1
2022-08-15,0.0063334588434458,0.0161862139679711,158.22068099975587,0.0099650735620211,0.0032873117282157,0.0266182481060329,114.28857688903808,0.008122195933195,0.0047792373981438,0.008227673347336,152.7126777648926,-0.0048301510802531,0.0027019640154308,0.0139612516860612,105.03234558105468,0.0138285522749443,0.016033319499918,0.0131654952612025,341.26050720214846,0.0044828773932994,0.0053442815107309,0.0208164813044606,266.53892822265624,0.0092689106821007,0.0309635989158392,0.0374720946881681,284.16500091552734,0.0131915283804854,0.0240853566989209,0.0141164676891874,206.00470962524412,0.0033260040190171,0.0028742623105217,0.0238300064494168,41.2313892364502,0.0085947725695755,-0.0178724824317217,0.0229315532288768,79.6337718963623,0.0095356127469262,1
2022-08-16,-0.0009238688619576,0.015712739584307,159.31228408813476,0.0097196606005355,-0.0031127389012919,0.0251344292270198,114.67960929870604,0.0086420655396238,0.0089107653197051,0.0080662186359188,152.52912673950195,-0.0030245342231485,0.0095542258207159,0.0132009444129187,105.4439525604248,0.013937937493641,-0.0019447358730467,0.0119407488848051,342.18155670166016,0.0072856653054235,-0.0025900097719183,0.0206818844239196,268.14406661987306,0.0073382412133989,-0.0089120757931442,0.0377485289504001,287.21666717529297,0.0162916383947336,0.0033268090966942,0.0123988636086488,206.19208984375,0.0068602466536753,0.0510559968648656,0.0262392329016172,41.39676303863526,0.0168312221592124,-0.0093152291865948,0.0225659396947983,79.8120849609375,0.0039850922244182,0
2022-08-17,0.0087845109315682,0.0156453709110521,160.37850341796874,0.0062376129368083,-0.0176663339923573,0.0255799676494359,114.9596263885498,-0.0001557228276065,5.9682328542809415e-05,0.0079987330599088,152.38968200683593,-0.0035884740472823,-0.0084121666574763,0.0134606960029738,105.80927124023438,0.0070379518184385,-0.0109117239401282,0.0123267677133582,342.8678283691406,0.0011557313182533,-0.0026359589979174,0.020746984497542,269.57932510375974,0.0019509778658036,-0.0083723335112244,0.038012628738516,290.0415008544922,0.0068360081391355,-0.012065792422364,0.0127313911598,206.2662727355957,0.0026969102275601,0.0010759931306731,0.026229335663015,41.54738292694092,0.0166274081035568,0.0080908874880889,0.022517828364561,79.98065605163575,0.003704633571529,1
2022-08-18,-0.0022914986051805,0.0156421923402956,161.31186218261718,0.0066656345834977,0.0051860254612223,0.0255847602583222,115.24856414794922,0.0023184186625318,-0.0048335713501043,0.0079743231739877,152.18741760253906,-0.0004184918046526,-0.0077494971298602,0.0136637181652419,106.0960792541504,0.0025317189009173,0.0057129041955599,0.0118877938146763,343.37740325927734,0.0038829908483945,-0.0039476419381367,0.020827163271278,270.83450241088866,0.0026416027664434,-0.0037062197211366,0.032136260051403,291.59966735839845,0.0113446227037495,0.0034029156049106,0.0123975517875477,206.2391799926758,0.0039867610336522,-0.0032252815015612,0.0261468782772232,41.660505294799805,0.0140536052893836,0.0236442694370915,0.0225279511256655,80.31059951782227,0.0026479073184922,0
2022-08-19,-0.015101879358474,0.0160449840168549,162.17789154052736,-0.0006398554101196,-0.024631765788425,0.0225294539742998,115.7099723815918,-0.0073875002985272,0.0152304915835979,0.0087052768368154,152.06222686767578,0.004829321055977,-0.0247449893467989,0.0149137287576723,106.27170448303222,-0.0057300926595977,-0.0086185237944773,0.0118812352650101,343.8850341796875,5.424801756510611e-05,-0.0138538258665636,0.0206691148197856,272.11152267456055,-0.003536631012761,-0.0204818526861555,0.0326697404236668,292.82083282470705,-0.0021017765591643,-0.0112892106987795,0.012386531837394,206.21478881835935,0.0014920156558764,-0.014740978728664,0.0264224052082426,41.74633922576904,0.007407998415167,-0.0031785830798661,0.0224246980759121,80.65659217834472,0.0002737724453995,0
2022-08-22,-0.0230291638279288,0.0170582451098003,162.905916595459,-0.0065123799443945,-0.0253391812761809,0.0234405534987903,116.04351425170898,-0.0131127988994065,-0.0035080298411631,0.0087000632477185,151.89542922973632,0.0031718676081156,-0.0165222233693381,0.0154481855119528,106.33750610351562,-0.0095749301365515,-0.0247543697768254,0.0132605751005928,343.9484939575196,-0.0081032898377835,-0.0293552341918081,0.0219488332245329,273.0553337097168,-0.0104765341532689,-0.0227640224075839,0.032992656659383,293.89483337402345,-0.0128473008238489,-0.0197819424429902,0.0131230714933488,205.95826950073243,-0.0072814441725057,-0.0178805482261102,0.0267993854342918,41.79612560272217,0.0032570363078406,-0.0007442027597044,0.0213998024950899,80.87271041870117,0.0036994283798029,1
2022-08-23,-0.0020293652246127,0.0168391700657033,163.68342208862305,-0.0067334792169255,-0.0033261564300792,0.0226692322148769,116.48163032531738,-0.013155482405164,-0.0087116779500902,0.0086390624516938,151.60879821777343,-0.0003526210458433,-0.009856827860568,0.0151782497445257,106.43280563354492,-0.0134571408728083,-0.0133715747136036,0.0134728140791581,343.9294631958008,-0.0103886576058949,-0.0047164070451927,0.0208551925379583,274.27088470458983,-0.0109018136079237,0.0225584954757323,0.0318220220887307,295.77450103759764,-0.0065531865700736,-0.0086763597057061,0.0131338977854921,205.70014038085935,-0.0096820779329858,-0.0042354364314737,0.0197404520456375,41.99621238708496,-0.0078012503514272,0.0424425088401976,0.0230693128122754,81.2802619934082,0.0140509759851614,1
2022-08-24,0.0017940607498974,0.015387015302687,164.22126159667968,-0.0081315692532597,-0.0014931024372918,0.0149909560412888,116.51285362243652,-0.0099208360941509,-0.0033106924009098,0.0086429728436805,151.31888275146486,-0.0010266959917339,0.002423903644027,0.0147689007075459,106.45821914672852,-0.0112899268125076,-0.0034616095333427,0.0134223301024212,343.75570220947264,-0.0088986347245378,-0.0023512751036273,0.0149531442330902,274.6402648925781,-0.0108448768290657,0.0021701258870663,0.0291395044963976,296.8883346557617,-0.0044446946904154,-0.0006287448026774,0.012987087028574,205.53364105224608,-0.0073946684090485,0.0072385273483746,0.0182004038916484,42.13857975006104,-0.0065687435078869,0.0059182027922031,0.0227454754341689,81.6286018371582,0.0136164390459843,1
2022-08-25,0.0149227115822914,0.0155977333197498,164.8543617248535,-0.0046887272157653,0.0260356348373613,0.0159239297125975,116.6332851409912,-0.0057509142189231,0.0093608914492873,0.0088449551204958,151.05393142700194,0.0018121965681443,0.0237478621363689,0.0156231550617019,106.6279441833496,-0.0049904549592618,0.0146009126214559,0.0123609468277554,343.37596282958987,-0.0071210330393586,0.0110951043014899,0.0137539476494276,274.7869384765625,-0.0078363275811403,-0.0034556844067095,0.0288766152325324,297.64683532714844,-0.00439458762753,0.015241643711682,0.0134355166362361,205.47747573852536,-0.0050269227876942,0.0066684629095057,0.0175163044923492,42.24513168334961,-0.0045899946256735,0.0051734153982743,0.0226826185086958,81.95267677307129,0.0099222682382208,0
2022-08-26,-0.0376993308513211,0.0166910311281147,164.9199089050293,-0.0092082175143347,-0.0540933770165732,0.0196191759516411,116.33691329956056,-0.0116432364645527,-0.0171124333589143,0.0094411923928556,150.6464515686035,-0.004656388420358,-0.0327286702209501,0.0173879037830458,106.59663200378418,-0.006587191134092,-0.0368760919122802,0.0146554923154571,342.31043548583983,-0.0127725466629192,-0.038587223308506,0.0158273472786868,274.20250091552737,-0.0127830070695288,-0.0269531218594168,0.0265345063823759,297.19383544921874,-0.0056888414621823,-0.0330281520386759,0.0152639259760964,205.0478553771973,-0.0093747110556735,-0.031427316434363,0.0187008344592415,42.247086715698245,-0.0079272621668133,-0.0123119674790196,0.0206366317500408,82.03534507751465,0.0080955913583901,0
2022-08-29,-0.0136901037772754,0.0169334632275587,164.9245262145996,-0.007340405504204,-0.0083378385071332,0.0195274086485199,116.0673038482666,-0.0082429679107432,-0.0077310604138599,0.0095085279779875,150.20918807983398,-0.0055009945348974,-0.002441870420989,0.0172452100138491,106.60480194091797,-0.0037711205444222,-0.0078624636717733,0.0146294090143274,341.2761489868164,-0.0093941654419088,-0.0106679124011358,0.0158527348095066,273.6114791870117,-0.0090455427113943,-0.0113505816072718,0.0266267929008876,296.5710021972656,-0.0034061533021199,-0.0027602418645095,0.0152608584008681,204.62739639282228,-0.0059703709399774,0.0097262127337129,0.0188081343866074,42.26167163848877,-0.0024059099748486,0.0229896698489262,0.020198799517811,82.32444610595704,0.0128423658801163,0
2022-08-30,-0.0153055072048352,0.0171622058006027,164.88142852783204,-0.0099956339002486,-0.0043867251216318,0.0195021434933525,115.76052474975586,-0.0084550816490537,-0.0034969931848863,0.0094867155063565,149.7904670715332,-0.0044580575818566,0.0001748200231903,0.016840321451203,106.69465637207033,-0.0017647909676705,-0.0046759856061311,0.01463109109981,340.2413726806641,-0.0076550476204143,-0.0085207388770072,0.015774606369268,273.06522064208986,-0.0098064090777572,-0.0249982267189629,0.0269271810499496,295.4266693115234,-0.0129174977410589,-0.0046954002420556,0.0143690569767419,204.40807571411133,-0.0051741790472473,-0.0030100570799943,0.0188239227638067,42.26765594482422,-0.0021608341045528,-0.0380543077112434,0.0222022659698639,82.46328582763672,-0.0032569974301718,0
2022-08-31,-0.0106349420451559,0.0147143708287008,164.4553985595703,-0.0124814344592592,-0.0066091858802529,0.0183466596470268,115.2718578338623,-0.0094782983376459,-0.0067105308217654,0.0090564710835732,149.24845657348632,-0.0051380252660277,-0.0059435765789461,0.0167538423232591,106.700101852417,-0.0034382870122652,-0.010493554487979,0.0141016182586738,338.78878631591795,-0.0090614366113415,-0.0057042953790646,0.0141360937605452,272.07616119384767,-0.0104770131328447,-0.0075262036859782,0.0262142537985779,293.83733520507815,-0.0148567636556678,-0.0132584064063786,0.014337109821588,203.9514274597168,-0.0077001113679875,0.0005284135610854,0.0184075180053327,42.30936470031738,-0.0035028568620106,-0.007475905954937,0.0208311214700148,82.70368347167968,-0.0059358191795999,1
2022-09-01,0.0047067495706307,0.0148043547140114,164.0813781738281,-0.0145246268615913,0.0140454368937563,0.0187687630246875,114.85307121276855,-0.0118763379263669,0.0247923855038976,0.0105722269001165,149.01059341430664,-0.0020517264551056,0.0068585083967465,0.0166013946254267,106.79767189025878,-0.0068161577601897,0.0027128899134736,0.0140141457611179,337.2844604492187,-0.011439041152938,-0.0040923176594774,0.0140153965294035,270.978141784668,-0.0135144975250382,0.005623955563764,0.0262460499631614,292.2636688232422,-0.0130408356615731,0.0071461527960581,0.0131696317951502,203.3218040466309,-0.0093192095511123,0.014560790562818,0.0161646361666875,42.46011238098144,-0.0019243913313481,-0.0179933159469846,0.0186624738518569,83.03559684753418,-0.0105691654486516,0
2022-09-02,-0.013611095913542,0.0150177390096956,163.6131149291992,-0.0097069798740355,-0.0172226135195027,0.0190120856420441,114.3762985229492,-0.0045021852269528,-0.0157251291256922,0.0110322049171327,148.68641357421876,-0.0017742656084612,-0.0069865732999632,0.0151842931242285,106.7046398162842,-0.0016677383759923,-0.0082708191302928,0.0138925831613435,335.57854614257815,-0.0057179865965405,-0.0166665518391322,0.0142882483583032,269.7055206298828,-0.0091303632311634,-0.0250758122211028,0.0225378079768593,291.3656677246093,-0.0126653737339103,-0.0118425418882955,0.0128589609341294,202.46069259643556,-0.0050820875210362,-0.0110055709681998,0.0164583999516297,42.571228218078616,0.0021599577618844,0.0183230076120473,0.0187924194209515,83.38835067749024,-0.0044421704304383,0
2022-09-06,-0.0082151833347599,0.0150654530490576,163.10558471679687,-0.0086119957855324,-0.0096429683750945,0.0190404420876181,113.8564079284668,-0.0047632112005451,0.0027036835571803,0.011055329747864,148.42251052856446,0.0003126831857467,0.0002639830630952,0.0149457815711551,106.676957321167,-0.0011265676791754,0.0047125842135165,0.0138493044849241,334.2079605102539,-0.0032029770194825,-0.0109740282887481,0.0143233747380331,268.4219696044922,-0.0091915864086859,0.0155805562554711,0.0227987235056287,290.5655014038086,-0.0072791461613617,0.0044499057574041,0.0128667177939831,201.7659683227539,-0.0036400579966535,-0.0049623457328117,0.0164963500511338,42.65546855926514,-0.0007777539314204,-0.0066951726123061,0.0189561281736385,83.69099426269531,-0.0103791389226847,1
2022-09-07,0.0092539840986094,0.0153037133730008,162.66579208374023,-0.0037000975248435,0.0247168789930092,0.020123359127497,113.50056457519533,0.001057509622383,0.0054541868527837,0.0111672482331602,148.19941482543945,0.0021029191932808,0.0189906787060245,0.0154270735416608,106.70055618286132,0.0026366040573913,0.0140087392925627,0.0141121890468053,333.33328399658205,0.0005339679602561,0.0191115907906824,0.0150844360534399,267.2772735595703,-0.003665120475148,0.033816771099826,0.0235696011167691,290.5838348388672,0.004483853402396,0.0089611237343736,0.0128778847716226,201.306071472168,-0.0009087532013676,0.0256913228533746,0.0172473500530833,42.77391719818115,0.0049625220552532,-0.0085307904177959,0.0188281863138342,83.88618354797363,-0.0044744354639952,1
2022-09-08,-0.0096178177441327,0.0137655395635327,161.94032821655273,-0.0034966726646388,-0.0097761970646161,0.0189411748598047,112.93954010009766,0.0004241073855104,0.0080454032006809,0.0113307943045638,148.0136917114258,0.00505410599777,0.0232959788846989,0.0151926697656702,106.71008682250977,0.0084845151501204,0.0044123992767102,0.0132262062509333,332.19552154541014,0.003515158713194,0.0016661207241175,0.013605588790001,265.8215606689453,-0.0021910372545115,0.0195981576290391,0.0222655954431979,290.3290023803711,0.0099087256653995,0.0014469740780584,0.0126517876643996,200.77104721069333,0.0020323228955197,0.0050832017367488,0.0172524238966602,42.89908123016357,0.0058734796903859,0.00817926884939,0.0188050591301575,84.07776565551758,-0.0013434005031298,1
2022-09-09,0.0188399832147059,0.0147192939263255,161.39451370239257,-0.0006700259358238,0.0209447992280511,0.019779261607056,112.53364028930665,0.0018039798523693,0.0019348467210971,0.0103691130576079,147.9995895385742,0.0004825982412099,0.0048059698128564,0.0148485558716718,106.66606712341309,0.0080740074333423,0.0175112572029476,0.0139628055511688,331.476545715332,0.0064748321710888,0.0229770374508069,0.0149941454754027,264.75734252929686,0.0032228337675453,0.0360228948294618,0.0228423853603088,290.9815017700195,0.015988513518539,0.0223703756571547,0.0138257369087024,200.48544006347657,0.005077167467739,0.0030053856869252,0.0171837726685967,43.01101188659668,0.0035623987152074,0.0167526430264455,0.0180882654121027,84.22388000488282,0.0056057912915561,1
2022-09-12,0.0385076262621872,0.0166046603552521,160.96895294189454,0.009753718499322,0.0018977931077177,0.0187685435043776,111.99739494323732,0.0056280611778134,-0.0004226228567827,0.0100450745678131,148.0643196105957,0.0035430994949918,0.0118318306922224,0.0146013253329015,106.5957260131836,0.0118376882317795,0.0076526254972777,0.0138408787227305,330.70291290283205,0.0096595210966029,0.0082809754648476,0.0144701709796387,263.56272888183594,0.0082123392283412,0.0158169409630266,0.0206264486966368,291.2010025024414,0.0241670641553649,0.0069688206112545,0.0139409174942249,200.25714721679688,0.0088394399676491,0.0089885292900206,0.016854789507518,43.1042875289917,0.0075612187668515,0.0115024318393646,0.0181545866353766,84.38323593139648,0.0042416761370196,0
2022-09-13,-0.058679664512089,0.020662485078467,160.0191734313965,-0.0003391777361438,-0.0589932865729304,0.0222554562846681,111.11719970703123,-0.0042420024617537,-0.0260204207907446,0.0115936916870656,147.90054626464843,-0.0022017213745931,-0.034748735174454,0.0164486633476724,106.3202625274658,0.0048351445842696,-0.0383549698372954,0.0153336301102855,329.0184722900391,0.0010460102864405,-0.0549783695414815,0.0181666829794442,261.58193893432616,-0.0005885290222053,-0.0403718809632054,0.0213154622359799,290.3415023803711,0.0129765767116296,-0.0336832410395125,0.014438750069127,199.4435592651367,0.0012128106082657,-0.0206418218887682,0.0176157289936801,43.146061706542966,0.0044253235356602,-0.0233582068013763,0.0185092763706117,84.51610679626465,0.0009090692992055,1
2022-09-14,0.00955556011344,0.0209212533723836,159.1494026184082,-0.0002788625331777,0.0065184360564118,0.0224606910428748,110.28953895568849,-0.0078816910490731,0.0206410610986416,0.012393487013511,147.82019119262696,0.0008356534745784,-0.0023196966504981,0.0162066311057089,105.97945022583008,0.0005730695129651,0.0012597205925508,0.0153829474555149,327.3882095336914,-0.0015037934535617,0.0009126187386425,0.0182315049587166,259.64906845092776,-0.0042283234326133,0.0358743720041836,0.0229143338869652,290.1438354492187,0.0133880968925011,-0.0013021572875102,0.0143533238940372,198.58237075805664,-0.000839845596111,-0.0022184753694559,0.013123092192178,43.07510833740234,-0.0011566361089059,0.0245465153129267,0.0189847161370547,84.79023590087891,0.0075245304453501,0
2022-09-15,-0.0189298309419758,0.0208655966288869,158.0607177734375,-0.0021412651727463,-0.0199047076379692,0.0225215615069188,109.46485176086426,-0.0099073931637437,0.0025505644837537,0.0124115715890691,147.75822677612305,-0.0002633142688069,0.0150707017357933,0.0166390051127543,105.7652515411377,-0.0010719859168159,-0.0272822801171868,0.0161445651163879,325.51536560058594,-0.0078427293323412,-0.0271192409502697,0.0187276459721414,257.42192459106445,-0.0099853957674908,0.0037672737306175,0.0228527311893518,290.13150177001955,0.0102219201128168,-0.0202598903904704,0.0147037982411634,197.65220642089844,-0.0051812184898168,-0.0107470480462525,0.0132646244935145,42.97864456176758,-0.0043226860655061,-0.0290774897170899,0.0202824968586647,84.90633277893066,7.31787320541244e-05,0
2022-09-16,-0.0109600228832391,0.0208622358882981,156.90969619750976,-0.0081012663923353,-0.0010689551621477,0.0223832126921613,108.60398559570312,-0.0143101440417835,0.0152652782877069,0.0128353324025062,147.8453727722168,0.002402772044515,-0.0067024069416405,0.0166210332119679,105.55831375122072,-0.0033736612677153,-0.0057736542885057,0.015924805675026,323.45411529541013,-0.0124997116306318,-0.0026081086229204,0.0187466971765581,255.21950759887696,-0.0151024249822363,-0.0013168523341049,0.0228374359081999,290.15550231933594,0.0027539706801035,-0.0105951646943722,0.0146377739947432,196.58604049682617,-0.0117743265601222,-0.0020980656818512,0.0132621211653233,42.88489074707032,-0.0053433763392614,-0.0170832616841482,0.0199955304276388,84.85468521118165,-0.0066940022100646,1
2022-09-19,0.0250826966977739,0.0219473476645924,156.07330169677735,-0.010786252305218,0.0026265046583227,0.0221155724838415,107.90320014953612,-0.0141644017316625,-0.007875851458831,0.0124902135492304,147.76015625,0.0009121263241053,0.0092243895213863,0.0158690244705985,105.53698348999023,-0.0038951495018826,-0.0034907182191424,0.0159241857644452,321.489503479004,-0.0147283803739159,-0.0008987571340495,0.018768777533919,253.20131225585936,-0.0169383715020157,0.018856110452001,0.0226441410874169,290.77566986083986,0.0033618045778983,-0.0008794585207284,0.0145971534163972,195.6296485900879,-0.0133439823865188,0.0085593592461872,0.0131133852370725,42.84200057983399,-0.0054292103480281,-0.0001075454040935,0.0199851318521199,84.81583786010742,-0.0090159976587562,0
2022-09-20,0.015665657633328,0.0219786717803444,155.54957275390626,0.0040828121238654,-0.0187251714827404,0.0218618458448208,107.25395774841309,-0.0061107787136245,-0.0078780151632968,0.0125835920117018,147.64264831542968,0.0045406074495948,-0.0197190350872138,0.0160583458994705,105.49886360168458,-0.0008892094844345,-0.0024200471087902,0.0153026354745105,319.91586151123045,-0.0075413958282148,-0.0084657768924071,0.0180659822387098,251.4899887084961,-0.0076358529722008,-0.0011000625419275,0.0218879308087871,291.71650390625,0.0112161682621539,-0.0054886242759919,0.0141654804879778,194.82625885009764,-0.0077050590338146,-0.0058066786110029,0.012557063885921,42.82573738098144,-0.002462181692475,-0.008154487415927,0.0200627273200891,84.74653244018555,-0.0059752537816663,0
2022-09-21,-0.0202678772833917,0.0223098747789608,154.88644638061524,-0.0018818753555009,-0.0183904148109614,0.0220295501432574,106.53136444091795,-0.0110925488870992,-0.0102443348621984,0.012639414099832,147.51482391357422,-0.0016364717425731,-0.028835116756402,0.0171783305895835,105.36136016845704,-0.0061922935056153,-0.0279950531631285,0.0160654491904625,318.13965759277346,-0.0133923505793507,-0.0144360994788901,0.0181427795522577,249.67249298095703,-0.0107055966157074,-0.0256859485996343,0.0223169563862897,291.93383636474607,-0.0010958958586096,-0.0262923340590098,0.0149933585662759,193.86549453735356,-0.0127030943881146,0.0091351694439303,0.0126920002134193,42.83801422119141,-0.0001914527297978,-0.0161184836622032,0.0175596743489859,84.43532180786133,-0.0141082535766923,0
2022-09-22,-0.00637514333152,0.0222736561142775,154.16049194335938,0.0006290621665902,0.0086624334978442,0.0222690274721038,105.85981903076171,-0.0053791206599365,0.0177607513856312,0.0132801287783879,147.5417335510254,0.0014055656378023,-0.0113789526141753,0.0173024506806731,105.15306091308594,-0.011482224375609,-0.0201643421243372,0.016384635751071,316.121354675293,-0.0119687629807808,0.0084955702088311,0.0184517390744796,247.98492202758788,-0.0035826343838872,-0.0405917285591177,0.0241671090052466,291.5085021972656,-0.0099676963165566,-0.0065770129073563,0.0149630033750111,192.8513000488281,-0.0099665188914917,-0.0102395755333792,0.0127950072936751,42.81282234191895,-8.99582272231747e-05,-0.0041780146658082,0.0174168258625885,84.08173484802246,-0.009128358566436,0
2022-09-23,-0.0151236255181338,0.0219141111823702,153.1984436035156,-0.0002036583603887,-0.0139803535475974,0.0209922359887346,104.97219047546386,-0.0079614003370264,0.0032494050417573,0.0131292630355158,147.52334442138672,-0.0009976090113875,-0.0186134894434796,0.0165781623696957,104.7260242462158,-0.0138644408759768,-0.0160208457604215,0.0157430284890501,313.6276382446289,-0.014018201275164,-0.0126980784980795,0.0180154626175689,246.0006622314453,-0.005600628358919,-0.0459475724518868,0.0261636239182331,290.471501159668,-0.018893840340113,-0.0098498424669422,0.0141904791099673,191.59521484375,-0.0098174544460057,-0.0249643700521186,0.0137782325040558,42.7201847076416,-0.0046632191012766,-0.0532185808429329,0.0204188295461053,83.49286460876465,-0.016355422398193,0
2022-09-26,0.0022602815169006,0.0206447201215939,152.5677146911621,-0.0047681413965633,-0.0057727840612383,0.0179835178199301,104.369038772583,-0.0096412580809386,-0.0061179989586688,0.0125962095758111,147.58748092651368,-0.0006460385113551,-0.0215318892838022,0.0157238096080449,104.36842041015623,-0.0200156966370146,-0.011819595148598,0.0142383786221754,311.5849319458008,-0.0156839766610551,-0.0019754449513638,0.0165145458912282,244.5152572631836,-0.0058159659223818,0.0024698479153155,0.0255843184471925,289.8675018310547,-0.0221710928474501,-0.0183191248760652,0.0130785746606671,190.51204681396484,-0.0133053877170731,0.0096106080362856,0.0121376987249104,42.71556034088135,-0.0044529693432569,-0.0206413884518797,0.0206167938892731,82.87971534729004,-0.0204621910077502,0
2022-09-27,0.0065660653495154,0.0206348279990173,152.09552459716798,-0.0065880598533259,-0.0068249439167072,0.017974884931286,103.77827682495118,-0.007261212567732,-0.0045864086221525,0.0125072552943768,147.67449188232422,1.2282796873752664e-05,-0.0088023170372213,0.0157669236638134,103.98086547851562,-0.0178323530270161,-0.0125123638201782,0.0142976140519141,309.49244232177733,-0.0177024400033327,-0.0043799651225244,0.0164791772910556,243.11808166503903,-0.0049988035684053,0.0251077585253733,0.0261623518264949,289.77350158691405,-0.01692952863399,-0.0150617704018716,0.0132204016898245,189.3239631652832,-0.015220016942249,-0.0027411322245332,0.0119280520592365,42.68478851318359,-0.003839860065963,0.0209572757187985,0.0204634567476037,82.24493560791015,-0.0146398383808051,1
2022-09-28,-0.012651528955157,0.0205590029004068,151.65033111572265,-0.0050647901876789,0.026153931291982,0.0193291281713585,103.33768348693847,0.0016476566528566,0.0086091788406665,0.0125878675261567,147.85075607299805,0.0037829855374467,0.0202171496631005,0.0166423479925234,103.68951797485352,-0.0080218997431156,0.0129153419609482,0.0149639748220615,307.6557189941406,-0.0095203609785173,0.0197116766547982,0.0173996486942469,242.05638275146484,0.0018307516583323,0.0172121123742337,0.0257390758098207,290.2790008544922,-0.0083499164392163,0.0073649217574753,0.0135697083479029,188.245654296875,-0.008488565778952,0.0164944665829036,0.0125092867863611,42.69483337402344,-0.0023680006381683,0.0363893522101659,0.0213678246180728,81.91606903076172,-0.0041382712063313,0
2022-09-29,-0.049119095887475,0.0229943697460474,150.92683029174805,-0.0136135806988699,-0.0262869683210993,0.0199559800888825,102.80242919921876,-0.005342223710932,-0.011000172192435,0.0127663061469104,147.99383087158202,-0.0019691991781665,-0.0169459426430168,0.0169327393515617,103.34598274230956,-0.0091352977488839,-0.0117512381844193,0.0149866076933827,305.8204559326172,-0.0078377401905338,-0.0148091096947342,0.0175596689555169,240.8943328857422,-0.0028301843223807,-0.0681005047419358,0.0301227985559284,289.909001159668,-0.01385167167578,0.0049112486309428,0.0136475160814813,187.3397766113281,-0.0061909134712921,-0.0064608531629755,0.0126002080126357,42.690049743652345,-0.0016122561640876,-0.0020256222887888,0.0213532146871554,81.61104011535645,-0.0037077927309274,0
2022-09-30,-0.0300391784065702,0.0235555192646545,149.95692825317383,-0.0165966912765572,-0.0181687271264315,0.0196309165130932,102.10412101745604,-0.0061798984266989,-0.0071113256095293,0.01158274608551,147.9050262451172,-0.0040413453084238,-0.0156366904113615,0.0169694405793703,102.89171714782717,-0.0085399379424602,-0.0084737577537846,0.0148511347206069,303.8236312866211,-0.0063283225892064,-0.019368351190716,0.0178638573519966,239.56115264892577,-0.004164238860908,-0.0110360968993725,0.0301625756285052,289.3135009765625,-0.0068693765652771,-0.013384468336097,0.0134705427721953,186.24786529541012,-0.0068978386451231,-0.0192813830596021,0.0128072098700213,42.61383495330811,-0.0004756587655843,-0.0154492275678558,0.0212699136369317,81.32145881652832,0.0038460779240879,1
2022-10-03,0.030752519296102,0.0248909849504828,149.30116500854493,-0.0108982437207169,0.031259824999829,0.0211897227723803,101.64766883850098,0.0012266233855145,-0.0009794452899208,0.0110208559053751,147.9256568908691,-0.0030136345746742,0.0309090578558346,0.0186963024935471,102.62033882141114,0.001948251485467,0.0215939038186889,0.016120680283949,302.25780487060547,0.0003543772042509,0.0336625239000567,0.0196504240695861,238.81844940185547,0.002963354909376,-0.086145169099022,0.0353010981414334,287.9230010986328,-0.0245923799681446,0.0225161135051412,0.0147925458223066,185.46536254882807,0.0012692090311181,0.0218195143137502,0.0136326515803597,42.606341171264646,0.0019661224899086,0.0528006518203083,0.0243039112749835,81.15945320129394,0.0185344859785256,1
2022-10-04,0.0256227222137355,0.0257375153063663,148.88738479614258,-0.0070869123478729,0.0304135539174794,0.0225042129448928,101.3914405822754,0.0086743229523519,0.0148283472078194,0.0114894064042253,148.03509140014648,0.0008693165913201,0.0467835431403964,0.0217127329320307,102.57631874084473,0.0130654235209906,0.0371453188775043,0.0186002424630779,301.1444427490234,0.0102859137437875,0.0338124286475578,0.0211740743395081,238.60659561157223,0.0106018336633925,0.0290429402730441,0.0358346581284128,286.6740005493164,-0.0238053436186105,0.0220204748279189,0.0158156271370807,184.8344062805176,0.0086856580770762,0.0129780735167217,0.0138830266553496,42.636794853210446,0.0051099636381596,0.0364447641710941,0.0257087198546596,81.17357864379883,0.0216319836689847,1
2022-10-05,0.0020535305256004,0.0256147650262817,148.4181396484375,-0.0041459004517214,-0.0020660254228207,0.021594486852958,100.99396476745603,0.0030303316093913,-0.0030791109350908,0.0114660949233078,148.08173599243165,-0.0014683413638313,-0.0123467096933278,0.0213827802249689,102.371089553833,0.0065526516497049,0.0097257574641307,0.0184120205676897,299.95250244140624,0.009647996844424,0.0012859050052851,0.02066733534675,238.1756164550781,0.0069166793334898,-0.0345975176328814,0.0352822165418922,284.52949981689454,-0.0341672696200335,0.0108805879961058,0.0158992725189796,184.21510467529296,0.0093887913248023,-0.0099067757962444,0.0127616154585471,42.59183158874512,-0.00017028483767,0.040411548001809,0.0270975313929293,81.39341163635254,0.0224364228273133,0
2022-10-06,-0.0066257382634845,0.0255818295208667,147.97490844726562,0.0043527710730766,-9.85750030941812e-05,0.0215565902931331,100.6490234375,0.0082680102729923,-0.019381177512728,0.0121221969518425,147.92565383911133,-0.0031445424278899,-0.0203821607979519,0.0209130753963962,101.94031066894532,0.0058654080187179,-0.0147512778473505,0.0184666223366491,298.4707595825195,0.0090479889118377,-0.0096711190530723,0.0207299622167404,237.6069534301758,0.0079442774618222,-0.0111290756320411,0.0347017795647534,281.9729995727539,-0.0227729837980546,-0.0110831938399733,0.0159549299342104,183.4806869506836,0.0061899028306191,-0.0093290321814216,0.0128085464118119,42.51609535217285,-0.0007439206413592,0.0296610125160854,0.0277348600029083,81.70903549194335,0.0287737497882882,0
2022-10-07,-0.0367186108894546,0.0261311236713189,147.12673263549806,0.0030168845764997,-0.0270164635725282,0.0214093162514589,100.05578346252442,0.006498462983773,-0.0105615017365762,0.0122843175757923,147.67852401733398,-0.0038345776532993,-0.019974101411587,0.0210998644922367,101.38476486206056,0.0049979258186728,-0.0142364734258197,0.017814349865207,296.4986312866211,0.0078954457774307,-0.0508529092884986,0.0225229117944255,236.14190673828125,0.0016473658422657,-0.0632427550068921,0.0350069188452332,278.14250030517576,-0.0332143154195585,-0.0094831585894484,0.0147507887755919,182.44269409179688,0.0069701647799488,-0.0236938718722923,0.0136564652454698,42.38407459259033,-0.0016264184038972,-0.0100920784677517,0.0277349259217256,81.90900459289551,0.029845179608309,0
2022-10-10,0.0023556583677355,0.0241002865397083,145.99730758666993,-0.0026624876091735,-0.008309659013352,0.021345546607912,99.41149673461912,-0.0014154338188631,0.001311051997382,0.0122993020137409,147.4439552307129,-0.0033764781958387,-0.009341542696463,0.0207285023786718,100.71990165710449,-0.0030521942917866,-0.010814760717811,0.017532865951419,294.2450973510742,0.0014137128701307,-0.0213028836605825,0.0225205871951744,234.3287796020508,-0.0093457156698621,-0.0004931214719139,0.0344600949336243,274.0694999694824,-0.0160839058941369,-0.0089758396804929,0.0144765855406771,181.25509643554688,0.0006717741428219,0.005911621940555,0.0135307319449766,42.24456005096435,-0.0048079968785363,-0.0216769852322239,0.0281671544187691,81.96330070495605,0.0149496521978025,0
2022-10-11,-0.0102551494919524,0.0208821425857165,145.26791763305664,-0.0098380619503111,-0.0069487354380631,0.0173418430014105,99.0576343536377,-0.0088878916899716,0.0144628167094822,0.0113515825282318,147.506746673584,-0.0034495842955061,-0.0288599209936195,0.0203406329990462,100.10645027160643,-0.0181808871185898,-0.0196377438752991,0.0162314145303305,292.3449951171875,-0.0099428996804299,-0.0167503043481663,0.0197059465156209,233.04019775390623,-0.0194582622690069,-0.0289738362008463,0.0341086290769377,270.2879997253418,-0.027687261188915,-0.0166865830695056,0.0132213464931236,180.2579032897949,-0.0070696374366629,0.0259049120586303,0.0143477758191656,42.20390186309815,-0.0022226291701546,-0.0084982596053939,0.0276825926338324,82.08116416931152,0.0059610474425049,0
2022-10-12,-0.0046046722459117,0.0206059701868277,144.4349609375,-0.0111697025046135,0.0039103023993591,0.0172730314820721,98.68890380859376,-0.0076926261255356,-0.0002455479665774,0.0103137750466898,147.41839218139648,-0.0028828717018035,0.0161826841969752,0.0209271768701342,99.58079948425294,-0.0124750083405292,-0.0093342123300899,0.0161469367647324,290.2943466186524,-0.013754893639274,0.0015083228997891,0.0197163942199777,231.7569496154785,-0.0194137786901061,0.0034180392293954,0.032320978033658,266.0195007324219,-0.0200841498164596,-0.0050241382221968,0.013187860853743,179.2296226501465,-0.0102505826803234,-0.0113063895969744,0.0145359477597388,42.14410972595215,-0.0025025519303006,0.004387573811095,0.0271709277092438,82.11471252441406,-0.0012437473956378,1
2022-10-13,0.0336127995599191,0.0221071774569885,143.97455215454102,-0.0031219949399328,0.0153751576332354,0.0173138356302625,98.49809532165528,-0.0045978795982697,0.0151205404427641,0.0108801770890455,147.42153244018556,0.0040174718892949,0.0555932771990248,0.0246131787531767,99.23946609497072,0.002720079258866,0.0373350973176116,0.0181623269670903,289.19486236572266,-0.0033376186062816,0.0376079912458851,0.0212095910122165,231.21689071655277,-0.0099579566303146,0.0206223329693295,0.0330724569151967,261.91800079345705,-0.0137338680961854,0.0360187637236673,0.0156500662942768,178.70941085815429,-0.0008301911675953,0.0084623565078778,0.0145140562214302,42.12513542175293,0.0010557258075592,0.034948837126816,0.0272450513311184,82.42548065185547,-0.0001861824734917,0
2022-10-14,-0.0322400267584385,0.0230073375719199,143.36983489990234,-0.0022262781137296,-0.0252373139375435,0.0180889249637605,98.1888370513916,-0.0042420496712728,-0.004177935429154,0.0103051294455599,147.28070297241212,0.0052941851507793,0.0166408036387151,0.0249795124187303,99.01731719970704,0.0100430602689265,-0.0179276201930937,0.0184427262438355,287.92705688476565,-0.0040758479597364,-0.0242486097409104,0.021780832626551,230.4324951171875,-0.004637096720797,-0.0754555098116104,0.0355132896395534,257.00000076293946,-0.0161764190571291,-0.0110471183747294,0.0156623887182387,178.19065704345704,-0.0011429831246515,-0.0139856067224092,0.0148294942469809,42.08112850189209,0.0029973788375359,-0.0263080230537703,0.0276940375321208,82.689457321167,-0.0034293713906954,1
2022-10-17,0.0291227860502492,0.0232921189911743,142.7773910522461,0.0031271474227731,0.0353149057506332,0.019997422643124,98.03519897460936,0.0044828632815242,0.012951304299797,0.0106103492124962,147.29460678100585,0.0076222356112623,0.0420000295220801,0.0267556346416561,98.9599822998047,0.0203113747126351,0.0219958142955278,0.0193476619826204,287.0233871459961,0.0024862670429313,0.0392456204844706,0.0237625687955852,230.09362182617187,0.0074726041082136,0.0700521987684437,0.0399388881348722,252.5140007019043,-0.0020673550090576,0.0144013307535935,0.0161229441108472,177.80790481567382,0.0035324509621657,0.007207000310365,0.0147869129254503,42.03393249511719,0.0032564545114978,0.0144165331302341,0.0277853830510942,83.01700019836426,0.0037893322817961,1
2022-10-18,0.009409271550935,0.0230577579674976,142.13193359375,0.0070600316313506,0.0080024028150693,0.0196645399399171,98.0168613433838,0.0074730909321507,-0.0034816749248847,0.0104800937414095,147.34124908447265,0.0040333372843889,0.0257208279913967,0.0269397583564624,99.14483184814452,0.0312275245096384,0.0180990645327476,0.0199079977200702,286.4178756713867,0.0100336287245407,0.0040835253662694,0.0237257551060461,229.90212631225583,0.0116393700511007,0.0038294794370521,0.0400522163339466,248.0870002746582,0.004493308118522,0.0103643127669381,0.0163286076771208,177.5698989868164,0.0089426301294545,0.0210855748766967,0.0155316791094802,42.04333972930908,0.0022925870751111,0.0017891349216601,0.0276412180449714,83.38603858947754,0.005846811187207,0
2022-10-19,0.0007654433521639,0.0227599064736321,141.64796600341796,0.0081340547509657,-0.0113129853380318,0.0193777765434829,98.03420715332032,0.0044284333846725,-0.0079511819540538,0.0103698621099243,147.40448760986328,0.0024922104868937,-0.0196061331060598,0.0264572467154615,99.37456932067872,0.0240697610490314,-0.0087221471966114,0.0190216142938677,286.11234283447266,0.0101560417512363,-0.0084694355942095,0.023579070359297,229.78238372802736,0.009643818352301,0.0084017931069275,0.0403417889250463,244.1490005493164,0.0054900588940285,-0.0040602817952883,0.0152490670354293,177.54026947021484,0.0091354014148362,-0.0028326755058911,0.0154048149536086,42.02723617553711,0.0039873298933278,0.0296627838711269,0.0277219623833139,83.95283851623535,0.0109018531992133,0
2022-10-20,-0.0032670960704304,0.02274669794044,141.18903045654298,0.0007580756248958,0.0034127206392187,0.0192946791079273,98.02578163146973,0.0020359459858691,0.002550409896896,0.0095621830769856,147.35649871826172,-2.181562227989709e-05,-0.00326154096101,0.0262943842264968,99.64499626159667,0.0122987974170244,-0.0049703475134321,0.0185068209371581,286.0341522216797,0.0016949527850276,-0.0013955242469508,0.0234894183805417,229.54822845458983,0.0018431152537338,-0.0664744863679374,0.0416250892950056,240.08350067138676,-0.0119293049734248,0.0043450399548019,0.0151986468475337,177.60972747802734,0.0028006566610631,0.0024669854564565,0.0152327826113445,42.03839721679688,0.0027882556830435,0.0013485758399687,0.0276321904821011,84.5425910949707,0.0041818009418439,1
2022-10-21,0.0270587472666892,0.0234974763792479,141.0339225769043,0.0126178304299214,0.0116035456766998,0.0191602919973644,98.1442310333252,0.0094041179087178,0.0218034254754631,0.0107489588075888,147.445751953125,0.0051744565586435,0.052527307962912,0.0279832539067013,100.28866386413574,0.0194760982818638,0.0205548228334013,0.018658140936967,286.48700561523435,0.0093914413903266,0.0252806261325322,0.0240022310000216,229.75184173583983,0.0117489624284223,0.0345426654972775,0.0424172113733302,237.03900146484372,0.0100703300883527,0.0168252449315402,0.0154122340669574,177.92107772827148,0.008375129322317,0.0202103655838463,0.014614901069015,42.14586296081543,0.0096274501442946,0.0185703494199753,0.0237520407564221,85.43031120300293,0.013157475436593,1
2022-10-24,0.014802798401426,0.0237493923760295,140.9691291809082,0.0097538329001567,0.0137446268904017,0.0192740326862529,98.35981903076171,0.0050900621366715,0.0134551628504533,0.0109888565676519,147.68256454467777,0.0052752282687747,0.0012269737929551,0.0272363604123665,101.04584350585938,0.0113214871360388,0.0106822110343622,0.0184762318193394,287.2671401977539,0.0071287207380935,0.0211878549441004,0.0243991081168181,230.22693939208983,0.0081374093203483,-0.0148759671940308,0.0422926690667899,233.8010009765625,-0.0069153031041421,0.0017860712842692,0.0146667580890078,178.4126319885254,0.0058520774284522,0.0190788726376689,0.0150011445619589,42.27501373291015,0.0120018246097554,0.0069903764772263,0.0225992259881028,86.42883071899413,0.0116722441059915,1
2022-10-25,0.0193376000928553,0.0241090219151241,140.99759750366212,0.0117394986085408,0.0191182106995098,0.0194960527288861,98.70575141906738,0.0073132237135596,-0.0015791908549598,0.0109197224407062,147.94135208129882,0.0056557250827597,0.0026150761492094,0.0269923253227812,101.86033477783204,0.0067003367676013,0.0190120483650397,0.0184417127158105,288.5085021972656,0.0073113175045519,0.0137917027136709,0.0244752169337213,230.91777114868165,0.0100790447898286,0.0528757309772558,0.0440102151699041,230.77500076293944,0.0028939472038985,0.0192439281198504,0.0144687050044483,179.2145652770996,0.0076280004990346,0.0047341794939803,0.0149408461901058,42.420426750183104,0.0087315455332122,-0.0067542634271363,0.0228841154186038,87.317875289917,0.0099635644362322,0
2022-10-26,-0.0196271211239565,0.0243579897619849,140.97354583740236,0.0076609857133167,-0.0914050041704611,0.0281520730432579,98.45200119018554,-0.0087051800529261,0.0087869266204287,0.0109256462620697,148.20372848510743,0.0090033467976562,0.0114912480888602,0.0268581011504961,102.64226989746092,0.0129198130065853,0.026010761788195,0.0189836524226975,289.96526794433595,0.0142578993015132,-0.0771562708344463,0.0300000137795782,230.44509735107425,-0.0036583222582187,0.0099811223764909,0.0437951996329631,227.6165008544922,0.0032098130578112,0.0460437189070555,0.0171936121535241,180.3875915527344,0.0176488006395034,0.0076389010470021,0.0146634348244239,42.54846076965332,0.0108258608437908,0.0119003798307875,0.0220869967021925,88.12481307983398,0.0064110836281643,0
2022-10-27,-0.0304653768522374,0.0226721548875124,141.08742065429686,0.0022213295569553,-0.0285473404812968,0.0282580522450869,98.19428672790528,-0.0150971922770293,0.0005806201671372,0.0105113577396645,148.55266571044922,0.0086093888517045,0.0039482554062622,0.0262456286361747,103.52968864440918,0.0143617722800398,-0.0004383099931064,0.018620924081946,291.5816284179688,0.0151643068055784,-0.0197562633127988,0.0301345100748652,229.92394485473636,-0.0073304700713883,0.0020031915485436,0.0417761227766455,225.4605010986328,0.0169053486411074,0.0047215159217905,0.0171945759394228,181.5645050048828,0.0177240958329011,-0.0029047538731322,0.0145634485206346,42.68367023468018,0.0097515129778731,0.0038266331830549,0.021962921187006,88.95779457092286,0.0069066950967815,1
2022-10-28,0.0755527149772745,0.0269430228572408,141.94835662841797,0.0119201230990723,0.0441335690355408,0.0298134262542336,98.22600555419922,-0.008591187605261,0.0148567515826982,0.0106162535697497,149.06889572143555,0.0072200540731515,0.0118780875719348,0.0256100961160593,104.560205078125,0.0062319282018443,0.0316249306136489,0.0191716177380274,293.8103790283203,0.0173783283616279,0.0402207360612489,0.0312394881279386,230.06793060302732,-0.0043424480856449,0.0152383846033803,0.0420837308114067,223.62400131225587,0.0130444924623279,0.0247194492744373,0.0169885060232029,183.10376663208007,0.0193029367014806,0.0126484170183089,0.013691810163829,42.88791885375976,0.0082391232647656,0.0292887062907956,0.0215169348637369,89.99030494689941,0.0090503664709456,0
2022-10-31,-0.0154105644725049,0.0267172740203608,142.48288116455078,0.0058774505242861,-0.0184857802489752,0.0292044757236545,98.02132072448732,-0.0150372690331365,-0.0051464840368139,0.0107481113520394,149.55193786621095,0.0034997246956981,-0.0015864493646901,0.0252545904311918,105.43498229980467,0.0056692435703153,-0.0039155321952178,0.01904305994386,295.6763656616211,0.0144587797157118,-0.0158562403834626,0.0304762314841318,229.65052490234376,-0.0117512671511575,-0.004288512900427,0.0376881750973104,222.8810012817383,0.0151619833210487,-0.0104135629927597,0.0171410320756486,184.34285202026368,0.0168630098460748,-0.0012632293241786,0.0131444186021604,43.0441743850708,0.0041707028723961,0.0009936720056467,0.0193784930385801,90.824169921875,0.0078510255766296,0
2022-11-01,-0.0175427552900029,0.0266239878735125,142.7062141418457,-0.0014986205522854,-0.0427466603446268,0.0295475847344889,97.46773071289064,-0.0274102432419638,-0.0050584123275345,0.0105389488573827,149.8869728088379,0.0028038804011831,0.0180331040308865,0.0237371637955205,106.18497619628906,0.0087528491466507,0.0152658658993187,0.0177679294125923,297.2606231689453,0.0137095432225676,-0.0170595629808999,0.0294921906478333,228.6465171813965,-0.0179215202900717,0.0012306146011606,0.036970246464256,221.8000015258789,0.0048329600458297,-0.0011101817894245,0.0168326048668144,185.37647552490236,0.0127921878642198,-0.0044964439187566,0.0130726836023493,43.162801551818845,0.0023245781898487,0.0099269340036813,0.0183209302980227,91.55871276855468,0.0111872650627932,0
2022-11-02,-0.0373049361911378,0.0280270056131213,142.63896865844723,-0.0050341835657217,-0.0386871140736551,0.0304523886349655,96.75108489990234,-0.0168666652226026,-0.0153677662839228,0.01120390331179,150.12557678222657,-0.0020270581796871,-0.0092080016008713,0.0236116977274054,106.94412689208984,0.0046129992087044,-0.0401272127028352,0.0204113766438585,298.04821929931643,0.0004819483243616,-0.0353683156338867,0.0302803191820685,227.2357666015625,-0.0095639292499598,-0.0563603335259603,0.03822144484493,220.50850143432615,-0.0084353311346605,-0.0288987048842247,0.0184454058984554,186.02151947021488,-0.0021962968940362,-0.0066342636330406,0.0129251585280515,43.28764667510986,-0.0005300547461598,-0.0205523022943019,0.0177491169280421,92.0217742919922,0.0046967286377753,0
2022-11-03,-0.0424049555740562,0.0295650095208238,142.31746826171874,-0.0074220993100854,-0.040703543871794,0.0312952820362152,95.85949096679688,-0.019297905900702,0.0017016641155178,0.0100541716338733,150.52071151733398,-0.001802849390011,0.0018114187491486,0.0227488943255869,107.81682891845703,0.0041856318772817,-0.0332998698055045,0.021634846578681,298.53417816162107,-0.006090363638118,-0.0265787821630255,0.0306296143621509,225.65824966430665,-0.0109284330200051,0.0015350350619269,0.0382186768609412,219.36750106811525,-0.0085289624319838,-0.0308534696445187,0.0197560245300703,186.4664436340332,-0.009311294007298,-0.0002132417246656,0.0126268298673082,43.43178462982178,8.24768353346883e-06,0.0135936596297296,0.016927900477284,92.42082824707032,0.0066501339271102,1
2022-11-04,-0.0019471912510474,0.0284089552664637,142.24480285644532,-0.0229220805557498,0.0377562083780167,0.0326796804246926,95.25980911254882,-0.0205733780322069,0.0044517447824421,0.0095602130510218,151.02662811279296,-0.0038838507500622,0.0273584691864348,0.0220953019370826,108.94777030944825,0.0072817082001817,0.0297569473257663,0.0221428724099993,299.67817840576174,-0.0064639602956945,0.0333254860509966,0.0300049219761006,225.0352897644043,-0.0123074830220556,-0.0364125977743186,0.0364726428932357,218.58750076293944,-0.0188591589075236,0.0114506713540212,0.0196365732071623,187.10517196655277,-0.0119650495913813,0.0017769400061087,0.0109192502091258,43.62965641021729,-0.0021660477189065,0.0108911946929879,0.0166308555387071,92.91876335144045,0.0029706316075487,1
2022-11-07,0.0039019804041997,0.0284182435453966,142.1824867248535,-0.0190595715804089,0.0220604185172883,0.0332670551002382,94.79542694091796,-0.0124641382789541,0.0087474703005523,0.0096170376781653,151.59040145874025,-0.001105059882589,0.0052800419654284,0.0216322931664085,110.15563468933104,0.0086550064662054,0.0212333313628454,0.0221695628515788,301.3086273193359,-0.0014341875840818,0.0292696415560411,0.0304542915381749,224.96838760375977,-0.0032823066341548,-0.0500795263340059,0.0379501344719328,217.2935005187988,-0.0280173615942394,0.0158392781660194,0.0195812129663917,187.97559356689453,-0.0067144813596254,0.0104984698394079,0.0109945127264061,43.83900775909424,0.0001862921138107,0.0118422297918572,0.0153978555864924,93.57208366394045,0.0051403431647908,1
2022-11-08,0.0041753427240471,0.0283292307686158,142.21937103271483,-0.0147159519775989,0.0046333626115089,0.0333226197385271,94.38506622314452,-0.002988133687727,0.0049717157882189,0.0092930966727074,152.08869400024415,0.0009009657405616,0.000609077396779,0.0196523279178668,111.5058979034424,0.0051702011393839,0.0019066708520885,0.021385200112344,303.24951171875,-0.0041060265935279,0.0043883397143054,0.0302028786782266,225.13612442016603,0.0010072739048861,-0.0293281851308877,0.0379617711171203,216.03350067138672,-0.0341291215406491,0.0083957128455207,0.018919047806713,189.0752746582031,-0.0048133024326364,0.0023866103934948,0.0098256961004971,44.00036544799805,0.001562902976261,0.0031678422566947,0.0149909228853223,94.27837409973144,0.0037885248153935,0
2022-11-09,-0.0331901027153526,0.0293121410424332,142.06002960205078,-0.0138929852824418,-0.0177727295317027,0.0334076543959069,93.87756690979003,0.0011947432206634,-0.0079961007804604,0.0096071523457102,152.52643432617188,0.0023752988412541,-0.013008727816417,0.0204676989751484,112.70231704711914,0.0044100558962747,-0.031036013127179,0.0227505721877586,304.8266662597656,-0.0022877866783966,-0.0190500630232355,0.0305398309415143,225.07600936889648,0.0042709244270164,-0.0716675718513074,0.0406531987929689,214.05100021362304,-0.0371905692057185,-0.0367558323145588,0.0211082175554173,189.8584297180176,-0.0063847279187032,-0.0232508263294785,0.011071609467518,44.132704734802246,-0.0017604095630265,-0.0447368065971222,0.0190393969468048,94.74055366516112,-0.0010483760451705,1
2022-11-10,0.0889745400271926,0.0348265877260045,142.26243362426757,0.0123829138378078,0.0758130753336407,0.0377922115999212,93.62381744384766,0.0244980670617504,0.0117136272146769,0.0094083487839894,152.94444274902344,0.0043776914610859,0.0411591817789691,0.0190356055366353,113.87950439453124,0.0122796085022388,0.068527595532505,0.0258894957580429,306.9440444946289,0.0180777063892052,0.082268032608713,0.0347619143372488,225.49971771240237,0.0260402873813641,0.0739343721694254,0.0442981358174922,212.50100021362303,-0.0227107017842188,0.060021797073865,0.0235344896817854,190.89639892578128,0.0117903254249735,0.0207212667171456,0.0117036163352155,44.29342498779297,0.0024264921253357,0.0146923816806989,0.0178792786002607,95.12150917053222,-0.0008286316349766,1
2022-11-11,0.019268675520115,0.0340584969257421,142.83025360107422,0.0166260871920403,0.0262933498559529,0.0378785907649361,93.61638412475584,0.0222054953573376,-0.0299192269498947,0.0118545245537569,153.15927658081054,-0.0024965028853813,0.0016286511350442,0.0190883056322258,114.98343200683594,0.0071336448919607,0.0059894098438906,0.0252106530765467,309.41782531738284,0.0133241988928301,0.0169974181391159,0.0343180114589177,226.39900970458984,0.022774673798988,0.0275272649244828,0.0417829390511066,212.05,-0.0099227292444585,-0.0027726156328925,0.0232951594856954,192.00570755004884,0.0089456680275907,0.0015453872530719,0.0109567667348977,44.48715057373047,0.0023801815747283,0.0312215945060729,0.0173273189156236,95.77306175231934,0.0032374483276403,0
2022-11-14,-0.0094853253449489,0.0336851460902707,143.13045120239258,0.0139486260422106,-0.0073645262875946,0.0370129129200871,93.40476036071776,0.016320506396361,0.0157164353955034,0.0120101669435582,153.39788284301758,-0.0011027098663911,-0.0102734494089004,0.0180299671565355,115.80989036560058,0.004022946617095,0.0002354933562815,0.0250624771552964,311.5850692749024,0.0091246312915173,-0.0225000864535529,0.0337981727359127,226.5938980102539,0.0124207281970691,-0.0256161873816971,0.0385190608368674,210.62999954223636,-0.0050300614539968,0.009073132439707,0.0232263708498352,193.07781829833985,0.0075924388823283,-0.0293870241114836,0.0132912458951667,44.599080848693845,-0.0055969172154499,0.0029194274870438,0.0172625416199148,96.37617568969726,0.0014528878666776,1
2022-11-15,0.0118692874534482,0.0337156805512978,143.451407623291,0.0154874149880908,0.0286312447017456,0.0375754780585981,93.28928451538086,0.0211200828144084,0.0027922958006914,0.0119510925568194,153.68403244018555,-0.0015385938638966,-0.0072436456105475,0.0177735721206322,116.4554889678955,0.0024524020156296,0.0121990866664429,0.0249634450271952,313.6936492919922,0.0111831144543882,0.0017387706836538,0.0337923716470641,226.76212463378903,0.0118908143909388,0.018172303095892,0.0388477331895585,209.34149932861328,0.0044700361913591,0.0151310283245864,0.0232989541752549,194.20904235839845,0.0089395019781414,0.0653949599371754,0.0189900163940387,44.81114234924316,0.0070047526932861,0.0067035457970394,0.0172264589384606,97.00516090393066,0.0021600285747466,0
2022-11-16,-0.0083312312369149,0.0338051452508955,143.70550537109375,0.0204591892837784,0.004165115242231,0.0375001812078556,93.2506286621094,0.0255076517691951,0.0062068788582074,0.0117510428508228,154.07737426757814,0.0013020020638369,0.0013539261633948,0.0167892963329911,117.21601257324218,0.005324932811592,-0.0021832636743593,0.024788565378587,315.8936508178711,0.0169536643449521,0.0018234247645094,0.0337146237837651,227.04966735839844,0.0160655119484878,-0.0385762785239958,0.0393806040724598,207.58549957275392,0.0110882948568214,0.0007141638491436,0.0232132796899565,195.3844802856445,0.0164335012108819,0.0071894746065794,0.0189071134188071,45.04616374969483,0.0130928128804977,-0.0106893147038353,0.0167614712602026,97.44787063598632,0.0089695269534039,0
2022-11-17,0.0129713460011169,0.0338594047921105,144.07756271362305,0.0052585504785632,-0.0049570993890563,0.0375101129861671,93.17083663940431,0.0093536168246557,0.0080708888823946,0.0118129223785534,154.51466751098633,0.0005734543973804,-0.004357072131142,0.0168256566891433,117.96737823486328,-0.0037783179704301,-0.0043472159961085,0.0247726496020357,318.0931594848633,0.0023787020392294,-0.0002068361221044,0.0337097812226389,227.35077819824215,-0.0004294617976756,-0.0200620588312364,0.0370410371346655,206.37999954223636,-0.0077109913433109,0.0040451342082292,0.0232147570540175,196.5619575500488,0.0052381686377547,-0.0033672062466992,0.0189996420323439,45.26795101165772,0.0082751182877288,0.001328450377857,0.0167616872722204,97.89107627868653,0.0062967406928355,1
2022-11-18,0.003781940398069,0.0333896873218805,144.28720092773438,0.002161203454154,-0.0094550959630499,0.0374587663923298,92.9874626159668,0.0022039276608551,0.0076632564296776,0.011021090580124,154.85059967041016,0.0080899510732949,0.0098086920970699,0.0129828662154474,118.49896774291992,-0.002142309778025,0.007091308670112,0.0245780314375296,320.11324920654295,0.0025990818044737,-0.0019033379386509,0.0332598454695055,227.3401031494141,-0.004209613013229,-0.0162690165274254,0.0358733477178195,204.66749954223636,-0.0164702476336925,-0.0009004884163601,0.0231324205177387,197.5771812438965,0.0056125940810612,0.0150676702619745,0.0188185355053706,45.48208503723144,0.0109795748895093,-0.0086679422241315,0.0166866028333636,98.20547637939453,-0.0016811666532053,0
2022-11-21,-0.0216802509920537,0.0336459345437843,144.22857208251952,-0.0002777816752668,-0.0187826722534963,0.0374823896818571,92.64450416564942,-7.970153232519372e-05,0.0051407501060027,0.0107284083026276,155.12534561157227,0.0059748140153947,-0.0059026734895424,0.0131775385934462,118.98751792907714,-0.0012681545941534,-0.0158283392821209,0.0250625949053877,321.70947113037107,-0.0006136847232067,0.0034408949683888,0.0329131950734824,227.1210807800293,0.0009785832711593,-0.0683723134319005,0.0383199375925587,202.4984992980957,-0.0250214728437332,-0.0212524806567689,0.0238870539991191,198.35779724121093,-0.0004525285382339,0.0061238351487082,0.0185239406293612,45.66927280426025,0.0180817467415477,-0.0099037299896397,0.0169209423898266,98.43781661987305,-0.004245798148542,1
2022-11-22,0.0146611993309779,0.0335213887732551,144.13477935791016,0.000280600700239,0.0151672859460483,0.0373709543734109,92.27626953125,-0.0027724932834646,0.004830444130581,0.0107173559604431,155.4505714416504,0.0063824436813727,0.0149568299738489,0.0133833409273016,119.55253143310549,0.0031719405227258,0.0198374712917315,0.0250868857109533,323.34969024658204,0.0009139922018509,0.0123113551567499,0.0328812288327259,226.8816177368164,0.0030931001657785,0.0121523119333968,0.0357588358978506,199.8729995727539,-0.0262254710762322,0.0194357446303612,0.0238933982101546,199.15536193847657,0.000408414722921,0.0035727468656254,0.0185240328862035,45.85454769134522,0.0057173041272376,0.0289267051905948,0.0177490988954071,98.84478034973144,0.000198833730169,1
2022-11-23,0.0059262605548018,0.0332240718328722,144.2315055847168,0.0031320990585824,0.0145285017931617,0.031177399588452,92.4512176513672,-0.0006998159732785,0.0010744849072674,0.0106036455177422,155.71709671020508,0.0053559648911847,0.010663401407819,0.0133631045000893,120.11891899108886,0.0050338355716107,0.0106679437279924,0.0246551312130524,324.7738204956055,0.0034842336823213,0.0104069610305768,0.0275286365333008,227.70371627807617,0.004809807418992,0.0782178388540435,0.0409252105044795,197.8009994506836,-0.0028666476006244,0.0066562701951977,0.0218064906730947,199.58635787963868,0.0015968359921318,0.0048125790434918,0.0185068077764206,46.03440208435059,0.0052419250146201,-0.0049920681750283,0.0177719857023654,99.1707592010498,0.0013382830359304,0
2022-11-25,-0.019593653813264,0.0327650719767526,144.40603408813476,-0.0033809009042937,-0.0101564902029162,0.0304836958332951,92.71091384887696,-0.0017396941360504,0.0012994368947649,0.0106006855762092,155.98952026367186,0.0040016744936588,0.0019052029376873,0.0133781245070541,120.67477569580078,0.0062862905853765,0.0076010945031788,0.0246331953994168,326.33435516357423,0.0058738957821787,-0.0003634572223398,0.0269879275844165,228.7429916381836,0.0047784831989449,-0.0018558752377416,0.0408779301947992,195.68949966430665,0.0007745891180745,0.0097293764355206,0.0218636821846028,200.07100601196288,0.0027336844375901,0.0042643180242269,0.018435095970672,46.231156730651854,0.0067682298688054,-0.0035208081952584,0.0178404490261003,99.46084060668946,0.0003684313213073,0
2022-11-28,-0.0262642168903808,0.0282925009365512,143.85232696533205,-0.0093901323619837,-0.0144672270521603,0.0291287002225971,92.69901962280277,-0.0027421203538725,0.0005076951963585,0.0101454001584821,156.15118942260742,0.0025705622469949,-0.0174784512474419,0.0141427329268589,121.05343551635742,0.0008288619164741,-0.0190726621266904,0.0243626850532198,327.073551940918,0.0006411016228182,-0.0231526026569292,0.0263306837258336,229.06156158447263,0.0005286302552893,0.0003281065207998,0.0405367110736998,193.40949935913085,0.0040940137277196,-0.0118340900642335,0.0214421943063383,200.18720245361328,0.0005469641080154,0.0028744410602818,0.0183333477279024,46.40654544830322,0.0043295840284669,-0.030032608714583,0.0181889094706048,99.46057624816896,-0.0039045019767829,0
2022-11-29,-0.0211480369039145,0.0284495446077219,143.26647033691407,-0.0092836895443559,-0.0089536553714159,0.0288825474950415,92.73272094726563,-0.0007763169774564,-0.0069925164395381,0.010213105606103,156.2972496032715,0.0001439089378867,0.0164495415079897,0.0143892756529048,121.5424430847168,0.0052993049159806,-0.0042369058794247,0.0243672621801544,327.8044403076172,0.0029593883033575,-0.0059148056374223,0.0260744721319335,229.4919258117676,-0.0013425098658729,-0.0114257399891306,0.0405125098988733,191.07399978637696,0.0154833284162735,-0.0104137116540751,0.0214421983927474,200.3021873474121,0.0027147179085541,-0.0035175092303544,0.0183735237098124,46.57619495391846,0.0024013151526543,0.0066477903790576,0.0182464701898737,99.48793983459473,-0.0005941979030434,1
2022-11-30,0.0485935525173464,0.0305202516349965,143.1499237060547,-0.0024972189070822,0.0609306980473893,0.029949183757653,93.2540969848633,0.0083763654428117,0.0108466942571558,0.0103368415026954,156.56899642944336,0.0013471589632017,0.0118626243902086,0.0141405551315925,122.00168685913086,0.0046804637992525,0.0386732516959973,0.0255458559012582,328.9391510009765,0.0067265443842106,0.0616236248382147,0.0288091464562842,230.8342727661133,0.00851994407042,0.0767018469100382,0.0449490131602961,189.41799926757807,0.0283932354116018,0.0379794091911986,0.0229862879609911,200.81486968994145,0.0064234508207216,-0.0035953802148204,0.0183532854352803,46.74727935791016,0.0009676897365651,0.0072371812435403,0.018182653290351,99.50234451293946,-0.0049321026924543,1
2022-12-01,0.0018915257570479,0.0292553669360899,143.32299575805663,-0.003304165866633,0.0,0.0281083017323558,93.94893608093264,0.0054706650841793,0.0041574985996868,0.0095227538251063,156.99345169067382,0.0019637617016856,-0.0140394906346518,0.0144143334970303,122.42613372802734,-0.0002601146092416,0.0123457471249872,0.023415738476692,330.94261779785154,0.0070621050636096,-0.0017636843768896,0.0271964170973669,232.54597091674805,0.0060858149889267,0.0,0.0434240173378479,188.40399932861328,0.0127496676407931,0.0,0.0217688701016467,201.6180160522461,0.0050921967816821,0.0062326036599171,0.0181926037763976,46.94849853515625,0.0012516946598502,-0.0048499970318397,0.0175631560696584,99.5942497253418,-0.0049036884638166,0
2022-12-02,-0.0033714073642996,0.0274090512342079,143.7733512878418,-5.971657684011866e-05,-0.0054460849328895,0.0259223024585714,94.7919605255127,0.0064127461381847,0.0007829522177877,0.0095302859892326,157.41121673583984,0.0018604647662901,-0.0079270943853138,0.0146415944604796,122.79060020446778,-0.0022265740738418,-0.002051043562487,0.0216067901953647,333.4305709838867,0.0051316774504764,0.0012956783139077,0.0260307170830912,234.557315826416,0.0064176420961762,0.0008217959148295,0.0434194776994829,187.3814994812012,0.0132852018713073,0.0030416349009676,0.0201572719142414,202.754443359375,0.0037546484747715,-0.0009779300423572,0.0182037346148427,47.1478048324585,0.0002032450465333,-0.0084838108784534,0.0174291395782112,99.57855262756348,-0.0058962890004556,0
2022-12-05,-0.0079830252579181,0.0275058254620716,144.1789665222168,0.0035965217496524,-0.0095580083993135,0.0253736559207357,95.43129081726076,0.007394589868754,-0.0005588815490477,0.0095477479665792,157.7903823852539,0.0016471494172089,-0.0280410165283027,0.0150533153622831,122.82219314575195,-0.0043390871300139,-0.011026018053166,0.0213550257483085,335.274658203125,0.0067410062651813,-0.018900498542648,0.0261028020086908,235.9881896972656,0.0072680629190324,-0.0636867680552093,0.0448914329584062,186.13049926757813,0.0004822269561055,-0.0182852644102183,0.0208107585586331,203.58880386352536,0.0024644136055745,-0.010246853241852,0.0184918243556688,47.318091011047365,-0.0024210138138933,-0.027398479930083,0.0182516516428773,99.3755012512207,-0.0053694632435556,0
2022-12-06,-0.0253699504432717,0.028238253209352,144.37513885498046,0.0027521390417809,-0.0251306865335266,0.0261089787070094,95.85205955505371,0.0041591836363319,-0.0149904662846626,0.0101786671646813,157.98129577636718,4.755944818404245e-05,0.0016747091645916,0.015012958609468,122.83226661682129,-0.0072940535986935,-0.0240387902246109,0.0220248405064932,336.3697662353516,0.002780629396144,-0.0203038594763608,0.0261894410146708,236.85794677734376,0.0043902521512447,-0.0144148515648894,0.0437185064059951,185.26749954223632,-0.0001155953590461,-0.0215276343490434,0.0213980684830594,204.04768295288085,0.0002416290665808,-0.011605583389484,0.0187304873671573,47.43671779632568,-0.0040386286457193,-0.0277960279949995,0.0188207561695057,98.98157844543456,-0.012258226918367,0
2022-12-07,-0.0137849768596286,0.0284430690733139,144.44593658447266,-0.009723566833614,-0.0210350487847348,0.0267461878359101,96.1514057159424,-0.0122339657300929,0.0060761147877783,0.0102027967416958,158.18193740844723,-0.0009065564456914,-0.0006838448631353,0.0150138427750106,122.83455619812013,-0.0098033474493623,-0.0003163954449114,0.0220392430113171,337.42919158935547,-0.0050173000320376,-0.0030598259254639,0.0262382114216683,237.64276275634765,-0.0085464380014909,-0.0321433311236856,0.0438098972014594,184.40449905395508,-0.0218846309657909,-0.0060743637891551,0.0214336883326011,204.363134765625,-0.0085691255294898,-0.0052038108712751,0.0188141374686024,47.53748722076416,-0.0043603147770102,-0.0022139640990884,0.0187525640795366,98.56153030395508,-0.0141484559868928,1
2022-12-08,0.0121329009410851,0.0273704464743519,144.8284454345703,-0.0076752917968066,-0.012955746289058,0.0265644548560239,96.46809692382814,-0.0148251149879045,0.0001690441924637,0.009971083123904,158.44627532958984,-0.001704247327136,0.0104943594718531,0.0148506351667989,122.97832832336424,-0.0048965774280614,0.0107939098092697,0.0205270865647075,339.1662170410156,-0.0053276674951811,0.0123992701385708,0.025738170049324,238.7862548828125,-0.0057138470983988,-0.0034474308657329,0.0408010898764529,184.19699935913087,-0.0225741171389375,0.0062077180141095,0.0194248771493094,205.1016288757324,-0.0073275819266679,0.0015482744910406,0.017830826801721,47.694873046875,-0.0052971806107855,0.0074288696954205,0.0162794788209301,98.40087623596192,-0.0116926826414407,0
2022-12-09,-0.0034349027939697,0.0184744006596418,144.59687728881835,-0.0076879908827406,-0.0093905444031933,0.0205754762988809,96.41308479309085,-0.0156140068819652,-0.0082392253972105,0.0099175792185644,158.554109954834,-0.0035086828501357,-0.0054184629512022,0.0115581910140954,122.84463043212892,-0.004394851141239,-0.0066635103262902,0.0143364303909014,339.7313720703125,-0.0062501608479417,-0.0080032091746669,0.0184022329423908,238.9380744934082,-0.0075736245961137,0.0323454827685834,0.0377596118580919,183.6134994506836,-0.0162693797681867,-0.0019128927034486,0.0142673101982308,205.2540023803711,-0.0083184874475512,-0.0233229465570845,0.0183146519427538,47.75064373016357,-0.009766183913731,-0.008427482861305,0.0158797153352836,98.13043441772462,-0.0116814170380111,1
2022-12-12,0.0163898171783674,0.0183148579918125,144.34072570800782,-0.0028134223954835,0.0051706102381396,0.0196548859152884,96.2594467163086,-0.0126682831544746,0.0119495788362524,0.0071359670597918,158.99086074829103,-0.0010069907730757,0.0155113782215345,0.0121289358777554,122.794722366333,0.0043156278087283,0.0267752210831111,0.015373292372694,340.6543914794922,0.0013100869793136,0.0288893555395381,0.0191308890348698,239.23436126708984,0.0019843462203234,-0.0627198857086465,0.0393440504167303,182.20599975585935,-0.0160760032988742,0.0282221216791855,0.015484318862712,205.72085189819336,0.0009829897703295,0.0186497537598695,0.0187181739736039,47.84627895355224,-0.0039868625133867,0.024628058419079,0.0151913155455824,97.82117004394532,-0.0012761093681787,1
2022-12-13,0.0067826451918879,0.0183080040882429,144.20257034301758,0.0036170967315484,0.0248632497753,0.0204497353101906,96.25597724914552,-0.0026694958927092,0.0077035908971074,0.0065771632126888,159.37015075683593,0.0035318206632783,-0.0009685273914097,0.0119039925575876,122.80250663757325,0.003786980497528,-0.002847929604325,0.0154160067378292,341.5236358642578,0.0055482591033708,0.0174647998666537,0.0185832443148939,240.01459121704104,0.0095380780889263,-0.040936777953442,0.0398713509675,180.70599975585935,-0.0213803885765847,-0.0072229865961379,0.0155434335520222,206.02170028686524,0.0038439193209106,-0.0035805690844041,0.0172567302806026,48.00023918151855,-0.0023818596523707,0.0109340855981638,0.0154606109607287,97.54883880615236,0.0064699133504539,0
2022-12-14,-0.0155358961446037,0.0183355668764311,143.86677017211915,0.0032669128745534,-0.0058557280543002,0.0193467558698488,96.08895835876464,0.0003663682533776,0.0030688952844641,0.0065782679471866,159.75273742675782,0.0029303767626154,-0.0049970205158763,0.0118411736637847,122.82402687072754,0.0029243453669798,0.0010080378235715,0.0152541252363416,342.2080810546875,0.0058131457570674,0.0011675822246035,0.0185863559796312,240.78904342651367,0.0103835597189398,-0.025784367661833,0.0395771604928435,178.825,-0.0201085958842142,0.0013142313563607,0.0152133163605124,206.1838066101074,0.0053216383500138,-0.0055596764679741,0.0093462169483383,47.996778106689455,-0.0024530327717105,-0.0073659893740923,0.0153318284838576,97.20753555297853,0.0054395082954532,0
2022-12-15,-0.0468543021780021,0.0208658895283543,143.26252670288085,-0.008530527749264,-0.0442832331511043,0.021504226204078,95.69296875,-0.0058991291190316,-0.0126277489482595,0.0073170570668941,159.9848670959473,0.0003710181344708,-0.0248106363272623,0.0130913674755881,122.68575096130373,-0.0041366537928432,-0.031495584552455,0.0169968541496987,342.37870330810546,-0.0026447531152775,-0.0319183251474189,0.0201951600889648,241.1429672241211,0.0015200406617419,0.0055484381393815,0.0391250565935808,177.3625,-0.0183094220831913,-0.0253607978393342,0.016307652415787,206.0752494812012,-0.0009920648206748,-0.0089315966872438,0.0093857099708797,47.95544967651367,-0.0045490070073674,-0.0095810401648691,0.0153059270080218,96.8751308441162,0.0020375263233952,0
2022-12-16,-0.0145787393460325,0.0205874884726985,142.46555404663087,-0.0107592950596766,-0.0066034830024546,0.0215112798666161,95.2915283203125,-0.0053417168388838,-0.0102541575651016,0.007592644339978,160.07205123901366,-3.1968299107409945e-05,-0.0062261781892418,0.0131227402995873,122.53694343566896,-0.0042981968404511,-0.001184085871465,0.0169626534862001,342.60212860107424,-0.0015488682243124,-0.0173486585131746,0.0206381443808086,241.28930130004883,-0.0003490492059596,-0.0471871790943652,0.0400338933174611,175.7154998779297,-0.034215954455781,-0.0049060139224841,0.016301844898112,205.8756561279297,-0.0015906890644819,-0.0179557195717171,0.0101299803652608,47.88032131195068,-0.0034755616102939,-0.0070183548968965,0.0152867176088513,96.50312194824218,0.0023193519162769,0
2022-12-19,-0.0159096580335483,0.0205925014985953,141.53534164428712,-0.0172191901020597,-0.0201639404235353,0.0217839093868662,94.84597930908204,-0.0104086269712188,-0.0010815188715951,0.0074129608707356,160.09055938720704,-0.0026381878406769,0.0059556838558585,0.0129807778134054,122.3638671875,-0.0062093357135863,-0.0132430811394343,0.0171739098037188,342.4833297729492,-0.0095525286688215,-0.0173280522027926,0.0210296979236949,241.2518669128418,-0.0095925307544258,-0.0023963297649589,0.0400234396259299,174.19949951171876,-0.0221512432670435,-0.0100053154729803,0.0164298032541282,205.58454208374025,-0.0092361764949151,0.000350304132612,0.0093635086491858,47.77043685913086,-0.0071354515357454,0.0044891287625121,0.0153456808328308,96.19563636779785,-0.0017084340150363,0
2022-12-20,-0.000528708273077,0.020310718370128,140.76295166015626,-0.0186814607950527,0.0065578932444847,0.0216525047793743,94.5198699951172,-0.0140696982773819,0.0010826898210687,0.0073239728516395,160.0770179748535,-0.0039623680558846,0.0048438024874453,0.0130048460801815,122.25580863952636,-0.0050468697378153,0.0049522988661332,0.0168042236501863,342.7131118774414,-0.0079924829747299,0.0056144997351834,0.0210537625716497,241.23971252441407,-0.0119625907807198,-0.0805364146171608,0.0410615161854592,172.69599990844728,-0.0300711705997873,0.0026365440911249,0.0157583566343959,205.5378089904785,-0.0072642703574625,0.0087537020047556,0.0095054726117586,47.6658899307251,-0.0046685973179134,0.0144528374786336,0.015735870194366,96.00518264770508,-0.0010046836389424,1
2022-12-21,0.0238093841759177,0.0208812602808197,140.03874282836915,-0.0108124047309484,0.0062908792151537,0.0213419518566666,94.14965286254883,-0.0116403768234911,0.0114419135562295,0.0076960685076067,160.11583862304687,-0.0022877644015316,0.0112481490444136,0.0127928548753289,122.1239414215088,-0.0017978358257573,0.0079893994026243,0.0162999314068912,342.7488021850586,-0.0065962106589193,0.0108767156716398,0.021012571517045,241.21054382324215,-0.0100207640913126,-0.0016690545895901,0.0408018999645475,171.07900009155273,-0.0252481079853387,0.0070605021162732,0.0151826847021945,205.36645050048827,-0.00611501620548,0.0078445475889508,0.0096876002856559,47.570817947387695,-0.0019877525065284,0.0128409497502655,0.0144377400889435,95.73285179138183,0.0030367041859291,0
2022-12-22,-0.0237725958463946,0.0211223382788484,139.11246337890626,-0.006196063464627,-0.0203170911455529,0.0211901918616251,93.61935539245606,-0.0068471484223808,-0.0036581676914647,0.007742673793127,160.11674270629882,-0.0004938481501726,-0.0113499796002456,0.0126831491784632,121.85746002197266,0.0008942955196459,-0.0120630041148993,0.0163263916587573,342.4007110595703,-0.0027096945714082,-0.0255286683974135,0.0216112997723112,240.7540412902832,-0.0087428327413115,-0.0888275655993685,0.0389084656403516,168.18650016784667,-0.0441233087330887,-0.0084618219978577,0.015171678271284,205.0417465209961,-0.0027352210371847,-0.011709752400003,0.0097838139646215,47.43689804077148,-0.0025433836490803,-0.0201740071383068,0.0149570726556447,95.38887786865234,0.0009181107912415,1
2022-12-23,-0.0027980794258838,0.0209040384587182,138.3135238647461,-0.0038399314805972,0.0167503729243585,0.0217279988559542,93.21147346496582,-0.0021763772370182,0.0025415824795118,0.0077583232721426,160.12757415771483,0.00206529985875,0.0047451707248893,0.0127460897633771,121.60746116638184,0.0030885653024722,0.0060904348652561,0.0162884178746013,342.0247512817383,-0.001254790424064,0.0022669106613717,0.0216279402797219,240.3281639099121,-0.0048197189064022,-0.0175508334664749,0.0387221814948224,165.20100021362305,-0.0381960396075106,0.0037550306420346,0.0149969469340005,204.65424423217772,-0.001003012124281,0.0020211938798708,0.0097113463601702,47.29725608825684,0.0014519990412372,0.0264448059466282,0.0163787051757489,95.18729820251464,0.0076107429599465,0
2022-12-27,-0.0138783709150102,0.0204374786353317,137.615864944458,-0.0034336740568896,-0.0206210600409221,0.0219240347184646,92.78227844238282,-0.0022678011604956,-0.0002816927161005,0.0077581280351227,160.13208694458007,0.0022252650898489,0.0035038975561185,0.0122554356469212,121.48795547485352,0.0025982080425242,0.0074506196496046,0.0158105955285392,342.1015060424805,0.0028839497337438,-0.0074140506531148,0.0210811707687852,240.0948097229004,-0.0028369185964666,-0.1140885333144338,0.0438520110173024,161.51000022888184,-0.0605344803174056,0.0022349808268142,0.014830023624415,204.41230010986328,0.0014450471356778,0.0002783545054345,0.0096472876490046,47.151239204406735,0.0014376091158017,0.013894246127998,0.0153203674110819,95.20420722961424,0.0094917664330437,0
2022-12-28,-0.0306852632389831,0.0209399729618125,136.87198867797852,-0.0094649850500708,-0.0156767328374306,0.0220473111612766,92.32780799865722,-0.0067147263768786,-0.0043393663804937,0.0076532204101523,160.15781784057617,0.0011408538495364,0.0054654153208448,0.0116686890332547,121.30022773742677,0.0027225306092041,-0.0121619460123456,0.016029287628043,342.0438171386719,-0.0005388992419519,-0.0102548771827394,0.0211588490098544,239.8128379821777,-0.0060107939800512,0.0330889153147684,0.0456471989236256,158.1040000915527,-0.0378094143310197,-0.0063017751771489,0.0147220110090503,204.21416931152345,-0.0003426167179768,-0.0175231668955394,0.0101785102025358,46.97350025177002,-0.0038177646642572,-0.0164261716183558,0.0156805132482884,95.10809020996092,0.0033159646136458,1
2022-12-29,0.0283243505583914,0.0185399384140795,135.9663600921631,-0.008561991773576,0.028249196740504,0.0176997878372333,91.70631866455078,-0.0023230628718086,0.0050943850401423,0.0073330224233269,160.13795623779296,-0.0001286518536809,0.0057375508713031,0.0113774260878955,121.07312469482422,0.001620410974582,0.0183067407969994,0.0139520565427993,341.64341888427737,0.001524569036923,0.0276295888917967,0.0167734602285835,239.1258934020996,-0.0026602193360198,0.0808269069678893,0.046125101764896,154.46000022888182,-0.0213102220195239,0.0149763185357627,0.0122106752339579,203.77896270751955,0.001240546565921,0.006086798901149,0.0104126437780073,46.81829452514648,-0.0041693144018176,0.0075658739315256,0.0156896263256156,95.01286277770996,0.0022609494498978,1
2022-12-30,0.0024688820116607,0.018554067099212,135.06269760131835,-0.0033136962019649,-0.0024872467904535,0.0176607210539974,91.07392616271972,0.0012429059992112,-0.0051252006084409,0.0073432512009237,160.0436103820801,-0.0004220584370761,0.0066058730475888,0.0111391453486224,120.97514190673829,0.0052115815041489,-0.001378557673726,0.0135903636772098,341.0044403076172,0.0036614583251577,-0.0049374190100691,0.0167790384853247,238.4029739379883,0.001458030541449,0.0111640175156668,0.0464733507859682,150.8840003967285,-0.0013119053965168,-0.0014420290608324,0.0122023091651031,203.329150390625,0.002644505153326,-0.0025326505597838,0.0101745887150288,46.64218006134033,-0.0023338940337737,0.0100735503653965,0.0158436368551898,94.99061431884766,0.0083104609506385,0
2023-01-03,-0.0374047031855846,0.0197791143524808,133.94467430114747,-0.0102350209539051,0.0100873788770827,0.0180505686420929,90.51290130615234,-8.969281024389098e-05,0.0087181057774636,0.0076285856651617,160.0124656677246,0.0008132462225141,0.007606086409903,0.0111525685586563,120.97331047058104,0.0057837646411516,-0.0026743958105799,0.013591792659805,340.3561752319336,0.0019084921899904,-0.0010008642965433,0.016756876360838,237.6523422241211,0.000804475549866,-0.1224224857419573,0.0512700076353893,146.546000289917,-0.0222862358516133,-0.0017807741566197,0.0121428089138765,202.82919616699215,0.0015373441935951,0.0127654198813527,0.0108109431327309,46.49742546081543,-0.0001850488334773,-0.0343609375924149,0.0175305658726297,94.84154472351074,-0.0038506877571701,1
2023-01-04,0.0103142815472179,0.0202048779328403,132.9480888366699,-0.0053964904614595,-0.0116696775713611,0.0180798260026981,89.94791183471679,0.0017005836836682,0.010887129207225,0.0080169786023681,160.07340469360352,0.0030470106071792,0.009325006073416,0.0091499569881339,121.20270500183103,0.0069479863446111,0.0240770479935401,0.0145673229818545,340.3102188110352,0.0052337778587775,-0.0437431717308822,0.0187955182538369,236.62654495239255,-0.0064613486656874,0.0512488528559378,0.0534251351163086,143.1055004119873,0.010781241382461,0.0251699030611909,0.0129978877277032,202.77710571289063,0.0061243286404705,0.0011140721403204,0.010707757490638,46.38026447296143,-1.790530650020994e-05,0.0029103162376233,0.016441044957708,94.84020919799804,-0.006047473735245,0
2023-01-05,-0.0106046640602737,0.0197717397575978,132.06851692199706,-0.0013803706257176,-0.0213442704550205,0.0178867709689265,89.41364974975586,0.0005670761601503,-0.0073835593520753,0.0074051475762128,160.19528274536134,0.0024381720128629,-0.0002216933917469,0.0091623753594284,121.42064170837402,0.0058105646020928,-0.0095170535186837,0.0136401177670917,340.5175064086914,0.0057627563575099,-0.0296377922076854,0.0193241772243704,235.51761474609376,-0.0103379316706766,-0.0290390977603121,0.0534160038436136,139.6314998626709,-0.001644361232555,-0.0070550329277622,0.0121195069451134,202.8759292602539,0.0059736770903478,-0.0034081320158737,0.0104926028191374,46.28332405090332,0.0028051016694329,0.0223741555570999,0.0157721434509137,95.07738647460936,0.0017125916998461,1
2023-01-06,0.0367941160097404,0.0219072523228473,131.51196327209473,0.0003135824645521,0.013225078225022,0.0179833104462529,89.03698921203613,-0.002437747542946,0.0081096287272048,0.0074950050478826,160.33431396484374,0.0030412207502754,0.0191356672128861,0.0099181468145547,121.7621639251709,0.0084901878704094,0.0468965049746918,0.0171020394936177,341.53667907714845,0.0114807091930484,0.0117852446760096,0.0196721929826774,234.57252044677733,-0.0135068005138341,0.0246510903659427,0.0543898113616308,136.58250007629394,-0.0128795245529444,0.0314524840518259,0.0138245275715813,203.35981826782228,0.0092689101935605,0.0244989914572699,0.0120099877410246,46.25499591827393,0.0064875401806571,0.0120868547967454,0.0158651879013226,95.38353614807129,0.00261678787289,1
2023-01-09,0.0040888264443179,0.0216690156958788,130.8973934173584,0.0006375713510835,0.0077855254476189,0.0180381670403751,88.75498962402344,-0.0003831930953315,-0.0259082841265907,0.0095995915071128,160.26119003295898,-0.0011153959533545,-0.0041322029136404,0.0098607406728376,122.01420822143557,0.0063425726781635,0.0089753527399565,0.0170635219548271,342.5341110229492,0.0135514912757849,0.0097365730714968,0.019564430513304,233.5865905761719,-0.0105720020975209,0.059349011404278,0.0571321864200667,133.89899978637695,-0.0032425257752221,0.0039036918526214,0.0138009617499949,203.82228775024413,0.0103380543762512,-0.0124676009227754,0.0122879984691737,46.19369850158692,0.0045005501080587,-0.0186376611333775,0.0165666536244986,95.5637538909912,-0.0031254544268647,1
2023-01-10,0.0044562153443561,0.0217582263187871,130.3354290008545,0.0090097550570717,0.0045444230734756,0.0180463054538264,88.53642692565919,-0.001491784256053,-0.0023923815743205,0.009436419013292,160.23500900268556,-0.0033374934237113,0.0089538422340753,0.0098092423769427,122.35595321655272,0.006612123842998,0.0001079368983252,0.016929076348489,343.64790496826174,0.014107957817566,0.0076170547457414,0.0197109810409594,232.78102493286133,-0.0088484182890639,-0.0076813742567518,0.0560120620424356,130.8889995574951,0.0197056965218189,0.0113906640001462,0.013906717738756,204.4254447937012,0.0129723420076044,-0.0006209935106876,0.011134280829046,46.18649616241455,0.0018232674296507,0.0149351294952191,0.016613687961556,95.85521850585936,0.006733758990662,1
2023-01-11,0.0211124955591031,0.0220147689774143,129.7946086883545,0.0111693978594487,0.0350600386175505,0.0198434748141275,88.44771385192871,0.0078541589817293,-0.001598295563099,0.0090003903706974,160.10139541625978,-0.0058345783777761,0.0074315583454662,0.0094165475443299,122.65134506225586,0.006233434297408,0.0184631125356311,0.0164167941534711,344.6405090332031,0.0129851707259842,0.0302381695757063,0.0198288791440858,231.9671936035156,0.0059478499722537,0.036769060182475,0.0563183675959738,128.65899925231935,0.0168097379871263,0.0045683233567102,0.0125904613803984,204.791040802002,0.0088520260667083,0.0087672657373809,0.010457272357836,46.15624771118164,0.0033539061490628,0.011626667405906,0.0159732650691377,96.09016952514648,0.0084770292243186,1
2023-01-12,-0.0005993676183391,0.0218909489273094,129.20167121887206,0.0131704571478357,-0.0042613813169686,0.0189092199274234,88.22469215393066,0.0112707368093397,-0.0050322915603554,0.0088157200639428,159.8662139892578,-0.0053643248194321,-0.0010027634335946,0.0094171937950732,122.94623031616212,0.0060772202890385,0.0051604713027588,0.01636712770458,345.778466796875,0.0159206756902727,0.0116214915390113,0.0195488892061027,231.0721717834473,0.0141997067215931,0.0027592625752508,0.0560561042620648,126.78949928283691,0.0231694100542389,0.0068436211572857,0.0124522433126939,205.3060852050781,0.0116317568837179,-0.0090332702837752,0.0106093058691674,46.11335506439209,0.0022288784954825,0.0166115286499721,0.0161791681945883,96.35582580566408,0.007324503842893,1
2023-01-13,0.010119173074534,0.0219365058449083,128.78622169494628,0.0078354685607944,0.0108636207266001,0.0191093198543961,88.07848854064942,0.0107984453096553,-0.0032757945263613,0.0087590189896982,159.580477142334,-0.0076414094701454,0.0252350025322514,0.0105295635488017,123.43415565490724,0.0072970873529115,-0.0112950459828061,0.0166854388650294,346.6887512207031,0.0042823654987731,0.0030186899008211,0.019576652689083,230.19756927490235,0.0124463957665554,-0.0093881195826729,0.0559573801335107,125.06949920654296,0.0163615680645158,-0.0025040340395564,0.012500550481668,205.7802406311035,0.0048404532654414,0.0033147837230771,0.0105880991994844,46.09126853942871,-0.002007963051356,-0.0006182259678378,0.0160248226763375,96.6535213470459,0.0047834876899763,1
2023-01-17,0.0087564359395369,0.0194420084880352,128.75868949890136,0.0087689904598382,-0.0090099386475591,0.0163754205643912,88.09980010986328,0.0074393524906197,-0.0061695615408087,0.0084506716375826,159.34890747070312,-0.003693664952989,-0.0154535862111799,0.0093256841667951,123.97169799804688,0.0050328106934036,-0.0013847673270589,0.0146778069265396,348.1240600585937,0.00221034148537,0.0046818480531016,0.0184523446810459,229.77655715942385,0.0114354507628763,0.0742647373690046,0.0590368887777692,123.7604995727539,0.0193447132574611,-0.0002690958456872,0.0107080258950185,206.5148368835449,0.0040058957257796,-0.006056943736175,0.0104854789704026,46.07606372833252,-0.0007258316140359,-0.0019443926727671,0.0157942153013911,96.98681526184082,0.0081221413820984,0
2023-01-18,-0.0053701455340945,0.0191865855724274,128.7931049346924,0.006803718284148,-0.0018622482640755,0.0163034217436118,88.14242210388184,0.0061580182231094,-0.0150847097964321,0.0087787716581058,159.08212890625,-0.0062321305974113,-0.0300426189678195,0.0119119633294949,124.35121879577636,-0.0027664815469752,-0.0162133092424621,0.0153367360049829,349.2816864013672,-0.0010539077427874,-0.0188892149914157,0.0185245968157177,229.34484786987304,0.0061341968154449,-0.0206099825131429,0.0583881519352137,122.6879997253418,0.0167589916061829,-0.0158743924474895,0.0114217108209034,207.1267578125,-0.0014471155637474,-0.0247211151186448,0.0111724935480637,46.04549560546875,-0.0055458559356273,-0.0205438023349625,0.0165426603531705,97.2498016357422,0.0010263550160621,0
2023-01-19,0.0004438073552432,0.0187979125193375,128.93568534851073,0.0026699806433761,0.0211808984865067,0.0161525436113384,88.37089614868164,0.0033821901969007,-0.0013548327745278,0.0087780155295926,158.81354446411132,-0.0061834380396971,-0.0133265557842191,0.0124438839590375,124.61153450012208,-0.0069181043729123,-0.0026563189968069,0.0149077981293336,350.61523590087893,-0.005277794049275,-0.0164539214199985,0.0184867323753159,228.9306404113769,-0.003204221383696,-0.012501946153228,0.0583990101154656,121.5529998779297,0.0069047903390422,0.0043288862355157,0.0110037827532269,207.8856964111328,-0.0014950029879863,-0.0142714042717242,0.0115771448281018,45.98195819854736,-0.0101535899374484,0.006419206047485,0.016558163641681,97.52346839904786,-1.513725562207746e-05,1
2023-01-20,0.0192207116420619,0.0192135622270978,129.20953636169435,0.0066339964954563,0.053412037037803,0.0197448411902636,88.81694145202637,0.014916873867855,-0.0046599170763863,0.0087765903963897,158.50072326660157,-0.0061089631429033,0.00244892402867,0.0124287736677436,124.8582260131836,-0.0062277668804594,0.0226665832194756,0.0154851375179378,352.27455444335936,-0.0017765716659317,0.035743629907927,0.0202521801721778,228.85382843017575,0.0016202062900871,0.0491468120625184,0.0569280447788164,121.33399963378906,0.0161823002364958,0.0176943459920171,0.0114317280768444,208.808203125,0.0006751419789599,0.0123171125326631,0.0117666119331452,45.92578220367432,-0.0058835133741607,0.0182356320055485,0.0167169970895508,97.81982879638672,0.0003096834154932,1
2023-01-23,0.0235005159456933,0.0191954281712868,129.48781394958496,0.0093102650696881,0.0180575912139653,0.0199591593021597,89.32295455932618,0.016355667965328,-0.0025483550929791,0.0081889243685382,158.07775955200196,-0.0059634752562268,0.0162126429888511,0.0126684501453459,125.13862419128418,-0.0080322387891395,0.0060860364418533,0.0154706181998039,353.9120590209961,0.0016996448190002,0.0098240830621714,0.0202234116187505,228.76388778686524,0.0029812849223571,0.0774246887484899,0.0594971407537249,121.64299926757812,0.0335448619027284,-0.0005796288544775,0.0114687093937322,209.6537956237793,0.0010600230159756,0.0149423479306098,0.0121533873161259,45.88513050079346,-0.0035580005326542,-0.0052051419154445,0.0166541899239207,98.02897186279296,-0.0006076997740281,1
2023-01-24,0.0100629574034056,0.0182514403335197,129.99421882629397,0.0095715693624619,-0.0209440023127391,0.0200024465031632,89.81558647155762,0.013968855232292,0.0,0.0082065987752958,157.68413619995118,-0.0047295629480651,0.0085960444711865,0.0123138331553563,125.54213066101076,-0.0032223126526661,0.003803686607041,0.014961691739565,355.8239456176758,0.0027373356058201,-0.0022260159541601,0.0193383271069573,228.95105743408203,0.0015997121209047,0.0009739087975544,0.0553743202769759,122.56999931335449,0.0188866961884383,-0.0012935960354887,0.0111633359944501,210.5704620361328,0.0008551229780153,0.0026638959386195,0.0118973250297078,45.87776832580566,-0.0018138325976952,0.0093119040838298,0.0158490463324587,98.3818458557129,0.0016435595772912,0
2023-01-25,-0.0047008385559126,0.0182931923548247,130.48587303161622,0.0097054307580983,-0.025383707992504,0.0209585709643725,90.1124542236328,0.0092645632866063,0.007129664209174,0.0084161097509817,157.32437057495116,-0.0002866881469438,0.0048392357290572,0.01231441558835,125.94815254211426,0.0037540582867091,0.0062631127260253,0.0149620758181426,357.7506896972656,0.0072326199995176,-0.005907962860232,0.0193960092823694,229.0424575805664,0.0041959625471415,0.0037528201294276,0.0550524294878023,123.6339988708496,0.0237592567169524,0.0045109107241894,0.0111620999486003,211.4988090515137,0.0049321836123511,-0.0047546750972017,0.0119303744984996,45.85488147735596,0.0021794554065933,-0.0052720064899212,0.0150226425546254,98.5834255218506,0.0046979187462995,1
2023-01-26,0.0148034627829591,0.0179537313211103,131.17074890136718,0.0125773618436415,0.0241544304368424,0.0206398532297169,90.61450271606444,0.0098592696766735,-0.0036576007861802,0.0084081781579439,156.93887481689453,-0.0007472417492743,0.0061821440817535,0.0123307758792298,126.37278327941894,0.0076557982599037,-0.0134681769947736,0.015542063199866,359.3000854492187,0.0050702483999243,0.0307136019961216,0.0204166928794822,229.5791778564453,0.0136294672303655,0.1096725915664733,0.0512211764874808,126.1924991607666,0.0481941642608927,-0.0008446543331758,0.0112160828206179,212.39551391601563,0.0038974754986128,-0.0009131965143305,0.0119296153515742,45.82927379608154,0.004851096958072,0.0401907348179182,0.0171101914010917,98.9202793121338,0.0114522245003861,1
2023-01-27,0.0136842184688981,0.0159031675295493,132.14865074157714,0.0114700632090087,0.0189704726872059,0.0202006414270918,91.27613563537598,0.0029709568065541,-0.0039079039634352,0.0084035724636421,156.558341217041,-0.0005968391266841,0.0024289738436289,0.0123237320917057,126.78012962341307,0.0076518082228954,-0.0085087802914147,0.0153562581996984,360.8981216430664,-0.0011648243022537,0.0006450026029807,0.0202032831382298,230.2418113708496,0.0066097417693762,0.1100018041682475,0.0549537363434936,129.45199890136718,0.0603651626820386,0.0299497256545622,0.0122834304505632,213.68312759399413,0.0063485514311218,0.0076646381213276,0.0113525525994725,45.86144256591797,0.0039206020758049,-0.018257538162083,0.0172267580863998,99.24200325012208,0.0041535904668598,0
2023-01-30,-0.0200779237903628,0.0162423934044542,132.80697784423828,0.0027543752617974,-0.024453943088332,0.0207715226523934,91.6969051361084,-0.0055313500539053,-0.0370324304399278,0.0112287541887721,155.8559608459473,-0.0074936541960738,-0.0084809266673967,0.0125847618880641,127.09778671264648,0.0027130942916459,-0.0077803552154123,0.0152458996025161,362.0476119995117,-0.0039381026337068,-0.0219615473878518,0.0200670623390687,230.3244590759277,0.0002526156793716,-0.0631815099494341,0.0565973666422202,131.69399909973146,0.0322439229424537,-0.0101106134659701,0.0126119657279305,214.70737686157227,0.0044423545088233,-0.0080249068678679,0.0114427420514445,45.86144256591797,-0.0006728488838905,-0.0177319516076672,0.0178213478505757,99.43601722717284,0.0016482285284153,1
2023-01-31,0.0090207032997273,0.0162535901644589,133.5129940032959,0.0025459244410618,0.0195996758252827,0.0209502759970195,92.2227424621582,0.002577385573699,0.0087654393632661,0.0116120289192551,155.25875854492188,-0.0057405663234206,0.0059656834107635,0.0125748925409409,127.41343383789062,0.0021870220795612,-0.0014010172026373,0.0152462694662155,363.1951095581055,-0.0049790433956425,0.0210126803098444,0.0205276909966451,230.712899017334,0.0049003549321725,0.0393615589490423,0.0567868983908268,134.1959991455078,0.0399214529727513,0.0048451106501044,0.0125235363180265,215.8002685546875,0.005670095845942,0.0120999478530023,0.0117322308496194,45.89473247528076,0.0012143614989859,0.0215744082007391,0.0182716854370208,99.6901023864746,0.0041007293517971,1
2023-02-01,0.0079007361932312,0.0127578808320365,134.51400299072264,0.0050662393908906,0.0160865458221095,0.0210560556320184,92.78327140808103,0.0108714363366217,0.009178676610819,0.0116386285165791,154.6597473144531,-0.0053307638430916,-0.0026435829915352,0.0125683499455169,127.66531295776367,0.0006904583354428,0.0093899622911586,0.015232775721645,364.5584777832031,-0.0043536734826158,0.0199345472286367,0.0209054596376749,231.35317001342773,0.0100688569499463,0.0472809282051163,0.0462955457306228,137.86149940490722,0.048627074587889,0.0029971266388633,0.0124282256462231,216.94475936889648,0.0053673390288767,0.0055604860975007,0.0114525699355246,45.9118574142456,0.0032773937379264,-0.0109471219051949,0.0164304703750728,100.05632553100584,0.0029657062687424,1
2023-02-02,0.0370628472237783,0.0143544391367585,135.7165927886963,0.0095181162790544,0.0727870972271169,0.0253206453896707,93.75763130187988,0.0205979696946766,0.0037592952423117,0.011268570031576,154.00115127563475,-0.0038473846373932,-0.0046563362894797,0.0125325063532766,127.82952003479004,-0.0014772377388038,0.002299142792336,0.0144806100335912,365.5557434082031,-0.0012002095251939,0.0468842950324519,0.020071360917287,233.0790351867676,0.0133029955572124,0.0378148970391338,0.0460251197939213,141.59299964904784,0.0342555356824211,-0.0058032616909931,0.0117539082313414,217.76990432739257,0.0043756175573133,-0.0072579305202212,0.0115786948156577,45.90961704254151,0.0020084469367483,-0.0312883117018959,0.0182165242152374,100.24900436401369,-0.0113301030352204,0
2023-02-03,0.024399885381336,0.0139692074628923,137.16599349975587,0.011661249661542,-0.0274736100774007,0.0257586843683799,94.67846565246582,0.0113091531417552,-0.005617619606055,0.0112488267876082,153.36061401367186,-0.0041893277659171,0.0154742458800682,0.0129130283478172,128.09428062438965,0.001131816668484,-0.0027473901953956,0.0142525493515852,366.6678100585938,-4.793150599011753e-05,-0.0236202656359852,0.0195242769373958,234.83115768432617,0.0084499419094192,0.0090826547844735,0.0443614936080472,145.57499961853028,0.0140717058056663,0.0024829333745868,0.0114759150156446,218.69581680297853,-0.0011177408986817,-0.013299043984703,0.0119382424754738,45.8846492767334,-0.0021842894844578,0.0069275204890943,0.0176318315213609,100.36959495544434,-0.0062930913049849,0
2023-02-06,-0.0179288918850837,0.0139554391250278,138.2530433654785,0.0120910560425978,-0.0179421691625378,0.026493066811102,95.4496280670166,0.0126115079269141,-0.0075941483104452,0.0108968685283586,152.59819488525392,0.0016983286599793,0.0058826908512839,0.0123225017437828,128.27785949707032,0.0040045401722201,-0.0025137814626867,0.0099048287138599,366.9273406982422,0.0010053832445549,-0.0061159378543835,0.0197372625735007,236.37909164428712,0.0116190638161128,0.0251605373554812,0.0443593454048109,149.65999946594238,0.0317401152666494,-0.0029981007170883,0.0096374154946057,219.2649024963379,0.0003047616510946,-0.0072683324674048,0.0104619887987562,45.787021255493165,-0.0020329746043652,-0.001697369184998,0.0174595878185089,100.422993850708,-0.003086174820451,1
2023-02-07,0.0192446664524403,0.0141422446004085,139.4575988769531,0.0141358486731404,0.0460639339439454,0.0277854205051862,96.4220058441162,0.0179043595506466,0.0002449981526848,0.009745184633853,152.0483856201172,-5.7595821369105234e-06,0.0121898076238802,0.0124697734908829,128.56752548217773,0.0052493650148434,0.0056035914584058,0.0097856570320544,367.127619934082,0.0024063049767636,0.0420220125111561,0.021250233960748,238.34512023925785,0.0158209302563751,0.0105257912794087,0.0439118917206865,153.51199951171876,0.0259729617327227,0.0081936816813237,0.0097139458838122,219.88412628173828,0.0009744758573384,0.0021325817988793,0.0102043446624455,45.72348308563232,-0.0040264478151898,0.0285508593424035,0.0178940756363663,100.71001052856444,-0.0016908845921182,0
2023-02-08,-0.0176526242181288,0.0153117213128196,140.49941864013672,0.0090251765908684,-0.0768301669302307,0.033969090209842,96.96469383239746,-0.0006789829998213,0.0012853046319891,0.0098025552074584,151.52701797485352,-0.0015844339779028,-0.007030863095125,0.0125337446399716,128.7538719177246,0.0043719089941255,-0.0125578673750093,0.0102189970008469,367.0953002929688,-0.0019832609564699,-0.0031020380967438,0.0214066564224526,240.18669357299805,0.011213613191299,0.0227630495559827,0.0432036882335723,157.63399925231934,0.021069386002896,-0.0048417691888571,0.0096429874165051,220.32761154174804,-0.0005933033082056,-0.005390863377557,0.0102423757654897,45.64922199249268,-0.0062167177102013,-0.008701833306466,0.0178478745375819,100.88043975830078,-0.0012418268723724,0
2023-02-09,-0.0069114922659907,0.0152971727254162,141.3539161682129,0.0002303086929146,-0.043876340060264,0.0350333983991891,97.13766021728516,-0.0240116704572975,-0.0135079197448227,0.010048650154848,150.91852645874025,-0.0050378769753298,-0.015563599070834,0.0130079302548435,128.79031066894532,0.0021904564378546,0.0001889743957361,0.0092484319807127,366.73097534179686,-0.0024052946357899,-0.0116598970567435,0.0211544965656636,241.5406463623047,-0.00049522522654,0.0299568495166786,0.0431540365289157,161.83899955749513,0.019497776498405,-0.0017409621041866,0.0096599620197951,220.7024185180664,0.0002191566091556,0.0092711352570267,0.0102697406888691,45.57544059753418,-0.0029109045547517,0.0037746827233973,0.0177075859873013,101.01304664611816,0.0057707720126862,0
2023-02-10,0.0024561818899373,0.0152403295321875,142.23056640625,-0.0041584320053651,-0.0046311895050568,0.0350372282947746,97.30814819335936,-0.0194431863428288,0.0046469867156246,0.0102255139712732,150.38361663818358,-0.0029849557109938,0.0044152536453259,0.0130343864874748,128.8618049621582,-2.1342009093805454e-05,-0.0096915622134058,0.0093276255940592,366.09537200927736,-0.0037941290393919,-0.0019724532796931,0.0211762623851539,242.7361122131348,0.0038343372447184,-0.0503087380189952,0.0462567079299944,165.50549964904786,0.0076194979377112,-0.0093745707692185,0.0098878440578406,220.8983596801758,-0.0021523442196053,0.0155454891790756,0.0107849685541888,45.55799579620361,0.0028580020780039,0.0421512621673654,0.0196692752434695,101.27781295776369,0.0128155203483404,1
2023-02-13,0.018806649137256,0.0154738734811979,143.18068618774413,0.0031886761991028,0.0004229835093403,0.0349828290285395,97.43155364990234,-0.0157701558084531,0.0036998933685228,0.0103506890863857,149.90151748657226,-0.0007261473752002,0.0108480017863434,0.0119577456360379,128.8415084838867,0.0009717201779181,0.0109042063850857,0.0094453122029754,365.8657135009765,-0.0011105314698374,0.0312429839937833,0.021954413192335,244.296199798584,0.0113061216143517,-0.0114277007820352,0.0463376668267404,169.11749954223632,0.0003018503102079,0.0073945640051222,0.0099539790786731,221.20350646972656,-7.381127516326025e-05,0.0152379548238832,0.011313197769306,45.56791858673096,0.0073592595362615,-0.0038899480289994,0.01971228944864,101.52506599426268,0.0123770045795401,1
2023-02-14,-0.0042250519709691,0.0156602240238993,144.04078216552733,-0.001505267485579,0.0007400098667984,0.0348903649882625,97.59956398010254,-0.0248349406238825,-0.0043621095063538,0.0103305440443094,149.4356712341309,-0.0016475689070079,0.0044189768773197,0.0114274393188253,128.95220947265625,-0.0005824459713939,-0.0023462656923639,0.0094520368206719,365.618913269043,-0.0027005028999914,0.003132853244762,0.0219640425732343,245.8431594848633,0.0035282897610729,0.0750616556523096,0.0463830706377677,173.00549926757813,0.013209023184788,0.0022281436189044,0.0099471602540918,221.5364501953125,-0.0012669188876471,-0.0028785490472723,0.0112416844961851,45.58520355224609,0.0063570333670312,-0.011714549843112,0.0199500157837511,101.72022972106932,0.004323922742437,1
2023-02-15,0.013903434281363,0.0155038385596658,145.04165267944336,0.0048059442143193,0.0238698643277879,0.0351978569662633,97.88800659179688,-0.0046949343722788,-0.0164774541940041,0.0104203779759316,148.9666648864746,-0.0052001206722066,0.0041898907364188,0.008812025676079,129.28569564819335,0.0016617047949147,-0.0008649260727832,0.0087148937386219,365.6541702270508,-0.0003619146395462,-0.0079929904499724,0.021430773995427,247.50507507324215,0.0025500992904272,0.0238470991310111,0.0451566332778428,177.27849960327148,0.0134258330997937,-0.0020488342196702,0.0091177450641169,222.0188003540039,-0.0007083318938097,0.0074231996224138,0.0096398807139998,45.67690944671631,0.0089198459670254,-0.003006519728349,0.0192766769655708,102.0029354095459,0.0054629854580604,0
2023-02-16,-0.0104292216108345,0.0159360089426292,145.9598045349121,0.0041023983453505,-0.0147515852824934,0.0351751514745822,98.00992469787596,0.0011300165832752,-0.0070905521380784,0.010448695423965,148.45703125,-0.0039166471508577,-0.0137689260332014,0.0088546098337386,129.6118034362793,0.0020206394024413,-0.005654073004653,0.0087908484892775,365.6350723266602,-0.001530524119624,-0.0266225745110076,0.0221260140822662,249.00617141723632,-0.0004424362004255,-0.0569455372209676,0.0481806594319851,181.0219993591309,-0.0039546442477354,-0.0134980566936284,0.009753010122968,222.3041847229004,-0.0030597508116981,-0.0156920637390891,0.0097707456722274,45.76397399902344,0.0039272061678022,-0.0029291731574134,0.0193019922522554,102.23880043029786,0.0041222142818982,0
2023-02-17,-0.0075467612824171,0.0159449250699326,146.69300689697266,0.0021018097108796,-0.0121453936788473,0.0331159274412622,97.82803688049316,-0.0003728242514828,0.0208770162593141,0.0117626965992123,148.1321823120117,-0.0006706412421198,0.0029611357493373,0.0088548984865991,129.94206047058103,0.0017298158232435,-0.0174672207719803,0.0078732559410714,364.89320220947263,-0.0030856558313389,-0.0156016686907661,0.0215247628578825,249.9049041748047,-0.0031682792826401,0.031033480898909,0.0478621344652451,184.7664993286133,0.0123137995358453,-0.010051865874183,0.0092682993063543,222.2889892578125,-0.003195209832691,0.0150411677663819,0.009940108207968,45.85840072631836,0.0038263418852635,-0.0384515610581941,0.0209610512832478,102.1847915649414,-0.0119983503632136,0
2023-02-21,-0.0266799273061817,0.0168475848004875,147.06650161743164,-0.0069955055778079,-0.0271329285401543,0.0332609723081493,97.43155212402344,-0.0058840066613817,-0.0149010625650443,0.0121061931900535,147.71808395385742,-0.0043908324288333,-0.0183490505919904,0.0094177883172342,130.05091705322266,-0.0041095946524231,-0.0143160266793934,0.0080861132801867,363.7860290527344,-0.0081297024442348,-0.0208865879523463,0.0221680740412163,250.42621002197265,-0.0135941936718661,-0.0525178943383598,0.0489766534147465,187.44749908447267,0.0040957608245804,-0.0131509883723777,0.0097227428114826,222.13671875,-0.007304320308191,0.0060778204841178,0.0095266081414231,45.93346252441406,0.0019943150173104,-0.000988477018368,0.0209306250459115,102.15210456848143,-0.0114180561610873,0
2023-02-22,0.0028963799112113,0.0167600615026434,147.39135818481446,-0.0055712192013718,-0.0015252378692689,0.0330118627617201,97.13171043395997,-0.0063370562085952,-0.0013922807595911,0.0120936768702252,147.29398422241212,-0.0037968666794807,-0.0076632922956493,0.009419794464277,130.05599136352538,-0.006526048487017,-0.0027811320021364,0.007925108860296,362.5598663330078,-0.0082166757061893,-0.0045911804307392,0.022200313086631,250.91722946166996,-0.0151390004069663,0.0176825534757292,0.0488294679861969,190.2959991455078,-0.0073800596107356,-0.0027195847179459,0.0097328743166944,221.9693000793457,-0.008293865975561,-0.0209735493116427,0.0107795955033583,45.95298824310303,-0.0016246850355636,-0.0129530611849784,0.0209945877717429,102.00812301635742,-0.0116657584294606,1
2023-02-23,0.0032904809852047,0.0166768835216488,147.77328338623047,-0.0076938098606034,-0.0082922348260257,0.0326117973941718,96.91711311340332,-0.0127694760393579,-0.0003168347748659,0.0118847827133547,146.8134437561035,-0.0005647427956531,0.0080108812470744,0.0095301491035426,130.08136062622071,-0.0057618503848858,0.001577560940325,0.0076910754973922,361.2445785522461,-0.0077281783035676,0.0129617888171047,0.0222350689699599,251.63665390014648,-0.0109480445535509,0.0060241297928422,0.0487973885570971,193.1779998779297,-0.0109446534783693,0.0050450123301195,0.0097487282693315,221.8068580627441,-0.0068750966656031,-0.0149056558720753,0.0112669981470488,45.948987579345705,-0.0060904561344614,0.0092043814911948,0.0210973041446324,101.93613014221192,-0.0092235781855518,0
2023-02-24,-0.0180054150548147,0.0170437050128442,147.91950225830078,-0.0092090485493995,-0.0193641371539156,0.0322373310001752,96.50130043029785,-0.0136919864136423,-0.0111586933546169,0.0120185844257181,146.2808692932129,-0.0013783710389608,0.0090212228958295,0.0096437755321208,130.12517700195312,-0.0012038205990796,-0.0067785858005451,0.0073787588596489,360.06346893310547,-0.007953080862746,-0.0217842647441219,0.0219151475218231,251.72631301879883,-0.0099803826001737,-0.0256841800034132,0.0446288263170039,195.00849990844728,-0.0046923820348585,-0.0071451949246722,0.0098547918792646,221.57659606933595,-0.0056045243118118,0.0026742912834543,0.0112807038179055,45.95314884185791,-0.0024171851299527,9.026481314711177e-05,0.0188069172858398,101.66211738586426,-0.0086196905914397,1
2023-02-27,0.0082474350923595,0.0168759753129522,148.02844619750977,-0.0060502092744441,0.0083025850174704,0.0319241001630962,96.0304759979248,-0.0096023906743788,-0.0021796731039055,0.0120220507517976,145.76263122558595,-0.0059897089116047,0.0087277812049015,0.0098154484042194,130.21004486083984,-5.049150796683221e-05,0.0066832176371434,0.0075902521948571,359.1551040649414,-0.0031229931809213,0.0037717278072277,0.0219266632507223,251.85400848388676,-0.006105703300575,0.0546017865369246,0.0396164872790772,196.49500045776367,2.1279092744608265e-05,0.0036439753186003,0.0067799579369405,221.05773315429687,-0.0028653560732551,-0.0072295596616217,0.0112502254428392,45.92338066101074,-0.0068713306155535,-0.0018058246505782,0.0184382594704902,101.474808883667,-0.0012905433099165,0
2023-02-28,-0.0034477322636616,0.0161840608010028,148.25633163452147,-0.0014037702659401,0.0021140109947757,0.0316024307778549,95.6894989013672,-0.0037530027673928,-0.0152283946503944,0.0095521342481816,145.41786346435546,-0.0060551753286748,0.0083710439091773,0.0097088118639991,130.4046943664551,0.0052935273922667,-0.0005345370731877,0.0074979511399825,358.3799362182617,-0.0003666952596801,-0.002958211276508,0.0212931604255482,252.2105926513672,-0.0025200279654073,-0.0092472095737269,0.0361651370381916,198.4475006103516,0.0086754160456711,-0.0018607319541545,0.0065281251322138,220.63278503417968,-0.0006073047896105,0.0048784811702962,0.0111712935758442,45.92306060791016,-0.0071111984783178,-0.0057891853124141,0.0180813731750403,101.35002403259276,-0.0022506849687257,0
2023-03-01,-0.014245832956693,0.0164654325841205,148.317391204834,-0.004832212839521,0.0033311989683941,0.0311914229860938,95.26922569274902,-0.0027817153998601,-0.0045021242694914,0.009192129330355,144.97762603759764,-0.0066771440306548,-0.0055808680086119,0.009774872695958,130.5241584777832,0.0057100122496742,-0.0050379305070452,0.0075228814255405,357.5425796508789,-0.0008180549606619,-0.0126293130581813,0.0210144308377585,252.16571197509765,-0.0041276544908957,-0.0142919758176649,0.0359558285379829,199.92500076293945,0.0022805101869923,-0.0071838542991971,0.0064253384882353,220.07673263549805,-0.0015001587058607,-0.0139309090902992,0.0112101102563692,45.86352348327637,-0.0057026704340491,0.0089163130075102,0.0174568810626986,101.1601619720459,0.0021231898697719,0
2023-03-02,0.0041290598850167,0.0163983555053678,148.35194625854493,-0.0046644970595586,0.0181496441649604,0.0312647169510877,94.85143089294434,0.002506660398337,-0.0007867438987476,0.0087551126562278,144.4642219543457,-0.0067711258554312,-0.01038232318884,0.0100737406886399,130.59242324829103,0.0020313713624912,0.0058554561688339,0.0072702889059486,356.6361770629883,3.752408503985283e-05,0.0196533177829638,0.0210004939131172,252.11656112670897,-0.0027893486977239,-0.0585392815794728,0.0376957216783106,200.3995002746582,-0.0106321720874706,0.0032058904431442,0.0064349381467315,219.5212371826172,-0.0018679830832558,0.0024972789115647,0.0111328343931678,45.79678440093994,-0.0022220834773211,0.0045991196240611,0.0173706467301212,101.04968070983888,0.0012021374963452,1
2023-03-03,0.0350899902624259,0.016170353301393,148.37360763549805,0.0059545840038895,0.0179347019461311,0.0261740777872781,94.15312271118164,0.0099664282183463,0.0102989063761902,0.0091546819764157,143.99421463012695,-0.0024796059092697,0.0183597110425246,0.0107373691979325,130.8101333618164,0.0038990689918303,0.0166774911227336,0.0083947040031391,355.97804107666013,0.0047287394696956,0.016645918127532,0.0183719230441081,251.6950325012207,0.0048966878766068,0.0360921928231412,0.0376144149781641,200.8754997253418,0.0017231024778402,0.0215009002145305,0.0083200025704152,219.2607093811035,0.0038612359445846,0.0012097340586874,0.0110591952017388,45.74957046508789,-0.0025149949222745,0.0126572041572114,0.0160611276674813,101.16217651367188,0.0037155253651581,1
2023-03-06,0.0185392739139171,0.0157579031205877,148.35221328735352,0.008012951768201,0.0158034783416294,0.0261509900233614,93.67486343383788,0.0114666068831781,0.0099984594120445,0.0095933496665705,143.6361991882324,-4.39794060797638e-05,-0.0058472267093624,0.0103521293974141,130.8899284362793,0.0009840674089775,0.0150207814816303,0.0091905324720561,355.63624572753906,0.0063962522385929,0.0061891138702767,0.0176794978527882,251.65435638427732,0.0053801650892166,-0.0201223310715291,0.0379372173144788,201.0669998168945,-0.0132217210438505,0.0133171724119371,0.0089011262993225,219.11778717041017,0.005795875363252,-0.000142074937964,0.0106723228864413,45.73260555267334,-0.0010974979775429,0.0088644696434445,0.0161029676310859,101.285249710083,0.0058495842239626,0
2023-03-07,-0.0144965547944309,0.0155702072253145,148.35720138549806,0.0058031872620472,-0.0133500430364663,0.0260465954847131,93.22683563232422,0.0083737960769297,-0.0094497535782581,0.0096547769601784,143.26777877807618,0.0011117488083475,-0.0294074523346902,0.0122489671431223,130.73771476745603,-0.0065716318397959,-0.0190498828367792,0.01004709888337,354.9981903076172,0.0026931830858746,-0.0105890910526907,0.0177886997077849,251.55792846679688,0.00385398913398,-0.0314740773002814,0.0382053068481085,200.7145004272461,-0.0176670945891614,-0.0157882189463042,0.0095200999323512,218.8338340759277,0.0030103779648221,-0.0099536915627439,0.0107806677608112,45.70971908569336,-0.004063932524151,-0.0193305834217299,0.0167480550078447,101.3181255340576,0.0031413046020994,0
2023-03-08,0.0083773457324358,0.0150496256803695,148.2811622619629,0.0103278229998729,0.0041550597988941,0.0233291254074721,92.56322021484377,0.0085385682430297,-0.007333310608906,0.0096894003246523,142.8461769104004,0.0005455115404645,-0.0059155005372819,0.0118782021129884,130.46788215637207,-0.0066385583455299,-0.0025281504877616,0.009898203904697,354.213232421875,0.0031951390897314,-0.0017704427344863,0.0147484583575186,250.9150047302246,0.0060257631987191,-0.0304192984371427,0.0386413523528284,199.9740005493164,-0.0208925591130569,-0.0043912301275685,0.0092762739182972,218.41056213378903,0.0035689027991478,-0.0082585617845211,0.0108991218069196,45.663625717163086,-0.0029294630629953,-0.0146043452809249,0.0156850172823948,101.13596115112304,-0.0015628270555875,0
2023-03-09,-0.0149145614514656,0.0148960465453809,148.22707595825196,0.0065190987325765,-0.02047740959809,0.016881145765154,92.21381874084472,0.0008131574904196,-0.0112448019203205,0.0098092968653719,142.33689498901367,-0.0015461000638499,-0.0541364973423466,0.0166414627182532,129.9005397796631,-0.0153893931762313,-0.012784491208026,0.0099108852711221,353.434147644043,-0.0005328503856405,-0.0054394643019883,0.0147633332473535,250.24517364501952,0.0010072067817286,-0.0498901199508499,0.0394785123297644,198.55550079345704,-0.0191627267873323,-0.0098115444851053,0.0094253514851401,217.93547897338868,0.0009654158134979,-0.0067341313842105,0.0109318557625575,45.61481189727783,-0.0047757451221504,-0.0077287773638416,0.0156636348991503,100.9601806640625,-0.0040284064531681,0
2023-03-10,-0.0138785385061844,0.0151393015396839,148.1217018127441,-0.0032746070211455,-0.018305912885315,0.0144597646723977,91.99674339294434,-0.0064349654758695,0.0024463401262693,0.0096008558156119,141.94419555664064,-0.0031166133138341,0.025395236890866,0.0176786692501029,129.5882709503174,-0.013982288006563,-0.0206803264845519,0.0107178288449007,352.2927017211914,-0.0080044139070977,-0.0147829335164428,0.0148808637753421,249.54474716186525,-0.0052785635470663,0.0030071956856769,0.0386071811844326,196.8615005493164,-0.0257797262148252,-0.0175901298823543,0.010038037368945,217.2911407470703,-0.006852790205879,-0.0014580430771711,0.0106589674469698,45.54199123382568,-0.0053093005493221,-0.0123705946078424,0.0157850966267318,100.70472984313965,-0.0090339662061788,1
2023-03-13,0.0132657699980103,0.0154442830582575,148.09511108398436,-0.0043293078043269,0.0052962946574961,0.0145441456391189,91.82526435852051,-0.0085364022126962,0.0095643516466243,0.0098590157053751,141.58356628417968,-0.0032034348669182,-0.0179574947748405,0.0179362384170817,129.1367031097412,-0.0164043416196586,-0.0069145580245104,0.0106469187065798,351.2095199584961,-0.0123914818083258,0.0214409582887784,0.0158317870369835,249.12937240600587,-0.0022281946633659,0.0059962711686663,0.0374073855938967,195.74100036621093,-0.0205560057667861,-0.0077263422425506,0.0099888500468523,216.67021942138672,-0.0110614931367766,0.0029203441419014,0.0099411301383915,45.44036235809326,-0.004696816733349,-0.0115049666078921,0.011882227986816,100.17919311523436,-0.0131078534564462,1
2023-03-14,0.0140891654105872,0.0151745441480667,148.03306732177734,0.0013878362366766,0.0313905311721904,0.0163279413442934,91.79354553222656,0.0004117126290351,0.0056182879576227,0.0099313407704502,141.234952545166,-0.000189826559742,0.0256761247616112,0.0188413475163778,128.7700054168701,-0.0053876262003983,0.0235271422801546,0.0118265153716982,350.3276000976563,-0.0038760767849391,0.0270555772971932,0.0153972826598822,248.64919891357425,0.0053007390066108,0.0503209479269324,0.0393766731585449,195.1720001220703,-0.0041970007213433,0.0195365278284449,0.0109644195244367,216.1717247009277,-0.0039965437818267,0.0053139962504542,0.0092479127113065,45.31536655426025,-0.0016432791707094,0.0037546858714432,0.0120462730962673,99.6922218322754,-0.0084907995978115,0
2023-03-15,0.0026213767711249,0.0151586035869421,148.02272720336913,0.0002366424444144,0.0227732482215989,0.0171197214713003,91.86441650390626,0.0041353503135761,0.0027938311562651,0.009984970481223,140.93793640136718,0.0018356017932922,-0.0472439474328947,0.0212077432057084,128.08089179992675,-0.0136533155795208,-0.0134346783850193,0.012080076764061,349.2561752319336,-0.0060573823643906,0.0178307971369642,0.015981759593983,248.3543365478516,0.0092209869809009,-0.0153333932272324,0.0349746115013438,193.7319999694824,-0.0011798196793613,-0.0104729651912647,0.0110603558927707,215.53665618896488,-0.005212890794566,0.0111513798389246,0.0097524890909608,45.2217399597168,0.0022387091539797,-0.0497476924878443,0.0156621498219302,99.02857513427736,-0.0155194690391954,1
2023-03-16,0.0186941036305574,0.0154247114834627,148.04833297729493,0.006958375460819,0.0438041299927089,0.0190046260489985,92.03193130493165,0.0169916582317359,-0.0020732819836362,0.0093892346279269,140.74689559936525,0.003669905780629,0.0194136907794029,0.0218295048626643,127.47895545959472,0.001056722044829,-0.0002298012572733,0.0120867465734956,348.1965026855469,-0.00354644437424,0.0405365096091141,0.0183704901146053,248.6896545410156,0.0184161817631214,0.0203935051083754,0.0348235701239312,192.22649993896485,0.0128769053324837,0.0049913916097545,0.0111986820247045,214.9771896362305,-0.002252303575594,-0.0056803648993083,0.0095232524345766,45.09813346862793,0.0024494624509601,-0.0058057552077752,0.0156403106336959,98.35416831970215,-0.0151348646079821,0
2023-03-17,-0.0054540051694743,0.0152823747516593,148.1118522644043,0.0086432821281611,0.0129585340873144,0.0187360718152901,92.33474731445312,0.0232445476262618,-0.0107119507801963,0.0095404224935101,140.5318489074707,0.0010382475993359,-0.0377819375521912,0.0229945111265777,126.74048728942871,-0.0115787128437824,0.0047700765269917,0.0121879949774361,347.320458984375,0.0015436362280686,0.011694233986697,0.0172560796027051,249.53184204101564,0.0237116152637494,-0.0217237815343879,0.0330061598967843,191.13100051879883,0.0079307098884707,-0.0002757864265027,0.0109020656551053,214.5655158996582,0.0012105651155762,0.0080991210187724,0.0092927911173599,45.029335021972656,0.0043608952701488,-0.0117788472671254,0.0156503311697544,97.64164543151855,-0.0150165151398387,1
2023-03-20,0.0154838115064841,0.015507888131366,148.35066833496094,0.0090868904298558,-0.0039363091858045,0.0184685763196067,92.67522926330568,0.0213980268576016,0.0099092756489314,0.0084390969889189,140.23632888793946,0.0011072323997973,0.0105715112113224,0.0232076489335088,126.0439956665039,-0.0058729116465498,-0.0009722644413129,0.0116630598479829,346.7421478271484,0.0027320949447081,-0.0257665732570684,0.0179778501422469,250.2224563598633,0.01427010895458,0.0173207962727657,0.0323496677192692,189.87800064086915,0.0101956149092906,0.0034959852435865,0.010785661255299,214.30163497924804,0.0034550306128037,0.0107604874139284,0.0089348874631888,44.94991226196289,0.0059289239245542,0.026141828280056,0.0155345475245143,97.24569969177246,-0.0074871561622491,1
2023-03-21,0.0119442448344768,0.0141344463976732,148.88246841430663,0.0086579063146338,0.0365540473746246,0.018366096914445,93.32595977783204,0.0224307300980884,0.0,0.0078826159782449,140.04946899414062,-1.6425191727198475e-05,0.0268207807174043,0.0240569505243513,125.62517700195312,-0.0056439804553912,0.0150291022100443,0.0118234416376022,346.67408142089846,0.0010324869306861,0.0056933481383769,0.0170930957885869,251.2513053894043,0.0099976631228167,0.0781991914382247,0.0354861405274622,189.8885009765625,0.0157712636115491,0.0174191729495822,0.0111579657832399,214.36650848388672,0.0030315596370311,-0.0034067622584013,0.0087510385296485,44.84853096008301,0.0041847722227831,0.044802442226592,0.0189926763882783,97.06050682067873,0.0007223951087806,0
2023-03-22,-0.0091035655704774,0.0144182367030067,149.3216926574707,0.0063129178463133,-0.0147730897432097,0.0189153429704158,93.90681037902831,0.0149214625051267,-0.0184549152642176,0.0087681609916943,139.74348907470704,-0.0042661744758237,-0.0258139844854458,0.0245758214279997,125.10027046203614,-0.0013579878659014,-0.0099840070981133,0.0120165915834325,346.4811431884765,0.0017226211880673,-0.0054420142851588,0.0171170592405181,252.26407775878903,0.0053431008383921,-0.0325438195919666,0.0359906473320612,189.40300064086915,0.0123291783386022,-0.0086055731183013,0.0113199023622785,214.36748428344723,0.0034050380516238,-0.0064092085282108,0.0076381543525804,44.782141494750974,0.000672654549356,-0.0228886914161426,0.0194269486878908,96.83002395629885,0.0060941953231209,1
2023-03-23,0.0069694524679002,0.014445428678829,149.79095382690429,0.0039679876137818,0.0215728733403828,0.0188895875815821,94.6358455657959,0.0104752111746615,0.0005299221014511,0.0087794674718645,139.44342117309571,-0.0037455336588062,-0.0026733080369421,0.0244169500617065,124.5084831237793,-0.0057753876291704,0.0095149732024097,0.0122178392613955,346.4243392944336,0.0036715760800039,0.0197214007207646,0.0173658507200915,253.3796829223633,0.0011800790607222,0.0055977366381616,0.0359858536660155,188.91050033569337,0.0093700246445595,0.0115888605962319,0.0115633687193083,214.43869857788087,0.0047245318489193,0.0080990247738028,0.0072229303579803,44.76832065582276,0.0034285324839783,-0.0112821890148746,0.0193329507805538,96.50133934020997,0.004998908561701,0
2023-03-24,0.0083058679221057,0.0135855462756331,150.4576728820801,0.0067199622320979,-0.0015151372687249,0.0179416518711232,95.4441780090332,0.0075804769034536,0.0100575243893217,0.0089079066127927,139.29248046875,0.0004083613750973,-0.0152159104994307,0.0243107811822409,123.76955680847168,-0.0012621822186183,-0.0077319787063042,0.0122471235699958,346.35137634277345,0.0011711650333447,0.0104806007574302,0.0162638367044403,254.90761032104493,0.0009373524148689,-0.0094162810690838,0.0356014513563534,188.5870002746582,0.0118315247376203,-0.0069635488126881,0.0115572064941392,214.5113761901856,0.0033869793716822,0.0081765696870397,0.0074428180113773,44.76689949035645,0.0034440222176317,0.001160450217829,0.019344132737453,96.17758750915527,0.0075867680586919,1
2023-03-27,-0.0122935682597216,0.0140564692235185,150.96780548095705,0.0011644862788567,-0.0282625539446558,0.0197447767899878,96.06814460754394,0.0027152279516833,0.0042580407428123,0.0089804757055151,139.1865478515625,-0.0007218856061264,0.0286606190084575,0.0253222700944738,123.13902473449708,0.0023556393408086,0.0085032951099339,0.0123071098214628,346.30926513671875,0.0030662769435941,-0.0149337954521615,0.0169270837410569,256.18551483154295,0.0031039079758502,0.0073525228168616,0.0331991042410332,187.79599990844727,0.0098378700464395,0.0034834748473615,0.0115548919942546,214.5825881958008,0.0033844772924372,0.0167135966955991,0.0081148379005512,44.820049095153806,0.0046346440739659,0.0219262000242732,0.0201446360970404,95.96459350585936,0.0067436424075354,0
2023-03-28,-0.0039803255759681,0.0140707891039675,151.47202835083007,-0.0020204278032322,-0.0139566994200548,0.0202640189703112,96.6118236541748,-0.0073869214072525,-0.0096541959930407,0.0085841123518367,139.1210792541504,-0.0026527248047346,0.0030352041457351,0.0252047620437173,122.47159080505372,-0.0024014759735252,-0.0008179850205669,0.0123078612961388,346.2622543334961,-0.0001031405025281,-0.0041609512868964,0.016959442333744,257.44343795776365,0.0011330480907956,-0.0136593251161849,0.0332543643940004,186.96999969482425,-0.0085338332644424,-0.0066721172266231,0.0116539550556602,214.60161285400392,-0.0014337807428038,-0.0038845302093538,0.0081418615397109,44.85315551757813,0.0045390904837754,0.012476270585561,0.0203765349185812,95.83948707580566,0.0002784080793291,1
2023-03-29,0.0197910826072362,0.0138739302092891,152.2332893371582,0.0037585018323105,0.0035632075846876,0.0202625028310656,97.15847549438476,-0.003719661941673,0.0098139636623928,0.0088208982914469,139.15472183227538,0.0030010509805874,0.0020173249822823,0.025252782327246,121.8530502319336,0.0031647859200204,0.0146757194447852,0.012672492615679,346.5575302124024,0.0048288048060515,0.0191841549884159,0.0167018488255635,259.1122230529785,0.0060582819455105,0.024789906342217,0.0337412212988343,186.5254997253418,0.0029329119223942,0.0134796563158667,0.0118829909444809,214.842569732666,0.0029832651440298,0.0043174570640713,0.0073980931584702,44.927915000915526,0.0066844236022318,0.0171769870242621,0.0206715647588524,95.7529441833496,0.0082915437674101,1
2023-03-30,0.0098896455987862,0.0139111696776831,153.04329681396484,0.0043425404584876,-0.0049313786877349,0.0201893948705855,97.599068069458,-0.0090205123472965,0.0007829465849387,0.0088178994107983,139.1992790222168,0.0030516558772849,-0.0030199914248816,0.0252180192861945,121.28478622436523,0.0030954492424325,-0.0007509983988523,0.0126231426801823,346.7382247924805,0.0027756104857991,0.0126196105095413,0.0164865637966606,260.71764450073243,0.0046379239032659,0.007220929756684,0.0310041825323667,186.74449996948243,0.0032575505460987,-0.0042095627598273,0.0119322382058122,215.0035316467285,-0.000176419527182,0.0099839902303786,0.0076281699512757,45.02021389007568,0.007061416693547,0.0048642182682583,0.0206752086898299,95.66729850769045,0.0115208252240367,1
2023-03-31,0.0156443142517055,0.012318714574789,153.72626495361328,0.0058102297244076,0.0281496457214791,0.0206624321910788,98.09863891601564,-0.0030875557492557,0.0102326845017248,0.0088139815273169,139.24383316040038,0.0030866878997656,0.0121165575995767,0.0249607042769953,120.66901321411132,0.008561942862234,0.011551602962502,0.0123279458954672,346.8317565917969,0.0066323268195603,0.0149622375692373,0.016435229129811,262.3264808654785,0.0055342512656273,0.0623720197189063,0.0330340241316346,187.22800064086917,0.0176152107036968,0.0139412918048298,0.0113479146632762,215.0859634399414,0.0040045485963215,0.0122196348490379,0.0079552865697354,45.138397979736325,0.0078700297259466,0.0015526420477502,0.0204465715647927,95.52604942321776,0.011599263590021,1
2023-04-03,0.0077014818622656,0.0118986757447966,154.33389434814453,0.009809239748805,0.0060733419408454,0.0205167786089706,98.55608291625975,0.0037796234278444,0.011935632506459,0.0089353510136648,139.30248413085937,0.0046222062524949,-0.0011510231768443,0.024970097622466,120.08506774902344,0.0025996144251736,0.0084203280414107,0.0119980651070542,346.8092346191406,0.0066157334058557,-0.0037115615609583,0.0165848285448309,263.80615921020507,0.0077786980438679,-0.0611684277968263,0.0357065068927189,187.2760009765625,0.0039110205809592,0.0157012271266587,0.0115018081562444,215.19571075439453,0.0064480990521809,0.0084094707868429,0.00803009641395,45.27682857513428,0.0062092045441954,0.0590003198528381,0.0244324028741427,95.63007926940918,0.0190140875557339,0
2023-04-04,-0.0032494082364092,0.0112287429015298,155.0247428894043,0.0099554232167168,0.0034495836101595,0.0200719753641122,99.0943099975586,0.0072608800338873,0.0104555942157866,0.0088829349146972,139.5025291442871,0.0086441642942604,-0.0133682333774719,0.0243727349664961,119.61458892822266,-0.0006810730794677,-0.0070130221067754,0.0112718133418075,347.0031478881836,0.005376725988614,-0.0001741813720761,0.0162045701606836,265.415966796875,0.008576052026832,-0.0112440437098448,0.0350227081124924,187.51950073242188,0.0043940768622272,-0.0058514474935249,0.0109604903923952,215.4147171020508,0.0066122329988006,-0.0098189392362287,0.0080186872939608,45.4142032623291,0.0050223227388204,-0.0095580966292537,0.0240936640137455,95.78298721313476,0.014607214112771,1
2023-04-05,-0.0112904989610259,0.0117212898882221,155.56097335815429,0.0037391069030644,-0.0023871721579784,0.0201512722829425,99.60081939697264,0.0060708040853541,0.044923886299661,0.0129287575383573,140.0776580810547,0.015666148821714,0.0014911236796095,0.0243908206504412,119.19076576232912,-0.0007863133400023,0.0012661181524744,0.011248165704704,347.2641830444336,0.0026948057301518,-0.0098891858676577,0.016514832824937,266.9092903137207,0.0027613838556172,-0.036660076287606,0.0353516844305227,187.6955009460449,-0.0078959196637373,0.0022400151922266,0.0108871736899588,215.7063980102539,0.0043643047740725,0.0165724834234457,0.0081014553266578,45.60919399261475,0.0074733280106953,0.0171273558638493,0.0240026116220443,96.0973217010498,0.0145972878806884,1
2023-04-06,0.0054958857258449,0.0108917179894081,156.25378875732423,0.0028603549284761,0.0378097541240933,0.0204320191961658,100.39874382019045,0.0146190306477198,-0.0027774912458007,0.0125338415479906,140.71007385253907,0.0149540612555661,-0.001097096972479,0.0212356871584811,119.10452995300292,-0.0004017344495218,-0.0063773192185649,0.0109276617662236,347.63619842529295,0.0015695415662093,0.0255330412696008,0.0168496622820187,268.8237106323242,0.0053440700076291,-0.002479553165553,0.0332480130556306,188.30250091552733,-0.0098360162481847,-0.0095541259366378,0.010873383870691,215.99808197021488,0.0032953921387104,0.0075501003307136,0.0077002457798554,45.83722839355469,0.0069865500307623,-0.0165824760413576,0.0242978320286233,96.36278076171877,0.0103079490187652,0
2023-04-10,-0.01597221712527,0.011086307413312,156.92001342773438,-0.0034629513469189,-0.0182622750387033,0.0204290343652957,101.18229598999024,0.0053366464956833,-0.0050256224440681,0.0127078793681089,141.28793334960938,0.0119023998664075,0.0032948413735567,0.0203744863866817,118.88514289855956,-0.0021660776947258,-0.0036794124783285,0.0097394293732494,348.3019180297852,-0.0014766615219567,-0.0075790794174058,0.0164222011014402,270.8122108459473,0.0008358066103005,-0.0029720256079848,0.0332834887423454,188.8560005187988,-0.022904825313563,0.001946907003681,0.0099129216504598,216.499991607666,0.0008965151784807,-0.0019231821167281,0.0077213920540363,46.063803100585936,0.004157986637609,-0.0044328974674883,0.0240988859504063,96.66590614318848,0.0091108411157175,1
2023-04-11,-0.0075910887136296,0.0111916428192134,157.42867050170898,-0.006521465462098,-0.0102405276222276,0.0208392908367287,101.88803787231446,0.0020738725830687,-0.0003044288629607,0.0126764599855844,141.79759216308594,0.0094543875925236,0.0049262240584986,0.0200481396648404,118.80574531555176,-0.0009506282476572,0.0110790016519113,0.0097067776277998,349.2808563232422,-0.0009449267998566,-0.0226684367344823,0.0174190786392936,272.22121810913086,-0.0029555684244042,0.0123570475701919,0.0333377545318907,189.4715003967285,-0.0081997302401593,0.0089210726535893,0.0097171119076312,217.181884765625,-0.0004595157161331,-0.0029234126142352,0.0079108116794913,46.27690505981445,0.0018914099573934,0.0070717062232024,0.0238541704190186,97.06095542907715,-0.0012748816102095,0
2023-04-12,-0.0043533808222493,0.0110217337613044,157.79846801757813,-0.006742259979266,-0.0067394998885443,0.0202743314858962,102.4168487548828,3.605588332791232e-05,-0.0021307315893165,0.0127303316619429,142.25224075317382,0.0069371224315029,-0.0001556640053101,0.0190841576252626,118.56997566223144,0.0016918856267751,-0.0064537301960734,0.0086002407223629,349.74740447998045,-0.0008330684177162,0.0023335681919192,0.0166738419982455,273.3275665283203,-0.0024540185116051,-0.0334600365364646,0.0324545687574964,189.33550033569333,-0.0126429288054833,-0.0028015139965807,0.0089986062882195,217.6281875610352,0.0001504709832556,-0.0048642842240247,0.008189419889766,46.46659297943116,0.0028823409598342,-0.0010401832740387,0.0238834762501105,97.43268699645996,0.0004287010608334,1
2023-04-13,0.0341037772231986,0.0130981551346081,158.41742401123048,0.0023365952575788,0.0266628662009256,0.0204656380678176,102.97787399291992,0.0058460635551087,0.0133603009254046,0.0129290723466519,142.78690719604492,0.0006244053566516,0.0038132124269611,0.0158141994538969,118.65034103393556,0.0021563033762454,0.0217537329958261,0.0090024809803647,350.8320510864258,0.003264454550954,0.0223992880749686,0.0168985531192299,274.5167633056641,0.00400367627692,0.0296887161276042,0.0329116898119047,189.60800018310547,0.0006268296775587,0.0214214111120267,0.0094688644518838,218.42421875,0.0039867501672157,0.0010043318915948,0.0080463717648483,46.634044075012206,-0.0002312893465359,0.004686289340493,0.0202620887647371,98.0671875,-0.0020595122438378,1
2023-04-14,-0.0021142022997086,0.0126927660235996,158.8783157348633,0.0008145776524681,0.0134040948601672,0.0185303002213057,103.40161590576172,0.0009649317023235,-0.0016254536546188,0.0129188285485819,143.32384719848633,0.000854812874888,0.075509696318766,0.022745816710156,119.0686408996582,0.0174776620344944,0.0075203537374017,0.0090171427379335,352.0569549560547,0.0060439891421474,-0.0127654692969934,0.0150219279700817,275.0012145996094,-0.0036560258363987,-0.0048412798603185,0.0326520421238375,189.65149993896483,0.0001544843386056,0.005715835629477,0.0094755089073463,219.23244552612303,0.0070407424804386,-0.0067562616061714,0.0081153334129157,46.79795932769776,-0.0030925617339129,0.0024184847126296,0.0200768788560919,98.7406982421875,0.0017406799069596,0
2023-04-17,0.0001211693441933,0.012557915811323,159.38204803466795,0.0040332549463608,-0.0266372095163968,0.0196343199911199,103.61720390319825,-0.0007100551932151,-0.0010250250817465,0.0125224651336155,143.92807388305664,0.0016549323473523,0.0079290597288586,0.0205605195078791,119.76593551635742,0.0184045057055548,0.0008862466614338,0.0090305059401298,353.2167602539063,0.0069571209700999,0.0092962110743113,0.0149488334722534,275.4578887939453,-0.0002809677380553,0.0110269907358531,0.0322855351612368,189.99699935913085,0.0029542876073732,-0.0023075348257359,0.0095313413569732,220.0172576904297,0.0061898541145552,0.0070040571429257,0.0080869968850368,46.960589218139646,-0.0013071138819821,-0.0116328687755896,0.0200696633749813,99.407035446167,0.0003006856453393,0
2023-04-18,0.0075047437396,0.0122731587654972,159.828662109375,0.0070524214370068,-0.0138719691566152,0.0199234445704943,103.77976188659667,-0.0014363435000927,-0.0281282808756193,0.0143717735887122,144.25178298950195,-0.0039098380551793,0.0112279093175813,0.0205689170587742,120.47486839294432,0.0196648427573713,-0.0011803376874178,0.0090358306197358,354.3716339111328,0.0045052531022341,-0.0014890791287932,0.0135130031640409,276.2445129394531,0.0039549037830824,-0.014595786064656,0.032296648430214,190.04999923706052,-0.0024362791195963,0.000513904530861,0.009556666361804,220.7708526611328,0.0045084204900096,0.0022072360127947,0.0079093376884302,47.10441722869873,-0.0002809841565761,0.0195291848602923,0.0197928703574768,100.05678138732912,0.0027921813727573,0
2023-04-19,0.0069682986528589,0.0121292504958902,160.2398223876953,0.0093167573320285,-0.0030620987408073,0.0181773631032703,103.74308700561524,-0.0007008632705453,0.0094403699815432,0.0144449821323184,144.64459838867188,-0.0015956177410073,-0.0012727822037053,0.0200181624912124,121.01814765930176,0.0194414191176923,0.0012890260232678,0.0086102815290908,355.29296417236327,0.0060538043461023,0.0002773930524928,0.0135098326210786,276.9594970703125,0.0035436687551972,-0.020183393575926,0.0269305367005304,189.20049896240235,0.0002190494725113,-0.0044093006238948,0.0091161036568343,221.28885726928712,0.0041868631645468,0.0010679213164637,0.007777374910027,47.25853080749512,0.0009054569515215,-0.0031640359838618,0.0177486149569786,100.48411560058597,0.0023674108307927,0
2023-04-20,-0.0058464986541212,0.0119844565777653,160.67412414550782,0.0013267021565645,0.0106546234768174,0.0179925674523335,103.83824272155762,-0.0039025118153669,0.0064603183584095,0.0135596626333542,145.21427307128906,-0.0029756142544063,-0.0029031453937654,0.0188104840758244,121.69781112670898,0.018098147553547,0.0059013064025081,0.0081038557413048,356.4955429077148,0.0028833190274387,-0.0081121750788424,0.0136073674869168,277.63305206298827,-0.0025586238755649,-0.0974582823059387,0.0336158912908928,187.79249954223636,-0.0252103502141972,0.0087286616592405,0.0088365240691048,221.99904251098636,0.0016483132739895,0.006399426534414,0.0074531615045308,47.44253425598144,0.0019844758800853,-0.0079780724153841,0.0168305355977031,100.97960815429688,-0.0001654615203827,1
2023-04-21,-0.0097807664976926,0.0122591581976007,160.9740013122559,-0.0002066106830322,0.0011398265726674,0.017335435108987,103.82882690429688,-0.0063553654728669,-0.0054405992937838,0.0137068346325218,145.73984603881837,-0.0037386433822393,-0.0019179880612936,0.0187936270546028,122.38060188293456,0.0026126106775351,0.0006399899645856,0.007994670388544,357.5463363647461,0.0015072462728755,-0.001223604738246,0.0130104709600256,278.0278259277344,-0.0002502509638155,0.0128228496684006,0.0338010853195452,186.4354995727539,-0.0216775243084534,-0.0023445676337922,0.0086922033312567,222.5580184936524,3.623262133571892e-05,0.0050340307301348,0.0073952464492036,47.620591926574704,0.0043425343473466,0.003199532002603,0.016391446313924,101.54460411071776,-9.25206238806542e-06,1
2023-04-24,0.0018785968961838,0.0121677522314095,161.22414321899413,0.0001448748273658,0.005312501779864,0.0173701418598249,103.85509414672852,3.457678638527639e-05,0.0060851129843386,0.013639705922209,146.24132232666017,-0.0023166157690223,0.001352154899801,0.0181784198157518,123.16124801635742,0.0012972297117235,-0.0013590052191239,0.007665731392183,358.70629119873047,0.0010581958967639,-0.0139626990848422,0.0132698119074373,278.08630828857423,-0.0049020329956462,-0.0153258950280732,0.0338488824460571,185.04249954223636,-0.0269481014612386,-0.0055116719961378,0.0086142906512017,223.12967681884768,-0.0006045948127446,0.006788404033555,0.0073586739191002,47.79672069549561,0.0042994037254724,0.0188776928193197,0.0165998183758679,102.20242080688476,0.0060928602565938,0
2023-04-25,-0.0094358189065002,0.01201139858587,161.49447479248047,-0.0032432377018542,-0.0200057090477511,0.0167399079801856,103.92398338317872,-0.0011921711918418,0.0091641687940917,0.0136965064872697,146.78144378662108,0.0051418741649198,-0.0217438078626025,0.0184400780325119,123.63451385498048,-0.0052971137243131,-0.0165452059700927,0.0087404939063115,359.4157516479492,-0.0020147777597709,-0.022536021601016,0.0138262654744198,278.0395172119141,-0.0091114214900907,-0.0115657019225886,0.0336811720647954,183.4854995727539,-0.0263420846328252,-0.0136191026017777,0.0093423373955311,223.5091575622559,-0.0034311962392724,-0.0077898218122935,0.007123689586217,47.91564025878906,0.0022999921604548,-0.0142131658193084,0.0168292241925699,102.68311500549316,-0.0006556098793263,0
2023-04-26,-6.111737895375668e-05,0.0119443572446229,161.7953353881836,-0.0046491209082168,-0.0013481133417267,0.0163884005288264,104.0568058013916,-0.0008493741120257,-0.0154981726756957,0.0140568496138291,147.27246322631837,0.000154165633472,-0.0177235010571026,0.0190709203365455,123.97636222839355,-0.0085872574949926,-0.0048028949066621,0.0088537656336293,360.0526062011719,-0.003233161945757,0.0724348093763371,0.0212516963356237,279.0210922241211,0.005320061774678,-0.0430696349524377,0.0345595726858749,181.7134994506836,-0.0309193329081275,-0.0062719547541222,0.0093237236133975,223.8905876159668,-0.0038037270653179,-0.0043546860504788,0.0071467094976614,48.03295269012451,0.0012154706870663,-0.0091829552855141,0.0170165448357481,103.05663986206056,-0.0018593937396568,1
2023-04-27,0.0283951099702257,0.0127479126813684,162.1715301513672,0.0021992008166525,0.0374119044084901,0.0182604289842645,104.3640811920166,0.0045020820743087,0.0023369587650141,0.0139802857812547,147.71302032470703,-0.0006705062852069,0.0134585439745267,0.0192120341870661,124.39082527160645,-0.0053149196213342,0.0188405376646185,0.0092132070517527,360.77372283935546,-0.0006453156933349,0.0320275648264605,0.0219260823273467,280.2063873291016,0.0133480097557386,0.0418861947408537,0.0356526811168639,180.02899932861328,-0.003050437498769,0.0037694693413707,0.0089271664572948,224.16910095214843,-0.0047955655288918,0.00311464540845,0.007135719518986,48.14785461425781,0.0005585144618735,0.0119531462310837,0.0168409855232271,103.40953750610352,0.0021268499896367,1
2023-04-28,0.0075410615521231,0.0126859601054328,162.5319694519043,0.0056635664266157,-0.0023235652830342,0.0182090813450125,104.68374671936036,0.0038094037031684,0.0042942531111767,0.0139708932758135,148.17994384765626,0.0012764641957851,0.0086829065885656,0.0191799658207192,124.87859687805177,-0.0031947406913623,0.0170203483349866,0.009769122982282,361.81998748779296,0.0026307559807452,0.0079719603582437,0.0218587807842018,281.33759155273435,0.0151871227750366,0.0257194272700913,0.0363260250442307,178.48049926757812,-0.0004711219784309,0.0162437709683411,0.0094205734971303,224.67491149902344,-0.0010778978084651,-0.0027084830205673,0.0069930429825881,48.23302669525147,-0.0009899882882669,0.0129248133654122,0.0169681786549001,103.8063793182373,0.0040719062621986,0
2023-05-01,-0.0005302587154827,0.0122990073508701,162.7629066467285,0.0051817953042824,-0.0013042815125535,0.0172562334883515,104.85572090148926,0.0024860470446848,-0.0006107537560382,0.0138994122011663,148.57094192504883,-6.270915229027452e-05,0.0214121050533371,0.0194939102021437,125.4320156097412,0.0008172493393448,-0.0004472374064354,0.0095788796698259,362.6546966552734,0.0028131095432829,-0.0055328445138229,0.0218058726454504,282.1788040161133,0.0168730936892404,-0.0150933951943775,0.0323440794579689,176.1989990234375,-0.0004246220116917,-0.0009452281804619,0.0090345286861025,225.0187858581543,-0.0001646090453299,0.0041067382441601,0.0065806751115552,48.29955673217773,-0.0015263214461459,-0.0310123555267174,0.018692985094352,104.0310317993164,-0.0059061034070087,0
2023-05-02,-0.0061913392148025,0.0123210948537638,162.8796073913574,0.0058306912426219,-0.0175373471899318,0.0177481644110747,104.9032985687256,0.0029797194162487,0.008740716290494,0.013806875390756,148.94284286499024,-0.0001473996530098,-0.016147222349753,0.0200079112314206,125.88636207580566,0.0019365664419147,-0.0100827009992036,0.0098502006349727,363.1517181396485,0.0041056105374607,-0.0004910951226559,0.0217645327735606,283.0648544311524,0.0212820789849125,-0.0093925987472197,0.0301874478206167,174.47599868774415,9.998623382001526e-06,-0.0237839746199144,0.0100439654478711,224.92025756835935,-0.0021975834489573,-0.0027045746090843,0.0064255750673742,48.3395715713501,-0.000509272005504,-0.0398534306446309,0.0157817254437885,103.7606414794922,-0.0110341563720733,0
2023-05-03,-0.0064671854780852,0.0123972481935999,162.96922454833984,0.0045494776227956,0.0008547726879077,0.0177357654189269,104.93749618530272,0.0034202966221756,-0.0130884233491851,0.0141054360068722,149.14197998046876,0.0003345502122922,-0.0211635173576354,0.0204321770278188,126.28429260253908,0.0012485631818081,-0.0030052734386795,0.0097095299704621,363.7191665649414,0.0044651348310573,-0.0033070128867915,0.0218020373238308,283.904118347168,0.0061337145322867,0.0018713932775662,0.0302839694737803,172.87749862670898,0.0089982042693828,-0.0044056588307473,0.0100077642378911,224.8383125305176,-0.0018243242642823,-0.003704174462205,0.0060241334976451,48.39404926300049,-0.0003791696878493,-0.0197093607390436,0.0161774890480689,103.44271888732912,-0.0131394374627791,0
2023-05-04,-0.0099135439112839,0.0123312777267903,163.06918334960938,-0.0031122531535062,-0.0068305889228852,0.0178012360797157,104.94839897155762,-0.0054282020440994,-0.0045436191664299,0.0097458320837035,148.9837631225586,-0.0010415653739965,-0.0136783827301585,0.0207871430754613,126.58692474365236,-0.0041788221591288,0.0032543303797196,0.0097159655832117,364.3238906860352,0.0013478933740775,0.0033179855076235,0.0215857016122859,284.93102111816404,0.0003917986685193,0.0036734719858571,0.0296524418097925,171.66149826049804,0.0013556597183834,-0.0016815476550978,0.0099933181444994,224.7129585266113,-0.002914527663576,0.0027991372019298,0.0048398611883554,48.41609153747559,-0.0004422713291533,-0.0175113092640749,0.015752153920123,102.95171089172364,-0.0190323285618109,1
2023-05-05,0.0469269864844543,0.016089037542397,163.50791854858397,0.0047649318329599,0.008405727031534,0.0156164611338488,104.80715141296386,-0.0032823435811857,0.0033923987745301,0.0097847065115656,148.87146530151367,-0.0012219362413258,0.0195346741046598,0.0210989038819496,127.01786155700684,-0.00200846865591,0.0227055912937319,0.0105794452449687,365.4612457275391,0.0024849419658266,0.0171574102255174,0.021219941134233,285.85947265625,0.002228888641974,0.0549627839831554,0.0326952439568919,170.91149826049804,0.0072043310609962,0.0273934659450374,0.0115317863823125,224.99537200927733,-0.0006845886682368,0.0086394154391595,0.0049290696511661,48.440944290161134,0.001827308362792,0.0248960691561399,0.0168117137068546,102.66607284545898,-0.0166380774036654,1
2023-05-08,-0.000403398401671,0.0155009417253376,164.0727081298828,0.0047903038957223,0.020839185832302,0.0158163815480842,104.87306632995606,0.0011463498877853,-0.0022745146257995,0.0097400397522696,148.78007965087892,-0.0015546884152781,0.0024134561115194,0.0211007629236279,127.44461555480956,-0.0058081984442735,0.0022096752068618,0.0104601518358358,366.705517578125,0.003016324488486,-0.0064382622023424,0.0211904518795487,286.79815979003905,0.0020478051042701,0.0101728551827304,0.0328423831627598,170.2754981994629,0.0122575811364179,0.0019414625653169,0.0115317710830165,225.27827377319332,-0.000107250519081,0.0062593658909588,0.0050534639807505,48.48578205108642,0.0022578338921517,0.0039567587048023,0.0168709912445624,102.42258644104004,-0.0096442545573614,0
2023-05-09,-0.0099712390087843,0.0155997001534085,164.61287612915038,0.0040343239369259,-0.0038971611131799,0.0156473130618769,104.97218704223631,0.0038743871031357,-0.0077626622593158,0.0098712371653481,148.63368453979493,-0.00485536412524,-0.0048150512647606,0.0211826953282633,127.81140022277832,-0.003541764227275,-0.0066663825924484,0.0105323371988735,367.6280563354492,0.0036995881698371,-0.0053458355543405,0.020406910607058,287.9761505126953,0.0010768570179332,-0.0153675970244161,0.0327432407122552,169.39349822998048,0.0110625814809786,0.0044353804231822,0.0114194000910242,225.51288833618165,0.0055366204895382,0.0017025972679627,0.0049729890967269,48.541885185241696,0.0031392682675611,0.0002748398502345,0.0167404558674078,102.14412384033204,-0.0016186004583883,1
2023-05-10,0.010420840417999,0.015562061733242,165.27565383911133,0.0074119291161428,0.0409875794692271,0.0178764167544952,105.32456321716307,0.0119009484593996,0.0037253407046169,0.0099208696413018,148.5304801940918,-0.0014926113144796,0.0005131307944528,0.0211776620104781,128.182368850708,0.0007935654031425,-0.001044560663813,0.0103562958353029,368.64623260498047,0.0040917307248103,0.0172965770405779,0.0206043295099014,289.3807739257812,0.0051975750034071,-0.0036062703657255,0.0320225556773929,168.79349822998046,0.0099670487523202,-0.008531244000552,0.011593090991439,225.6816551208496,0.0047115034555773,-0.0028109913789772,0.0048619820406823,48.60278244018555,0.0033179048842067,-0.0128275580598475,0.0168884146457669,101.80826416015626,-0.0002422399225491,1
2023-05-11,0.0010949253401968,0.0138781964155676,165.67893447875977,0.0096136229664389,0.0431319005647805,0.0193230876384149,105.77754669189451,0.0218934463569327,-0.0040828419320427,0.00937616347869,148.29770050048828,-0.0014004558676022,-0.0031505584545236,0.0212246605896887,128.51056976318358,0.0028991302582695,0.0022220022712065,0.0093514805627139,369.3201095581055,0.0038852651031077,-0.0070446156653053,0.0203496940881625,290.3686859130859,0.0031250547688214,0.0210039675207056,0.0316131676587549,168.10249862670898,0.0134331478592899,0.0008231654488832,0.0105328137790051,225.6216781616211,0.0052124460763735,0.0037368513206443,0.0048925708801932,48.67046508789063,0.0035054477079496,-0.0180990980455848,0.0170943882999255,101.360750579834,-0.0003597976788511,0
2023-05-12,-0.0054177201915258,0.0139555331338439,166.0530990600586,-0.000855318368757,0.0080638393277785,0.0192268283863908,106.20574989318848,0.0218250688161816,-0.0013046107713151,0.0093762516951306,148.06764755249023,-0.0023398577767712,-0.0143330599849018,0.0129292185324079,128.29533309936522,-0.0038744165596427,-0.0038341350328345,0.0093349029464626,369.7855514526367,-0.0014226801622055,-0.0036758666983942,0.0200650201922042,291.48136749267576,-0.0010416006159609,-0.0238261625981439,0.0319430412340068,167.25149841308593,-0.0023246414569699,0.0016016594925034,0.0104507975403806,225.51491012573243,5.4084785866770346e-05,-0.0003267185756152,0.0045258202188306,48.75357151031494,0.0017122209049946,-9.432755270821767e-05,0.0170511431132451,100.90023460388184,-0.0053578770206207,0
2023-05-15,-0.0028972882013644,0.0139970702466646,166.4016242980957,-0.0013540963286957,-0.0085099158335787,0.0181008962403883,106.7281177520752,0.0159552484830055,-0.0076500211352499,0.0094748726977177,147.7894027709961,-0.0034149590786613,0.008426602576341,0.01294901484103,128.0814914703369,-0.0026717872666784,0.00390119047813,0.0093521963507769,370.3078796386719,-0.0010843771079519,0.0015861198854523,0.0200325774190415,292.48829040527346,0.000563275801598,-0.0097034746129369,0.0317547164448853,166.21699905395508,-0.0062999074161034,0.0061802203531926,0.0105419687651273,225.50436706542968,0.0009018363434419,-0.0077742104128056,0.0048153595400084,48.80076942443848,-0.0010944943557582,0.0019069956791815,0.0170211045085516,100.5092990875244,-0.0057678296257449,0
2023-05-16,0.0,0.0139476198168631,166.68909072875977,0.0006401514730611,0.0257488021385512,0.0181057735306293,107.472021484375,0.0218844411333517,-0.0013161750275088,0.0071774479922304,147.71347732543944,-0.0021256616322999,-0.0067292113063371,0.0126320458491292,127.75236167907715,-0.0030546192749937,-0.0082678561430358,0.0095884411994561,370.6963150024414,-0.0014046718180693,0.0073674753829018,0.0200109781001072,293.6272918701172,0.0031059379890465,0.001021930644472,0.0317074763898268,165.32749938964844,-0.0030220018823257,-0.0100511108437839,0.0107772734510108,225.3736122131348,-0.0019954619099513,-0.0138267413690301,0.0058290415218545,48.80878810882568,-0.0042003620831567,-0.0242696820418802,0.0166747955095628,99.90258255004883,-0.0106767340041678,1
2023-05-17,0.0036033139121978,0.0139024127809982,166.95000991821288,-0.0007233538280991,0.0111287402019806,0.0179729504154511,108.29769935607912,0.0159126732799024,-0.0021964458355361,0.0067907595237009,147.55253372192382,-0.0033100189403305,0.0307472507976787,0.0146605862988977,127.6235897064209,0.0029922047256514,0.0177782377959276,0.0102891781697802,371.392756652832,0.0023598878738787,0.0094514398757965,0.0200241651228995,294.90599517822267,0.0015369105560902,0.044078766211661,0.033260320891696,164.9909996032715,0.0065150054331515,0.0094589345049864,0.0109586105549711,225.39963760375977,0.0016025737911563,-0.0016691529498747,0.0058392786766151,48.81020221710205,-0.0039719943973363,0.0224347994912623,0.017845044586466,99.41648712158204,-0.0036242624939458,1
2023-05-18,0.0136659562728822,0.014032896391672,167.37555465698242,0.0017908523584379,0.0164681384051801,0.0180717578712789,109.16699104309082,0.0105799208479823,-0.0032079847303557,0.0065662671273656,147.32066345214844,-0.0031350474999931,0.0075840256917329,0.0147718495411402,127.56268882751463,0.0051391215549027,0.0129715192216495,0.010551252720518,372.22750396728514,0.0045097912639673,0.0143949209472225,0.0199073802848626,296.51951904296874,0.0058248178785957,0.0174278084013561,0.0245773087417991,165.6859992980957,0.0057997736092816,0.0040834528799866,0.0108160000444101,225.37307434082032,0.002254631277377,0.0129741690869285,0.006376199076252,48.82748432159424,-0.0021245308440794,0.0090630342650572,0.0180863117413887,99.0150619506836,0.0018081639681825,0
2023-05-19,0.0006283659541796,0.013738597347529,167.88678359985352,0.003000069587579,-0.000569931075625,0.0181093589434046,110.0268653869629,0.0088531667673016,0.0027132312377371,0.0065658987649038,147.1488052368164,-0.0023314790981826,-0.0022938823529411,0.0147741699143265,127.499467086792,0.0075469570812948,-0.0164531624220044,0.0113524667888466,372.7341415405273,0.0019859857861334,-0.0005651229681882,0.0198959161521591,298.14131317138674,0.0064469666246369,0.0183730002329922,0.0247085855323043,166.4389991760254,0.0142396061755089,-0.0012414723540005,0.0108065495060847,225.3591667175293,0.0016860049080762,-0.010299103816537,0.0067000207370194,48.80738849639893,-0.0041190078922638,0.0046328317382624,0.0181185852832686,98.6192092895508,0.0027535958263766,1
2023-05-22,-0.0054808145872384,0.0138721608724337,168.33541030883788,0.0024833643104042,0.0186544276356319,0.0182579817018121,110.97248077392578,0.0142860354611437,-0.0053891807080974,0.0063992347090795,146.89300155639648,-0.0018793110127522,-0.0082627184098299,0.0148708636819237,127.37395057678222,0.0042090928840606,-0.0026973972041444,0.0113736338680215,373.2147811889648,0.0006662682496785,0.0089213717937608,0.0193559850336198,300.0962890625,0.0079140170062987,0.0484622835412351,0.0260720323459214,167.75499877929687,0.0258727578063433,-0.0087007741062008,0.010915053445752,225.3089729309082,-0.0012901939838024,-0.0088052221323675,0.0067276721872473,48.74944725036621,-0.0043252102361762,-0.0121401448016694,0.0173887633472283,98.06680755615236,-5.583226979353206e-05,0
2023-05-23,-0.0151549038267326,0.0141923737191741,168.73067932128907,-0.0005476164549422,-0.0199122346027394,0.0182503195565215,111.89975776672364,0.0051538281128856,-0.0003823253364589,0.0058789105707271,146.56625366210938,-0.0016925410745422,-0.0104326413750545,0.0142365194146829,127.32374305725098,0.0034684068703172,-0.0280342557207825,0.012554078037365,373.47079315185545,-0.0032870116658708,-0.0184319668208645,0.0190473511132678,302.07159118652345,0.0027541285655454,-0.0164133579968758,0.0262837218937991,169.00999908447267,0.0223857000780737,-0.0289692801378702,0.0123555230684504,225.08595962524413,-0.0050738278426196,-0.0018846391406224,0.0065491630053279,48.70611171722412,-0.0019367897904946,0.013623012947378,0.0177516908013153,97.65441780090332,0.0075227067280581,0
2023-05-24,0.0016321377730992,0.0141814044476491,169.14024810791017,-0.0009418516827619,-0.0135443154834613,0.0187914901685475,112.7517032623291,0.0002192169757972,-0.0009566568692626,0.0049786616476901,146.3490234375,-0.0014445832812875,-0.0091511311190726,0.0138068332720019,127.328857421875,-0.004511269513033,-0.0140467901137553,0.0129347658195135,373.5561294555664,-0.0096520172478074,-0.0044726049971174,0.0113689800321305,303.0057037353516,-3.0680409037375786e-05,-0.0154492668890031,0.0241171027396363,170.46749877929688,0.0104800934579409,-0.0103748874504889,0.0124822542204046,224.8193130493164,-0.0090405922337147,-0.0045849624393434,0.0065557982226392,48.66241397857666,-0.0025199516883884,0.0111841466435471,0.0180179949782058,97.34383125305176,0.005272576158515,1
2023-05-25,0.0066923230478204,0.0128714594728742,169.37755432128907,-0.0023365783277743,0.0213399812724304,0.0177776722954965,113.53922080993652,0.0011935855492472,-0.0143623182982226,0.0056589811275475,146.01144714355468,-0.0036754499948609,0.0024381178738923,0.0134625522943041,127.2647045135498,-0.0055404510766011,0.0041791936942296,0.0122256817385976,373.3780975341797,-0.0114104823532914,0.0384580852955878,0.01228121437103,304.0683120727539,0.0047819524606356,0.0085839659738167,0.0228422708561275,171.6814987182617,0.008711324972433,0.0050844163429304,0.0125128875257288,224.5659439086914,-0.008840399541126,-0.0099571765002881,0.0067833719601493,48.587450218200686,-0.0071062208058317,-0.017938388551289,0.0179578211654344,96.88407096862792,-0.0001277084047541,1
2023-05-26,0.0141047664586764,0.0131152624676908,169.67263793945312,0.0003587017731249,0.0091513065467654,0.0176435657153301,114.3951316833496,0.0031378330737253,-0.0003886320959199,0.0054647530570064,145.63929824829103,-0.0042958226615923,0.0093608871618922,0.013487511143244,127.20427055358888,-0.0032094971736345,0.0117013861739094,0.0118793483497647,373.1005035400391,-0.0057795726341086,0.0213855372029154,0.0128877849001252,305.35292663574216,0.0091720844948564,0.0471621233299248,0.0242131656286195,173.1244987487793,0.0144691495918195,0.0072967939672194,0.0120111215359022,224.21078567504884,-0.007132746276882,0.0017789324884198,0.0068168856909088,48.52326965332031,-0.0046906135448403,-0.0065304718234561,0.0174891869341023,96.32539138793943,-0.0023603691170978,0
2023-05-30,0.0106597001419117,0.0132478655532154,170.06436080932616,0.003586804718955,-0.0075436114457623,0.017863703667628,115.21139373779296,-0.0021017747425534,0.0001294864911061,0.0054810416399346,145.27261047363282,-0.0031920892217516,0.0037973929573944,0.0125303066610055,127.03040771484376,-0.0007974749001896,-0.0183508524220553,0.0125180625767533,372.4943054199219,-0.0089102636776908,-0.00504701339761,0.0128689153143301,306.6383331298828,0.0063784074565822,0.0413625592426418,0.0246179475861243,175.09099884033202,0.0130492047321008,-0.0149769999293714,0.0123799690735761,223.7016616821289,-0.0083879914415161,-0.0024586266576308,0.0066989904427045,48.44331855773926,-0.003421294449893,-0.0088596627112556,0.016452533265699,95.88921432495115,-0.0017042726990151,0
2023-05-31,-0.0002821390204461,0.0131119197281612,170.50531921386718,0.0065613576802123,-0.0064687678663652,0.0172126186536651,116.08118171691896,0.0005869186047213,0.0044697265254123,0.0050887812207381,144.8725158691406,-0.0022216788493773,-0.0127306978957398,0.0123385904335089,126.88118438720704,-0.0012570862043266,-0.0067482497827678,0.0124206568569954,371.9543197631836,-0.0046530624900878,-0.0085138740701951,0.0131457493983661,307.7933181762695,0.0083620260067161,0.0137700783617238,0.0241373546803279,177.2719985961914,0.0190858920038208,-0.0027521622723447,0.0112978997647721,223.4324607849121,-0.003144567868411,0.005545665832044,0.0068818819950784,48.38302230834961,-0.0019352334553597,-0.0178777970207697,0.0145798875591139,95.57383193969729,-0.0080044346926446,1
2023-06-01,0.016022476929957,0.01325051177058,171.13998489379884,0.0094394255115838,0.0069178821603372,0.0171356911064002,116.9886344909668,0.0046793581334811,-0.0033533820178809,0.0044736116291115,144.54680557250975,-0.002701023879101,0.0137792383207255,0.0118101465887898,126.95556602478028,0.0033289876836329,0.0160538182026459,0.0130091230541412,371.75716094970704,0.0013670591731923,0.0127589931390517,0.0131778463494638,309.2021820068359,0.0118083456339499,0.0176041373295552,0.0240330609376346,179.61749877929688,0.0256965728475325,0.0247478368102813,0.0126572975219301,223.47936401367187,0.003879976983743,0.0036765596778782,0.0069400558531119,48.34043579101562,-0.0002829290319153,0.0115484041746665,0.0143904845300436,95.409126663208,-0.0079315831864207,1
2023-06-02,0.0047754979828948,0.0128516818921517,171.89879760742187,0.0090560604985987,0.0076786930002856,0.0167700711780917,117.9788543701172,0.0019471004790521,0.0157241509232244,0.0059692040833289,144.36605377197264,0.0033162699651883,0.0210058734852178,0.01213728562435,127.25076141357422,0.007042538805898,0.0076845785313979,0.0131129710202509,371.6399459838867,0.002068136140626,0.0084791773122123,0.0132013559876797,310.6995620727539,0.0058125640372748,0.0310813262116831,0.0242438662824716,182.25599899291996,0.0301960448951057,0.0101102896832436,0.0128341109959392,223.6567169189453,0.0048851516518056,0.0095651237183929,0.0072843940275787,48.31381893157959,0.0036215310118208,0.0232198158835541,0.0148980627420048,95.4377227783203,0.0003000577005478,1
2023-06-05,-0.0075711504988376,0.0083938815231082,172.20696411132812,0.0047208771070959,0.0107483279130295,0.0167745917196389,118.99187202453614,0.0022665047523049,0.0086002874366624,0.0062863364897998,144.22213592529295,0.0051140538717048,-0.0098240411818758,0.0117222639833246,127.36000862121584,0.0032055531371444,-0.0085890566447686,0.0120557649193969,370.9464508056641,-0.0019899524231095,0.0016100443819362,0.0128949226452298,311.96793060302736,0.001857465473079,0.0170117276668795,0.0223221106467069,184.6334991455078,0.0241659657624967,-0.0088290657525387,0.0113673683677705,223.4339126586914,0.001659979707854,0.006585169666857,0.007161809024019,48.2820405960083,0.0045827784475082,-0.0044440308261527,0.0137606652449591,95.3266815185547,0.0007173459000085,1
2023-06-06,-0.0020603562995611,0.0084249565396342,172.50033416748047,0.0021768658188014,0.0103166435529284,0.0165478844175257,119.96028556823732,0.0058385557520431,-0.0008844129967787,0.0062787559841709,144.0886268615723,0.0049112739741278,0.0017972818943199,0.0117189336243716,127.46553535461426,0.0028055309245295,0.0254776112723154,0.0134994755916729,370.674252319336,0.0067757403157645,-0.0067273989932334,0.012907525420138,313.223388671875,0.0015213883539543,0.0170028810158742,0.0223346617473441,187.1094993591309,0.0192940301171431,0.0063940434151426,0.0114697714193726,223.26002197265623,0.0059341883767568,-0.0001335522896286,0.0069785214824032,48.23461513519287,0.0050477933211087,0.0081679651938901,0.0138732578661584,95.23525581359864,0.0041228714810376,0
2023-06-07,-0.0077562100620151,0.0082763830185317,172.81035232543945,0.0006820516104876,-0.037781848151935,0.019376269707851,120.71112785339356,-0.0004240603050708,0.0021495508265321,0.0060965922590863,144.0279769897461,0.0044472388343518,0.0096884050084733,0.0117960467564278,127.6645008087158,0.0072893515053721,-0.0225549712840853,0.0143157363401733,370.1077819824219,0.003614396015501,-0.0308678950074579,0.014984463462874,314.05616760253906,-0.0029494158334982,0.0147305128624473,0.0213148667325835,189.8805000305176,0.0194861170172878,-0.0129260731386435,0.0117141956506448,222.89171981811523,0.003899406203497,0.0014689556418499,0.00697404442785,48.18654441833496,0.0042324512830699,0.0224211313155968,0.0148194250792793,95.25013313293456,0.0121826571483109,1
2023-06-08,0.0154650464559615,0.0086214888821967,173.16782913208007,0.0005705655156885,-0.0029387636822065,0.0177155272950334,121.2260612487793,-0.0023953894735795,0.0109764410656807,0.0065532221270626,144.01975479125977,0.0073132034510641,0.0002843974850303,0.0117972785416441,127.86207237243651,0.0045903833382331,-0.0102318098877113,0.0144494059335979,369.3745590209961,-0.0016427296025703,0.0058137001847931,0.0146159697248519,314.7219757080078,-0.0043384744243499,0.0458208707776228,0.0219625806682677,193.1965003967285,0.0251294637069014,-0.0098547548906487,0.0117591914289388,222.5119888305664,-0.0030211121366889,0.01446652957711,0.0077586422353215,48.18041496276855,0.0063904452629162,-0.003132922645758,0.0145245652081544,95.31240882873536,0.009246391784226,1
2023-06-09,0.0021597691013603,0.0086183324813785,173.53517837524413,4.741973938162669e-05,0.0007369351400658,0.015224017836922,121.50657424926756,-0.0037837410456235,-0.0015599312383141,0.0064952406778735,144.03008728027345,0.0038563870187564,0.0019895166698988,0.0117442078685881,128.0926486968994,0.0007871119751693,0.0044341405291614,0.0144909616929352,368.6795883178711,-0.0022928172030176,0.0047039099234289,0.0144582441183687,315.569743347168,-0.0050935279021066,0.0406199151040636,0.022582163088192,196.8125,0.0270371814853775,0.0022864825689736,0.0117798894386832,222.14789657592772,-0.0045858735595429,0.0060458591094463,0.0078354782270107,48.17993049621582,0.0056865923411269,-0.007394451810789,0.0139808297367199,95.42593994140626,0.0031235382453574,1
2023-06-12,0.0156388381995913,0.0089271662557559,174.0884231567383,0.0046894174790674,0.0115354929015329,0.0153105303594124,121.81037979125976,-0.0036263080479228,-0.0006874004718747,0.0064897270084488,144.044930267334,0.001998849437049,-7.08798305215641e-05,0.0111261376686432,128.41341133117675,0.0027377442454401,0.016494330919015,0.0150418633751635,368.3553985595703,0.002723860309739,0.0154838950208111,0.0146380181748385,316.7202194213868,-0.0023187577743316,0.0222177089614419,0.0203358293156897,200.90500030517575,0.0280783777442899,0.0116746181746878,0.0121327526663752,221.89327545166012,-0.0004851367740976,0.0065975189077873,0.0079711818093769,48.19654579162598,0.0056890621893129,-0.0090325882199379,0.014168540393786,95.496044921875,0.0022058267666004,1
2023-06-13,-0.0026116450476189,0.0089171339595508,174.64265365600585,0.0045791597294558,0.001536856925574,0.0150880333019423,122.1731632232666,-0.0053822653733937,0.0052531064448542,0.0063155174632913,144.15417098999023,0.0032263533253756,0.0072339798482157,0.0110962537476915,128.72905960083008,0.0038250838362193,-0.0104712823105558,0.015150139678382,367.76538848876953,-0.0044659184068351,0.0073526414579778,0.014649122653106,317.9659896850586,0.0004972503159106,0.035544128242966,0.0193210638219205,205.52299957275392,0.0317866271897083,-0.01224725096894,0.0122524570312922,221.4333969116211,-0.0042133956509141,0.0077871602128283,0.0078939406666512,48.2517147064209,0.0072732046898043,0.0001881440108466,0.0141668709974551,95.55801010131836,0.0006098625299917,1
2023-06-14,0.0034912551915771,0.0088851737638648,175.2284408569336,0.0068286527801743,-0.0012922060933524,0.014139048265699,122.37933502197264,0.0019156630383227,0.0051017310262377,0.0063669621938798,144.3105239868164,0.0038167893653167,-0.003731648567732,0.010984564848232,129.06237411499023,0.0011410731209782,0.0091012276910344,0.0152383417707215,367.49662322998046,0.0018653213881887,0.0091238819312691,0.0146751238609324,319.2496170043945,0.008495605703656,-0.0074213713175806,0.0198986831460075,210.03649978637696,0.0273562503537027,0.0001788920516445,0.012110908443386,221.0898307800293,-0.0015924026128565,0.0101093673970844,0.0072967100300029,48.36608505249024,0.0090012870408513,-0.0120256398228639,0.0132649293524953,95.67741775512695,-0.0062794916977004,1
2023-06-15,0.0111988070665896,0.0090558569566677,175.8852325439453,0.0059754049022999,0.0114822107794498,0.0141515274957478,122.58996772766112,0.004799857930654,0.0134313717910059,0.0068809534164091,144.5821907043457,0.0043077755103818,0.0113079811108729,0.0090599443951588,129.27807540893554,0.0033457898461467,0.0114205998172611,0.0148969380336053,367.1062255859375,0.0061958033291832,0.0318966118381238,0.0159071420520086,320.9152084350586,0.0137121880343221,-0.0034659239799891,0.019971920115467,214.1384994506836,0.0174988914021803,0.0122180281712973,0.012256880228905,220.77314376831052,0.0028221539995326,0.0054824203541186,0.007265041324525,48.498361587524414,0.007204465196253,0.0069418378967966,0.0123928523911969,95.72581367492675,-0.0042645395891895,0
2023-06-16,-0.0058600131627367,0.0089840515741457,176.37190933227538,0.0043714484494804,-0.0124709499424952,0.0140547277277047,122.62466049194336,0.0021582809141418,0.0030538434065272,0.006779506272424,144.89995040893555,0.00523053043935,0.0011881297136226,0.0089531431762563,129.4528678894043,0.0031855124548915,-0.0066222502025333,0.0145752019916727,366.3465148925781,0.0039845251828443,-0.0165757790733728,0.0164713885767438,322.078190612793,0.0094562502349618,0.0181321405201535,0.019968320996548,218.32099990844728,0.0130013364853983,0.0121147941559696,0.0125714420630241,220.54393615722657,0.0047878163169318,-0.0139480380204632,0.0077394639849448,48.56385402679443,0.003205685770271,-0.0071773705700964,0.012339759255312,95.69686622619628,-0.004221123341051,0
2023-06-20,0.000486806196579,0.0089858953122224,176.85760116577148,0.001341042048878,-0.0034810236017599,0.0140801213376769,122.6415111541748,-0.0008450223865167,-0.0006089902991547,0.006806450218353,145.1935791015625,0.005246212473894,-0.0050953683218805,0.0090350015655792,129.60860214233398,0.0021806147566197,-0.0050725924995601,0.0141948412292283,365.8094680786133,-0.0003288595008707,-0.0125026201880366,0.0168475722838922,323.0409103393555,0.0038589471931922,0.0533891272200177,0.0213310728608126,223.0365005493164,0.0192356201371135,-0.0106590916329162,0.0127583796181577,220.2096565246582,0.000321074355411,-0.0088085545443736,0.007627735475419,48.63241157531738,0.0001244710798388,-0.0229238698112688,0.0132713529530738,95.53675155639648,-0.0069993796593171,0
2023-06-21,-0.0056752483402028,0.0089954002423253,177.3388572692871,0.0007283213903612,-0.020714746090013,0.0141211465707929,122.41848869323732,-0.0052953429896341,-0.001523149796658,0.0066378914833289,145.51469192504882,0.0038909612255916,-0.0014735234424603,0.0087836733990264,129.80803375244142,0.0004391140984845,0.0040576030476953,0.0142412225573992,365.3979812622071,0.0025769175707794,-0.0132818269214153,0.017175080335503,323.6456039428711,-0.0002679464826863,-0.0546184007477668,0.0263363075601927,226.56600036621091,0.0012031143389669,0.0034441399162883,0.0126818599078664,220.01270446777343,0.0034593525324567,0.0019460899415228,0.007237579357073,48.727101707458495,-0.0010437429744222,0.0111956398133059,0.0133224779278408,95.48699951171876,-0.0047978804988253,1
2023-06-22,0.0165252428943407,0.0084457724969588,178.1001853942871,0.0033351189309139,0.0215676892403671,0.0143551205832109,122.44772987365722,-0.0007233639228902,0.0106175382275381,0.0068637354246546,145.91825790405272,0.0049941226658517,-0.0192525705938159,0.0096012547920438,129.9470314025879,-0.0026650703067322,0.004413249774172,0.0127725608229197,365.596615600586,0.0016393219874069,0.0184373575268705,0.0168383311120998,324.83984527587893,0.0015947486364339,0.0198488941111987,0.0251863508590511,230.507999420166,0.0066571674247228,0.0050163757123415,0.0108542153231295,220.1989044189453,0.0044268492645961,0.0083517111396951,0.0073126438187917,48.84711856842041,-0.0013952742259,-0.0054878142850762,0.0129404320484601,95.3467861175537,-0.0034903153912677,0
2023-06-23,-0.0017114299425774,0.0085350595195134,178.83192596435546,0.0007530715290805,-0.006577333845678,0.0140824367485163,122.51909713745115,-0.0043352728479158,-0.0008452298215584,0.0068606050644354,146.32228317260743,0.0021388023433388,-0.0052298246864092,0.009418620026751,130.11020126342774,-0.0059726314661886,0.0053202120376869,0.0123288000537983,366.1513153076172,0.0004192444314921,-0.0138060177761984,0.0172071780973366,325.873876953125,-0.0075457772864305,-0.0302708880672237,0.0264149805643687,234.1930000305176,0.0012961746072758,0.0050791024738503,0.010555490291103,220.5556663513184,0.0029990641251067,-0.001862149468146,0.0071987321431667,48.973426055908206,-0.0028641881903529,-0.0087123156769919,0.0126845125657832,95.11204299926756,-0.0066211461060255,0
2023-06-26,-0.0075529319403143,0.0089013088221411,179.43743667602538,0.000414487773565,-0.0326958366303523,0.0150610601027247,122.26435546875,-0.0083802501854872,-0.0111796567426584,0.00646811639934,146.74463119506837,-0.0007078976864982,0.0024487036361777,0.009418686279376,130.27383728027343,-0.0057205166816776,-0.0062924734586192,0.0124347255718444,366.5132690429688,0.0004851997802749,-0.0191628547996887,0.0157959060633666,326.0047775268555,-0.0080631924316937,-0.0606001663362577,0.0316435609411987,237.02200012207032,-0.0144502867640063,-0.0141580796958484,0.0110912628342792,220.6983711242676,-0.0022555106452568,-0.0026372306477019,0.0066944794451636,49.11683254241943,-0.0006020267158007,0.0184568361603791,0.012944915342095,95.05007743835448,-0.0014943047599303,1
2023-06-27,0.0150590584307364,0.0089636419618687,180.06020584106446,0.0033289382203965,-8.442425778198981e-05,0.0148406577048653,121.9531150817871,-0.0077009303166916,-0.0020778540797606,0.0065244310288067,147.1541534423828,-0.0010016704426194,7.192453065107962e-05,0.009228608219448,130.37890014648437,-0.0046870581111713,0.0115785872674365,0.0124292243375063,366.87718505859374,0.0038154357336743,0.0181677756303808,0.0155872917141689,326.0868316650391,-0.0019291132680102,0.0380004295629174,0.0312006184127501,239.8740005493164,-0.0175280262954264,0.0045955903910506,0.0110230425636032,220.8122428894043,0.0007954257595364,-0.0036117780171123,0.0068519643081886,49.24701118469238,0.0004373285896515,0.002493238011795,0.0128834533859936,95.03108177185058,0.0035891168046823,1
2023-06-28,0.0063277985596219,0.0088334335238442,180.64944381713863,0.0057295476003614,0.015634181831901,0.0153213218242348,121.78014869689942,-0.0004311447323088,-0.0020208799441461,0.0065888387467194,147.54764404296876,-0.001101216472117,-0.0043823648075237,0.0092726899707612,130.43143043518066,-0.005268826384184,-0.0040862772062983,0.0116413396767301,367.5015258789063,0.0021866596828755,0.0038259422695892,0.0155513131400332,326.31347198486327,0.0014924405701906,0.0240996896954786,0.0306223252139089,242.62799987792968,-0.0017844082067773,0.0027271750929498,0.0104019577536815,221.121110534668,0.0006520327948687,0.0054373053656606,0.0067655092642695,49.39654731750488,0.0011355716744791,0.0081299416050431,0.0128370183884769,95.09259490966797,0.0029759771630298,1
2023-06-29,0.0017966324852738,0.0088011939864978,181.25791397094727,0.002783825518548,-0.0089865484855974,0.0153761207225962,121.5933048248291,-0.0065419922775017,0.0069954699002445,0.0066478426683718,147.9617477416992,-0.0018256301375758,0.0349231078214689,0.0115502823143513,130.7903102874756,0.0055663092988729,0.0195672089060712,0.0121059723171488,368.61239471435545,0.0052174515092554,-0.0023819722428797,0.015417672550218,326.63877258300784,-0.0026714253837593,0.0049173033626503,0.0306688468822885,245.30650024414064,-0.004770726356487,0.0278996545979453,0.0118992922962861,221.77061233520507,0.0052286885719895,-0.0067598191048261,0.0070837568808173,49.516079330444335,-0.0018867343744251,0.0123341039414321,0.0122986894096625,95.2970359802246,0.0065403608083315,1
2023-06-30,0.0231024718377441,0.0094535108923056,181.94232025146485,0.0077466058746124,0.0050377850031928,0.0153279835563817,121.39407081604004,-0.0042189685077275,0.0086533970419306,0.0065993481644796,148.4647186279297,7.4095235122007e-05,0.0140140205426833,0.0115621063907707,131.15570068359375,0.0094150783446914,0.0145227078569132,0.0120242031429175,369.7119857788086,0.0070579506731006,0.0163856029199414,0.0155822466163599,327.02757415771487,0.0033668987554686,0.0165824816064927,0.030660190288314,248.0189994812012,0.0045999475782563,0.0134857847920075,0.0110517934760159,222.3072196960449,0.0069100250356209,0.0187969316881471,0.0079688603125515,49.67368125915527,0.0022450818568334,0.0051544529738964,0.0121258299233742,95.47298049926758,0.0093137145385092,1
2023-07-03,-0.0077846121693294,0.0097936686849323,182.5098648071289,0.0077002698288093,0.0016709729189343,0.0151961675403868,121.15766677856443,0.0026543934021297,-0.0131104348765822,0.0069205509790758,148.7569709777832,-0.0003120603916627,0.0080445166784643,0.0108306889661296,131.44113311767578,0.0105342409531487,0.0016781215164385,0.0119761536700676,370.7041656494141,0.0086520696681122,-0.0074881993526213,0.0156040220062043,327.1540802001953,0.005701829844882,0.0689537344542736,0.0329743771224645,251.3114997863769,0.0305107277363625,0.0020634063763458,0.0109028505668096,222.75586013793944,0.0101543222500598,0.0064894096304235,0.0078695105694798,49.824992179870605,0.0040704099124585,0.0019579429944323,0.0110437786305875,95.5498706817627,0.0060139359053198,1
2023-07-05,-0.0058715233449208,0.0097028475592942,183.0892417907715,0.0035141534736779,0.0154295275753566,0.0154344134089396,120.9465389251709,0.0057571837687574,-0.0033055505311821,0.006835983424791,148.96264877319337,-0.000557599681947,-0.0066616464576574,0.0106678202926134,131.74531478881835,0.009187526755487,0.0019544758515737,0.0116811562560264,371.8915435791016,0.0067272473849396,0.0004733227059861,0.0156018373273592,327.26202392578125,0.0021629392600031,0.009506123909958,0.0329813028957865,254.55500030517575,0.0248118666057707,0.0062191948850971,0.0106302032539978,223.3755500793457,0.0104790431488691,-0.0005689998450628,0.0078648788353858,49.95904235839844,0.0046789655468684,-0.0051178431094776,0.0110618095923196,95.62314414978027,0.0044917196810652,0
2023-07-06,0.002508805443727,0.0096254986754445,183.71053161621091,0.0027503548504989,-0.013470304291563,0.0153839093939864,120.58970260620116,-6.37134559353214e-05,-0.0074320795030262,0.0071037687368766,149.11931228637695,-0.001639839593723,-0.0098864996483435,0.0110142402656282,131.97094268798827,0.0080866997873231,-0.0025875904898049,0.0104938386530743,372.5658432006836,0.0070269847282383,0.0092267657319431,0.0156237442523727,327.6327514648437,0.0032431039524739,-0.021028045208104,0.0338623582404289,257.3165008544922,0.0157863196250541,-0.0023802979395004,0.0106541294849148,223.89652252197263,0.009457548542379,-0.0063245568876587,0.008101881280514,50.07728443145752,0.0023265930962045,-0.0373213458369715,0.0138076646513413,95.47705039978028,-0.0045985378073376,0
2023-07-07,-0.0058913406496535,0.0095197126464479,184.3446403503418,0.0012127602235134,-0.0052451548691748,0.0130293151951515,120.44002990722656,0.0006845652673491,-0.0145420721605123,0.007908194562424,149.15275192260742,-0.0059473480058744,0.0078904054831858,0.0109533814326389,132.18670425415038,0.0026801593196665,-0.0113446054489539,0.0093609662818615,373.4414001464844,0.0008446218572333,-0.0118673571426217,0.0140688440994898,328.30875701904296,0.0013460269725255,-0.0076300564256251,0.0341268044529467,259.8095001220703,0.013276847667399,-0.0101725889572186,0.0104625597623856,224.44290618896488,0.0018430998313462,-0.0230412467962206,0.0099065228671235,50.13358211517334,-0.0009296924420743,0.0023319660201812,0.01266276728336,95.23416442871094,-0.0065989653915878,0
2023-07-10,-0.0108558870125669,0.0096033809993837,184.74108123779297,-0.0055789115465487,-0.025359924518957,0.0141096332530497,120.15803031921386,-0.0053949766370807,0.0016325757108293,0.007507603495782,149.11839599609374,-0.0073515122720947,0.0056115470578563,0.0109823748229473,132.43851776123046,0.0009996646227011,0.0089534186757713,0.008974309543525,374.674252319336,-0.000269235978995,-0.0159836251610757,0.014607428541797,328.6296630859375,-0.0051278186436779,-0.0175637045981094,0.0336262191146716,261.54699935913084,0.0064476104264786,0.0072319570142989,0.0100937518681496,225.1813537597656,0.0005923342758045,0.0090560455819703,0.0095940483660121,50.17729797363281,-0.0028778696633096,0.0148312569262962,0.0132364387335565,95.07585906982422,-0.0046636046011078,1
2023-07-11,-0.0028099602849973,0.0096692016491734,185.09215927124023,-0.0045839811696823,0.0059253707074673,0.0142154653443958,119.90576705932617,-0.0045440970793741,-0.0055166506076731,0.0075967155751111,149.05518264770507,-0.0058327554183129,0.0156391844405685,0.0114012872937669,132.7835678100586,0.0025185981751219,0.0143815657385062,0.0093069872140563,376.1041717529297,0.0022714528654184,0.0019286254199157,0.0145845689288477,328.90709686279297,-0.0032444536891705,0.0006677170844566,0.0327273652402001,262.8165000915527,-0.0072095930474847,0.0100354075565969,0.0101997165028866,226.0116813659668,0.0021867345118547,-0.001484941558148,0.009530136932612,50.202463150024414,-0.0044727399010239,0.012226581227408,0.0135055529313118,95.0116325378418,-0.0026098769545127,1
2023-07-12,0.0089855711758835,0.0092810431787932,185.38702545166012,-0.0016125622655214,0.0152808764618241,0.0144266502321776,119.67233772277832,-0.0045738273020806,-0.0034674267672116,0.0076275156641953,148.9718116760254,-0.0058651306655188,0.0049517534359595,0.011393990958546,133.1632507324219,0.0048412781538453,0.0072651766031137,0.0088652916105847,377.3773544311524,0.0033335930157264,0.01422693545791,0.0145212711057368,329.1684143066406,-0.0004937311387857,0.0081544224017726,0.0324987159691046,263.92449951171875,-0.0074799333491218,0.006900760671719,0.0100586074086366,226.7955810546875,0.0023230476691791,0.002521678969364,0.0094371433208871,50.21762638092041,-0.0038546041381386,0.0049070247933884,0.0134055853190788,95.014799118042,-0.0006049033739395,1
2023-07-13,0.0040575388607289,0.0092398536355528,185.7435272216797,-0.001302815582121,0.0471705348317363,0.0181238480189354,119.7075252532959,0.0075543405225791,0.0046178991372018,0.0076033884381263,148.8834030151367,-0.0034551349374732,0.0048599106441857,0.0113585615007576,133.5292175292969,0.0077905602123512,-0.0003243996280879,0.0083029861728397,378.8368988037109,0.0037862311880698,0.0161920961425685,0.0148586108909878,329.5772415161133,0.0008993349433393,0.0217287542714961,0.0319521795883374,264.8839996337891,0.0010714265467981,0.0045414133507923,0.009352835533947,227.76861038208008,0.0037073899272377,-0.0058694226204689,0.0093642210002701,50.198752784729,-0.0037635772847006,-0.0183114682493952,0.014024518666723,94.92886199951172,0.0031970721435757,1
2023-07-14,0.0007872775940795,0.0092363025206126,186.07586898803712,3.290806662554768e-05,0.0070660910754498,0.0181780632150136,119.7942569732666,0.0100165897115041,0.0066747707091197,0.0076730323721663,148.80598678588868,0.0007882336364532,0.0060457266587454,0.0112744686297489,133.9619483947754,0.0074216244474631,0.0048681163700621,0.0082167717057783,380.2264450073242,0.0070287755518731,0.0075293923727113,0.014818882339499,329.9631118774414,0.004778684846406,0.0125225299127729,0.0318858448162424,266.1134994506836,0.0051019438144777,-0.0006163351924122,0.0093730314902894,228.73235778808595,0.005618640680199,0.0034387894933189,0.009087292212027,50.16310329437256,0.0015324299732072,-0.0344367031168555,0.0157565249809125,94.73799095153808,-0.0041566616838315,1
2023-07-17,0.017305508376795,0.0096534488139846,186.4693519592285,0.0056651871444979,-0.006139470807565,0.0180627498242897,119.77245025634764,0.0138606804537825,-0.0050041651022356,0.0069884508781898,148.59252166748047,-0.0005391145261597,0.0241033167200761,0.012089324573332,134.4892707824707,0.0111199783799071,-0.0007701299488162,0.0080632678494694,381.390853881836,0.0050840658269555,0.0014192855433303,0.0129523187557417,329.84735107421875,0.0082592669872872,0.0319852151674682,0.0323682953233895,267.8375,0.0150117277675933,0.0034133772776687,0.0091854327900515,229.60324935913087,0.0048549247328729,0.0012284190480791,0.0089849205776229,50.11664524078369,-3.3095333570964945e-05,0.0043591193795111,0.0156904632825887,94.53400344848632,-0.0062510891931886,1
2023-07-18,-0.0013403722350484,0.0095079611504774,186.9037612915039,0.0059591047544877,-0.0071399443416799,0.0179080471794385,119.78384895324707,0.011247617443953,-6.28221598887313e-05,0.0069178448999774,148.35569458007814,0.0005516511633971,0.0018257334257039,0.012082662011526,135.02179718017578,0.0083572881769341,-0.0100446638056639,0.0083123215580929,382.4799438476563,0.0001988199181215,0.0397997835008883,0.0151611857384871,330.6855194091797,0.0158334986034817,0.0101935099018704,0.0322710468082024,269.4774993896484,0.016916886331076,-0.0131973821369131,0.0097137720347048,230.1828651428223,0.0002083667941709,-0.0018082213328274,0.0084499377439875,50.101159477233885,-9.775128850684212e-05,-0.0045375309036778,0.0156561754580426,94.3435848236084,-0.0096039116194057,0
2023-07-19,0.0070716970227917,0.0095531315970611,187.40128479003903,0.0055763299238693,-0.0139786960497786,0.0181748421834221,119.7308193206787,0.0053957029416325,-0.002011691938468,0.0069146426805238,148.10879135131836,0.0008427981291458,0.0038395701242917,0.0118954186581039,135.61587295532226,0.0081348515146006,0.0002761341161321,0.0081262114256122,383.66810913085936,-0.0011989885792747,-0.0122674068226029,0.0151489753960793,331.51733856201173,0.0105346301473791,-0.0070907022507415,0.0304208996122241,270.3179992675781,0.0138678614005732,0.0026997392396055,0.0092017792739255,230.913493347168,-0.0006318374922517,0.000323577212637,0.0082078399136008,50.10858020782471,-0.0005373716398522,0.0069365614922642,0.0149562625669936,94.29383277893066,-0.0091980042796306,0
2023-07-20,-0.0100972298224326,0.0098050629221146,187.85344467163085,0.002745376187237,-0.0231910490979827,0.0183291560694735,119.663911819458,-0.0086766138443113,0.0607281030930992,0.0155683746338969,148.3149269104004,0.0120648389203253,0.0123176995576486,0.011938551977649,136.30864486694335,0.0096264092972931,-0.0005273103467104,0.0081644154251903,384.7714080810547,-0.0012395707229992,-0.0231214717026215,0.0158350744508881,332.1674545288086,0.002671916578341,-0.0973700986000849,0.0357489920386887,270.48999938964846,-0.009951909173743,-0.007455862608618,0.0095068738190681,231.5180335998535,-0.0030312926841338,0.0184968177336979,0.009172782272043,50.15729637145997,0.0043358764309811,0.0176145105023515,0.0152841531623582,94.2730266571045,-0.0020128085292812,0
2023-07-21,-0.0061616821881076,0.0093986249089498,188.09702911376957,0.0013555842307996,0.0068792351512223,0.0176854025802925,119.5087875366211,-0.0087139850291568,0.0107495186579693,0.0155724848018446,148.5242691040039,0.0128797885100952,-0.0076849774093752,0.0109369585167935,137.07262496948243,0.006880268483669,-0.0014318253744337,0.0082133746622635,385.7652984619141,-0.0024995590718984,-0.008936992187697,0.015526555469286,332.36576385498046,-0.0006213603337405,-0.0109547544681438,0.0355700068507963,270.260499572754,-0.0146473660499263,-0.0015440436496578,0.0095357491470444,232.04878005981445,-0.0032168343755829,0.0056515173675797,0.0090784003113284,50.19955997467041,0.0047784220058332,0.0046415054822124,0.0152643695145704,94.29971199035644,0.0058028331905323,1
2023-07-24,0.0042199677857546,0.009390640343875,188.39633331298828,-0.0012615238874084,0.0125812263776137,0.017892958271204,119.4686435699463,-0.004969845592121,0.0052295704917486,0.0155841123579619,148.78079376220705,0.0149265356288921,0.019684022217832,0.0110523053861157,138.01330184936523,0.0059964095832202,0.01836522695507,0.0089239991647784,387.019155883789,0.0013275123088787,0.0038980287669887,0.0151557755754132,332.85860748291014,-0.0001256116890089,0.0347665907502461,0.0356547587444329,270.8834991455078,-0.0140910909333707,0.006227746803112,0.0095563712773106,232.59565277099608,-0.0026539604704943,0.0058722584262573,0.0091203670354618,50.26150398254394,0.0057071898814689,0.0156896994305415,0.0154717704691383,94.440828704834,0.0080689492007383,0
2023-07-25,0.0045136954521884,0.0091533652841581,188.8080612182617,-9.07103499610873e-05,0.0055952895319286,0.0161991301368073,119.66044311523436,-0.0024227988173993,0.0076571272138621,0.0153269069342672,149.18207092285155,0.0164705255036422,-0.0074686184634242,0.0114760611883732,138.88293914794923,0.0041375392053945,-0.0086712256035198,0.0090731807843341,388.2178298950195,0.0016021999493076,0.0170090543509993,0.0146999260733325,333.95174407958984,-0.0046837575189867,-0.0140489066141229,0.0326803078934138,272.0949989318848,-0.0189395742365694,-0.0085153729145958,0.0091140500303268,233.2011711120605,-0.0017175586260308,-0.0008158752459056,0.0090884385691793,50.32796497344971,0.0059056590988532,0.001516391123405,0.0149564610212204,94.50369873046876,0.0092797336061549,1
2023-07-26,0.0045449572702573,0.0086678013888059,189.12560958862304,-0.0005960583004679,0.0577694159899919,0.0204619775311304,120.2026351928711,0.0119268235905547,0.0019142031594352,0.0152870874197361,149.61403884887696,0.0172557045232229,0.005993994572061,0.0113805497611733,139.7961082458496,0.0045684240949484,0.0028160524122986,0.0088552885528658,389.2576797485352,0.0021101836085409,-0.0376375702632033,0.016883736240312,334.1080490112305,-0.0097577902071067,-0.0035057022016762,0.0318018207989022,272.8019989013672,-0.0182225742267563,-0.0066613319328294,0.0093362253143549,233.67815856933595,-0.0035897728605178,0.0035808373056034,0.0090237850780441,50.4126537322998,0.0065571111174465,-0.0055828867343172,0.0150163888531531,94.52812232971192,0.0067758439608386,0
2023-07-27,-0.0065809513255733,0.0087864700264153,189.3213653564453,0.0001071973989039,0.0010057902604587,0.0203086682259769,120.65958442687987,0.016766191462243,0.0056159232672736,0.0152525435433746,150.10555572509764,0.0062332685580578,-0.011029142447935,0.011809653324343,140.65619430541992,-0.0001009443061682,-0.0196567029029562,0.0100861880617607,389.9855346679688,-0.0017156949027082,-0.0208722245282557,0.0175272252000832,333.8574783325195,-0.0093079407722336,-0.0326839386803915,0.0323715542195457,272.7754997253418,-0.0052853422428176,-0.0112190077815311,0.0097997671425706,233.9948463439941,-0.0043424018951004,-0.003630755611087,0.0090544644929219,50.474436378479005,0.0021315964484895,0.0031400525557128,0.0149217608932418,94.52902641296389,0.0038809523715109,1
2023-07-28,0.0135078268809141,0.0092167902314616,189.62905044555663,0.0040410992127082,0.024574869111567,0.0205731031867482,121.3276611328125,0.020305318254312,0.0045484650680394,0.0152311457479088,150.5810417175293,0.0049930578400718,0.0057043106665313,0.0097095656860911,141.33293914794922,0.002576913309013,-0.0039035555832404,0.0092620530166417,390.2728561401367,-0.0022100409444695,0.0231313514017466,0.01830374969807,334.0196411132812,-0.0028942720543448,0.0419615793117773,0.0336767905777185,273.2224998474121,0.0052979245131665,0.0055877506044283,0.0076681889061512,234.06473236083983,-0.0029160430442832,0.0047121982044318,0.0088815527023279,50.5652551651001,0.0019437326158599,-0.0119519878791243,0.0148632646603735,94.41414184570311,0.0005622536992435,1
2023-07-31,0.0031661251785646,0.0077346608212251,189.75133590698243,0.0038303306912702,0.0010560360968117,0.0205978073481318,121.97294044494627,0.0180002801981516,-0.0398326385234374,0.0179329166247163,150.67311477661133,-0.0040193839629653,0.0066916428997707,0.0094828131755206,141.96538925170898,-2.1562554599241505e-05,0.0033590394829443,0.0087109411425746,390.34888458251953,-0.0052112784388947,-0.0072404158936839,0.0179946850165564,333.7939834594726,-0.0051219609864794,0.0037156216232685,0.0335112214379182,273.5055000305176,-0.0009122693122289,0.0083988206131269,0.0072836557347626,234.0769515991211,-0.0024818282822802,-0.0003127717574348,0.0079381158943168,50.6084867477417,0.0007067265791215,0.0295697161643442,0.0163337053242335,94.41368942260742,0.0033382570460041,0
2023-08-01,-0.0042758852954722,0.0075710113803282,189.906657409668,0.002072414541738,-0.0088156455554666,0.0208292046773562,122.55032043457032,0.0151180931806725,0.0081180309224235,0.0176957754587065,150.92689208984376,-0.0039272032212531,-0.0049378272528192,0.009671571041566,142.50694122314454,0.0004845956875217,0.0070763202189334,0.0088407476799696,390.52957916259766,-0.002061769274404,0.0012499769831633,0.0179227614009419,333.7133895874023,-0.0082737764600466,-0.0237818701183342,0.0299274139644614,272.5680000305176,-0.0028588620130712,0.0086231238803695,0.0075215785116769,234.1654083251953,0.0009458710767128,-0.0046914909598063,0.007915641059582,50.62316627502442,-6.839656365860147e-05,-0.0057812601133713,0.0163795590747835,94.37569732666016,0.0018787267986488,0
2023-08-02,-0.0154900273788011,0.0082909851635716,189.96829376220705,-0.0019345823880736,-0.0240973421523363,0.021632261117097,122.87890625,-0.0012552584477931,0.0060394204278597,0.0176768028411468,151.25212783813475,-0.0031021597675682,-0.0113247364682336,0.0099899045830237,143.01057891845704,-0.0029791505205371,-0.0177552098207124,0.0097247287942377,390.3262390136719,-0.0061760217210062,-0.0262827848650794,0.0188527797241259,333.1932006835937,-0.0060028193804218,-0.0266595415735505,0.0302217043883679,271.1494995117188,-0.007489629887446,-0.0092584062493996,0.007686399104079,234.0730422973633,0.0004264562133988,0.0006912603350925,0.0079132351850941,50.64107208251953,-0.0006463119577607,-0.0124742608021968,0.0165757217151744,94.30242385864258,0.0005004519850729,1
2023-08-03,-0.0073216151710597,0.0084467136886047,189.9367362976074,-0.0020827151571708,0.0005452923939355,0.0212993975489614,123.29224128723143,-0.0013473580210977,0.0042963768790031,0.0175314987454733,151.66623153686524,-0.0033660690452222,0.0061134830700519,0.0094770481899443,143.62561721801757,0.0004493745830602,0.007666347676932,0.0098770284456889,390.3198516845703,-0.0007114116050285,-0.0025648957544293,0.0186856117430905,332.4795867919921,-0.0023413536256565,0.0205029581730475,0.0304759668819026,270.2884994506836,0.0031477494832417,0.005051405139528,0.0077632514441615,234.06717758178712,0.0036805387976106,0.0002513760331481,0.0077550449313408,50.67575435638428,0.0001301143710862,0.0173807064474051,0.0145981834763753,94.49239120483398,0.0033485827634113,0
2023-08-04,-0.0480201785370594,0.0136243855309989,189.50824356079104,-0.0143883162407655,-0.0026468371102489,0.021250641370294,123.7199493408203,-0.0067916992654609,-0.0093767486422507,0.0172979951397517,152.11468887329102,-0.0061511117872803,-0.0021106886583063,0.0095490604031609,144.17231826782228,-0.0011136252819072,-0.0042237979748249,0.0095689673001929,390.4509902954102,-0.0007754600833455,0.0034286551489404,0.018574024973487,332.0184967041015,-0.0062818928762177,-0.0210550923941656,0.030735745636068,269.25999984741213,-0.0094555848579468,0.0009632397705303,0.0073851203992136,234.19131164550785,0.002755636630831,-0.0057769290637715,0.0056465225150511,50.75399055480957,-0.0019677110825544,0.0028003315645481,0.0145989450082256,94.68507080078123,0.0062990466521458,1
2023-08-07,-0.0172534403581975,0.0139094463700144,189.0269927978516,-0.018472229348118,0.0266957277042381,0.0206838582889325,124.4673225402832,-0.0016637609439756,0.02401821589102,0.0179096031350969,152.7372184753418,0.0066190590956111,0.004742953424843,0.009543037497915,144.7157440185547,-0.0015033631768928,0.0141049914146427,0.0098761313253894,390.68232421875,0.0013737303029941,0.0071083628863859,0.018326328093046,331.9344833374023,-0.0034121371202038,-0.0094934359738244,0.0305930109498662,268.3520004272461,-0.0120973963773654,0.010544288762829,0.0075772518941238,234.35503082275392,0.0031847302607714,0.0135784338909823,0.0060389288770467,50.84448642730713,0.000810530047129,-0.0020479622328254,0.0143109031272337,94.7985984802246,-2.448902728804381e-05,0
2023-08-08,0.0053116743764873,0.0140198671670132,188.61871795654295,-0.016554717413726,-0.0009885083273575,0.0207482457882537,125.17405471801756,-9.833349835384198e-05,0.00046203509042,0.0177875420011092,153.4037208557129,0.0050878599292104,-0.0056136436870996,0.0093480868655964,145.11172790527343,-0.0016385264637488,-0.009272538533357,0.0095554870472566,390.4559036254883,-0.0018960414474639,-0.0122988386312349,0.0185185595129735,331.6209045410156,-0.0061219002430834,-0.0069596342065584,0.030592131997992,267.3474998474121,-0.0087329491950103,-0.0091920860602391,0.0075536586800906,234.29345169067383,-0.0003783117273502,0.0009970315968323,0.0059932471578843,50.94127349853515,0.0019482345584567,0.0049441881773302,0.0141090234843502,94.87820434570312,0.0021206006308522,0
2023-08-09,-0.0089547191097774,0.0138424644657671,188.0477210998535,-0.0152476557599213,-0.0132418497702777,0.0210519715996656,125.70583915710448,0.0020727649780578,-0.0006350288979983,0.0177315729978155,154.09038162231445,0.0037529700640388,-0.0134078264865823,0.0100075001399257,145.37571716308594,-0.0020551444674186,0.0012208190778679,0.0093898097319202,390.1111099243164,0.0018991643322521,-0.0117160477882068,0.018317244420226,330.88970489501946,-0.0032085528277089,-0.0300760696780969,0.0310232888747725,265.85750045776365,-0.0094162548159195,0.0019641616662864,0.0073870161035873,234.17371673583983,0.0018662018557869,0.0016184061852866,0.0059918930444329,51.03596382141113,0.0021336637284955,0.0169868104789026,0.0145406971492076,95.01706123352052,0.0080128148870721,1
2023-08-10,-0.0012345864469708,0.0137497094933624,187.42790908813475,-0.0140302500151035,0.000231398152994,0.0185118645642434,125.96107635498046,0.0020099861298695,-0.0052002872774266,0.0178689752003475,154.70237503051757,0.0018536372327528,-0.0014955900707488,0.0100100467073854,145.59524002075196,-0.0035769590955788,0.0088144392216109,0.0096354453017334,389.943132019043,0.0021287826411879,0.0021724185636307,0.0178421301615734,329.926008605957,-0.0022610899640969,0.0130062920216802,0.0306825366261119,264.229500579834,-0.010915588046193,0.0035519614019152,0.0073548439906183,234.0418441772461,0.0015663131082644,-0.0004990148663224,0.0057415916659143,51.14403820037842,0.0019835855486014,0.0051112753362123,0.0137826252271679,95.26944465637207,0.0055589286648335,1
2023-08-11,0.0003376748547603,0.0137430151998077,186.8036636352539,-0.0043586793367396,-0.0010025329209092,0.0184878664140593,126.16625595092772,0.0023388469677375,0.0097579534948692,0.0179047455602317,155.3427696228027,0.0056805776601768,0.0057956932419103,0.0100043559776981,145.81429290771484,-0.0019956827155354,-0.0054388495331682,0.0096153376750188,389.5732894897461,0.0018857723295192,-0.0059455292396504,0.0176848890625637,328.742512512207,-0.0041359268418151,-0.0109643860828199,0.0303944298568522,262.2930000305176,-0.0088974467839239,-0.0004997785286242,0.0073548195851751,233.91142349243165,0.0012737094484334,0.0058655249932695,0.0057957523555951,51.25878009796143,0.0043120763600096,0.0155285061757963,0.0109315389800669,95.7620002746582,0.0081045635870832,1
2023-08-14,0.0093932134795251,0.0132214830849344,186.09915771484376,0.0009706514308049,0.0136618420513259,0.018571193689689,126.49732131958008,-0.0002679301628449,-0.0023583608716537,0.017841652900084,156.00102996826172,0.0004052623076421,0.0020719615364239,0.0084934522158085,145.87935485839844,-0.0025298810932192,0.009114215768206,0.0098729262185843,389.39548645019534,0.0008876172002319,0.0094389502087397,0.017891611070455,327.6830810546875,-0.0036698093773443,-0.0119101564489687,0.0289891617111294,259.7619995117187,-0.0093807908789527,0.0119146720273071,0.0078250948738402,233.88047485351564,0.001547786101329,-0.0074441932186579,0.0061886383885051,51.35103092193604,0.0001075509380816,0.0008047092156475,0.0109746035119384,96.23872451782226,0.0086750978767778,0
2023-08-15,-0.0112004733535431,0.0133110921171455,185.30822677612304,-0.0023317781152011,-0.0118023311151215,0.0187307769608887,126.79567642211914,-0.0024306947203977,-0.0028828744046827,0.0178905447165627,156.6368438720703,-0.0002637195913784,-0.0254570864526741,0.0102716636651813,145.74689178466798,-0.0064985696463342,-0.0103616967810445,0.0098894575814493,389.2132629394531,0.0006697855506944,-0.0067277493800802,0.0147759645015517,325.84506988525385,-0.0025555915271134,-0.0283616447646143,0.0289190638601748,256.7430000305176,-0.0136611929905639,-0.0126390505001996,0.0077767595109856,233.85657501220703,0.0008583932133369,-0.0051249065258316,0.006334074946494,51.43452415466309,-0.0011168366864511,-0.0256732457088928,0.012807389086191,96.60629348754884,0.0025516110995332,0
2023-08-16,-0.0049588699753432,0.0130427958473984,184.40629501342767,-0.0015326082883143,-0.0083220370587396,0.0185095949843725,127.12624435424804,-0.0014467321780901,-0.0031803207074578,0.0179142805777805,157.2621208190918,-0.0007727779532703,-0.0042430546362312,0.0102351924647889,145.55685806274414,-0.0046656152762639,-0.0002028855427825,0.0098882591774305,389.0217086791992,0.0003850446265643,-0.0024283392892463,0.014699185174058,324.1842864990234,-0.0006980498273213,-0.0315934083028744,0.0292596005085476,253.4599998474121,-0.0139646607155194,-0.0022513513013068,0.0077626440936683,233.77447052001952,1.5290619818331132e-05,0.0005023552667995,0.0063322048982061,51.51850509643555,-0.0013400468701485,-0.0168271132735849,0.0135946057505339,96.85920524597168,-0.0042111736509643,0
2023-08-17,-0.0145552860213247,0.0131750161996491,183.47460403442383,-0.0041967482031851,0.0094795085707548,0.0175073152653853,127.65753326416016,0.000402889905462,0.0093972081212143,0.0121523541661453,157.52001876831054,0.0021467211264578,-0.0103869978246647,0.0099009796112695,145.20487213134766,-0.0064438968270471,-0.0044373675678681,0.0099285349876767,388.75451812744143,-0.0022653167313315,-0.0109862834913762,0.0141483127942081,322.7522171020508,-0.0033297902383226,-0.0282801627225357,0.0218155437112044,251.27600021362304,-0.0222219516643626,-0.0080238364372503,0.0077911087519273,233.6863235473633,-0.0022998689480147,-0.0224159744963916,0.0071658494421199,51.49855842590332,-0.0057234387961624,0.0193719789053785,0.0137008766414994,97.12509422302246,-0.001359032937131,0
2023-08-18,0.0028161421995516,0.0132876309096617,182.62578506469723,-0.0037010547342268,-0.0189347813954712,0.0182549972793117,128.02626304626466,-0.0031835597894503,-0.0087348641391712,0.0121711116746557,157.62537841796876,-0.0015518424003502,0.0022875462904881,0.0098728474636983,144.92496871948242,-0.0071455262173316,-0.0011462339220831,0.0099275429199647,388.4932174682617,-0.0014067936091144,-0.0012622736212949,0.0141202645115697,321.45198516845704,-0.0023931391146515,-0.017014851321818,0.0218887352939442,249.04950103759765,-0.0234320447121622,0.0033702095167376,0.0078288320169865,233.655428314209,-0.0015258713389424,0.0143874602263363,0.0077911507782404,51.50051708221436,-0.004019051749549,0.0151292780125513,0.0139708033338217,97.44405975341796,-0.00143887856978,1
2023-08-21,0.0077367231209155,0.0134329882996455,181.80368270874024,-0.0040323528059487,0.0071395452957252,0.0181475370467643,128.36525688171386,-0.0044880191405704,-0.0297989857024464,0.0138903482603888,157.45451431274415,-0.0070399673665087,0.0034237615903864,0.0085858155216289,144.52617645263672,-0.0068751662065391,0.0026265459059717,0.0089150176691515,387.92396240234376,-0.0027043275815613,0.0170625758459284,0.0147949195664846,320.3506164550781,-0.0008684139872138,0.073274828918382,0.0270400155612144,247.1605010986328,-0.0063950476386921,0.0054164470629982,0.0077963365356124,233.6148796081543,-0.0028255163318041,-0.0026594522459418,0.0076894871957494,51.48067455291748,-0.0030621035550058,-0.0120866642486749,0.0140631906016599,97.62865028381349,-0.0040171532626445,1
2023-08-22,0.0079050084385821,0.0135724531476296,181.00731353759767,-0.0002112564475237,0.0055308167863126,0.0181470378814156,128.7057373046875,-0.0010213895602836,-0.0079475210424294,0.013816023022377,157.1627174377441,-0.0080528966940581,-0.0207387608342872,0.0094412262010338,144.03751602172852,-0.0059315010828617,0.0118005821320279,0.009208287305751,387.7550033569336,0.0017281282010531,0.0018018703811635,0.0140710276072837,318.9909210205078,0.0008375099650348,0.0082584039786857,0.0272020690339743,245.55600128173828,0.0009289621099678,0.0046353754315082,0.0076053379294769,233.72886581420897,0.0006293688545373,-0.0031743001668984,0.0077148987670268,51.45483455657959,-0.0026719822832192,-0.0056113125661927,0.0141658418842995,97.7781867980957,-4.766634104558242e-06,1
2023-08-23,0.0219488829478933,0.0146792443028366,180.3596229553223,0.0051702941371235,0.0254881494815644,0.0139622246598365,128.859375,0.0057406477477771,-0.0089746677812937,0.0138768252537229,156.7875518798828,-0.0092117661088253,0.006763123428116,0.0094829611874919,143.5511962890625,-0.0037302654699922,0.0080936697003124,0.0093790345491964,387.6886947631836,0.0033874392496721,0.0140793873774203,0.0121967857837007,318.4986846923828,0.0041390552983682,0.0157382311871088,0.0276348647850403,244.18150100708007,0.0103952900079645,0.007191139350452,0.007548060360676,234.0052627563477,0.0025178669848891,0.0069422745302853,0.00784350174688,51.43744602203369,-0.001383998430522,-0.0087880159015565,0.0142695628770037,97.91108894348145,0.0016030528403011,0
2023-08-24,-0.0261704435459309,0.0155324014250803,179.54100875854493,0.0028472626322023,-0.0195662091933562,0.0147205035811693,128.8782081604004,-6.849580504504349e-05,0.0034036209797807,0.0138188203293535,156.39360580444335,-0.010410483537112,-0.0009499843051842,0.0093202325274275,143.13976516723633,-0.0018428627660961,-0.0084526368439068,0.0084385380228194,387.8443923950196,0.0025843853944644,-0.021498482691086,0.0122499808963913,318.00669860839844,0.0020366154584262,-0.0287934109036759,0.0274436483980334,242.89800033569333,0.0102926403717365,-0.011679683892723,0.0075885680192283,234.27309341430663,0.0017866974937946,-0.0076535018981728,0.0079834928441964,51.409824752807616,0.0015684960891217,-0.0074661776655488,0.014400955764205,97.99258499145508,-0.0037645784738843,1
2023-08-25,0.01264303441236,0.0154811451151171,178.70380554199218,0.004812641074764,0.0007702975906078,0.0135673261075956,128.74439392089843,0.0038725199921707,0.0143378577150223,0.0142462952367624,156.0718994140625,-0.0057959391662733,-0.0012225698145155,0.0091118531460759,142.67825164794922,-0.0025448859870969,0.0131265584887918,0.0088280391352978,388.3321136474609,0.0054389438766394,0.0094070476425971,0.0111325442322945,317.28838500976565,0.0041704797112046,0.0371674634902419,0.0270303968546292,241.5055000305176,0.0211291033341485,0.0129453390604434,0.0079814878969104,234.6286903381348,0.0037017234025358,0.0059278338515322,0.0080298398075845,51.38516082763672,-0.000123429185839,0.0178655593962244,0.0145381957808898,98.2177116394043,-0.0032173221971497,1
2023-08-28,0.0088461590701247,0.0156782671083706,177.91404342651367,0.0050345282646058,0.0087003653667498,0.0137332098224479,128.65964431762694,0.0041846840063757,-0.0117893367441324,0.0114221284657711,155.9781234741211,-0.0021940093746104,0.0034682433323689,0.0089548378367066,142.19146347045898,-0.0025359896387004,0.0112933760121747,0.0091002016204464,388.97848052978514,0.00717230989788,0.0022293929310348,0.0111064510175077,316.7249816894531,0.0012038431282259,0.0009640428763089,0.0269897947920443,240.07500076293945,0.0066669461257338,0.0051942849632702,0.0078681509143382,234.94921340942383,0.0036572909825902,0.0057027551247192,0.0081470394608925,51.37587356567383,0.0015490122882931,0.0084065226244745,0.0131646940553514,98.34502754211424,0.0008813151774801,1
2023-08-29,0.0218102551195633,0.0167157909786398,177.35974502563477,0.0078155776008021,0.0271736710124439,0.014902436689426,128.809317779541,0.0085132548516019,0.0001215804736929,0.0112411739650532,155.82296981811524,-0.000580189071386,0.0081322375616366,0.0093038268964686,141.79735107421874,0.0032382100404843,0.0103327920932951,0.0092299992547937,389.69458923339846,0.0068787518901334,0.0145505012343305,0.0116751814708796,316.3716125488281,0.0037535692988593,0.0768779197240256,0.0322374898224963,239.8805000305176,0.0203908492748018,0.0061928550194025,0.0077687207390126,235.2434860229492,0.003968786900169,0.0083794331318904,0.0082865198524516,51.40021495819092,0.0038597589480509,0.0059544920473428,0.0130900943736234,98.53002548217772,0.0031944761001873,1
2023-08-30,0.0191722154230882,0.017124970639685,177.1291465759277,0.007260244095841,0.0097346432590768,0.0137505400264791,129.18102226257324,0.0053625536071044,-0.0035300342738774,0.0111310350974665,155.59432983398438,0.0005087376300972,-0.004033209302295,0.009088762689573,141.45847244262694,0.0010789434944021,0.0054899984974106,0.0080156373073094,390.86796875,0.0063580176495531,0.0011571113223676,0.0100495076702317,316.4686248779297,0.0011691140878488,-0.0010887269121663,0.0316372164664928,240.0199996948242,0.0170254576549468,0.0036275669941132,0.0073739482482406,235.6898292541504,0.0032560724289013,0.0071852598743584,0.0084203608870368,51.4413990020752,0.0039083560168655,0.0097441301191953,0.0127382128563307,98.82397270202635,0.0069009053043376,0
2023-08-31,0.0011723307222617,0.0170674542414897,176.97893524169922,0.0127287989494796,0.0021339646255371,0.0137406101571632,129.56362800598146,0.0097025883708831,-0.0125204808433421,0.0113093861648187,155.23766326904297,-0.0026760827345273,-0.0123513834935701,0.0091223088381467,140.9894706726074,-0.001201336343275,-0.0030681808970273,0.0080465884417803,391.8321151733399,0.007434908838929,-0.0031327258013974,0.0100589749631749,316.55625,0.0048422654657865,0.0045931985356788,0.031319711621191,239.95799865722657,0.0237027795428178,-0.002233587457485,0.0073907149718133,236.05059738159176,0.0051452917159489,0.0087470914839087,0.008601995940295,51.50476379394532,0.0071884746932818,0.0027957128781146,0.0122856543741557,99.04928398132324,0.0089532834130703,0
2023-09-01,0.0084633522724704,0.0130095113875981,177.3598861694336,0.0118928625215017,-0.0037450261989041,0.0137665824995946,129.93780975341798,0.0087995236129807,-0.0074221010744676,0.0112530589924813,154.8989227294922,-0.0070280744924253,0.0033482968342726,0.0092396197350536,140.55884857177733,-0.0002871630135173,0.0071005635609304,0.0079485570567403,393.02170257568366,0.0062297098533567,0.0027458616146618,0.0100490299550027,316.6332214355469,0.0035100282601994,-0.050643183297632,0.0330294097386684,239.5154983520508,0.006140650185243,0.0098908580755414,0.0076194978031568,236.51910629272464,0.0045343955189685,-0.0063958353454965,0.0086296903642354,51.56613330841064,0.004723740853876,0.0209550577521082,0.0129723956149053,99.36727714538574,0.0095711830842471,1
2023-09-05,0.0012669922541792,0.0121880277588725,177.9075164794922,0.0103770291583126,0.0008106692424101,0.0125832515031024,130.1479454040527,0.0072215843881127,0.0012462152458438,0.0094750117667045,154.38342819213867,-0.00442096409443,-0.011033633347651,0.0092178109511783,140.01776504516602,-0.0031875383495213,-0.0097936417207372,0.0079933358235032,393.7402709960938,0.0020123063067743,0.014878485695646,0.0104680602134348,316.8357391357422,0.0060398468131217,0.0468552140113562,0.0346539115919629,239.76749801635745,0.0153188844122524,-0.0111643917130119,0.0078794771772218,236.7288314819336,0.001262660183712,-0.0080460379477916,0.0083503905888957,51.57177543640137,0.0019739822393738,8.820822564925557e-05,0.0129351772459596,99.6956771850586,0.007907520204482,0
2023-09-06,-0.0357934445273737,0.0149467630529541,178.07304458618165,-0.0011437107710748,-0.0096484926327857,0.0128259368670978,130.29960174560546,-0.0001428483409331,-0.0166167548976942,0.0098779810600805,153.7410758972168,-0.0077686311687074,-0.0016531070577097,0.0092189360305434,139.5066360473633,-0.0051446072733906,0.0040825534032653,0.0075621799688331,394.7220993041993,0.0007622585687683,-0.002008647689999,0.0100409277107686,317.2037689208984,0.0027280170282558,-0.0178174285135015,0.0348786024417734,239.87849807739255,-0.0036201852352529,0.0033424018803367,0.0075241082658783,237.08720169067385,0.0006925695558988,0.0074873159138746,0.0085099520686673,51.59426250457764,0.0017955587957707,0.008632075193643,0.0129851129223301,100.04479331970217,0.0084430368337421,0
2023-09-07,-0.0292493486337317,0.0162890811861026,178.05380477905274,-0.0108280235824388,0.0059497259151046,0.0123970075367484,130.57714080810547,-0.0008998318097275,0.0127839993436589,0.0105624870723323,153.19696502685548,-0.0045058244452002,-0.0085541463125022,0.0090081976169269,139.0352928161621,-0.0060487946754321,0.0034852644885134,0.0075588175679805,395.7510803222657,0.0003613117669889,-0.0089219725640282,0.0098698771844393,317.6130126953125,0.0007122002509766,-0.0017068620153484,0.0341163955773098,240.34349822998047,-0.0037438122558893,0.0039810377220605,0.0075436213369168,237.4705848693848,0.0007632637014883,0.0123861697002074,0.0089175112058269,51.64493255615234,0.0028357407609405,-0.0048905253304066,0.0127118729958621,100.28560180664064,0.0055161057438217,1
2023-09-08,0.003491631718876,0.0163042364319661,178.0760238647461,-0.0103641633831159,0.0082803277031733,0.0124605912701801,130.90870056152343,0.0003294408057996,0.0033118857569383,0.0106612093359305,152.71853637695312,-0.0013393511251441,0.0007654294020384,0.0090466871922714,138.57986450195312,-0.0034254320963103,0.0005304186755927,0.0074275153148524,396.6204315185547,0.0010810316815129,0.0132156625553141,0.0102220707332059,318.2014755249023,0.0039818779223189,-0.0118891623040875,0.0341642592622977,240.50149841308595,-0.0070402844238426,0.0006069687732315,0.0075330328333821,237.81969299316407,0.0013313749476316,0.0018352412740811,0.0089120641421529,51.70175457000733,0.001453370718975,0.014567856189799,0.0129888398588949,100.57677955627442,0.0078705344061585,1
2023-09-11,0.006622576858557,0.0163663869724693,178.1535430908203,-0.0107323184658986,0.0039594805109195,0.0124346344205266,131.27346649169922,0.0018703421477643,0.013078996624692,0.0108948254393396,152.2600425720215,0.0027608684146877,0.0043804287885955,0.0089776575097631,138.1122688293457,-0.0032190057054457,0.0044597001154784,0.0072179366470957,397.6867401123047,0.0005528589924225,0.010979187032085,0.0102404385361689,319.0633575439453,0.0056285430058035,0.1009254992847712,0.0406212993335296,242.047998046875,0.023273452092638,-0.0002831054774263,0.0075301745563368,238.1712501525879,-0.0007034177629618,0.0034805203737313,0.0088610582898799,51.75258674621582,0.0034286418628205,-0.0125421110648175,0.0130716191822668,100.7244930267334,0.0011711006427734,0
2023-09-12,-0.0170605165770004,0.016681546320005,177.99751739501954,-0.0143978202321345,-0.0115394980684866,0.0125565459102954,131.4722038269043,-0.0005996913144149,0.0056562699338482,0.0110620544699487,151.8627815246582,0.0036428793522886,0.0130137909829706,0.0096317601586416,137.71768951416016,0.0015904791606785,-0.0010080005570842,0.0070986737658901,398.5556045532227,0.0023099872251531,-0.0182577250146257,0.0111202227599925,319.47523345947263,-0.0009986991362507,-0.0222968633867017,0.0409379576657681,243.4339988708496,0.0094430366130263,0.0003236497455521,0.0071215294300293,238.3866897583008,0.0015941905287509,0.0010952579781697,0.0086354989861569,51.82575912475586,0.0052569010480128,0.0291696802223546,0.014455295256076,101.01998748779296,0.0069873950421145,1
2023-09-13,-0.0118548813872051,0.016703740927702,177.83754272460936,-0.0096101076041008,0.010122632919628,0.0122807947112138,131.81565780639647,0.0033545337960677,0.0025063512933105,0.011117812182153,151.50734176635743,0.0074675005904896,0.0004782796013194,0.0080260420037516,137.51080398559571,0.0020167564924843,7.194474941774054e-05,0.0064838759280813,399.6287872314453,0.0015078654943836,0.0129306286655621,0.0112373819182668,320.20357818603514,0.0019891561348614,0.0142813543058957,0.040142709586852,245.3509979248047,0.0158627931769058,0.0021432731743302,0.0063671293527905,238.77840042114255,0.0013543647875496,0.0002430607202774,0.0085034736243254,51.9128532409668,0.0038080500092934,-0.008937154332309,0.0131359440738788,101.3975616455078,0.0034735491369241,1
2023-09-14,0.00878256252713,0.0168054271076047,177.79656066894532,-0.0020037253719284,0.0101674646536076,0.0121039722690528,132.28152770996093,0.0041980815437683,-0.0015246536935822,0.0111165555004628,151.1655601501465,0.0046057699830413,0.0193975800868952,0.009242510534161,137.46680450439453,0.0076071017723638,-0.0071103015006938,0.0068228250636174,400.5605163574219,-0.0006112477034578,0.0078557518218032,0.0112436197477873,321.09932098388674,0.0053447010120277,0.0174715111140006,0.0390550749874386,247.872998046875,0.0196984678027756,-0.0255419844794124,0.0087895041307853,238.8866065979004,-0.0045502396527449,0.0041930315229852,0.0085162009856739,52.00982303619385,0.002169422373849,0.0178634304122955,0.0125494043065816,101.95298080444336,0.0080243402854645,0
2023-09-15,-0.0041538135812286,0.0164925822256088,177.84643096923827,-0.0035328144319494,-0.0050687918613965,0.0121690374648082,132.65224075317383,0.0015282576308544,-0.0139856022812731,0.0110676102794104,150.64390869140624,0.0011462723753991,-0.0029480564767853,0.0089594286591121,137.4752296447754,0.0068644045965991,0.0023468874822847,0.0066323537982416,401.6258422851562,-0.0002479539421194,-0.0250370434593247,0.0125196447379534,321.75228118896484,-0.0023058401909,-0.0059773722844812,0.0381879514975363,250.63149871826167,0.0208808258066969,-0.0017802644472117,0.008579313187139,239.06777267456056,-0.0050276862968336,-0.0036913355322255,0.0064933713851853,52.15471057891845,0.0010641070125876,-0.0153561609569375,0.0129274899340978,102.33146743774414,0.0020395368561172,1
2023-09-18,0.0169132330010142,0.0168966757832257,178.01825714111328,-0.001474683203458,0.0058950185659025,0.0110414384474203,133.1850158691406,0.001915365241851,0.0063177690236673,0.0111911196627434,150.23894653320312,-0.0002059731448058,0.0020831263588434,0.0089569164214966,137.48225021362305,0.0064049441106486,0.0068066473201535,0.0066271951198791,402.8517822265625,0.0002214354988155,-0.0035127252507926,0.0125618626585785,322.3680419921875,-0.0052042226474755,-0.0332009744626197,0.0389972418341094,253.1209983825684,-0.0059444689427812,0.0148918356776956,0.0091295316342344,239.38554611206052,-0.0019926980658092,-0.0074100239491493,0.0062750290452325,52.24358615875244,-0.0011140018519884,0.0080549522232495,0.0126951537639811,102.67803344726562,0.0061589495137306,0
2023-09-19,0.0061807355498999,0.0168681867445181,178.17773971557617,0.003173567221922,-0.0012298791350258,0.0110792883601806,133.66426620483398,0.0039772890285431,-0.0016618604104425,0.0091744814920964,150.05698013305664,-0.001669599213664,-0.0012741889028498,0.0089263944459638,137.45650405883788,0.0035473481334846,-0.0086303903631937,0.007129472886923,403.8503128051758,-0.0013030424624063,-0.0012460560426802,0.012065746418103,322.6994171142578,-0.0018018888530864,0.0045989189773711,0.036159349396375,254.88199844360352,-0.0005653124699666,-0.004495968060374,0.009168134304564,239.58629608154297,-0.0029566216269944,-0.0002447688675339,0.0062090374801581,52.33861351013184,-0.0013820072211292,-0.0026352038862608,0.0122558160694348,103.07111282348632,-0.0002020273079924,0
2023-09-20,-0.0199922149717087,0.0174157711158225,178.09182586669922,0.0015461005050213,-0.0311501764900844,0.0135255590897378,133.89522018432618,-0.0042772728533993,0.0043774312124504,0.0091082929753251,149.96869964599608,-0.001295383229836,-0.004229877328304,0.0075843778848282,137.5463737487793,0.0026057167475599,-0.0072789553523346,0.0071026734731166,404.47310333251954,-0.0027732224827567,-0.0239767373212861,0.0133016448368423,322.61669769287107,-0.0091833620504561,-0.0146716835351196,0.036503130397366,256.35199813842775,-0.0063559200381697,-0.0069799622929516,0.0092854932389674,239.6494575500488,-0.0047812687204508,0.0032437832055811,0.0061006341701269,52.450314331054685,-0.0007818627240685,-0.007926357005053,0.0123607940136368,103.44960021972656,1.3215745873207398e-07,0
2023-09-21,-0.0088894089690763,0.0166877280632539,177.73681640625,-0.0019882937942199,-0.0246750884866622,0.0135647967143903,133.79956741333007,-0.0112457834814532,-0.0076729948379806,0.0090493418357975,149.89099578857423,-0.0025250514587157,-0.0078222649165884,0.0076693230128375,137.53560791015624,-0.0028382522531368,-0.0174413879249765,0.0080981003079943,404.586068725586,-0.0048394397676133,-0.0038656818185351,0.012888102264467,322.2510589599609,-0.0115276487785237,-0.0262386209898972,0.0371492627247146,257.29399795532225,-0.0150979464589493,-0.0217067778831056,0.010345965657751,239.37085571289063,-0.0040142274011894,-0.0121407603638175,0.006770549676423,52.51215438842773,-0.004048621101429,-0.0140892493042659,0.0126967088499651,103.79662284851074,-0.0063904037858535,0
2023-09-22,0.0049446246107944,0.0157277608058354,177.65830917358397,-0.0001686061558152,-0.0014563257467888,0.0128193178265798,133.82286071777344,-0.0105232902585317,-0.0071755958959364,0.0091193630804917,149.7341163635254,-0.0011630501816483,-0.0095827105321082,0.0079600445341502,137.46539764404298,-0.0041651830642014,-0.002826100652715,0.0078719795987756,404.80954895019534,-0.0058740373946132,-0.0078866349157692,0.0120873730148274,322.1061737060547,-0.0080975670698126,-0.0423151826146475,0.0379019220730071,258.03599853515624,-0.0223655085249825,-0.0064663834265339,0.0101297603305016,239.1559051513672,-0.0049514511970538,0.0026556958735244,0.0064443062129554,52.600544166564944,-0.002779214820279,0.0015682592606496,0.0124437371116102,104.1883331298828,-0.0030055197423361,1
2023-09-25,0.0073802665895326,0.0155421435971092,177.53339004516602,-0.0020751994381116,0.0066023806296129,0.0128976472114256,133.88381958007812,-0.0103818178457896,-0.0014952720289658,0.0083738279191207,149.45773468017578,-0.002725658392175,0.004940838895701,0.008048673745346,137.43731460571288,-0.0035936405568298,0.000671202056458,0.0073006456733106,404.7899017333984,-0.0071011264473523,0.0016720160099736,0.0118791964774695,321.83990173339845,-0.0070606188176594,0.0086164675280913,0.0371081593183065,258.45599899291994,-0.0140020201268403,-0.0073165931841225,0.0096778881637921,238.70495071411133,-0.0093931369694175,0.0044348049419529,0.0064016457688311,52.685533905029295,-0.0004102490420585,0.0112234367782204,0.0121380904284298,104.55222778320312,-0.0023718228313419,0
2023-09-26,-0.0233984622049918,0.016170688864301,177.1270309448242,-0.0079910389890899,-0.0193727719304507,0.0134785756141155,133.76289291381835,-0.0140103964048746,-0.0077373476346307,0.0081658494544279,149.2145736694336,-0.0039407558370126,-0.0103790184290933,0.0083102309203159,137.31421356201173,-0.0054146064620786,-0.0176649329776882,0.0077929225790655,404.1975646972657,-0.0089080349702512,-0.0170058129831799,0.0123902582055294,321.27406616210936,-0.0102125702057593,-0.0116199453910941,0.0372396508780197,258.7209983825684,-0.0172457930005334,-0.015898259790942,0.0100090027374303,238.0106483459473,-0.0116735953155311,-0.0034952443983318,0.0064260499315973,52.74672679901123,-0.0010603441482181,0.0015484969970744,0.0120929071745955,104.88283271789552,-0.0015350826546748,1
2023-09-27,-0.0088973877800713,0.0151986141911436,176.45108337402343,-0.0057720735507624,0.015322131259619,0.012398833350223,133.56316223144532,-0.0047159348549339,-0.0120112216897211,0.008476221946117,148.8823616027832,-0.0072184864174469,0.0058648094339002,0.0081956885840269,137.1747299194336,-0.0033956691096377,0.0002527746476692,0.0072996057821115,403.4033584594727,-0.0074016889702504,0.0020822056259199,0.0118282097904333,320.50950012207034,-0.0050007816163181,-0.014828753029631,0.0328929124668525,257.8869987487793,-0.0172772068994357,-0.0006529238067839,0.0097948839260036,237.23506927490237,-0.0104081876182976,-0.0048001238966182,0.0063257404606319,52.77376174926758,-0.002669125568658,0.0325574840900158,0.0137509023924924,105.35662536621092,0.0065616855643388,1
2023-09-28,0.0015255098594664,0.0142828027513183,175.6136787414551,-0.0036890897850539,0.0135592800601422,0.0126080713828551,133.38623123168946,0.0029309388544269,-0.0014636517706482,0.0084717973297516,148.56630172729493,-0.0059766178039804,0.0124160647967748,0.0086839306576951,137.1480499267578,0.0006519968330348,0.0100132223427427,0.0076067136856145,402.6926528930664,-0.0019107669167066,0.0027175177791758,0.0118577862580402,319.7679397583008,-0.0036841416967759,0.024449084751819,0.0334556564429995,257.3609992980957,-0.0071396657510924,0.0094117626291041,0.0100906781318868,236.52167434692385,-0.0041844795158556,0.0050705452595596,0.0062256676371255,52.795454597473146,0.0007731355560173,-0.0060732741764716,0.0138947666786541,105.74833602905274,0.0081648805898977,0
2023-09-29,0.0030466440249703,0.0143289339576068,174.7910888671875,-0.0040686859022187,-0.0109591132184181,0.0127618704398053,133.1230667114258,0.001030381360101,-0.0072030329891321,0.008206868095935,148.29268951416014,-0.0059821052226196,-0.0174129457629739,0.0091207866039593,137.08673324584962,-0.0009140502131382,-0.0088374540616029,0.0077670340337592,401.8709411621094,-0.0031130375984842,0.0067276238200044,0.0120246580751456,319.180078125,-0.0007612899496211,0.0155856654833539,0.0336519682607485,256.9680000305176,0.0044405038685078,-0.0071226690486246,0.0101303680320656,235.75441665649413,-0.0043157366402738,-0.0160575832562673,0.0069146778826365,52.75206890106201,-0.0029695202699409,-0.0158198488022135,0.014574489020819,106.03972549438475,0.0046872589773251,1
2023-10-02,0.0148354240830248,0.0146991878846143,174.0154037475586,-0.0025776544035203,0.0252940240903534,0.0141214658307602,133.0492202758789,0.0047687100522491,-0.0038523971450198,0.008117281424224,148.0467613220215,-0.0064535302458304,-0.0086197294355836,0.0092528739103111,136.94397354125977,-0.0036261638793951,-0.0001515245559626,0.0074819716665462,400.9023742675781,-0.0032775829209683,0.0191605216955352,0.0128806692894437,318.8442947387695,0.0027364111874911,0.0055151661581012,0.0315722477894664,257.2975006103516,0.0038202435945098,0.0054781973962538,0.0098741262259715,234.929874420166,-0.0017567785241985,0.0010629868907614,0.0067975802630378,52.728271865844725,-0.0036438838801792,-0.0165844022864792,0.0145438383198705,106.13594398498536,-0.0008743088356148,0
2023-10-03,-0.007769851811747,0.0146606500224491,173.1612091064453,0.0005480676751286,-0.0129683512933013,0.0143899419065991,132.8836898803711,0.006049594179679,0.001224549434549,0.0081168751497769,147.80037155151368,-0.0046611508319944,-0.0073727308275269,0.0090786841621439,136.82742462158205,-0.0030249063590819,-0.0121004925647539,0.0076184697599872,399.89844207763673,-0.0021646948383815,-0.0261342472959168,0.0134748811138286,317.85750885009764,0.0009107243249437,-0.020151062008054,0.0300569160072789,256.7995010375977,0.0021140202711178,-0.0106371044739658,0.0098531583803386,234.12050857543943,-0.0007045474608032,-0.0063086693369748,0.0067056754480199,52.70916919708252,-0.0042065688679078,0.0017295846146478,0.0145429287956473,106.24082565307616,-0.0008380913121001,1
2023-10-04,0.0073085233301728,0.0129073835140832,172.70448608398436,0.0037892498971774,0.0212188055497304,0.0150692759885904,132.92234802246094,0.0072289290377013,0.0011588654805938,0.0073274227106895,147.68548202514648,-0.0020271333979314,0.0044844780499515,0.0091526645158439,136.75206604003907,-0.0033009726358716,0.0069042028743149,0.0077716905174129,398.9446075439453,-0.0008344091930523,0.0177734368005844,0.014256809141613,317.17615661621096,0.0040489705598766,0.0593437105230745,0.0326969769282647,257.26150131225586,0.0169485129816589,0.0105328698214135,0.0102371742712678,233.38899459838868,0.0015326112648362,0.0120058041643316,0.0070507897634517,52.70156059265137,-0.0008453832557179,-0.0373824027081312,0.0167599395155117,106.10356674194335,-0.0148260686717295,0
2023-10-05,0.007198194823464,0.011421056331137,172.57364196777343,0.004923786889977,-0.0012571156685284,0.0150155936998627,132.91293182373047,0.0042656498919671,0.0104166533764573,0.0071129575543175,147.55213623046876,0.0003489276314896,0.0042164634694072,0.0090068658217754,136.76303939819337,-0.0049408929013451,0.0025687589583673,0.007737943706475,397.9697235107422,-0.0023233018699274,0.0012540422117,0.0141795181961838,316.65975494384764,0.0037562754463814,-0.004250328739376,0.0327182987242085,257.6895004272461,0.0112086302834199,0.0097741228045051,0.0105252490536161,232.72015380859372,0.0016050832999164,-0.0119253587494319,0.0068743138553915,52.6304931640625,-0.0042445640575162,-0.0225111344375625,0.0174146308407976,105.87738723754885,-0.0181136407239477,1
2023-10-06,0.0147504052452325,0.0119051891002617,172.53957443237306,0.0072645391340294,0.0185828911440497,0.0154827220285585,132.97240447998047,0.0101740507644607,0.003181916185093,0.0071089780069592,147.41740646362305,0.0024259174663346,0.0153955271808594,0.0096342932188149,136.87259902954102,0.0016208016874215,0.0095638199594703,0.0081708339437845,397.1694763183594,0.0013569529342871,0.0247370698002762,0.0150191988047023,316.3166305541992,0.0073581646424358,0.0018458412184594,0.0325514484119679,258.29100036621094,0.008460665430441,0.0066816736651869,0.0107142688318769,232.120352935791,0.0043659518426787,-0.0167840429830765,0.0076401202284946,52.51134548187256,-0.004389856002878,-0.0166987382958894,0.0172441833059215,105.49251670837404,-0.0182894186226829,1
2023-10-09,0.0084510213108963,0.0119666055076846,172.52130508422852,0.0059876585796037,0.0061054950686429,0.0155149801300979,133.04674530029297,0.0063363449601186,0.0057091568040386,0.0065126043686158,147.2273094177246,0.0043382282561463,-0.0022744040115865,0.0096209092971963,136.9371078491211,0.0028898667722209,-0.0081163392365083,0.0081338432739267,396.1194839477539,-0.0002360100018219,0.007822469194979,0.0149033597066792,315.919172668457,0.0050905541423245,-0.0033009072106549,0.022951976360449,257.5955017089844,0.0066974507566897,-0.0025528632899546,0.0107017628238032,231.49460067749024,0.002759739705437,-0.0036442988368737,0.0075231537873733,52.37374267578125,-0.005331313148405,0.0349910198876959,0.0191259083157291,105.3447696685791,-0.0079743341878478,1
2023-10-10,-0.0033520282278605,0.0113149430680638,172.6244987487793,0.006871223296381,-0.0026008253555671,0.0152719109926813,133.18154907226562,0.0084098501476655,-0.001135161739167,0.0063067105901025,146.98645706176757,0.0038662860214031,0.0060786424577534,0.009265265018703,136.9551155090332,0.005580141429277,0.014262645301593,0.0089652315406564,395.36704711914064,0.0050366175714474,-0.0043355043305894,0.0143760504229503,315.7537307739258,0.00945030273539,0.0152115434405073,0.0227686275388762,257.40250091552736,0.013769971846402,0.0092135769275683,0.0110095939736552,230.9706932067871,0.0067298759857438,0.011293671212033,0.0081112167539592,52.26171798706055,-0.0018108450386035,-0.0042373840064678,0.0177362925430873,105.02373847961424,-0.009167727912071,0
2023-10-11,0.0079040068241365,0.0110244720523753,172.90050659179687,0.0069903199951737,0.0180358203130444,0.0156164100860231,133.3718620300293,0.0077732531003283,-0.013766269538508,0.0067807427964868,146.6261001586914,0.0008812590175827,0.0034330506248045,0.0092939191388329,136.99342422485353,0.0053698559442476,-0.0013988783868409,0.0089547939950061,394.5855911254883,0.0033760013192162,0.0122716322261915,0.0143445771389198,315.5755569458008,0.0083499418205114,-0.0023898220714724,0.0225033234263724,256.9870010375977,0.0014232653274926,-0.0038886074588873,0.0109683004220115,230.37578506469723,0.0038455805296836,0.003997381330218,0.0082114825757754,52.15924453735352,-0.0034125296054262,-0.035853270141462,0.0191782068712109,104.57001037597657,-0.0088619013987371,0
2023-10-12,0.0050612079333767,0.010928535373303,173.14590148925782,0.0065629226171563,-0.0112417932412112,0.0157245694757597,133.4149787902832,0.0057763175857917,0.0009603682664511,0.0068205660137222,146.28420028686523,-0.0010099980044184,-0.0023267044693406,0.0081454018983035,136.8827682495117,0.004061222356498,0.0002250931098697,0.0088804307561037,393.9539459228516,0.0029072681495167,-0.0037902239474031,0.0142257126650579,315.2064895629883,0.0073410885886908,-0.0156659769199419,0.022265954986064,256.1285003662109,-0.0008598643086205,0.004667474583992,0.0096183129692311,230.14468002319336,0.002824250885581,0.0045501297234111,0.0082258664055224,52.05725612640381,-0.0001174319108576,-0.0001876699064666,0.0184937212286923,104.02052040100098,-0.004397208492518,0
2023-10-13,-0.0102925614328389,0.0111776427666465,173.33550338745118,0.001554329281542,-0.0115850610934071,0.0159109441297104,133.412996673584,-0.0002572728616996,0.0033262798318582,0.0063398340989454,146.07195510864258,-0.0009811252750653,0.0150198046896066,0.0088523241962479,136.8959716796875,0.0039860778582474,-0.0046759338233999,0.0088574002094343,393.1826797485352,5.931739294271488e-05,-0.0103572705778339,0.0132682669725311,315.0846145629883,0.0003222205130688,-0.0299378071857716,0.0230663682171843,254.96499938964843,-0.0072165939894667,0.0037587094998672,0.0096725077458282,229.97820281982425,0.0022396580525171,0.0055364256946606,0.00837804017027,51.9793888092041,0.0043466618246898,0.0319339152218647,0.0200798338024508,103.7090675354004,0.0053293222110328,1
2023-10-16,-0.000727104585908,0.0105460810640814,173.3725341796875,-0.0002812958978188,0.0126674006579023,0.0161114342447332,133.45710678100585,0.0010551082561522,0.0043354030116844,0.0062268998520561,145.84402236938476,-0.0012558760335362,-0.0010136819734613,0.0088434777159519,136.88759155273436,0.0042382222658725,0.0078636861309318,0.0089150074339033,392.42685852050784,0.0032553224664307,0.0149814853796375,0.0136705457254874,315.2598449707031,0.0017540237500004,0.01115006015531,0.0222458349238794,254.3969993591309,-0.0043264005162737,0.0100980631775051,0.0093196631787516,229.7534606933594,0.004769843346009,0.008634313821249,0.0085436196602251,51.94361190795898,0.0068023843563143,0.0007278904235583,0.0199373221193843,103.35839614868163,-0.0015233036817946,1
2023-10-17,-0.008784602801597,0.0106346737642369,173.277734375,-0.0013678108125661,0.0044570932014333,0.0161304994682593,133.5403678894043,0.0024666919675523,-0.0091411978550598,0.0064559800874707,145.56210479736328,-0.0028570832567147,-0.002164358378875,0.0088523422792815,136.87301635742188,0.0025896220985468,0.0015204709113854,0.0087962255561002,391.8778564453125,0.0007068875883892,-0.0017433975249996,0.0136745898474092,315.42675933837893,0.0022724451111184,0.003662602163188,0.0222323026779987,253.81449966430665,-0.0066361887717375,0.0047070659211203,0.0093601430596625,229.637907409668,0.0038685411447195,0.0013025981655312,0.0085544414634777,51.91188201904297,0.004804169747014,0.0130970627474387,0.0202678085242016,103.08752746582032,0.0019435856689866,0
2023-10-18,-0.0073949892081357,0.0097551839569973,173.29501571655274,-0.0044276100190206,-0.0125963397930061,0.0146677953818952,133.7495132446289,-0.0036597400536577,-0.0215259900776396,0.0076234830346095,145.09239501953124,-0.0044090273645411,-0.0109807142158353,0.0091433332876297,136.81154174804686,-0.0002931308695811,-0.0213057001283744,0.0097975143145405,391.05565490722654,-0.0032744767599174,-0.0058725447315188,0.0125114563590669,315.88392944335936,-0.0013563902804236,-0.0477536320826733,0.0243541481792313,252.8189994812012,-0.0157089507739777,-0.0154643164552612,0.0098512873031204,229.4229606628418,0.0015533993454447,0.0007434047734249,0.0085139712339014,51.87351531982422,0.0041533744356553,0.0140046839990402,0.0205444220414529,102.93020401000976,0.011915176497087,0
2023-10-19,-0.00216100810958,0.0095408887596894,173.37056045532228,-0.0058720532276119,-0.0015223366612433,0.0133331488137306,134.1118019104004,-0.0017158487376641,-0.0026844037603088,0.0075504613132939,144.66144409179688,-0.0051379817698931,-0.0042493172304551,0.0090249211632849,136.77512969970704,-0.000677653421804,-0.0135805626840594,0.0095118261658157,390.3224655151368,-0.0060356079187033,0.0036654624106191,0.0124543373693341,316.46102142333984,0.0001347469911808,-0.0930031018073377,0.0312205586207268,251.03949966430665,-0.0311763757514569,-0.0154126677283767,0.0092316268137818,229.28586349487304,-0.002462629117029,-0.0047664365148816,0.0081437583065679,51.85489902496338,0.0022900611879968,0.0006200551398771,0.0203247030029246,102.85085906982422,0.0120767215063558,0
2023-10-20,-0.0147041702707163,0.0100549011157549,173.2762535095215,-0.0067543749951874,-0.0156079889694484,0.0139337007002178,134.3769500732422,-0.0025204343128724,0.0044642290135155,0.0076549918733524,144.31539154052734,-0.0049103919335616,-0.0161054818464334,0.009486869302858,136.69438095092772,-0.006902710729012,-0.0089204198858986,0.0096417881035155,389.4750793457032,-0.006884505131203,-0.0140346410427653,0.0127798867214616,316.9338577270508,-0.0006007271018054,-0.0368906233004917,0.0309196492790865,249.3949996948242,-0.0325669389744009,-0.0018390836463838,0.009133121941111,229.2026268005371,-0.0035821877462792,-0.0125024633003967,0.0085471505365645,51.79678211212158,-0.0013177166110146,-0.0171652986955157,0.0206501722782107,102.67484054565428,0.0022568787228797,0
2023-10-23,0.0006941172180396,0.009888850078064,173.12417755126953,-0.0064701306343979,0.0066372831743253,0.0139342955723188,134.64408340454102,-0.0037264578095878,-0.0105228381186374,0.007864489332345,143.9061264038086,-0.007882040159626,-0.0136411361138993,0.0098244735482384,136.48798370361328,-0.0094282015570996,-0.0019251785365834,0.0096193229186499,388.5780319213867,-0.0088422780647061,0.0081119079717137,0.0128631943046247,317.51045684814454,-0.0019746425833901,0.0004245310418349,0.0307596296724969,247.64949951171877,-0.0347120447970959,-0.0079269164303765,0.0091587027643659,229.1130249023437,-0.0071871836678556,0.0141723262190927,0.0091351031032815,51.763433837890624,-0.0002101141314458,-0.0146741869009624,0.020622030953589,102.36566619873048,-0.0008235367420244,1
